VBCSCompilerPreWarmer: pre-warm launched (dotnet PID 22424)
VBCSCompiler prewarm took 8.48 ms
[Licensing::Module] Trying to connect to existing licensing client channel...
Built from '6000.6/respin/6000.6.0f1-fa21a270ab12' branch; Version is '6000.6.0f1 (f7f8ed4d1e24) revision 16251117'; Using compiler version '194234433'; Build Type 'Release'
[Licensing::IpcConnector] Channel LicenseClient-void doesn't exist
OS: 'Windows 11  (10.0.26200) Core' Language: 'ja' Physical Memory: 16316 MB
BatchMode: 1, IsHumanControllingUs: 0, StartBugReporterOnCrash: 0, Is64bit: 1
System  architecture: x64
Process architecture: x64
Date: 2026-09-18T08:58:41Z
[Licensing::Module] Successfully launched the LicensingClient (PId: 35060)

COMMAND LINE ARGUMENTS:
D:\UnityEditor\6000.6.0f1\Editor\Unity.exe
-nographics
-batchmode
-projectPath
D:\repositories\unity\SampleGameForOneStarMakerFramework\unity
-runTests
-testPlatform
EditMode
-testResults
D:\repositories\unity\SampleGameForOneStarMakerFramework\TestResults\results-ContentDirectory-20260918-175840.xml
-logFile
D:\repositories\unity\SampleGameForOneStarMakerFramework\TestResults\unity-ContentDirectory-20260918-175840.log
-testFilter
ContentDirectory
Successfully changed project path to: D:\repositories\unity\SampleGameForOneStarMakerFramework\unity
D:/repositories/unity/SampleGameForOneStarMakerFramework/unity
[UnityMemory] Configuration Parameters - Can be set up in boot.config
    "memorysetup-temp-allocator-size-gi-baking-worker=262144"
    "memorysetup-temp-allocator-size-gi-baking-worker=262144"
    "memorysetup-temp-allocator-size-gi-baking-worker=262144"
    "memorysetup-temp-allocator-size-gi-baking-worker=262144"
    "memorysetup-temp-allocator-size-gi-baking-worker=262144"
    "memorysetup-temp-allocator-size-nav-mesh-worker=65536"
    "memorysetup-temp-allocator-size-audio-worker=65536"
    "memorysetup-temp-allocator-size-cloud-worker=32768"
    "memorysetup-temp-allocator-size-gfx=262144"
    "memorysetup-remapper-allocator-initial-capacity=32768"
    "memorysetup-temp-allocator-size-preload-manager=33554432"
    "memorysetup-allocator-temp-initial-block-size-main=262144"
    "memorysetup-allocator-temp-initial-block-size-worker=262144"
    "memorysetup-temp-allocator-size-job-worker=262144"
    "memorysetup-temp-allocator-size-background-worker=32768"
    "memorysetup-bucket-allocator-granularity=16"
    "memorysetup-bucket-allocator-bucket-count=8"
    "memorysetup-bucket-allocator-block-size=33554432"
    "memorysetup-bucket-allocator-block-count=8"
    "memorysetup-main-allocator-block-size=16777216"
    "memorysetup-thread-allocator-block-size=16777216"
    "memorysetup-main-allocator-mimalloc-enabled=1"
    "memorysetup-gfx-main-allocator-block-size=16777216"
    "memorysetup-gfx-thread-allocator-block-size=16777216"
    "memorysetup-cache-allocator-block-size=4194304"
    "memorysetup-typetree-allocator-block-size=2097152"
    "memorysetup-profiler-bucket-allocator-granularity=16"
    "memorysetup-profiler-bucket-allocator-bucket-count=8"
    "memorysetup-profiler-bucket-allocator-block-size=33554432"
    "memorysetup-profiler-bucket-allocator-block-count=8"
    "memorysetup-profiler-allocator-block-size=16777216"
    "memorysetup-profiler-editor-allocator-block-size=1048576"
    "memorysetup-temp-allocator-size-main=16777216"
    "memorysetup-job-temp-allocator-block-size=2097152"
    "memorysetup-job-temp-allocator-block-size-background=1048576"
    "memorysetup-job-temp-allocator-reduction-small-platforms=262144"
Logging is directed to a specific file, skipping project log.
Player connection [33996]  Target information:

Player connection [33996]  * "[IP] 192.168.1.9 [Port] 55504 [Flags] 2 [Guid] 1714221657 [EditorId] 1714221657 [Version] 1048832 [Id] WindowsEditor(7,DESKTOP-U4E3PM1) [Debug] 1 [PackageName] WindowsEditor [ProjectName] Editor" 

Player connection [33996] Host joined multi-casting on [225.0.0.222:54997]...
Player connection [33996] Host joined alternative multi-casting on [225.0.0.222:34997]...
Input System module state changed to: Initialized.
[Physics::Module] Initialized fallback backend.
[Physics::Module] Id: 0xdecafbad
[Licensing::IpcConnector] Successfully connected to: "LicenseClient-void" at "2026-09-18T08:58:41.7460467Z"
[Package Manager] Connected to IPC stream "Upm-3592" after 0.3 seconds.
[Licensing::Module] Licensing is not yet initialized.
[Licensing::Client] Code 10 while verifying Licensing Client signature (process Id: 35060, path: "D:/UnityEditor/6000.6.0f1/Editor/Data/Resources/Licensing/Client/Unity.Licensing.Client.exe")
[Licensing::Module] LicensingClient has failed validation; ignoring
[Licensing::Client] Handshaking with LicensingClient:
  Version:                 1.18.3+d7ffd15
  Session Id:              fd11e8d4e3e3472ca4780539743bd75c
  Correlation Id:          e8de23ac96d36598f31f106501f0dd2f
  External correlation Id: 2692511203279499613
  Machine Id:              ALR1Ic4uZ9EdQzr0pucorcGNQXM=
[Licensing::Module] Successfully connected to LicensingClient on channel: "LicenseClient-void" (connect: 0.57s, validation: 0.22s, handshake: 0.05s)
[Licensing::IpcConnector] Successfully connected to: "LicenseClient-void-notifications" at "2026-09-18T08:58:42.0141624Z"
[Licensing::Module] Connected to LicensingClient (PId: 35060, launch time: 0.01, total connection time: 0.83s)
[Licensing::Module] Error: Access token is unavailable; failed to update
[Licensing::Client] Successfully resolved entitlement details
[Licensing::Module] License group:
  Id: F4-FHTT-UPW9-SBMJ-JZ5Q-XXXX
  Product: Unity Personal
  Type: ULF
  Expiration: Unlimited
[Licensing::Module] License group:
  Id: 720108-UnityPersXXXX
  Product: Unity Personal
  Type: Assigned
  Expiration: Unlimited
[Licensing::Client] Successfully updated license, isAsync: True, time: 0.01
[Licensing::Module] Licensing Background thread has ended after 0.88s
[Licensing::Module] Licensing is initialized (took 0.31s).
[Licensing::Client] Successfully resolved entitlement details
[Licensing::Module] License group:
  Id: F4-FHTT-UPW9-SBMJ-JZ5Q-XXXX
  Product: Unity Personal
  Type: ULF
  Expiration: Unlimited
[Licensing::Module] License group:
  Id: 720108-UnityPersXXXX
  Product: Unity Personal
  Type: Assigned
  Expiration: Unlimited
Library Redirect Path: Library/
Launching Unity Data Store - D:/UnityEditor/6000.6.0f1/Editor/Data/Tools/Unity.DataStore.exe 
Unity Data Store artifact dir = Library/DataStore, working dir = D:/repositories/unity/SampleGameForOneStarMakerFramework/unity[Physics::Module] Selected backend.
[Physics::Module] Name: PhysX
[Physics::Module] Id: 0xf2b8ea05
[Physics::Module] SDK Version: 4.1.2
[Physics::Module] Integration Version: 1.0.0
[Physics::Module] Threading Mode: Multi-Threaded
Unity Data Store running and initialised
Refreshing native plugins compatible for Editor in 4.40 ms, found 0 plugins.
Initialize engine version: 6000.6.0f1 (f7f8ed4d1e24)
[EntityIdStore] init: VM path (explicit commit), pageSize=4096, blockCount=1048576, entitiesPerBlock=256, slots reserved=4294967296 bytes
[Subsystems] Discovering subsystems at path D:/UnityEditor/6000.6.0f1/Editor/Data/Resources/UnitySubsystems
[Subsystems] Discovering subsystems at path D:/repositories/unity/SampleGameForOneStarMakerFramework/unity/Assets
Forcing GfxDevice: Null
GfxDevice: creating device client; kGfxThreadingModeNonThreaded
NullGfxDevice:
    Version:  NULL 1.0 [1.0]
    Renderer: Null Device
    Vendor:   Unity Technologies
Initialize mono
Mono path[0] = 'D:/UnityEditor/6000.6.0f1/Editor/Data/Managed'
Mono path[1] = 'D:/UnityEditor/6000.6.0f1/Editor/Data/BCLExtensions/runtime/netstandard2.1'
Mono path[2] = 'D:/UnityEditor/6000.6.0f1/Editor/Data/MonoBleedingEdge/lib/mono/unityjit-win32'
Mono config path = 'D:/UnityEditor/6000.6.0f1/Editor/Data/MonoBleedingEdge/etc'
Using monoOptions --debugger-agent=transport=dt_socket,embedding=1,server=y,suspend=n,address=127.0.0.1:56592
CodeReloadManager initialized
ImportWorker Server TCP listen port: 0
AcceleratorClientConnectionCallback - disconnected - :0
Begin MonoManager ReloadAssembly
Registering precompiled unity dll's ...
Register platform support module: D:/UnityEditor/6000.6.0f1/Editor/Data/PlaybackEngines/WindowsStandaloneSupport/UnityEditor.WindowsStandalone.Extensions.dll
Registered in 0.003590 seconds.
Native extension for WindowsStandalone target not found
Package Manager log level set to [2]
ScheduleIndexationOnStartup MainProcess:False IndexOnStartup:True
Scripting: successfully reloaded assembly
- Finished resetting the current domain, in  0.940 seconds
Domain Reload Profiling: 1690ms
	BeginReloadAssembly (198ms)
	RebuildCommonClasses (6ms)
	RebuildNativeTypeToScriptingClass (22ms)
	initialDomainReloadingComplete (105ms)
	LoadAllAssembliesAndSetupDomain (418ms)
		LoadAssemblies (187ms)
		TypeCache.Refresh (281ms)
			TypeCache.ScanAssembly (263ms)
		AnalyzeDomain (1ms)
	FinalizeReload (942ms)
		SetupLoadedEditorAssemblies (0ms)
			BeforeProcessingInitializeOnLoad (154ms)
			ProcessInitializeOnLoadAttributes (177ms)
			ProcessInitializeOnLoadMethodAttributes (285ms)
[Licensing::Client] Successfully resolved entitlement details
[Licensing::Module] License group:
  Id: F4-FHTT-UPW9-SBMJ-JZ5Q-XXXX
  Product: Unity Personal
  Type: ULF
  Expiration: Unlimited
[Licensing::Module] License group:
  Id: 720108-UnityPersXXXX
  Product: Unity Personal
  Type: Assigned
  Expiration: Unlimited
Application.AssetDatabase Initial Refresh Start
[Package Manager] Restoring resolved packages state from cache
[Licensing::Client] Successfully resolved entitlement details
[Package Manager] Registered 80 packages:
  Packages from [https://packages.unity.com]:
    com.unity.addressables@2.11.2 (location: D:\repositories\unity\SampleGameForOneStarMakerFramework\unity\Library\PackageCache\com.unity.addressables@42676f2a154e)
    com.unity.ads@4.19.0 (location: D:\repositories\unity\SampleGameForOneStarMakerFramework\unity\Library\PackageCache\com.unity.ads@dbd68e7e78e9)
    com.unity.ai.navigation@2.0.14 (location: D:\repositories\unity\SampleGameForOneStarMakerFramework\unity\Library\PackageCache\com.unity.ai.navigation@134dd6a3b97b)
    com.unity.analytics@3.8.2 (location: D:\repositories\unity\SampleGameForOneStarMakerFramework\unity\Library\PackageCache\com.unity.analytics@c9d14a6bdec6)
    com.unity.collab-proxy@2.13.6 (location: D:\repositories\unity\SampleGameForOneStarMakerFramework\unity\Library\PackageCache\com.unity.collab-proxy@4628d2ba6ea4)
    com.unity.ide.rider@3.0.39 (location: D:\repositories\unity\SampleGameForOneStarMakerFramework\unity\Library\PackageCache\com.unity.ide.rider@4504839d03f7)
    com.unity.ide.visualstudio@2.0.26 (location: D:\repositories\unity\SampleGameForOneStarMakerFramework\unity\Library\PackageCache\com.unity.ide.visualstudio@a99d56dec63f)
    com.unity.inputsystem@1.20.0 (location: D:\repositories\unity\SampleGameForOneStarMakerFramework\unity\Library\PackageCache\com.unity.inputsystem@7a4e1a2a8194)
    com.unity.pipeline@0.4.0-exp.1 (location: D:\repositories\unity\SampleGameForOneStarMakerFramework\unity\Library\PackageCache\com.unity.pipeline@f49636739437)
    com.unity.project-auditor-rules@1.0.3 (location: D:\repositories\unity\SampleGameForOneStarMakerFramework\unity\Library\PackageCache\com.unity.project-auditor-rules@1fa74fdf90ed)
    com.unity.purchasing@5.4.2 (location: D:\repositories\unity\SampleGameForOneStarMakerFramework\unity\Library\PackageCache\com.unity.purchasing@290a16a9a099)
    com.unity.visualscripting@1.9.12 (location: D:\repositories\unity\SampleGameForOneStarMakerFramework\unity\Library\PackageCache\com.unity.visualscripting@4edfcc09512f)
    com.unity.xr.legacyinputhelpers@3.0.1 (location: D:\repositories\unity\SampleGameForOneStarMakerFramework\unity\Library\PackageCache\com.unity.xr.legacyinputhelpers@3f62d634f63b)
    com.unity.services.core@1.18.0 (location: D:\repositories\unity\SampleGameForOneStarMakerFramework\unity\Library\PackageCache\com.unity.services.core@3464cb68d709)
    com.unity.nuget.mono-cecil@1.11.6 (location: D:\repositories\unity\SampleGameForOneStarMakerFramework\unity\Library\PackageCache\com.unity.nuget.mono-cecil@ecb9724e46ff)
    com.unity.nuget.newtonsoft-json@3.2.2 (location: D:\repositories\unity\SampleGameForOneStarMakerFramework\unity\Library\PackageCache\com.unity.nuget.newtonsoft-json@4dfd81071c64)
    com.unity.splines@2.9.0 (location: D:\repositories\unity\SampleGameForOneStarMakerFramework\unity\Library\PackageCache\com.unity.splines@e6e1d5900acc)
    com.unity.services.analytics@6.3.0 (location: D:\repositories\unity\SampleGameForOneStarMakerFramework\unity\Library\PackageCache\com.unity.services.analytics@cde4e6cf92f9)
    com.unity.profiling.core@1.0.3 (location: D:\repositories\unity\SampleGameForOneStarMakerFramework\unity\Library\PackageCache\com.unity.profiling.core@8a49f7027d06)
    com.unity.scriptablebuildpipeline@3.0.3 (location: D:\repositories\unity\SampleGameForOneStarMakerFramework\unity\Library\PackageCache\com.unity.scriptablebuildpipeline@61526b33bf2c)
    com.unity.searcher@4.9.5 (location: D:\repositories\unity\SampleGameForOneStarMakerFramework\unity\Library\PackageCache\com.unity.searcher@a463122f2c00)
    com.unity.settings-manager@2.1.1 (location: D:\repositories\unity\SampleGameForOneStarMakerFramework\unity\Library\PackageCache\com.unity.settings-manager@0b8638c5ce86)
  Built-in packages:
    com.unity.2d.sprite@1.0.0 (location: D:\repositories\unity\SampleGameForOneStarMakerFramework\unity\Library\PackageCache\com.unity.2d.sprite@947350d67f82)
    com.unity.2d.tilemap@1.0.0 (location: D:\repositories\unity\SampleGameForOneStarMakerFramework\unity\Library\PackageCache\com.unity.2d.tilemap@639ca1d99254)
    com.unity.cinemachine@6.6.0 (location: D:\repositories\unity\SampleGameForOneStarMakerFramework\unity\Library\PackageCache\com.unity.cinemachine@f53aa49b3acc)
    com.unity.multiplayer.center@2.0.1 (location: D:\repositories\unity\SampleGameForOneStarMakerFramework\unity\Library\PackageCache\com.unity.multiplayer.center@549886182930)
    com.unity.render-pipelines.universal@17.6.0 (location: D:\repositories\unity\SampleGameForOneStarMakerFramework\unity\Library\PackageCache\com.unity.render-pipelines.universal@8457e85b8184)
    com.unity.test-framework@1.8.0 (location: D:\repositories\unity\SampleGameForOneStarMakerFramework\unity\Library\PackageCache\com.unity.test-framework@7a3849e09bd0)
    com.unity.timeline@6.6.0 (location: D:\repositories\unity\SampleGameForOneStarMakerFramework\unity\Library\PackageCache\com.unity.timeline@281d5f7e7d7d)
    com.unity.ugui@2.6.0 (location: D:\repositories\unity\SampleGameForOneStarMakerFramework\unity\Library\PackageCache\com.unity.ugui@23caec89ae27)
    com.unity.modules.accessibility@1.0.0 (location: D:\repositories\unity\SampleGameForOneStarMakerFramework\unity\Library\PackageCache\com.unity.modules.accessibility)
    com.unity.modules.adaptiveperformance@1.0.0 (location: D:\repositories\unity\SampleGameForOneStarMakerFramework\unity\Library\PackageCache\com.unity.modules.adaptiveperformance)
    com.unity.modules.ai@1.0.0 (location: D:\repositories\unity\SampleGameForOneStarMakerFramework\unity\Library\PackageCache\com.unity.modules.ai)
    com.unity.modules.androidjni@1.0.0 (location: D:\repositories\unity\SampleGameForOneStarMakerFramework\unity\Library\PackageCache\com.unity.modules.androidjni)
    com.unity.modules.animation@1.0.0 (location: D:\repositories\unity\SampleGameForOneStarMakerFramework\unity\Library\PackageCache\com.unity.modules.animation)
    com.unity.modules.assetbundle@1.0.0 (location: D:\repositories\unity\SampleGameForOneStarMakerFramework\unity\Library\PackageCache\com.unity.modules.assetbundle)
    com.unity.modules.audio@1.0.0 (location: D:\repositories\unity\SampleGameForOneStarMakerFramework\unity\Library\PackageCache\com.unity.modules.audio)
    com.unity.modules.cloth@1.0.0 (location: D:\repositories\unity\SampleGameForOneStarMakerFramework\unity\Library\PackageCache\com.unity.modules.cloth)
    com.unity.modules.director@1.0.0 (location: D:\repositories\unity\SampleGameForOneStarMakerFramework\unity\Library\PackageCache\com.unity.modules.director)
    com.unity.modules.imageconversion@1.0.0 (location: D:\repositories\unity\SampleGameForOneStarMakerFramework\unity\Library\PackageCache\com.unity.modules.imageconversion)
    com.unity.modules.imgui@1.0.0 (location: D:\repositories\unity\SampleGameForOneStarMakerFramework\unity\Library\PackageCache\com.unity.modules.imgui)
    com.unity.modules.jsonserialize@1.0.0 (location: D:\repositories\unity\SampleGameForOneStarMakerFramework\unity\Library\PackageCache\com.unity.modules.jsonserialize)
    com.unity.modules.particlesystem@1.0.0 (location: D:\repositories\unity\SampleGameForOneStarMakerFramework\unity\Library\PackageCache\com.unity.modules.particlesystem)
    com.unity.modules.physics@1.0.0 (location: D:\repositories\unity\SampleGameForOneStarMakerFramework\unity\Library\PackageCache\com.unity.modules.physics)
    com.unity.modules.physics2d@1.0.0 (location: D:\repositories\unity\SampleGameForOneStarMakerFramework\unity\Library\PackageCache\com.unity.modules.physics2d)
    com.unity.modules.physicscore2d@1.0.0 (location: D:\repositories\unity\SampleGameForOneStarMakerFramework\unity\Library\PackageCache\com.unity.modules.physicscore2d)
    com.unity.modules.screencapture@1.0.0 (location: D:\repositories\unity\SampleGameForOneStarMakerFramework\unity\Library\PackageCache\com.unity.modules.screencapture)
    com.unity.modules.terrain@1.0.0 (location: D:\repositories\unity\SampleGameForOneStarMakerFramework\unity\Library\PackageCache\com.unity.modules.terrain)
    com.unity.modules.terrainphysics@1.0.0 (location: D:\repositories\unity\SampleGameForOneStarMakerFramework\unity\Library\PackageCache\com.unity.modules.terrainphysics)
    com.unity.modules.tetgen@1.0.0 (location: D:\repositories\unity\SampleGameForOneStarMakerFramework\unity\Library\PackageCache\com.unity.modules.tetgen)
    com.unity.modules.tilemap@1.0.0 (location: D:\repositories\unity\SampleGameForOneStarMakerFramework\unity\Library\PackageCache\com.unity.modules.tilemap)
    com.unity.modules.ui@1.0.0 (location: D:\repositories\unity\SampleGameForOneStarMakerFramework\unity\Library\PackageCache\com.unity.modules.ui)
    com.unity.modules.uielements@1.0.0 (location: D:\repositories\unity\SampleGameForOneStarMakerFramework\unity\Library\PackageCache\com.unity.modules.uielements)
    com.unity.modules.umbra@1.0.0 (location: D:\repositories\unity\SampleGameForOneStarMakerFramework\unity\Library\PackageCache\com.unity.modules.umbra)
    com.unity.modules.unityanalytics@1.0.0 (location: D:\repositories\unity\SampleGameForOneStarMakerFramework\unity\Library\PackageCache\com.unity.modules.unityanalytics)
    com.unity.modules.unitywebrequest@1.0.0 (location: D:\repositories\unity\SampleGameForOneStarMakerFramework\unity\Library\PackageCache\com.unity.modules.unitywebrequest)
    com.unity.modules.unitywebrequestassetbundle@1.0.0 (location: D:\repositories\unity\SampleGameForOneStarMakerFramework\unity\Library\PackageCache\com.unity.modules.unitywebrequestassetbundle)
    com.unity.modules.unitywebrequestaudio@1.0.0 (location: D:\repositories\unity\SampleGameForOneStarMakerFramework\unity\Library\PackageCache\com.unity.modules.unitywebrequestaudio)
    com.unity.modules.unitywebrequesttexture@1.0.0 (location: D:\repositories\unity\SampleGameForOneStarMakerFramework\unity\Library\PackageCache\com.unity.modules.unitywebrequesttexture)
    com.unity.modules.unitywebrequestwww@1.0.0 (location: D:\repositories\unity\SampleGameForOneStarMakerFramework\unity\Library\PackageCache\com.unity.modules.unitywebrequestwww)
    com.unity.modules.vectorgraphics@1.0.0 (location: D:\repositories\unity\SampleGameForOneStarMakerFramework\unity\Library\PackageCache\com.unity.modules.vectorgraphics)
    com.unity.modules.vehicles@1.0.0 (location: D:\repositories\unity\SampleGameForOneStarMakerFramework\unity\Library\PackageCache\com.unity.modules.vehicles)
    com.unity.modules.video@1.0.0 (location: D:\repositories\unity\SampleGameForOneStarMakerFramework\unity\Library\PackageCache\com.unity.modules.video)
    com.unity.modules.wind@1.0.0 (location: D:\repositories\unity\SampleGameForOneStarMakerFramework\unity\Library\PackageCache\com.unity.modules.wind)
    com.unity.modules.xr@1.0.0 (location: D:\repositories\unity\SampleGameForOneStarMakerFramework\unity\Library\PackageCache\com.unity.modules.xr)
    com.unity.modules.subsystems@1.0.0 (location: D:\repositories\unity\SampleGameForOneStarMakerFramework\unity\Library\PackageCache\com.unity.modules.subsystems)
    com.unity.modules.hierarchycore@1.0.0 (location: D:\repositories\unity\SampleGameForOneStarMakerFramework\unity\Library\PackageCache\com.unity.modules.hierarchycore)
    com.unity.ext.nunit@2.1.0 (location: D:\repositories\unity\SampleGameForOneStarMakerFramework\unity\Library\PackageCache\com.unity.ext.nunit@0198eae3b53e)
    com.unity.render-pipelines.core@17.6.0 (location: D:\repositories\unity\SampleGameForOneStarMakerFramework\unity\Library\PackageCache\com.unity.render-pipelines.core@2d66c71e606e)
    com.unity.shadergraph@17.6.0 (location: D:\repositories\unity\SampleGameForOneStarMakerFramework\unity\Library\PackageCache\com.unity.shadergraph@ef6135652377)
    com.unity.render-pipelines.universal-config@17.6.0 (location: D:\repositories\unity\SampleGameForOneStarMakerFramework\unity\Library\PackageCache\com.unity.render-pipelines.universal-config@561422b74439)
    com.unity.burst@2.0.0 (location: D:\repositories\unity\SampleGameForOneStarMakerFramework\unity\Library\PackageCache\com.unity.burst@626e66ab421b)
    com.unity.collections@6.6.0 (location: D:\repositories\unity\SampleGameForOneStarMakerFramework\unity\Library\PackageCache\com.unity.collections@10fff0607388)
    com.unity.mathematics@1.4.0 (location: D:\repositories\unity\SampleGameForOneStarMakerFramework\unity\Library\PackageCache\com.unity.mathematics@8306a64d0cd6)
    com.unity.graph-authoring@1.0.0 (location: D:\repositories\unity\SampleGameForOneStarMakerFramework\unity\Library\PackageCache\com.unity.graph-authoring@cfd2588851ee)
    com.unity.test-framework.performance@6.6.0 (location: D:\repositories\unity\SampleGameForOneStarMakerFramework\unity\Library\PackageCache\com.unity.test-framework.performance@0a60b857a52e)
  Git packages:
    com.annulusgames.lit-motion@https://github.com/annulusgames/LitMotion.git?path=src/LitMotion/Assets/LitMotion (location: D:\repositories\unity\SampleGameForOneStarMakerFramework\unity\Library\PackageCache\com.annulusgames.lit-motion@2317f5d282a9)
    com.cysharp.csprojmodifier@https://github.com/Cysharp/CsprojModifier.git?path=src/CsprojModifier/Assets/CsprojModifier (location: D:\repositories\unity\SampleGameForOneStarMakerFramework\unity\Library\PackageCache\com.cysharp.csprojmodifier@939808655b39)
    com.cysharp.unitask@https://github.com/Cysharp/UniTask.git?path=src/UniTask/Assets/Plugins/UniTask (location: D:\repositories\unity\SampleGameForOneStarMakerFramework\unity\Library\PackageCache\com.cysharp.unitask@360e370345b9)
    com.github-glitchenzo.nugetforunity@https://github.com/GlitchEnzo/NuGetForUnity.git?path=/src/NuGetForUnity (location: D:\repositories\unity\SampleGameForOneStarMakerFramework\unity\Library\PackageCache\com.github-glitchenzo.nugetforunity@1c1553136be4)
[Package Manager] com.unity.analytics is deprecated: This package is deprecated and won't be compatible with future Unity versions. It will only receive critical updates, with no new features or bug fixes. Migrate to Unity Analytics: https://docs.unity.com/en-us/analytics
[Subsystems] No new subsystems found in resolved package list.
[Package Manager] Done registering packages in 0.03 seconds
Assembly reference Packages/com.unity.cinemachine/Editor/Samples/ExposeHDRPInternals/HDRP-Editor-ref.asmref has no target assembly definition
Assembly reference Packages/com.unity.cinemachine/Editor/Samples/ExposeHDRPInternals/HDRP-Editor-ref.asmref has no target assembly definition
[ScriptCompilation] Requested script compilation because: AssetDatabase observed changes in script compilation related files
Starting: D:\UnityEditor\6000.6.0f1\Editor\Data\Tools\BuildPipeline\bee_backend.exe --ipc --defer-dag-verification --dagfile="Library/Bee/1900b0aEDbg.dag" --continue-on-failure --profile="Library/Bee/backend1.traceevents" ScriptAssemblies
WorkingDir: D:/repositories/unity/SampleGameForOneStarMakerFramework/unity
DisplayProgressbar: Compiling Scripts
ExitCode: 0 Duration: 5s280ms
[1442/1925  0s] ILPP-Configuration Library/ilpp-configuration.nevergeneratedoutput
[1917/1925  3s] Csc Library/Bee/artifacts/1900b0aEDbg.dag/OneStarMaker.Tests.Editor.dll (+2 others)
[1918/1925  0s] ILPostProcess Library/Bee/artifacts/1900b0aEDbg.dag/post-processed/OneStarMaker.Tests.Editor.dll (+pdb)
Processing assembly Library/Bee/artifacts/1900b0aEDbg.dag/OneStarMaker.Tests.Editor.dll, with 146 defines and 310 references

processors: Unity.Jobs.CodeGen.JobsILPostProcessor, Unity.Pipeline.CodeGen.HotReloadInPlaceILPostProcessor, zzzUnity.Burst.CodeGen.BurstILPostProcessor

1 processor(s) skipped this assembly

running Unity.Jobs.CodeGen.JobsILPostProcessor

running Unity.Pipeline.CodeGen.HotReloadInPlaceILPostProcessor
[1919/1925  4s] Csc Library/Bee/artifacts/1900b0aEDbg.dag/OneStarMaker.Tests.dll (+2 others)
Library\Bee\artifacts\1900b0aEDbg.dag\MessagePack.SourceGenerator\MessagePack.SourceGenerator.MessagePackGenerator\MessagePack.GeneratedMessagePackResolver.g.cs(7,95): warning CS0436: The type 'GeneratedMessagePackResolver' in 'D:\repositories\unity\SampleGameForOneStarMakerFramework\unity\Library\Bee\artifacts\1900b0aEDbg.dag\MessagePack.SourceGenerator\MessagePack.SourceGenerator.MessagePackGenerator\MessagePack.GeneratedMessagePackResolver.g.cs' conflicts with the imported type 'GeneratedMessagePackResolver' in 'OneStarMaker.Foundation, Version=0.0.0.0, Culture=neutral, PublicKeyToken=null'. Using the type defined in 'D:\repositories\unity\SampleGameForOneStarMakerFramework\unity\Library\Bee\artifacts\1900b0aEDbg.dag\MessagePack.SourceGenerator\MessagePack.SourceGenerator.MessagePackGenerator\MessagePack.GeneratedMessagePackResolver.g.cs'.

Assets\OneStarMaker\Tests\Scene\CellSceneTests.cs(188,48): warning CS0108: 'CellSceneTests.RootObjectsSceneDirector.RootObjectsFactory' hides inherited member 'TestableSceneDirector.RootObjectsFactory'. Use the new keyword if hiding was intended.

Library\Bee\artifacts\1900b0aEDbg.dag\MessagePack.SourceGenerator\MessagePack.SourceGenerator.MessagePackGenerator\MessagePack.GeneratedMessagePackResolver.g.cs(15,68): warning CS0436: The type 'GeneratedMessagePackResolver' in 'D:\repositories\unity\SampleGameForOneStarMakerFramework\unity\Library\Bee\artifacts\1900b0aEDbg.dag\MessagePack.SourceGenerator\MessagePack.SourceGenerator.MessagePackGenerator\MessagePack.GeneratedMessagePackResolver.g.cs' conflicts with the imported type 'GeneratedMessagePackResolver' in 'OneStarMaker.Foundation, Version=0.0.0.0, Culture=neutral, PublicKeyToken=null'. Using the type defined in 'D:\repositories\unity\SampleGameForOneStarMakerFramework\unity\Library\Bee\artifacts\1900b0aEDbg.dag\MessagePack.SourceGenerator\MessagePack.SourceGenerator.MessagePackGenerator\MessagePack.GeneratedMessagePackResolver.g.cs'.

Library\Bee\artifacts\1900b0aEDbg.dag\MessagePack.SourceGenerator\MessagePack.SourceGenerator.MessagePackGenerator\MessagePack.GeneratedMessagePackResolver.g.cs(54,45): warning CS0436: The type 'GeneratedMessagePackResolver' in 'D:\repositories\unity\SampleGameForOneStarMakerFramework\unity\Library\Bee\artifacts\1900b0aEDbg.dag\MessagePack.SourceGenerator\MessagePack.SourceGenerator.MessagePackGenerator\MessagePack.GeneratedMessagePackResolver.g.cs' conflicts with the imported type 'GeneratedMessagePackResolver' in 'OneStarMaker.Foundation, Version=0.0.0.0, Culture=neutral, PublicKeyToken=null'. Using the type defined in 'D:\repositories\unity\SampleGameForOneStarMakerFramework\unity\Library\Bee\artifacts\1900b0aEDbg.dag\MessagePack.SourceGenerator\MessagePack.SourceGenerator.MessagePackGenerator\MessagePack.GeneratedMessagePackResolver.g.cs'.

Library\Bee\artifacts\1900b0aEDbg.dag\MessagePack.SourceGenerator\MessagePack.SourceGenerator.MessagePackGenerator\MessagePack.GeneratedMessagePackResolver.g.cs(55,45): warning CS0436: The type 'GeneratedMessagePackResolver' in 'D:\repositories\unity\SampleGameForOneStarMakerFramework\unity\Library\Bee\artifacts\1900b0aEDbg.dag\MessagePack.SourceGenerator\MessagePack.SourceGenerator.MessagePackGenerator\MessagePack.GeneratedMessagePackResolver.g.cs' conflicts with the imported type 'GeneratedMessagePackResolver' in 'OneStarMaker.Foundation, Version=0.0.0.0, Culture=neutral, PublicKeyToken=null'. Using the type defined in 'D:\repositories\unity\SampleGameForOneStarMakerFramework\unity\Library\Bee\artifacts\1900b0aEDbg.dag\MessagePack.SourceGenerator\MessagePack.SourceGenerator.MessagePackGenerator\MessagePack.GeneratedMessagePackResolver.g.cs'.

Assets\OneStarMaker\Tests\Scene\SceneDirectorTransitionTests.cs(179,45): warning CS1998: This async method lacks 'await' operators and will run synchronously. Consider using the 'await' operator to await non-blocking API calls, or 'await Task.Run(...)' to do CPU-bound work on a background thread.

Assets\OneStarMaker\Tests\Scene\SceneDirectorTransitionTests.cs(247,45): warning CS1998: This async method lacks 'await' operators and will run synchronously. Consider using the 'await' operator to await non-blocking API calls, or 'await Task.Run(...)' to do CPU-bound work on a background thread.

Assets\OneStarMaker\Tests\Foundation\ProtocolBackwardCompatibilityTests.cs(36,10): warning MsgPack015: MessagePackObjectAttribute.AllowPrivate should be set to true because the type is not public and/or at least one of its non-public members are attributed for serialization (https://github.com/MessagePack-CSharp/MessagePack-CSharp/blob/master/doc/analyzers/MsgPack015.md)

Assets\OneStarMaker\Tests\Foundation\ProtocolBackwardCompatibilityTests.cs(17,10): warning MsgPack015: MessagePackObjectAttribute.AllowPrivate should be set to true because the type is not public and/or at least one of its non-public members are attributed for serialization (https://github.com/MessagePack-CSharp/MessagePack-CSharp/blob/master/doc/analyzers/MsgPack015.md)

Assets\OneStarMaker\Tests\Scene\SceneDirectorFailedLoadCleanupTests.cs(623,45): warning UAC1001: Field 'Entered' type 'Cysharp.Threading.Tasks.UniTaskCompletionSource?' is skipped by serialization (missing the [Serializable] attribute). Refer to the Serialization rules analyzer reference. (https://docs.unity3d.com/6000.6/Documentation/Manual/script-serialization-analyzer.html#uac1001)

Assets\OneStarMaker\Tests\Scene\SceneDirectorFailedLoadCleanupTests.cs(624,45): warning UAC1001: Field 'Release' type 'Cysharp.Threading.Tasks.UniTaskCompletionSource?' is skipped by serialization (missing the [Serializable] attribute). Refer to the Serialization rules analyzer reference. (https://docs.unity3d.com/6000.6/Documentation/Manual/script-serialization-analyzer.html#uac1001)

Assets\OneStarMaker\Tests\Scene\SceneDirectorFailedLoadCleanupTests.cs(608,45): warning UAC1001: Field 'Entered' type 'Cysharp.Threading.Tasks.UniTaskCompletionSource?' is skipped by serialization (missing the [Serializable] attribute). Refer to the Serialization rules analyzer reference. (https://docs.unity3d.com/6000.6/Documentation/Manual/script-serialization-analyzer.html#uac1001)

Assets\OneStarMaker\Tests\Scene\SceneDirectorFailedLoadCleanupTests.cs(609,45): warning UAC1001: Field 'Release' type 'Cysharp.Threading.Tasks.UniTaskCompletionSource?' is skipped by serialization (missing the [Serializable] attribute). Refer to the Serialization rules analyzer reference. (https://docs.unity3d.com/6000.6/Documentation/Manual/script-serialization-analyzer.html#uac1001)
[1920/1925  0s] CopyFiles Library/ScriptAssemblies/OneStarMaker.Tests.Editor.pdb
[1921/1925  0s] CopyFiles Library/ScriptAssemblies/OneStarMaker.Tests.Editor.dll
[1922/1925  0s] ILPostProcess Library/Bee/artifacts/1900b0aEDbg.dag/post-processed/OneStarMaker.Tests.dll (+pdb)
Processing assembly Library/Bee/artifacts/1900b0aEDbg.dag/OneStarMaker.Tests.dll, with 146 defines and 318 references

processors: Unity.Jobs.CodeGen.JobsILPostProcessor, Unity.Pipeline.CodeGen.HotReloadInPlaceILPostProcessor, zzzUnity.Burst.CodeGen.BurstILPostProcessor

1 processor(s) skipped this assembly

running Unity.Jobs.CodeGen.JobsILPostProcessor

running Unity.Pipeline.CodeGen.HotReloadInPlaceILPostProcessor
[1923/1925  0s] CopyFiles Library/ScriptAssemblies/OneStarMaker.Tests.pdb
[1924/1925  0s] CopyFiles Library/ScriptAssemblies/OneStarMaker.Tests.dll
*** Tundra build success (5.24 seconds), 9 items updated, 1925 evaluated
Total cache size 267210888
Total cache size after purge 267210888, took 00:00:00.9336433
Library\Bee\artifacts\1900b0aEDbg.dag\MessagePack.SourceGenerator\MessagePack.SourceGenerator.MessagePackGenerator\MessagePack.GeneratedMessagePackResolver.g.cs(7,95): warning CS0436: The type 'GeneratedMessagePackResolver' in 'D:\repositories\unity\SampleGameForOneStarMakerFramework\unity\Library\Bee\artifacts\1900b0aEDbg.dag\MessagePack.SourceGenerator\MessagePack.SourceGenerator.MessagePackGenerator\MessagePack.GeneratedMessagePackResolver.g.cs' conflicts with the imported type 'GeneratedMessagePackResolver' in 'OneStarMaker.Foundation, Version=0.0.0.0, Culture=neutral, PublicKeyToken=null'. Using the type defined in 'D:\repositories\unity\SampleGameForOneStarMakerFramework\unity\Library\Bee\artifacts\1900b0aEDbg.dag\MessagePack.SourceGenerator\MessagePack.SourceGenerator.MessagePackGenerator\MessagePack.GeneratedMessagePackResolver.g.cs'.
Assets\OneStarMaker\Tests\Scene\CellSceneTests.cs(188,48): warning CS0108: 'CellSceneTests.RootObjectsSceneDirector.RootObjectsFactory' hides inherited member 'TestableSceneDirector.RootObjectsFactory'. Use the new keyword if hiding was intended.
Library\Bee\artifacts\1900b0aEDbg.dag\MessagePack.SourceGenerator\MessagePack.SourceGenerator.MessagePackGenerator\MessagePack.GeneratedMessagePackResolver.g.cs(15,68): warning CS0436: The type 'GeneratedMessagePackResolver' in 'D:\repositories\unity\SampleGameForOneStarMakerFramework\unity\Library\Bee\artifacts\1900b0aEDbg.dag\MessagePack.SourceGenerator\MessagePack.SourceGenerator.MessagePackGenerator\MessagePack.GeneratedMessagePackResolver.g.cs' conflicts with the imported type 'GeneratedMessagePackResolver' in 'OneStarMaker.Foundation, Version=0.0.0.0, Culture=neutral, PublicKeyToken=null'. Using the type defined in 'D:\repositories\unity\SampleGameForOneStarMakerFramework\unity\Library\Bee\artifacts\1900b0aEDbg.dag\MessagePack.SourceGenerator\MessagePack.SourceGenerator.MessagePackGenerator\MessagePack.GeneratedMessagePackResolver.g.cs'.
Library\Bee\artifacts\1900b0aEDbg.dag\MessagePack.SourceGenerator\MessagePack.SourceGenerator.MessagePackGenerator\MessagePack.GeneratedMessagePackResolver.g.cs(54,45): warning CS0436: The type 'GeneratedMessagePackResolver' in 'D:\repositories\unity\SampleGameForOneStarMakerFramework\unity\Library\Bee\artifacts\1900b0aEDbg.dag\MessagePack.SourceGenerator\MessagePack.SourceGenerator.MessagePackGenerator\MessagePack.GeneratedMessagePackResolver.g.cs' conflicts with the imported type 'GeneratedMessagePackResolver' in 'OneStarMaker.Foundation, Version=0.0.0.0, Culture=neutral, PublicKeyToken=null'. Using the type defined in 'D:\repositories\unity\SampleGameForOneStarMakerFramework\unity\Library\Bee\artifacts\1900b0aEDbg.dag\MessagePack.SourceGenerator\MessagePack.SourceGenerator.MessagePackGenerator\MessagePack.GeneratedMessagePackResolver.g.cs'.
Library\Bee\artifacts\1900b0aEDbg.dag\MessagePack.SourceGenerator\MessagePack.SourceGenerator.MessagePackGenerator\MessagePack.GeneratedMessagePackResolver.g.cs(55,45): warning CS0436: The type 'GeneratedMessagePackResolver' in 'D:\repositories\unity\SampleGameForOneStarMakerFramework\unity\Library\Bee\artifacts\1900b0aEDbg.dag\MessagePack.SourceGenerator\MessagePack.SourceGenerator.MessagePackGenerator\MessagePack.GeneratedMessagePackResolver.g.cs' conflicts with the imported type 'GeneratedMessagePackResolver' in 'OneStarMaker.Foundation, Version=0.0.0.0, Culture=neutral, PublicKeyToken=null'. Using the type defined in 'D:\repositories\unity\SampleGameForOneStarMakerFramework\unity\Library\Bee\artifacts\1900b0aEDbg.dag\MessagePack.SourceGenerator\MessagePack.SourceGenerator.MessagePackGenerator\MessagePack.GeneratedMessagePackResolver.g.cs'.
Assets\OneStarMaker\Tests\Scene\SceneDirectorTransitionTests.cs(179,45): warning CS1998: This async method lacks 'await' operators and will run synchronously. Consider using the 'await' operator to await non-blocking API calls, or 'await Task.Run(...)' to do CPU-bound work on a background thread.
Assets\OneStarMaker\Tests\Scene\SceneDirectorTransitionTests.cs(247,45): warning CS1998: This async method lacks 'await' operators and will run synchronously. Consider using the 'await' operator to await non-blocking API calls, or 'await Task.Run(...)' to do CPU-bound work on a background thread.
Assets\OneStarMaker\Tests\Foundation\ProtocolBackwardCompatibilityTests.cs(36,10): warning MsgPack015: MessagePackObjectAttribute.AllowPrivate should be set to true because the type is not public and/or at least one of its non-public members are attributed for serialization (https://github.com/MessagePack-CSharp/MessagePack-CSharp/blob/master/doc/analyzers/MsgPack015.md)
Assets\OneStarMaker\Tests\Foundation\ProtocolBackwardCompatibilityTests.cs(17,10): warning MsgPack015: MessagePackObjectAttribute.AllowPrivate should be set to true because the type is not public and/or at least one of its non-public members are attributed for serialization (https://github.com/MessagePack-CSharp/MessagePack-CSharp/blob/master/doc/analyzers/MsgPack015.md)
Assets\OneStarMaker\Tests\Scene\SceneDirectorFailedLoadCleanupTests.cs(623,45): warning UAC1001: Field 'Entered' type 'Cysharp.Threading.Tasks.UniTaskCompletionSource?' is skipped by serialization (missing the [Serializable] attribute). Refer to the Serialization rules analyzer reference. (https://docs.unity3d.com/6000.6/Documentation/Manual/script-serialization-analyzer.html#uac1001)
Assets\OneStarMaker\Tests\Scene\SceneDirectorFailedLoadCleanupTests.cs(624,45): warning UAC1001: Field 'Release' type 'Cysharp.Threading.Tasks.UniTaskCompletionSource?' is skipped by serialization (missing the [Serializable] attribute). Refer to the Serialization rules analyzer reference. (https://docs.unity3d.com/6000.6/Documentation/Manual/script-serialization-analyzer.html#uac1001)
Assets\OneStarMaker\Tests\Scene\SceneDirectorFailedLoadCleanupTests.cs(608,45): warning UAC1001: Field 'Entered' type 'Cysharp.Threading.Tasks.UniTaskCompletionSource?' is skipped by serialization (missing the [Serializable] attribute). Refer to the Serialization rules analyzer reference. (https://docs.unity3d.com/6000.6/Documentation/Manual/script-serialization-analyzer.html#uac1001)
Assets\OneStarMaker\Tests\Scene\SceneDirectorFailedLoadCleanupTests.cs(609,45): warning UAC1001: Field 'Release' type 'Cysharp.Threading.Tasks.UniTaskCompletionSource?' is skipped by serialization (missing the [Serializable] attribute). Refer to the Serialization rules analyzer reference. (https://docs.unity3d.com/6000.6/Documentation/Manual/script-serialization-analyzer.html#uac1001)
AssetDatabase: script compilation time: 8.611263s
Begin MonoManager ReloadAssembly
Assembly reference Packages/com.unity.cinemachine/Editor/Samples/ExposeHDRPInternals/HDRP-Editor-ref.asmref has no target assembly definition
'Packages/com.unity.render-pipelines.core/Editor/Deprecated.cs' contains partial class of Unity.Object, exactly 1 of the partial classes needs to be in a file with the same filename. This is to know the one that can be referenced from ie. GameObjects
'Packages/com.unity.render-pipelines.core/Editor/Deprecated.cs' contains partial class of Unity.Object, exactly 1 of the partial classes needs to be in a file with the same filename. This is to know the one that can be referenced from ie. GameObjects
'Packages/com.unity.cinemachine/Editor/Editors/CinemachineVirtualCameraBaseEditor.cs' contains partial class of Unity.Object, exactly 1 of the partial classes needs to be in a file with the same filename. This is to know the one that can be referenced from ie. GameObjects
'Packages/com.unity.cinemachine/Editor/Obsolete/CinemachineVirtualCameraBaseEditor.cs' contains partial class of Unity.Object, exactly 1 of the partial classes needs to be in a file with the same filename. This is to know the one that can be referenced from ie. GameObjects
Refreshing native plugins compatible for Editor in 23.66 ms, found 4 plugins.
Native extension for WindowsStandalone target not found
Start HTTP server: port:7800
ScheduleIndexationOnStartup MainProcess:True IndexOnStartup:True
Scripting: successfully reloaded assembly
- Finished resetting the current domain, in  2.688 seconds
Domain Reload Profiling: 7505ms
	BeginReloadAssembly (353ms)
		DisableScriptedObjects (32ms)
		CreateAndSetChildDomain (66ms)
	RebuildCommonClasses (12ms)
	RebuildNativeTypeToScriptingClass (22ms)
	initialDomainReloadingComplete (197ms)
	LoadAllAssembliesAndSetupDomain (4230ms)
		LoadAssemblies (3248ms)
		TypeCache.Refresh (471ms)
			TypeCache.ScanAssembly (444ms)
		AnalyzeDomain (191ms)
			BuildScriptInfoCaches (178ms)
			ResolveRequiredComponents (11ms)
	FinalizeReload (2690ms)
		SetupLoadedEditorAssemblies (0ms)
			LogAssemblyErrors (3ms)
			BeforeProcessingInitializeOnLoad (166ms)
			ProcessInitializeOnLoadAttributes (1766ms)
			ProcessInitializeOnLoadMethodAttributes (192ms)
			AfterProcessingInitializeOnLoad (17ms)
			EditorAssembliesLoaded (3ms)
		AwakeInstancesAfterBackupRestoration (31ms)
Starting new worker id: 0 with log in D:/repositories/unity/SampleGameForOneStarMakerFramework/unity/Logs/AssetImportWorkerHW0.log
Refreshing native plugins compatible for Editor in 22.24 ms, found 4 plugins.

Asset Pipeline Refresh (id=bf8a67d6753f18343a3a82fd952ca1c2): Total: 18.541 seconds - Initiated by InitialRefreshV2(ForceSynchronousImport)
	(Values over 0.05ms)
	Summary:
		Imports: total=0 (actual=0, local cache=0, cache server=0)
		Asset DB Process Time: managed=0 ms, native=4148 ms
		Asset DB Callback time: managed=259 ms, native=75 ms
		Scripting: domain reloads=1, domain reload time=5041 ms, compile time=8615 ms, other=401 ms
		Project Asset Count: scripts=3594, non-scripts=4979
		Asset File Changes: new=0, changed=2, moved=0, deleted=0
		Scan Filter Count: 0
	InvokePackagesCallback: 42.185ms
	ApplyChangesToAssetFolders: 1.112ms
	Scan: 284.073ms
	Collect global state as custom dependencies: 23.781ms
	OnSourceAssetsModified: 0.693ms
	CategorizeScriptCompilationAssets: 142.134ms
	ProcessAssetsWithTransientArtifactChanges: 187.186ms
	CategorizeAssets: 107.266ms
	CompileScripts: 8614.608ms
	ImportOutOfDateAssets: 2778.571ms (2758.046ms without children)
		ReloadNativeAssets: 0.754ms
		UnloadImportedAssets: 4.151ms
		EnsureUptoDateAssetsAreRegisteredWithGuidPM: 2.083ms
		ImportSchedulerStart: 13.534ms
	PostProcessAllAssets: 271.120ms
		XRBuildSystem.XRAssetImported 10.371ms
		VCAutoAddAssetPostprocess 1.048ms
		PostProcessCallbackCreateDeferredMaterials 0.052ms
		MonoPostProcessAllAssets: 258.927ms
			AssetPostprocessor.OnPostprocessAllAssets 121.823ms
			StyleCatalogPostProcessor.OnPostprocessAllAssets 41.631ms
			UniversalRenderPipelineGlobalSettingsPostprocessor.OnPostprocessAllAssets 18.592ms
			SyncVS.PostprocessSyncProject 8.191ms
			BuilderAssetPostprocessor.OnPostprocessAllAssets 5.672ms
			NugetAssetPostprocessor.OnPostprocessAllAssets 5.396ms
			AddressablesAssetPostProcessor.OnPostprocessAllAssets 4.292ms
			SpriteSlicePostprocessor.OnPostprocessAllAssets 3.196ms
			WindowAssetPostprocessingWatcher.OnPostprocessAllAssets 3.040ms
			PackageManagerResolver.OnPostprocessAllAssets 2.857ms
			VersionHandlerImpl.OnPostprocessAllAssets 2.177ms
			ShaderGraphAssetPostProcessor.OnPostprocessAllAssets 2.036ms
			SpeedTree9Postprocessor.OnPostprocessAllAssets 1.917ms
			AssetChangedListener.OnPostprocessAllAssets 1.907ms
			RetainedModeAssetPostprocessor.OnPostprocessAllAssets 1.379ms
			RenderPipelineGlobalSettingsPostprocessor.OnPostprocessAllAssets 1.231ms
			EditModeScopePostprocessor.OnPostprocessAllAssets 1.189ms
			MaterialPostprocessor.OnPostprocessAllAssets 0.877ms
			SpriteEditorTexturePostprocessor.OnPostprocessAllAssets 0.819ms
			UVCSAssetPostprocessor.OnPostprocessAllAssets 0.664ms
			ShaderReflectionAssetPostProcessor.OnPostprocessAllAssets 0.658ms
			ArtifactBrowserPostProcessor.OnPostprocessAllAssets 0.635ms
			AudioMixerPostprocessor.OnPostprocessAllAssets 0.546ms
			InputActionAssetPostprocessor.OnPostprocessAllAssets 0.543ms
			PlayServicesResolver.OnPostprocessAllAssets 0.540ms
			TMPro_TexturePostProcessor.OnPostprocessAllAssets 0.508ms
			CinemachineSettings.OnPostprocessAllAssets 0.472ms
			DomainReloadProcessor.OnPostprocessAllAssets 0.469ms
			AssetProcessor.OnPostprocessAllAssets 0.462ms
			PostProcessor.OnPostprocessAllAssets 0.446ms
			IOSResolver.OnPostprocessAllAssets 0.437ms
			InputActionJsonNameModifierAssetProcessor.OnPostprocessAllAssets 0.412ms
			TextAssetPostProcessor.OnPostprocessAllAssets 0.411ms
			AssetPathToTypes.OnPostprocessAllAssets 0.369ms
			AssetDatabaseCallbacks.OnPostprocessAllAssets 0.354ms
			ConfigAssetsTracker.OnPostprocessAllAssets 0.329ms
			AssetEvents.OnPostprocessAllAssets 0.310ms
			TerrainToolbarOverlayPostProcessor.OnPostprocessAllAssets 0.231ms
			ReferencedClipsPostProcessor.OnPostprocessAllAssets 0.224ms
			AssetPostprocessorProxy.OnPostprocessAllAssets 0.223ms
			SamplePostprocessor.OnPostprocessAllAssets 0.220ms
			ScenarioDriftAssetsTracker.OnPostprocessAllAssets 0.210ms
			ThemePostprocessor.OnPostprocessAllAssets 0.200ms
			AssetReloadNotifier.OnPostprocessAllAssets 0.200ms
			SpeedTreePostProcessor.OnPostprocessAllAssets 0.170ms
			ProjectSettingsPostprocessor.OnPostprocessAllAssets 0.158ms
			AudioContainerPostProcessor.OnPostprocessAllAssets 0.117ms
	PostAssetChangesProfiler: 24.862ms
	UnloadStreamsBegin: 2.256ms
	PersistCurrentRevisions: 0.218ms
	GenerateScriptTypeHashes: 2.399ms
	GenerateScriptTypeSerializationHashes: 4.733ms
	Untracked: 6033.302ms

Application.AssetDatabase Initial Refresh End
Shader Hidden/ChartRasterizerHardware is not supported: GPU does not support conservative rasterization
Shader Hidden/ChartRasterizerHardware is not supported: GPU does not support conservative rasterization
Scanning for USB devices : 12.216ms
Initializing Unity extensions:
Worker ready: AssetImportWorkerHW0 0
[MODES] ModeService[none].Initialize
[MODES] ModeService[none].LoadModes
[MODES] Loading mode Default (0) for mode-current-id-SampleGame
Unloading 29 Unused Serialized files (Serialized files now loaded: 0)
Unloading 10818 unused Assets / (6.4 MB). Loaded Objects now: 12090.
Memory consumption went from 0.52 GB to 0.52 GB.
Total: 16.775100 ms (FindLiveObjects: 1.046700 ms CreateObjectMapping: 0.611800 ms MarkObjects: 11.586400 ms  DeleteObjects: 3.221700 ms)

Microsoft Media Foundation video decoding to texture disabled: graphics device is Null, only Direct3D 11 and Direct3D 12 (only on desktop) are supported for hardware-accelerated video decoding.
[Project] Loading completed in 25.418 seconds
	Project init time: 				24.965 seconds
		Template init time: 		0.000 seconds
		Package Manager init time: 		0.620 seconds
		Asset Database init time: 		0.379 seconds
		Global illumination init time: 	0.002 seconds
		Assemblies load time: 			1.785 seconds
		Unity extensions init time: 	0.039 seconds
		Asset Database refresh time: 	18.542 seconds
	Scene opening time: 			0.214 seconds
##utp:{"type":"ProjectInfo","version":2,"phase":"Immediate","time":1789721946575,"processId":3592,"projectLoad":25.4176431,"projectInit":24.9651284,"templateInit":0.0,"packageManagerInit":0.6197602,"assetDatabaseInit":0.3793174,"globalIlluminationInit":0.0024187,"assembliesLoad":1.7845538,"unityExtensionsInit":0.0391617,"assetDatabaseRefresh":18.5417377,"sceneOpening":0.2140884}
##utp:{"type":"EditorInfo","version":2,"phase":"Immediate","time":1789721946575,"processId":3592,"editorVersion":"6000.6.0f1 (f7f8ed4d1e24)","branch":"6000.6/respin/6000.6.0f1-fa21a270ab12","buildType":"Release","platform":"Windows"}
[Licensing::Client] Successfully resolved entitlement details
Running tests for ExecutionSettings with details:
targetPlatform = 
playerHeartbeatTimeout = 600
filters[0] = 
   Filter with settings:
   testMode = EditMode
   targetPlatform = 
   testNames = null
   groupNames = ContentDirectory
   categoryNames = null
   assemblyNames = null
ignoreTests = {}
featureFlags = null

UnityEngine.Debug:ExtractStackTraceNoAlloc (byte*,int,string)
UnityEngine.StackTraceUtility:ExtractStackTrace ()
UnityEngine.DebugLogHandler:Internal_Log (UnityEngine.LogType,UnityEngine.LogOption,string,UnityEngine.Object)
UnityEngine.DebugLogHandler:LogFormat (UnityEngine.LogType,UnityEngine.Object,string,object[])
UnityEngine.Logger:Log (UnityEngine.LogType,object)
UnityEngine.Debug:Log (object)
UnityEditor.TestTools.TestRunner.CommandLineTest.Executer:InitializeAndExecuteRun (string[]) (at ./Library/PackageCache/com.unity.test-framework@7a3849e09bd0/UnityEditor.TestRunner/CommandLineTest/Executer.cs:53)
UnityEditor.TestTools.TestRunner.CommandLineTest.TestStarter:InitializeAndExecuteRun () (at ./Library/PackageCache/com.unity.test-framework@7a3849e09bd0/UnityEditor.TestRunner/CommandLineTest/TestStarter.cs:64)
UnityEditor.EditorApplication:Internal_CallUpdateFunctions ()

(Filename: ./Library/PackageCache/com.unity.test-framework@7a3849e09bd0/UnityEditor.TestRunner/CommandLineTest/Executer.cs Line: 53)

Start Indexing on Editor startup
[Indexing] Starting Initial Indexing for Assets
[UnityConnectServicesConfig] config is NOT valid, switching to default
Created GICache directory at C:/Users/void/AppData/LocalLow/Unity/Caches/GiCache. Took: 0.033s, timestamps: [25.420 - 25.453]
[Licensing::Client] Successfully resolved entitlement details
[Licensing::Client] Successfully resolved entitlement details
Unloading 15 Unused Serialized files (Serialized files now loaded: 0)
Unloading 18 unused Assets / (148.7 KB). Loaded Objects now: 12253.
Memory consumption went from 0.53 GB to 0.53 GB.
Total: 16.020600 ms (FindLiveObjects: 0.672000 ms CreateObjectMapping: 0.207100 ms MarkObjects: 14.686500 ms  DeleteObjects: 0.106800 ms)

Executing IPrebuildSetup for: Unity.PerformanceTesting.Editor.TestRunBuilder.
UnityEngine.Debug:ExtractStackTraceNoAlloc (byte*,int,string)
UnityEngine.StackTraceUtility:ExtractStackTrace ()
UnityEngine.DebugLogHandler:Internal_Log (UnityEngine.LogType,UnityEngine.LogOption,string,UnityEngine.Object)
UnityEngine.DebugLogHandler:LogFormat (UnityEngine.LogType,UnityEngine.Object,string,object[])
UnityEngine.Logger:Log (UnityEngine.LogType,object)
UnityEngine.Debug:Log (object)
UnityEditor.TestTools.TestRunner.TestRun.Tasks.BuildActionTaskBase`1/<ExecuteMethods>d__8<UnityEngine.TestTools.IPrebuildSetup>:MoveNext () (at ./Library/PackageCache/com.unity.test-framework@7a3849e09bd0/UnityEditor.TestRunner/TestRun/Tasks/BuildActionTaskBase.cs:48)
UnityEditor.TestTools.TestRunner.TestRun.Tasks.BuildActionTaskBase`1/<Execute>d__7<UnityEngine.TestTools.IPrebuildSetup>:MoveNext () (at ./Library/PackageCache/com.unity.test-framework@7a3849e09bd0/UnityEditor.TestRunner/TestRun/Tasks/BuildActionTaskBase.cs:34)
UnityEditor.TestTools.TestRunner.TestRun.TestJobRunner:ExecuteStep () (at ./Library/PackageCache/com.unity.test-framework@7a3849e09bd0/UnityEditor.TestRunner/TestRun/TestJobRunner.cs:194)
UnityEditor.TestTools.TestRunner.TestRun.TestJobRunner:ExecuteCallback () (at ./Library/PackageCache/com.unity.test-framework@7a3849e09bd0/UnityEditor.TestRunner/TestRun/TestJobRunner.cs:129)
UnityEditor.EditorApplication:Internal_CallUpdateFunctions ()

(Filename: ./Library/PackageCache/com.unity.test-framework@7a3849e09bd0/UnityEditor.TestRunner/TestRun/Tasks/BuildActionTaskBase.cs Line: 48)

Importing 'GUID: f288898c5dc431e4d9f888508168dcd2 - Path: Assets/OneStarMakerGenerated' with importer (DefaultImporter)
Imported 'GUID: f288898c5dc431e4d9f888508168dcd2' -> (Import Result ID: '7796f7c68cf605fae5ff5333ac1e55c7') in 0.014 seconds [static dependencies only]. Details - ImportResultOutputID=75f33be9b021b4f9eaaf6261f22c6896 DependenciesID=6c06f04239d64b9779ba417780953e79 StaticDependenciesID=83da8435156df7d9a8be7703ca03ff74 
Refreshing native plugins compatible for Editor in 22.82 ms, found 4 plugins.
Asset Pipeline Refresh (id=7e69f929fced10844b7bb18f5a03c4ed): Total: 0.218 seconds - Initiated by StopAssetImportingV2(NoUpdateAssetOptions)
Importing 'GUID: 5f6cb8055e24e7440bf29f07b2ed234e - Path: Assets/OneStarMakerGenerated/BS3Tests' with importer (DefaultImporter)
Imported 'GUID: 5f6cb8055e24e7440bf29f07b2ed234e' -> (Import Result ID: '644b9b11e538189d283706ab2e4d8c30') in 0.008 seconds [static dependencies only]. Details - ImportResultOutputID=5f76479c3245c1189e74426f8989c307 DependenciesID=2797e10806d20b25babe15746a4b13b5 StaticDependenciesID=98d281951fd114af0499d6a288a9c005 
Refreshing native plugins compatible for Editor in 22.69 ms, found 4 plugins.
Asset Pipeline Refresh (id=a553610d43c88ea4ab6eae7525f2d5a2): Total: 0.095 seconds - Initiated by StopAssetImportingV2(NoUpdateAssetOptions)
Importing 'GUID: b8eaf5c690d571d48a53f550fc42973b - Path: Assets/OneStarMakerGenerated/BS3Tests/555d12fd0df743479c5dd3f0ae76a40f' with importer (DefaultImporter)
Imported 'GUID: b8eaf5c690d571d48a53f550fc42973b' -> (Import Result ID: '260df373fa79f9641426a76473ef5423') in 0.008 seconds [static dependencies only]. Details - ImportResultOutputID=78603dbd44c9e69287c7d32187c5ef69 DependenciesID=60dd2ddcaef188aabee80621b44e6273 StaticDependenciesID=3ea8e0ea8b2c4c7b0300beedaae0dce0 
Refreshing native plugins compatible for Editor in 26.19 ms, found 4 plugins.
Asset Pipeline Refresh (id=82af3559f8a78fe4d8e2218443e3f7bf): Total: 0.096 seconds - Initiated by StopAssetImportingV2(NoUpdateAssetOptions)
Importing 'GUID: 378566e72db14524393c50d084279cd2 - Path: Assets/OneStarMakerGenerated/BS3Tests/555d12fd0df743479c5dd3f0ae76a40f/Texture.png' with importer (TextureImporter)
Imported 'GUID: 378566e72db14524393c50d084279cd2' -> (Import Result ID: '84c8ba61e7a75f8c6a9fa008ff417b56') in 0.026 seconds [static and dynamic dependencies]. Details - ImportResultOutputID=d52e11cb47e5e715a106b3e4a0b6e336 DependenciesID=c24ad8334b0c3acc8befb2e7af832c82 StaticDependenciesID=b5f96bf2afb6515a8d81ac269e5337c5 
Refreshing native plugins compatible for Editor in 27.50 ms, found 4 plugins.
Asset Pipeline Refresh (id=45e609faa58b68347a584fd1997157ff): Total: 0.142 seconds - Initiated by StopAssetImportingV2(NoUpdateAssetOptions)
Importing 'GUID: 0e70409d05821324d91eedffec99d0da - Path: Assets/OneStarMakerGenerated/BS3Tests/555d12fd0df743479c5dd3f0ae76a40f/Shared.mat' with importer (NativeFormatImporter)
Imported 'GUID: 0e70409d05821324d91eedffec99d0da' -> (Import Result ID: 'e40765a182d7e09d5ae5c6c68313f28d') in 0.002 seconds [static dependencies only]. Details - ImportResultOutputID=11f1b9976cb7ca58258b61fa9ee52d32 DependenciesID=901dd1864c83ee19e4ec256b67a98572 StaticDependenciesID=8e7d365c204ff2596e0467c33f49dab8 
Refreshing native plugins compatible for Editor in 25.45 ms, found 4 plugins.
Asset Pipeline Refresh (id=dfda9be19877eb349a6a2286490463e8): Total: 0.103 seconds - Initiated by StopAssetImportingV2(NoUpdateAssetOptions)
Unloading 3 Unused Serialized files (Serialized files now loaded: 0)
Unloading 85 unused Assets / (75.0 KB). Loaded Objects now: 12251.
Memory consumption went from 0.52 GB to 0.52 GB.
Total: 16.705400 ms (FindLiveObjects: 0.561400 ms CreateObjectMapping: 0.222700 ms MarkObjects: 15.541600 ms  DeleteObjects: 0.075300 ms)

Importing 'GUID: 0e70409d05821324d91eedffec99d0da - Path: Assets/OneStarMakerGenerated/BS3Tests/555d12fd0df743479c5dd3f0ae76a40f/Shared.mat' with importer (NativeFormatImporter)
Imported 'GUID: 0e70409d05821324d91eedffec99d0da' -> (Import Result ID: 'dfbd4288bb217d3800ea059d62026897') in 0.002 seconds [static dependencies only]. Details - ImportResultOutputID=11f1b9976cb7ca58258b61fa9ee52d32 DependenciesID=863d106c804d7633118bf2a76e6e18d0 StaticDependenciesID=ea102abde7b7353a60eb7aa3dd3a25cc 
Refreshing native plugins compatible for Editor in 25.91 ms, found 4 plugins.
Asset Pipeline Refresh (id=6fadc0598ca57a94ba7e0d200f85ddc8): Total: 0.147 seconds - Initiated by StopAssetImportingV2(NoUpdateAssetOptions)
Importing 'GUID: 5e02dfb7a97c746469826401735260ba - Path: Assets/OneStarMakerGenerated/BS3Tests/555d12fd0df743479c5dd3f0ae76a40f/Scene.unity' with importer (DefaultImporter)
Imported 'GUID: 5e02dfb7a97c746469826401735260ba' -> (Import Result ID: '020436c532f118e93f2887296baaf6d4') in 0.001 seconds [static dependencies only]. Details - ImportResultOutputID=f730fd59722b7cca0bdc2e6ad50eb8b9 DependenciesID=40a6c3abb9c333652c410bd370f68902 StaticDependenciesID=122df49522b0d2a838b14d199b4f28db 
Refreshing native plugins compatible for Editor in 30.26 ms, found 4 plugins.
Asset Pipeline Refresh (id=901bdd9a8f3d1314b99806f1f19baa68): Total: 0.104 seconds - Initiated by StopAssetImportingV2(NoUpdateAssetOptions)
Importing 'GUID: 7b13a8dd598952b4ab3730bb82e87424 - Path: Assets/OneStarMakerGenerated/BS3Tests/555d12fd0df743479c5dd3f0ae76a40f/High.prefab' with importer (PrefabImporter)
Imported 'GUID: 7b13a8dd598952b4ab3730bb82e87424' -> (Import Result ID: '60a2c1cdb5facd6f10d315a48c444ad4') in 0.011 seconds [static dependencies only]. Details - ImportResultOutputID=aba56e6e836f714ad67d8336b7ba233a DependenciesID=9831258d13d5bcbc94a6c8ac57017395 StaticDependenciesID=d9ce69684af113aa5daf17d68debd527 
Refreshing native plugins compatible for Editor in 23.09 ms, found 4 plugins.
Asset Pipeline Refresh (id=f2962200f4dd13c4492d807bcbe65683): Total: 0.125 seconds - Initiated by StopAssetImportingV2(NoUpdateAssetOptions)
Importing 'GUID: 73582591d243e0944af61f723067c961 - Path: Assets/OneStarMakerGenerated/BS3Tests/555d12fd0df743479c5dd3f0ae76a40f/Low.prefab' with importer (PrefabImporter)
Imported 'GUID: 73582591d243e0944af61f723067c961' -> (Import Result ID: 'aee4fbd8a6d4d88dfb1201182d7a7548') in 0.011 seconds [static dependencies only]. Details - ImportResultOutputID=b72acdd3feec7e759a9f360d70d059b7 DependenciesID=94a7c3fe627cb1a0c33fa8309577a8f4 StaticDependenciesID=161f62e083787231404386caeb99dbb6 
Refreshing native plugins compatible for Editor in 24.43 ms, found 4 plugins.
Asset Pipeline Refresh (id=dad6df589c8b9654bb26b0dc4f071c58): Total: 0.102 seconds - Initiated by StopAssetImportingV2(NoUpdateAssetOptions)
Importing 'GUID: c4b275d895f22d742b1fea1a59f26e94 - Path: Assets/OneStarMakerGenerated/BS3Tests/555d12fd0df743479c5dd3f0ae76a40f/Excluded.prefab' with importer (PrefabImporter)
Imported 'GUID: c4b275d895f22d742b1fea1a59f26e94' -> (Import Result ID: '5d56615cce40cbff463933b033c3f9e8') in 0.010 seconds [static dependencies only]. Details - ImportResultOutputID=455b3eece4a70e51922c0c609b3e11a2 DependenciesID=95b9c372126b6d9d9b08b6706c00beaa StaticDependenciesID=991da062600277da4d43a6135db6525b 
Refreshing native plugins compatible for Editor in 22.40 ms, found 4 plugins.
Asset Pipeline Refresh (id=eed472a8f72e2f84ba09084d35dd6210): Total: 0.101 seconds - Initiated by StopAssetImportingV2(NoUpdateAssetOptions)
Importing 'GUID: 5e02dfb7a97c746469826401735260ba - Path: Assets/OneStarMakerGenerated/BS3Tests/555d12fd0df743479c5dd3f0ae76a40f/Scene.unity' with importer (DefaultImporter)
Imported 'GUID: 5e02dfb7a97c746469826401735260ba' -> (Import Result ID: '80d0be838bcd2cbe769f0ead3521622a') in 0.001 seconds [static dependencies only]. Details - ImportResultOutputID=f730fd59722b7cca0bdc2e6ad50eb8b9 DependenciesID=e3f27f70f2a2f310bebf154e30287e80 StaticDependenciesID=0a53b6ed4b6e1cfb6784052145478f96 
Refreshing native plugins compatible for Editor in 24.51 ms, found 4 plugins.
Asset Pipeline Refresh (id=ddb96ac0db953e845992861f3cc8d669): Total: 0.094 seconds - Initiated by StopAssetImportingV2(NoUpdateAssetOptions)
Importing 'GUID: 6d826dc1779bb1d439aa308e084f6616 - Path: Assets/OneStarMakerGenerated/BS2b' with importer (DefaultImporter)
Imported 'GUID: 6d826dc1779bb1d439aa308e084f6616' -> (Import Result ID: '09f5a2adf2bb43a668f6c1fd12d3002d') in 0.013 seconds [static dependencies only]. Details - ImportResultOutputID=50e269ba8de9d1ab709178ea509ac331 DependenciesID=fe3053b7afa17a5812b5c0de9fe85dd8 StaticDependenciesID=a4dec807ec71ea239e3902ac1d773d83 
Refreshing native plugins compatible for Editor in 26.08 ms, found 4 plugins.
Asset Pipeline Refresh (id=1689083155b92e4458ada18a761dc236): Total: 0.117 seconds - Initiated by StopAssetImportingV2(NoUpdateAssetOptions)
Importing 'GUID: 039457d676504e3439469bcd69299ca9 - Path: Assets/OneStarMakerGenerated/BS2b/20260918T085911075Z-0a6dbbe221b84265a0db3b1014d807af' with importer (DefaultImporter)
Imported 'GUID: 039457d676504e3439469bcd69299ca9' -> (Import Result ID: 'cecfe51ebc20ffb6f559370773bebad2') in 0.008 seconds [static dependencies only]. Details - ImportResultOutputID=9d2f207944ade7cc0993c4501701d91a DependenciesID=e519c9a51f37dba7e2cd814d36939002 StaticDependenciesID=afaad30d7523fa5e9bee7870eacf5aff 
Refreshing native plugins compatible for Editor in 22.40 ms, found 4 plugins.
Asset Pipeline Refresh (id=42b47b8c3a1e002498f75fb80d3db18e): Total: 0.108 seconds - Initiated by StopAssetImportingV2(NoUpdateAssetOptions)
Importing 'GUID: 95e67b2ceccc1af47870a931e0c01c7d - Path: Assets/OneStarMakerGenerated/BS2b/20260918T085911075Z-0a6dbbe221b84265a0db3b1014d807af/bs2b-owner.marker' with importer (DefaultImporter)
Imported 'GUID: 95e67b2ceccc1af47870a931e0c01c7d' -> (Import Result ID: '8285f1eb9c0dcc5fce5b7d483d1851df') in 0.033 seconds [static dependencies only]. Details - ImportResultOutputID=60d3fce445bba932ab64bc907582ecd5 DependenciesID=9f77bde28f31028274725d6b9995e57b StaticDependenciesID=a8af1b6522e838fbd39891986e050ea6 
Refreshing native plugins compatible for Editor in 23.48 ms, found 4 plugins.
Asset Pipeline Refresh (id=b0a1b2c33825a8341a9be4aa5f1ebdbd): Total: 0.131 seconds - Initiated by RefreshV2(NoUpdateAssetOptions)
Importing 'GUID: 5fc77a85fc6ffad4cbf521cd28cbbc93 - Path: Assets/OneStarMakerGenerated/BS2b/20260918T085911075Z-0a6dbbe221b84265a0db3b1014d807af/BuildContentRoot.asset' with importer (NativeFormatImporter)
Imported 'GUID: 5fc77a85fc6ffad4cbf521cd28cbbc93' -> (Import Result ID: 'a78d6f4ec57f91a76b15d391b7c8c1ba') in 0.002 seconds [static dependencies only]. Details - ImportResultOutputID=677fd23b0b07e61d13083c75ccc07634 DependenciesID=10906b513777e50bf629ea660b0976b5 StaticDependenciesID=809d87ac7d2b0ed6b5a5dc4efdbbecf8 
Refreshing native plugins compatible for Editor in 24.50 ms, found 4 plugins.
Asset Pipeline Refresh (id=1a0b855fb0a95224c96eabdce9640530): Total: 0.095 seconds - Initiated by StopAssetImportingV2(NoUpdateAssetOptions)
Importing 'GUID: 5fc77a85fc6ffad4cbf521cd28cbbc93 - Path: Assets/OneStarMakerGenerated/BS2b/20260918T085911075Z-0a6dbbe221b84265a0db3b1014d807af/BuildContentRoot.asset' with importer (NativeFormatImporter)
Imported 'GUID: 5fc77a85fc6ffad4cbf521cd28cbbc93' -> (Import Result ID: 'a78d6f4ec57f91a76b15d391b7c8c1ba') in 0.001 seconds [static dependencies only]. Details - ImportResultOutputID=677fd23b0b07e61d13083c75ccc07634 DependenciesID=10906b513777e50bf629ea660b0976b5 StaticDependenciesID=809d87ac7d2b0ed6b5a5dc4efdbbecf8 
Refreshing native plugins compatible for Editor in 22.39 ms, found 4 plugins.
Asset Pipeline Refresh (id=990a0622a1266504fa1b798803764c0a): Total: 0.063 seconds - Initiated by StopAssetImportingV2(NoUpdateAssetOptions)
Importing 'GUID: 5fc77a85fc6ffad4cbf521cd28cbbc93 - Path: Assets/OneStarMakerGenerated/BS2b/20260918T085911075Z-0a6dbbe221b84265a0db3b1014d807af/BuildContentRoot.asset' with importer (NativeFormatImporter)
Imported 'GUID: 5fc77a85fc6ffad4cbf521cd28cbbc93' -> (Import Result ID: 'a78d6f4ec57f91a76b15d391b7c8c1ba') in 0.001 seconds [static dependencies only]. Details - ImportResultOutputID=677fd23b0b07e61d13083c75ccc07634 DependenciesID=10906b513777e50bf629ea660b0976b5 StaticDependenciesID=809d87ac7d2b0ed6b5a5dc4efdbbecf8 
Refreshing native plugins compatible for Editor in 22.89 ms, found 4 plugins.
Asset Pipeline Refresh (id=887bb1585e954944d99179746234f7fa): Total: 0.065 seconds - Initiated by StopAssetImportingV2(NoUpdateAssetOptions)
Importing 'GUID: 4b83569d67af61e458304325a23e5dfd - Path: Assets/Settings/PC_RPAsset.asset' with importer (NativeFormatImporter)
Imported 'GUID: 4b83569d67af61e458304325a23e5dfd' -> (Import Result ID: '2fcb55e6f37e916feb23474e154663f8') in 0.002 seconds [static dependencies only]. Details - ImportResultOutputID=eae66dc0e7a749d738136f6c7279b2f0 DependenciesID=d67c03d163a158e1a173c7d4f8dea317 StaticDependenciesID=272ab2bf0d55e49a9c6ca9c634f4d9aa 
Refreshing native plugins compatible for Editor in 22.30 ms, found 4 plugins.
Asset Pipeline Refresh (id=51ce1b11152ccc1498671d0b13847f07): Total: 0.062 seconds - Initiated by StopAssetImportingV2(NoUpdateAssetOptions)
Launched and connected shader compiler UnityShaderCompiler.exe after 0.02 seconds
Asset Pipeline Refresh (id=35e7d698ac180f145b0e375543fda9cd): Total: 0.088 seconds - Initiated by StopAssetImportingV2(NoUpdateAssetOptions)
Opening scene 'Assets/SampleGame/OutGame/Title/Title.unity additively'
Loaded scene 'Assets/SampleGame/OutGame/Title/Title.unity'
	Deserialize:            3.593 ms
	Integration:            0.428 ms
	Integration of assets:  0.040 ms
	Thread Wait Time:       0.015 ms
	Total Operation Time:   4.076 ms
Pipeline: No RuntimePipelineManager components found in build scenes. Pipeline will be disabled in Player builds.
UnityEngine.Debug:ExtractStackTraceNoAlloc (byte*,int,string)
UnityEngine.StackTraceUtility:ExtractStackTrace ()
UnityEngine.DebugLogHandler:Internal_Log (UnityEngine.LogType,UnityEngine.LogOption,string,UnityEngine.Object)
UnityEngine.DebugLogHandler:LogFormat (UnityEngine.LogType,UnityEngine.Object,string,object[])
UnityEngine.Logger:Log (UnityEngine.LogType,object)
UnityEngine.Debug:LogWarning (object)
Unity.Pipeline.Editor.BuildProcessors.PipelineRuntimeBuildProcessor:OnPreprocessBuild (UnityEditor.Build.BuildCallbackContext) (at ./Library/PackageCache/com.unity.pipeline@f49636739437/Editor/BuildProcessors/PipelineRuntimeBuildProcessor.cs:48)
UnityEditor.Build.BuildPipelineInterfaces:OnBuildPreProcessWithContext (UnityEditor.Build.BuildCallbackContext)
UnityEditor.BuildPipeline:BuildContentDirectoryInternal (UnityEditor.BuildContentDirectoryParameters,UnityEngine.GUID)
UnityEditor.BuildPipeline:BuildContentDirectory (UnityEditor.BuildContentDirectoryParameters)
OneStarMaker.Editor.Build.Content.UnityContentDirectoryAdapter:Build (OneStarMaker.Editor.Build.Content.BuildContentProjectionResult,string,string) (at Assets/OneStarMaker/Scripts/Editor/Build/Content/UnityContentDirectoryAdapter.cs:93)
OneStarMaker.Editor.Build.Content.BuildContentCoordinator:Build (OneStarMaker.Editor.Build.Content.BuildContentRequest) (at Assets/OneStarMaker/Scripts/Editor/Build/Content/BuildContentCoordinator.cs:74)
OneStarMaker.Tests.Editor.Build.BuildContentDirectoryIntegrationTests/<ScenePrefabTextureAndTwoRepresentationsBuildAndMoveAsOneDirectory>d__4:MoveNext () (at Assets/OneStarMaker/Tests/Editor/Build/BuildContentDirectoryIntegrationTests.cs:120)
UnityEngine.TestTools.TestEnumerator/<Execute>d__8:MoveNext () (at ./Library/PackageCache/com.unity.test-framework@7a3849e09bd0/UnityEngine.TestRunner/NUnitExtensions/Attributes/TestEnumerator.cs:52)
UnityEngine.TestTools.EnumerableTestMethodCommand/<ExecuteEnumerableAndRecordExceptions>d__4:MoveNext () (at ./Library/PackageCache/com.unity.test-framework@7a3849e09bd0/UnityEngine.TestRunner/NUnitExtensions/Commands/EnumerableTestMethodCommand.cs:85)
UnityEngine.TestTools.EnumerableTestMethodCommand:AdvanceEnumerator (System.Collections.IEnumerator) (at ./Library/PackageCache/com.unity.test-framework@7a3849e09bd0/UnityEngine.TestRunner/NUnitExtensions/Commands/EnumerableTestMethodCommand.cs:64)
UnityEngine.TestTools.EnumerableTestMethodCommand/<ExecuteEnumerable>d__2:MoveNext () (at ./Library/PackageCache/com.unity.test-framework@7a3849e09bd0/UnityEngine.TestRunner/NUnitExtensions/Commands/EnumerableTestMethodCommand.cs:47)
UnityEngine.TestRunner.NUnitExtensions.Runner.UnityLogCheckDelegatingCommand/<ExecuteEnumerable>d__4:MoveNext () (at ./Library/PackageCache/com.unity.test-framework@7a3849e09bd0/UnityEngine.TestRunner/NUnitExtensions/Runner/UnityLogCheckDelegatingCommand.cs:66)
UnityEngine.TestTools.BeforeAfterTestCommandBase`1/<ExecuteEnumerable>d__16<NUnit.Framework.ITestAction>:MoveNext () (at ./Library/PackageCache/com.unity.test-framework@7a3849e09bd0/UnityEngine.TestRunner/NUnitExtensions/Commands/BeforeAfterTestCommandBase.cs:213)
UnityEngine.TestTools.BeforeAfterTestCommandBase`1/<ExecuteEnumerable>d__16<System.Reflection.MethodInfo>:MoveNext () (at ./Library/PackageCache/com.unity.test-framework@7a3849e09bd0/UnityEngine.TestRunner/NUnitExtensions/Commands/BeforeAfterTestCommandBase.cs:213)
UnityEngine.TestTools.BeforeAfterTestCommandBase`1/<ExecuteEnumerable>d__16<System.Reflection.MethodInfo>:MoveNext () (at ./Library/PackageCache/com.unity.test-framework@7a3849e09bd0/UnityEngine.TestRunner/NUnitExtensions/Commands/BeforeAfterTestCommandBase.cs:213)
UnityEngine.TestTools.BeforeAfterTestCommandBase`1/<ExecuteEnumerable>d__16<UnityEngine.TestTools.IOuterUnityTestAction>:MoveNext () (at ./Library/PackageCache/com.unity.test-framework@7a3849e09bd0/UnityEngine.TestRunner/NUnitExtensions/Commands/BeforeAfterTestCommandBase.cs:213)
UnityEngine.TestTools.RetryCommand/<ExecuteEnumerable>d__2:MoveNext () (at ./Library/PackageCache/com.unity.test-framework@7a3849e09bd0/UnityEngine.TestRunner/NUnitExtensions/Commands/RetryCommand.cs:37)
UnityEngine.TestTools.RepeatCommand/<ExecuteEnumerable>d__2:MoveNext () (at ./Library/PackageCache/com.unity.test-framework@7a3849e09bd0/UnityEngine.TestRunner/NUnitExtensions/Commands/RepeatCommand.cs:36)
UnityEngine.TestTools.IgnoreTestCommand/<ExecuteEnumerable>d__3:MoveNext () (at ./Library/PackageCache/com.unity.test-framework@7a3849e09bd0/UnityEngine.TestRunner/NUnitExtensions/Commands/IgnoreTestCommand.cs:42)
UnityEngine.TestTools.StrictCheckCommand/<ExecuteEnumerable>d__2:MoveNext () (at ./Library/PackageCache/com.unity.test-framework@7a3849e09bd0/UnityEngine.TestRunner/NUnitExtensions/Commands/StrictCheckCommand.cs:29)
UnityEditor.TestTools.TestRunner.EditorEnumeratorTestWorkItem/<PerformWork>d__3:MoveNext () (at ./Library/PackageCache/com.unity.test-framework@7a3849e09bd0/UnityEditor.TestRunner/TestRunner/EditorEnumeratorTestWorkItem.cs:97)
UnityEngine.TestRunner.NUnitExtensions.Runner.CompositeWorkItem/<RunChildren>d__17:MoveNext () (at ./Library/PackageCache/com.unity.test-framework@7a3849e09bd0/UnityEngine.TestRunner/NUnitExtensions/Runner/CompositeWorkItem.cs:209)
UnityEngine.TestRunner.NUnitExtensions.Runner.CompositeWorkItem/<PerformWork>d__13:MoveNext () (at ./Library/PackageCache/com.unity.test-framework@7a3849e09bd0/UnityEngine.TestRunner/NUnitExtensions/Runner/CompositeWorkItem.cs:83)
UnityEngine.TestRunner.NUnitExtensions.Runner.CompositeWorkItem/<RunChildren>d__17:MoveNext () (at ./Library/PackageCache/com.unity.test-framework@7a3849e09bd0/UnityEngine.TestRunner/NUnitExtensions/Runner/CompositeWorkItem.cs:209)
UnityEngine.TestRunner.NUnitExtensions.Runner.CompositeWorkItem/<PerformWork>d__13:MoveNext () (at ./Library/PackageCache/com.unity.test-framework@7a3849e09bd0/UnityEngine.TestRunner/NUnitExtensions/Runner/CompositeWorkItem.cs:83)
UnityEngine.TestRunner.NUnitExtensions.Runner.CompositeWorkItem/<RunChildren>d__17:MoveNext () (at ./Library/PackageCache/com.unity.test-framework@7a3849e09bd0/UnityEngine.TestRunner/NUnitExtensions/Runner/CompositeWorkItem.cs:209)
UnityEngine.TestRunner.NUnitExtensions.Runner.CompositeWorkItem/<PerformWork>d__13:MoveNext () (at ./Library/PackageCache/com.unity.test-framework@7a3849e09bd0/UnityEngine.TestRunner/NUnitExtensions/Runner/CompositeWorkItem.cs:83)
UnityEngine.TestRunner.NUnitExtensions.Runner.CompositeWorkItem/<RunChildren>d__17:MoveNext () (at ./Library/PackageCache/com.unity.test-framework@7a3849e09bd0/UnityEngine.TestRunner/NUnitExtensions/Runner/CompositeWorkItem.cs:209)
UnityEngine.TestRunner.NUnitExtensions.Runner.CompositeWorkItem/<PerformWork>d__13:MoveNext () (at ./Library/PackageCache/com.unity.test-framework@7a3849e09bd0/UnityEngine.TestRunner/NUnitExtensions/Runner/CompositeWorkItem.cs:83)
UnityEngine.TestRunner.NUnitExtensions.Runner.CompositeWorkItem/<RunChildren>d__17:MoveNext () (at ./Library/PackageCache/com.unity.test-framework@7a3849e09bd0/UnityEngine.TestRunner/NUnitExtensions/Runner/CompositeWorkItem.cs:209)
UnityEngine.TestRunner.NUnitExtensions.Runner.CompositeWorkItem/<PerformWork>d__13:MoveNext () (at ./Library/PackageCache/com.unity.test-framework@7a3849e09bd0/UnityEngine.TestRunner/NUnitExtensions/Runner/CompositeWorkItem.cs:83)
UnityEngine.TestRunner.NUnitExtensions.Runner.CompositeWorkItem/<RunChildren>d__17:MoveNext () (at ./Library/PackageCache/com.unity.test-framework@7a3849e09bd0/UnityEngine.TestRunner/NUnitExtensions/Runner/CompositeWorkItem.cs:209)
UnityEngine.TestRunner.NUnitExtensions.Runner.CompositeWorkItem/<PerformWork>d__13:MoveNext () (at ./Library/PackageCache/com.unity.test-framework@7a3849e09bd0/UnityEngine.TestRunner/NUnitExtensions/Runner/CompositeWorkItem.cs:83)
UnityEngine.TestRunner.NUnitExtensions.Runner.CompositeWorkItem/<RunChildren>d__17:MoveNext () (at ./Library/PackageCache/com.unity.test-framework@7a3849e09bd0/UnityEngine.TestRunner/NUnitExtensions/Runner/CompositeWorkItem.cs:209)
UnityEngine.TestRunner.NUnitExtensions.Runner.CompositeWorkItem/<PerformWork>d__13:MoveNext () (at ./Library/PackageCache/com.unity.test-framework@7a3849e09bd0/UnityEngine.TestRunner/NUnitExtensions/Runner/CompositeWorkItem.cs:83)
UnityEditor.TestTools.TestRunner.EditModeRunner:MoveNextAndUpdateYieldObject () (at ./Library/PackageCache/com.unity.test-framework@7a3849e09bd0/UnityEditor.TestRunner/TestRunner/EditModeRunner.cs:180)
UnityEditor.TestTools.TestRunner.EditModeRunner:TestConsumer (UnityEditor.TestTools.TestRunner.TestRunnerStateSerializer) (at ./Library/PackageCache/com.unity.test-framework@7a3849e09bd0/UnityEditor.TestRunner/TestRunner/EditModeRunner.cs:220)
UnityEditor.TestTools.TestRunner.TestRun.Tasks.EditModeRunTask/<Execute>d__1:MoveNext () (at ./Library/PackageCache/com.unity.test-framework@7a3849e09bd0/UnityEditor.TestRunner/TestRun/Tasks/EditModeRunTask.cs:48)
UnityEditor.TestTools.TestRunner.TestRun.TestJobRunner:ExecuteStep () (at ./Library/PackageCache/com.unity.test-framework@7a3849e09bd0/UnityEditor.TestRunner/TestRun/TestJobRunner.cs:194)
UnityEditor.TestTools.TestRunner.TestRun.TestJobRunner:ExecuteCallback () (at ./Library/PackageCache/com.unity.test-framework@7a3849e09bd0/UnityEditor.TestRunner/TestRun/TestJobRunner.cs:129)
UnityEditor.EditorApplication:Internal_CallUpdateFunctions ()

(Filename: ./Library/PackageCache/com.unity.pipeline@f49636739437/Editor/BuildProcessors/PipelineRuntimeBuildProcessor.cs Line: 48)

Importing 'GUID: 4b83569d67af61e458304325a23e5dfd - Path: Assets/Settings/PC_RPAsset.asset' with importer (NativeFormatImporter)
Imported 'GUID: 4b83569d67af61e458304325a23e5dfd' -> (Import Result ID: '2fcb55e6f37e916feb23474e154663f8') in 0.001 seconds [static dependencies only]. Details - ImportResultOutputID=eae66dc0e7a749d738136f6c7279b2f0 DependenciesID=d67c03d163a158e1a173c7d4f8dea317 StaticDependenciesID=272ab2bf0d55e49a9c6ca9c634f4d9aa 
Refreshing native plugins compatible for Editor in 24.17 ms, found 4 plugins.
Asset Pipeline Refresh (id=85ec31c89424bac44ba1f75a415bb47a): Total: 0.068 seconds - Initiated by StopAssetImportingV2(NoUpdateAssetOptions)
Asset Pipeline Refresh (id=9fe0c9b528a3e62458cd184fa5dec44b): Total: 0.109 seconds - Initiated by RefreshV2(NoUpdateAssetOptions)
[ScriptCompilation] Requested script compilation because: Recompiling all scripts before compiling player scripts because Auto Refresh is disabled.
Starting: D:\UnityEditor\6000.6.0f1\Editor\Data\Tools\BuildPipeline\bee_backend.exe --ipc --defer-dag-verification --dagfile="Library/Bee/1900b0aEDbg.dag" --continue-on-failure --profile="Library/Bee/backend1.traceevents" ScriptAssemblies
WorkingDir: D:/repositories/unity/SampleGameForOneStarMakerFramework/unity
ExitCode: 0 Duration: 1s201ms
[1407/1925  0s] ILPP-Configuration Library/ilpp-configuration.nevergeneratedoutput
*** Tundra build success (1.16 seconds), 1 items updated, 1925 evaluated
Total cache size 267210888
Total cache size after purge 267210888, took 00:00:00.8932140
[ScriptCompilation] Requested script compilation because: Compiling scripts for player
Starting: D:\UnityEditor\6000.6.0f1\Editor\Data\Tools\BuildPipeline\bee_backend.exe --ipc --defer-dag-verification --dagfile="Library/Bee/1900b0aP.dag" --continue-on-failure --profile="Library/Bee/backend1.traceevents" ScriptAssembliesAndTypeDB
WorkingDir: D:/repositories/unity/SampleGameForOneStarMakerFramework/unity
ExitCode: 0 Duration: 3s665ms
[ 413/1248  0s] WriteResponseFile Library/Bee/artifacts/rsp/4747638433968585886.rsp
[ 987/1248  0s] ILPP-Configuration Library/ilpp-configuration.nevergeneratedoutput
[1074/1248  0s] CopyFiles Library/PlayerScriptAssemblies/Unity.AI.Navigation.dll
[1075/1248  0s] CopyFiles Library/PlayerScriptAssemblies/Unity.InternalAPIEngineBridge.004.dll
[1076/1248  0s] CopyFiles Library/PlayerScriptAssemblies/Unity.RenderPipelines.Core.Runtime.Shared.dll
[1077/1248  0s] CopyFiles Library/PlayerScriptAssemblies/Unity.Purchasing.Stores.XboxCloudServices.dll
[1078/1248  0s] CopyFiles Library/PlayerScriptAssemblies/Unity.Purchasing.AppleMacosStub.dll
[1079/1248  0s] CopyFiles Library/PlayerScriptAssemblies/Unity.Timeline.dll
[1080/1248  0s] CopyFiles Library/PlayerScriptAssemblies/UnityEngine.Advertisements.dll
[1081/1248  0s] CopyFiles Library/PlayerScriptAssemblies/Unity.Services.Core.dll
[1082/1248  0s] CopyFiles Library/PlayerScriptAssemblies/Unity.Services.Core.Telemetry.dll
[1083/1248  0s] CopyFiles Library/PlayerScriptAssemblies/Unity.Purchasing.LiveContentAdapterService.dll
[1084/1248  0s] CopyFiles Library/PlayerScriptAssemblies/Unity.RenderPipelines.Universal.2D.Runtime.dll
[1085/1248  0s] CopyFiles Library/PlayerScriptAssemblies/Unity.RenderPipeline.Universal.ShaderLibrary.dll
[1086/1248  0s] CopyFiles Library/PlayerScriptAssemblies/Unity.InternalAPIEngineBridge.RenderPipelines.Core.Runtime.Shared.dll
[1087/1248  0s] CopyFiles Library/PlayerScriptAssemblies/Unity.InternalAPIEngineBridge.ObjectDispatcher.Runtime.dll
[1088/1248  0s] CopyFiles Library/PlayerScriptAssemblies/Unity.RenderPipelines.Universal.Config.Runtime.dll
[1089/1248  0s] CopyFiles Library/PlayerScriptAssemblies/UniTask.Addressables.dll
[1090/1248  0s] CopyFiles Library/PlayerScriptAssemblies/Unity.Burst.dll
[1091/1248  0s] CopyFiles Library/PlayerScriptAssemblies/Unity.RenderPipelines.Universal.Runtime.dll
[1092/1248  0s] CopyFiles Library/PlayerScriptAssemblies/Unity.RenderPipelines.GPUDriven.Runtime.dll
[1093/1248  0s] CopyFiles Library/PlayerScriptAssemblies/UnityEngine.SpatialTracking.dll
[1094/1248  0s] CopyFiles Library/PlayerScriptAssemblies/Unity.Pipeline.dll
[1095/1248  0s] CopyFiles Library/PlayerScriptAssemblies/LitMotion.Extensions.dll
[1096/1248  0s] CopyFiles Library/PlayerScriptAssemblies/OneStarMaker.Runtime.dll
[1097/1248  0s] CopyFiles Library/PlayerScriptAssemblies/UniTask.Linq.dll
[1098/1248  0s] CopyFiles Library/PlayerScriptAssemblies/SampleGame.DependOnAll.dll
[1099/1248  0s] CopyFiles Library/PlayerScriptAssemblies/Unity.PathTracing.Runtime.dll
[1100/1248  0s] CopyFiles Library/PlayerScriptAssemblies/OneStarMaker.Foundation.dll
[1101/1248  0s] CopyFiles Library/PlayerScriptAssemblies/Unity.VisualScripting.DocCodeExamples.dll
[1102/1248  0s] CopyFiles Library/PlayerScriptAssemblies/SampleGame.Common.dll
[1103/1248  0s] CopyFiles Library/PlayerScriptAssemblies/Unity.Collections.Tests.CoreCLR.PublicJobPrivateGeneric.dll
[1104/1248  0s] CopyFiles Library/PlayerScriptAssemblies/OneStarMaker.Debug.dll
[1105/1248  0s] CopyFiles Library/PlayerScriptAssemblies/Unity.Cinemachine.dll
[1106/1248  0s] CopyFiles Library/PlayerScriptAssemblies/Unity.Mathematics.dll
[1107/1248  0s] CopyFiles Library/PlayerScriptAssemblies/Unity.Purchasing.AppleStub.dll
[1108/1248  0s] CopyFiles Library/PlayerScriptAssemblies/Unity.Services.Core.Internal.dll
[1109/1248  0s] CopyFiles Library/PlayerScriptAssemblies/Unity.Services.Core.Environments.dll
[1110/1248  0s] CopyFiles Library/PlayerScriptAssemblies/Unity.ScriptableBuildPipeline.dll
[1111/1248  0s] CopyFiles Library/PlayerScriptAssemblies/SampleGame.InGame.dll
[1112/1248  0s] CopyFiles Library/PlayerScriptAssemblies/Unity.Purchasing.SecurityStub.dll
[1113/1248  0s] CopyFiles Library/PlayerScriptAssemblies/Unity.Addressables.dll
[1114/1248  0s] CopyFiles Library/PlayerScriptAssemblies/Unity.Services.Core.Components.dll
[1115/1248  0s] CopyFiles Library/PlayerScriptAssemblies/Unity.RenderPipelines.Core.ShaderLibrary.dll
[1116/1248  0s] CopyFiles Library/PlayerScriptAssemblies/UnityEngine.UI.dll
[1117/1248  0s] CopyFiles Library/PlayerScriptAssemblies/Unity.Services.Core.Analytics.dll
[1118/1248  0s] CopyFiles Library/PlayerScriptAssemblies/Unity.UnifiedRayTracing.Runtime.dll
[1119/1248  0s] CopyFiles Library/PlayerScriptAssemblies/UniTask.dll
[1120/1248  0s] CopyFiles Library/PlayerScriptAssemblies/Unity.Purchasing.SecurityCore.dll
[1121/1248  0s] CopyFiles Library/PlayerScriptAssemblies/Unity.Purchasing.Utilities.dll
[1122/1248  0s] CopyFiles Library/PlayerScriptAssemblies/Unity.Splines.dll
[1123/1248  0s] CopyFiles Library/PlayerScriptAssemblies/Unity.Purchasing.dll
[1124/1248  0s] CopyFiles Library/PlayerScriptAssemblies/UniTask.TextMeshPro.dll
[1125/1248  0s] CopyFiles Library/PlayerScriptAssemblies/Unity.RenderPipelines.Core.Runtime.dll
[1126/1248  0s] CopyFiles Library/PlayerScriptAssemblies/Unity.Services.Core.Device.dll
[1127/1248  0s] CopyFiles Library/PlayerScriptAssemblies/UniTask.DOTween.dll
[1128/1248  0s] CopyFiles Library/PlayerScriptAssemblies/UnityEngine.XR.LegacyInputHelpers.dll
[1129/1248  0s] CopyFiles Library/PlayerScriptAssemblies/Unity.RenderPipelines.ShaderGraph.ShaderGraphLibrary.dll
[1130/1248  0s] CopyFiles Library/PlayerScriptAssemblies/Unity.Services.Core.Scheduler.dll
[1131/1248  0s] CopyFiles Library/PlayerScriptAssemblies/Unity.Collections.Tests.CoreCLR.PrivateJobNested.dll
[1132/1248  0s] CopyFiles Library/PlayerScriptAssemblies/Unity.InputSystem.dll
[1133/1248  0s] CopyFiles Library/PlayerScriptAssemblies/Unity.ResourceManager.dll
[1134/1248  0s] CopyFiles Library/PlayerScriptAssemblies/Assembly-CSharp.dll
[1135/1248  0s] CopyFiles Library/PlayerScriptAssemblies/Unity.Services.Core.Configuration.dll
[1136/1248  0s] CopyFiles Library/PlayerScriptAssemblies/Unity.Purchasing.WebshopService.dll
[1137/1248  0s] CopyFiles Library/PlayerScriptAssemblies/Unity.Services.Core.Registration.dll
[1138/1248  0s] CopyFiles Library/PlayerScriptAssemblies/Unity.Services.Core.Networking.dll
[1139/1248  0s] CopyFiles Library/PlayerScriptAssemblies/Unity.Collections.Tests.CoreCLR.ProtectedJobNested.dll
[1140/1248  0s] CopyFiles Library/PlayerScriptAssemblies/Unity.Analytics.DataPrivacy.dll
[1141/1248  0s] CopyFiles Library/PlayerScriptAssemblies/Domain_Reload.dll
[1142/1248  0s] CopyFiles Library/PlayerScriptAssemblies/Unity.Services.Core.Environments.Internal.dll
[1143/1248  0s] CopyFiles Library/PlayerScriptAssemblies/Unity.Purchasing.Stores.dll
[1144/1248  0s] CopyFiles Library/PlayerScriptAssemblies/Unity.SurfaceCache.Runtime.dll
[1145/1248  0s] CopyFiles Library/PlayerScriptAssemblies/Unity.Services.Analytics.dll
[1146/1248  0s] CopyFiles Library/PlayerScriptAssemblies/Unity.Collections.dll
[1147/1248  0s] CopyFiles Library/PlayerScriptAssemblies/Unity.Services.Core.Threading.dll
[1148/1248  0s] CopyFiles Library/PlayerScriptAssemblies/Unity.VisualScripting.State.dll
[1149/1248  0s] CopyFiles Library/PlayerScriptAssemblies/Unity.Profiling.Core.dll
[1150/1248  0s] CopyFiles Library/PlayerScriptAssemblies/LitMotion.dll
[1151/1248  0s] CopyFiles Library/PlayerScriptAssemblies/Unity.Purchasing.PaymentProviderService.dll
[1152/1248  0s] CopyFiles Library/PlayerScriptAssemblies/Unity.Collections.Tests.CoreCLR.InternalJobNestedPrivate.dll
[1153/1248  0s] CopyFiles Library/PlayerScriptAssemblies/Unity.Purchasing.Codeless.dll
[1154/1248  0s] CopyFiles Library/PlayerScriptAssemblies/Unity.InputSystem.ForUI.dll
[1155/1248  0s] CopyFiles Library/PlayerScriptAssemblies/SampleGame.OutGame.dll
[1156/1248  0s] CopyFiles Library/PlayerScriptAssemblies/Unity.RenderPipelines.Universal.Shaders.dll
[1157/1248  0s] CopyFiles Library/PlayerScriptAssemblies/Unity.VisualScripting.Flow.dll
[1158/1248  0s] CopyFiles Library/PlayerScriptAssemblies/Unity.VisualScripting.Core.dll
[1159/1248  0s] CopyFiles Library/PlayerScriptAssemblies/Unity.Services.Core.Telemetry.pdb
[1160/1248  0s] CopyFiles Library/PlayerScriptAssemblies/Unity.TextMeshPro.dll
[1161/1248  0s] CopyFiles Library/PlayerScriptAssemblies/Unity.RenderPipelines.Universal.Runtime.pdb
[1162/1248  0s] CopyFiles Library/PlayerScriptAssemblies/Unity.InternalAPIEngineBridge.ObjectDispatcher.Runtime.pdb
[1163/1248  0s] CopyFiles Library/PlayerScriptAssemblies/Unity.Burst.pdb
[1164/1248  0s] CopyFiles Library/PlayerScriptAssemblies/Unity.RenderPipelines.Core.Runtime.pdb
[1165/1248  0s] CopyFiles Library/PlayerScriptAssemblies/UnityEngine.Advertisements.pdb
[1166/1248  0s] CopyFiles Library/PlayerScriptAssemblies/Unity.Services.Core.pdb
[1167/1248  0s] CopyFiles Library/PlayerScriptAssemblies/LitMotion.Extensions.pdb
[1168/1248  0s] CopyFiles Library/PlayerScriptAssemblies/SampleGame.DependOnAll.pdb
[1169/1248  0s] CopyFiles Library/PlayerScriptAssemblies/Unity.PathTracing.Runtime.pdb
[1170/1248  0s] CopyFiles Library/PlayerScriptAssemblies/OneStarMaker.Runtime.pdb
[1171/1248  0s] CopyFiles Library/PlayerScriptAssemblies/Unity.RenderPipelines.Universal.Config.Runtime.pdb
[1172/1248  0s] CopyFiles Library/PlayerScriptAssemblies/SampleGame.Common.pdb
[1173/1248  0s] CopyFiles Library/PlayerScriptAssemblies/Unity.InternalAPIEngineBridge.RenderPipelines.Core.Runtime.Shared.pdb
[1174/1248  0s] CopyFiles Library/PlayerScriptAssemblies/OneStarMaker.Debug.pdb
[1175/1248  0s] CopyFiles Library/PlayerScriptAssemblies/Unity.Purchasing.Stores.XboxCloudServices.pdb
[1176/1248  0s] CopyFiles Library/PlayerScriptAssemblies/Unity.Cinemachine.pdb
[1177/1248  0s] CopyFiles Library/PlayerScriptAssemblies/Unity.RenderPipelines.Core.Runtime.Shared.pdb
[1178/1248  0s] CopyFiles Library/PlayerScriptAssemblies/Unity.RenderPipelines.Universal.2D.Runtime.pdb
[1179/1248  0s] CopyFiles Library/PlayerScriptAssemblies/Unity.Services.Core.Environments.pdb
[1180/1248  0s] CopyFiles Library/PlayerScriptAssemblies/Unity.Purchasing.AppleMacosStub.pdb
[1181/1248  0s] CopyFiles Library/PlayerScriptAssemblies/Unity.Purchasing.SecurityStub.pdb
[1182/1248  0s] CopyFiles Library/PlayerScriptAssemblies/Unity.AI.Navigation.pdb
[1183/1248  0s] CopyFiles Library/PlayerScriptAssemblies/Unity.Services.Core.Analytics.pdb
[1184/1248  0s] CopyFiles Library/PlayerScriptAssemblies/Unity.Purchasing.SecurityCore.pdb
[1185/1248  0s] CopyFiles Library/PlayerScriptAssemblies/Unity.Purchasing.WebshopService.pdb
[1186/1248  0s] CopyFiles Library/PlayerScriptAssemblies/Unity.Splines.pdb
[1187/1248  0s] CopyFiles Library/PlayerScriptAssemblies/Unity.Timeline.pdb
[1188/1248  0s] CopyFiles Library/PlayerScriptAssemblies/Unity.Addressables.pdb
[1189/1248  0s] CopyFiles Library/PlayerScriptAssemblies/Unity.Services.Core.Internal.pdb
[1190/1248  0s] CopyFiles Library/PlayerScriptAssemblies/Unity.ScriptableBuildPipeline.pdb
[1191/1248  0s] CopyFiles Library/PlayerScriptAssemblies/Unity.RenderPipelines.Core.ShaderLibrary.pdb
[1192/1248  0s] CopyFiles Library/PlayerScriptAssemblies/Unity.Purchasing.Stores.pdb
[1193/1248  0s] CopyFiles Library/PlayerScriptAssemblies/Unity.UnifiedRayTracing.Runtime.pdb
[1194/1248  0s] CopyFiles Library/PlayerScriptAssemblies/Unity.Purchasing.pdb
[1195/1248  0s] CopyFiles Library/PlayerScriptAssemblies/Unity.InternalAPIEngineBridge.004.pdb
[1196/1248  0s] CopyFiles Library/PlayerScriptAssemblies/Unity.SurfaceCache.Runtime.pdb
[1197/1248  0s] CopyFiles Library/PlayerScriptAssemblies/UnityEngine.UI.pdb
[1198/1248  0s] CopyFiles Library/PlayerScriptAssemblies/Unity.Services.Analytics.pdb
[1199/1248  0s] CopyFiles Library/PlayerScriptAssemblies/UniTask.Addressables.pdb
[1200/1248  0s] CopyFiles Library/PlayerScriptAssemblies/Unity.Services.Core.Environments.Internal.pdb
[1201/1248  0s] CopyFiles Library/PlayerScriptAssemblies/SampleGame.OutGame.pdb
[1202/1248  0s] CopyFiles Library/PlayerScriptAssemblies/Unity.InputSystem.ForUI.pdb
[1203/1248  0s] CopyFiles Library/PlayerScriptAssemblies/Unity.Services.Core.Networking.pdb
[1204/1248  0s] CopyFiles Library/PlayerScriptAssemblies/UniTask.DOTween.pdb
[1205/1248  0s] CopyFiles Library/PlayerScriptAssemblies/Unity.RenderPipelines.GPUDriven.Runtime.pdb
[1206/1248  0s] CopyFiles Library/PlayerScriptAssemblies/UnityEngine.SpatialTracking.pdb
[1207/1248  0s] CopyFiles Library/PlayerScriptAssemblies/UniTask.Linq.pdb
[1208/1248  0s] CopyFiles Library/PlayerScriptAssemblies/Assembly-CSharp.pdb
[1209/1248  0s] CopyFiles Library/PlayerScriptAssemblies/Unity.ResourceManager.pdb
[1210/1248  0s] CopyFiles Library/PlayerScriptAssemblies/Unity.Collections.Tests.CoreCLR.ProtectedJobNested.pdb
[1211/1248  0s] CopyFiles Library/PlayerScriptAssemblies/Unity.Services.Core.Registration.pdb
[1212/1248  0s] CopyFiles Library/PlayerScriptAssemblies/Unity.Mathematics.pdb
[1213/1248  0s] CopyFiles Library/PlayerScriptAssemblies/Unity.Purchasing.LiveContentAdapterService.pdb
[1214/1248  0s] CopyFiles Library/PlayerScriptAssemblies/Unity.Collections.pdb
[1215/1248  0s] CopyFiles Library/PlayerScriptAssemblies/SampleGame.InGame.pdb
[1216/1248  0s] CopyFiles Library/PlayerScriptAssemblies/Unity.InputSystem.pdb
[1217/1248  0s] CopyFiles Library/PlayerScriptAssemblies/UnityEngine.XR.LegacyInputHelpers.pdb
[1218/1248  0s] CopyFiles Library/PlayerScriptAssemblies/Unity.Services.Core.Scheduler.pdb
[1219/1248  0s] CopyFiles Library/PlayerScriptAssemblies/LitMotion.pdb
[1220/1248  0s] CopyFiles Library/PlayerScriptAssemblies/Unity.Purchasing.PaymentProviderService.pdb
[1221/1248  0s] CopyFiles Library/PlayerScriptAssemblies/UniTask.TextMeshPro.pdb
[1222/1248  0s] CopyFiles Library/PlayerScriptAssemblies/Unity.Purchasing.Codeless.pdb
[1223/1248  0s] CopyFiles Library/PlayerScriptAssemblies/Unity.VisualScripting.Flow.pdb
[1224/1248  0s] CopyFiles Library/PlayerScriptAssemblies/Unity.RenderPipelines.Universal.Shaders.pdb
[1225/1248  0s] CopyFiles Library/PlayerScriptAssemblies/Unity.TextMeshPro.pdb
[1226/1248  0s] CopyFiles Library/PlayerScriptAssemblies/Unity.Pipeline.pdb
[1227/1248  0s] CopyFiles Library/PlayerScriptAssemblies/OneStarMaker.Foundation.pdb
[1228/1248  0s] CopyFiles Library/PlayerScriptAssemblies/Unity.Services.Core.Configuration.pdb
[1229/1248  0s] CopyFiles Library/PlayerScriptAssemblies/Unity.RenderPipelines.ShaderGraph.ShaderGraphLibrary.pdb
[1230/1248  0s] CopyFiles Library/PlayerScriptAssemblies/Domain_Reload.pdb
[1231/1248  0s] CopyFiles Library/PlayerScriptAssemblies/Unity.VisualScripting.DocCodeExamples.pdb
[1232/1248  0s] CopyFiles Library/PlayerScriptAssemblies/UniTask.pdb
[1233/1248  0s] CopyFiles Library/PlayerScriptAssemblies/Unity.RenderPipeline.Universal.ShaderLibrary.pdb
[1234/1248  0s] CopyFiles Library/PlayerScriptAssemblies/Unity.Services.Core.Components.pdb
[1235/1248  0s] CopyFiles Library/PlayerScriptAssemblies/Unity.Profiling.Core.pdb
[1236/1248  0s] CopyFiles Library/PlayerScriptAssemblies/Unity.Collections.Tests.CoreCLR.InternalJobNestedPrivate.pdb
[1237/1248  0s] CopyFiles Library/PlayerScriptAssemblies/Unity.Purchasing.AppleStub.pdb
[1238/1248  0s] CopyFiles Library/PlayerScriptAssemblies/Unity.VisualScripting.State.pdb
[1239/1248  0s] CopyFiles Library/PlayerScriptAssemblies/Unity.VisualScripting.Core.pdb
[1240/1248  0s] CopyFiles Library/PlayerScriptAssemblies/Unity.Collections.Tests.CoreCLR.PublicJobPrivateGeneric.pdb
[1241/1248  0s] CopyFiles Library/PlayerScriptAssemblies/Unity.Services.Core.Device.pdb
[1242/1248  0s] CopyFiles Library/PlayerScriptAssemblies/Unity.Collections.Tests.CoreCLR.PrivateJobNested.pdb
[1243/1248  0s] CopyFiles Library/PlayerScriptAssemblies/Unity.Purchasing.Utilities.pdb
[1244/1248  0s] CopyFiles Library/PlayerScriptAssemblies/Unity.Services.Core.Threading.pdb
[1245/1248  0s] CopyFiles Library/PlayerScriptAssemblies/Unity.Analytics.DataPrivacy.pdb
*** Tundra build success (3.64 seconds), 174 items updated, 1248 evaluated
Starting: D:\UnityEditor\6000.6.0f1\Editor\Data\Tools\BuildPipeline\bee_backend.exe --ipc --defer-dag-verification --dagfile="Library/Bee/1900b0aEDbg.dag" --continue-on-failure --profile="Library/Bee/backend1.traceevents" ScriptAssembliesAndTypeDB
WorkingDir: D:/repositories/unity/SampleGameForOneStarMakerFramework/unity
Total cache size 267210888
Total cache size after purge 267210888, took 00:00:01.0605605
ExitCode: 0 Duration: 0s991ms
[ 318/1928  0s] WriteResponseFile Library/Bee/artifacts/rsp/4747638433968585886.rsp
[1445/1928  0s] ILPP-Configuration Library/ilpp-configuration.nevergeneratedoutput
*** Tundra build success (0.94 seconds), 2 items updated, 1928 evaluated
Total cache size 267210888
Total cache size after purge 267210888, took 00:00:00.8955999
Starting new worker id: 1 with log in D:/repositories/unity/SampleGameForOneStarMakerFramework/unity/Logs/AssetImportWorkerHW1.log
[Worker0] Imported GUID: 5fc77a85fc6ffad4cbf521cd28cbbc93 - Path: Assets/OneStarMakerGenerated/BS2b/20260918T085911075Z-0a6dbbe221b84265a0db3b1014d807af/BuildContentRoot.asset - Importer: BuildMetaDataImporter -> (ImportResultId: '4e41be4c13b0b9ff904fef23e2f51c1f') in 0.0260581 seconds
[Worker0] Imported GUID: 378566e72db14524393c50d084279cd2 - Path: Assets/OneStarMakerGenerated/BS3Tests/555d12fd0df743479c5dd3f0ae76a40f/Texture.png - Importer: BuildMetaDataImporter -> (ImportResultId: '2a23164d150912ddabf34651afe1213a') in 0.0015209 seconds
[Worker0] Imported GUID: 5e02dfb7a97c746469826401735260ba - Path: Assets/OneStarMakerGenerated/BS3Tests/555d12fd0df743479c5dd3f0ae76a40f/Scene.unity - Importer: BuildMetaDataImporter -> (ImportResultId: '59c91a06a9a30107a5cf5c675efeea25') in 0.3531337 seconds
[Worker0] Imported GUID: 7b13a8dd598952b4ab3730bb82e87424 - Path: Assets/OneStarMakerGenerated/BS3Tests/555d12fd0df743479c5dd3f0ae76a40f/High.prefab - Importer: BuildMetaDataImporter -> (ImportResultId: '4a1ecae26a89aed706a1e796f0b0e617') in 0.0023817 seconds
[Worker0] Imported GUID: 73582591d243e0944af61f723067c961 - Path: Assets/OneStarMakerGenerated/BS3Tests/555d12fd0df743479c5dd3f0ae76a40f/Low.prefab - Importer: BuildMetaDataImporter -> (ImportResultId: 'ac37603c0087185f1e5be15adefe4a03') in 0.0014949 seconds
[Worker0] Imported GUID: 0e70409d05821324d91eedffec99d0da - Path: Assets/OneStarMakerGenerated/BS3Tests/555d12fd0df743479c5dd3f0ae76a40f/Shared.mat - Importer: BuildMetaDataImporter -> (ImportResultId: 'f8f73703802a58f67da391b36f81c6da') in 0.0032966 seconds
Importing 'GUID: 4347ded60c10b9e2aa529b72caf1afc2 - Path: Library/BuildInstructions/5e02dfb7a97c746469826401735260ba.buildinst' with importer (DefaultImporter)
Imported 'GUID: 4347ded60c10b9e2aa529b72caf1afc2' -> (Import Result ID: 'dc5479a973dccbdf95fd2b906ebe1076') in 0.004 seconds [static dependencies only]. Details - ImportResultOutputID=44b746cf8f60568104e80e903bf92311 DependenciesID=7e07acea02d96ddd516af63e6dbff06b StaticDependenciesID=33627a728163607e8559f2e17fa3ba61 
Importing 'GUID: b5b8d5e28c80a15b54a9e6acb7a577a5 - Path: Library/BuildInstructions/b25bad504f18b42863754f82a4f451d9.buildinst' with importer (DefaultImporter)
Imported 'GUID: b5b8d5e28c80a15b54a9e6acb7a577a5' -> (Import Result ID: '8de3e97c146bceda9fd24d9590a8b452') in 0.001 seconds [static dependencies only]. Details - ImportResultOutputID=c1cc39ffdb43f932e0fc937c15d6364d DependenciesID=ba27a9b71173eb1e437ce48e768c009a StaticDependenciesID=c12618d43d780b485e939face80ce6b5 
Importing 'GUID: 08b71dc3eb934ec96363b3f4639c7eae - Path: Library/BuildInstructions/73582591d243e0944af61f723067c961.buildinst' with importer (DefaultImporter)
Imported 'GUID: 08b71dc3eb934ec96363b3f4639c7eae' -> (Import Result ID: '622c2e52c24cadd461849c5a314a3ad0') in 0.001 seconds [static dependencies only]. Details - ImportResultOutputID=85336b73871ad67a19d2203b7c84b968 DependenciesID=464b92d523224377e581fd4adcd8ac3c StaticDependenciesID=e703a43fd6668600107c2eacd07812b5 
Importing 'GUID: 09c5b3695092187f92f2158d87780161 - Path: Library/BuildInstructions/537117dcc2c5efab6e681d744675584a.buildinst' with importer (DefaultImporter)
Imported 'GUID: 09c5b3695092187f92f2158d87780161' -> (Import Result ID: 'f344fa3ef179b79a9295d1fd4f0d187f') in 0.001 seconds [static dependencies only]. Details - ImportResultOutputID=83b079ff5eecf132becce4f548972a9b DependenciesID=4d6482ee3bbf204b2866d7954f8528b4 StaticDependenciesID=2ad35dfac5c859148fcafc2e3800d658 
Importing 'GUID: eb9bf67e65310dc8dd512a8b5d4ea43c - Path: Library/BuildInstructions/5fc77a85fc6ffad4cbf521cd28cbbc93.buildinst' with importer (DefaultImporter)
Imported 'GUID: eb9bf67e65310dc8dd512a8b5d4ea43c' -> (Import Result ID: '5c5da16273d0257b63fd771cc7d87c67') in 0.001 seconds [static dependencies only]. Details - ImportResultOutputID=e4131e5d10ed90fd2acafb3018cb1bc9 DependenciesID=333277328771e26baa6ec2e2f85a21e7 StaticDependenciesID=866b447df3f0177796b68efbea99dd08 
Importing 'GUID: bca8a5b4f1c3e708676e63eda9961c6a - Path: Library/BuildInstructions/7b13a8dd598952b4ab3730bb82e87424.buildinst' with importer (DefaultImporter)
Imported 'GUID: bca8a5b4f1c3e708676e63eda9961c6a' -> (Import Result ID: '3c98abb9f094de7295b53a92db4f9265') in 0.001 seconds [static dependencies only]. Details - ImportResultOutputID=436458959be8aa93730cf2246cc615e8 DependenciesID=35ac9988a809b44b7a161b8df045afbf StaticDependenciesID=34fb7dbbbe35bc6ef2ea46c4041ba1c7 
Refreshing native plugins compatible for Editor in 22.73 ms, found 4 plugins.
Asset Pipeline Refresh (id=057a6528cd7bf0b4aac4f84b47884c4c): Total: 0.201 seconds - Initiated by RefreshV2(NoUpdateAssetOptions)
Starting new worker id: 2 with log in D:/repositories/unity/SampleGameForOneStarMakerFramework/unity/Logs/AssetImportWorkerHW2.log
[Worker0] Imported GUID: 4347ded60c10b9e2aa529b72caf1afc2 - Path: Library/BuildInstructions/5e02dfb7a97c746469826401735260ba.buildinst - Importer: BuildInstructionImporter -> (ImportResultId: 'a74749e3d834bb827c67a3058ed19b76') in 0.2300812 seconds
[Worker0] Imported GUID: eb9bf67e65310dc8dd512a8b5d4ea43c - Path: Library/BuildInstructions/5fc77a85fc6ffad4cbf521cd28cbbc93.buildinst - Importer: BuildInstructionImporter -> (ImportResultId: '083869b31e92b81f5a07932e5bb0983e') in 0.0075221 seconds
[Worker0] Imported GUID: b5b8d5e28c80a15b54a9e6acb7a577a5 - Path: Library/BuildInstructions/b25bad504f18b42863754f82a4f451d9.buildinst - Importer: BuildInstructionImporter -> (ImportResultId: '149f2a2d24e30d10ff3db433f37bdc03') in 0.0030887 seconds
[Worker0] Imported GUID: 09c5b3695092187f92f2158d87780161 - Path: Library/BuildInstructions/537117dcc2c5efab6e681d744675584a.buildinst - Importer: BuildInstructionImporter -> (ImportResultId: 'c3e9281ceee04c2c07b0fddafd93851a') in 0.0016649 seconds
[Worker0] Imported GUID: 08b71dc3eb934ec96363b3f4639c7eae - Path: Library/BuildInstructions/73582591d243e0944af61f723067c961.buildinst - Importer: BuildInstructionImporter -> (ImportResultId: 'b73f36d347e37fbaa98d8bb8a8a42a62') in 0.001933 seconds
[Worker0] Imported GUID: bca8a5b4f1c3e708676e63eda9961c6a - Path: Library/BuildInstructions/7b13a8dd598952b4ab3730bb82e87424.buildinst - Importer: BuildInstructionImporter -> (ImportResultId: 'b248b59449113013390ee54d0604a629') in 0.0016026 seconds
-------------------------------------------------------------------------------
Build Report - Content Size Statistics
Serialized File count                     11
Resource file count                        2
Object count                              23
Serialized Files                     491.9 kb	  49.0%
Serialized Files Headers             362.4 kb	  36.1%
Resource data (Texture,Audio...)     512.0 kb	  51.0%
Total build size                    1003.9 kb

Largest Types:
   512.2 kb	  51.0% Cubemap
   125.1 kb	  12.5% Shader

Largest Assets:
   522.5 kb	  52.0% Resources/unity_builtin_extra
   107.2 kb	  10.7% Packages/com.unity.render-pipelines.universal/Shaders/Lit.shader
-------------------------------------------------------------------------------
BuildReport, and other content build meta-data, are written to Library/BuildHistory/20260918-085911Z-9bfa14f8Unloading 6 Unused Serialized files (Serialized files now loaded: 0)
Unloading 419 unused Assets / (407.6 KB). Loaded Objects now: 12273.
Memory consumption went from 0.54 GB to 0.54 GB.
Total: 17.440400 ms (FindLiveObjects: 0.698300 ms CreateObjectMapping: 0.217900 ms MarkObjects: 15.845900 ms  DeleteObjects: 0.369000 ms)

SpriteAtlasDatabase::Cleanup
Refreshing native plugins compatible for Editor in 24.16 ms, found 4 plugins.
Asset Pipeline Refresh (id=67d07da2921bec142b673319125f0cd6): Total: 0.201 seconds - Initiated by StopAssetImportingV2(NoUpdateAssetOptions)
Refreshing native plugins compatible for Editor in 21.47 ms, found 4 plugins.

Asset Pipeline Refresh (id=4144690847aba444398655fc4764440b): Total: 0.300 seconds - Initiated by StopAssetImportingV2(NoUpdateAssetOptions)
	(Values over 0.05ms)
	Summary:
		Imports: total=0 (actual=0, local cache=0, cache server=0)
		Asset DB Process Time: managed=0 ms, native=266 ms
		Asset DB Callback time: managed=2 ms, native=31 ms
		Scripting: domain reloads=0, domain reload time=0 ms, compile time=0 ms, other=0 ms
		Project Asset Count: scripts=3598, non-scripts=4991
		Asset File Changes: new=0, changed=0, moved=0, deleted=2
		Scan Filter Count: 4
	ApplyChangesToAssetFolders: 0.186ms
	Scan: 21.803ms
	Collect global state as custom dependencies: 1.149ms
	OnSourceAssetsModified: 0.098ms
	ProcessAssetsWithTransientArtifactChanges: 0.155ms
	CategorizeAssets: 35.244ms
	ImportOutOfDateAssets: 2.371ms (0.343ms without children)
		ReloadNativeAssets: 0.701ms
		UnloadImportedAssets: 0.129ms
		EnsureUptoDateAssetsAreRegisteredWithGuidPM: 0.926ms
		ImportSchedulerStart: 0.269ms
	PostProcessAllAssets: 12.158ms
		XRBuildSystem.XRAssetImported 9.764ms
		MonoPostProcessAllAssets: 2.147ms
			SyncVS.PostprocessSyncProject 0.653ms
			ShaderGraphAssetPostProcessor.OnPostprocessAllAssets 0.402ms
			VersionHandlerImpl.OnPostprocessAllAssets 0.189ms
			RenderPipelineGlobalSettingsPostprocessor.OnPostprocessAllAssets 0.134ms
			SpriteEditorTexturePostprocessor.OnPostprocessAllAssets 0.068ms
			AddressablesAssetPostProcessor.OnPostprocessAllAssets 0.057ms
			AssetPostprocessor.OnPostprocessAllAssets 0.057ms
	PostAssetChangesProfiler: 22.015ms
	GatherAllCurrentPrimaryImportResultRevisions: 0.536ms
	PersistCurrentRevisions: 194.799ms
	Untracked: 6.853ms

Refreshing native plugins compatible for Editor in 34.87 ms, found 4 plugins.
Asset Pipeline Refresh (id=1d5f9cd0156b8774c924cda897da3abb): Total: 0.124 seconds - Initiated by StopAssetImportingV2(NoUpdateAssetOptions)
Importing 'GUID: 6d826dc1779bb1d439aa308e084f6616 - Path: Assets/OneStarMakerGenerated/BS2b' with importer (DefaultImporter)
Imported 'GUID: 6d826dc1779bb1d439aa308e084f6616' -> (Import Result ID: '09f5a2adf2bb43a668f6c1fd12d3002d') in 0.004 seconds [static dependencies only]. Details - ImportResultOutputID=50e269ba8de9d1ab709178ea509ac331 DependenciesID=fe3053b7afa17a5812b5c0de9fe85dd8 StaticDependenciesID=a4dec807ec71ea239e3902ac1d773d83 
Refreshing native plugins compatible for Editor in 34.73 ms, found 4 plugins.
Asset Pipeline Refresh (id=7efd392d24a1e0a48bea0c18c709ce6a): Total: 0.130 seconds - Initiated by StopAssetImportingV2(NoUpdateAssetOptions)
Importing 'GUID: 479faf29748067347a4ca4e8d683f9ee - Path: Assets/OneStarMakerGenerated/BS2b/20260918T085932468Z-aa964688df114bcc812a8f9aaabb011e' with importer (DefaultImporter)
Imported 'GUID: 479faf29748067347a4ca4e8d683f9ee' -> (Import Result ID: '49fee98397968db05f020530f1ded0e1') in 0.011 seconds [static dependencies only]. Details - ImportResultOutputID=3218d681394fb767d81dfaff2070d2ef DependenciesID=eef487234bb88419f03544ce902bce2d StaticDependenciesID=4003093a717d9a14cd7d9213c82a38bf 
Refreshing native plugins compatible for Editor in 24.17 ms, found 4 plugins.
Asset Pipeline Refresh (id=af18d9117ceaba24cacfe9e164fdf522): Total: 0.105 seconds - Initiated by StopAssetImportingV2(NoUpdateAssetOptions)
Importing 'GUID: a564f1843005f97458af2c48d97c1c0e - Path: Assets/OneStarMakerGenerated/BS2b/20260918T085932468Z-aa964688df114bcc812a8f9aaabb011e/bs2b-owner.marker' with importer (DefaultImporter)
Imported 'GUID: a564f1843005f97458af2c48d97c1c0e' -> (Import Result ID: 'b19a64972a5a3beadf7334f8810e1027') in 0.008 seconds [static dependencies only]. Details - ImportResultOutputID=140e0f178c8664fdf6b64e0b53598d80 DependenciesID=18278f1a219143d78a86b7a0b838aad0 StaticDependenciesID=bef756fdae4c4059224affb6817c14a9 
Refreshing native plugins compatible for Editor in 24.05 ms, found 4 plugins.
Asset Pipeline Refresh (id=12dad71017658f441b89e4d916747fbe): Total: 0.104 seconds - Initiated by RefreshV2(NoUpdateAssetOptions)
Importing 'GUID: 5f14ec9ae7a1e61458312a94bf4ffe23 - Path: Assets/OneStarMakerGenerated/BS2b/20260918T085932468Z-aa964688df114bcc812a8f9aaabb011e/BuildContentRoot.asset' with importer (NativeFormatImporter)
Imported 'GUID: 5f14ec9ae7a1e61458312a94bf4ffe23' -> (Import Result ID: '9edfc917a83604869020048f10d9628d') in 0.002 seconds [static dependencies only]. Details - ImportResultOutputID=4be83268311b069b0f5ad9a9b9e5c612 DependenciesID=654750de6561b2051b57e213fe575f5a StaticDependenciesID=183694dcad4c7936e75a8d81db2cb158 
Refreshing native plugins compatible for Editor in 24.81 ms, found 4 plugins.
Asset Pipeline Refresh (id=24468779420ad8446b8ecae6b5634970): Total: 0.097 seconds - Initiated by StopAssetImportingV2(NoUpdateAssetOptions)
Importing 'GUID: 5f14ec9ae7a1e61458312a94bf4ffe23 - Path: Assets/OneStarMakerGenerated/BS2b/20260918T085932468Z-aa964688df114bcc812a8f9aaabb011e/BuildContentRoot.asset' with importer (NativeFormatImporter)
Imported 'GUID: 5f14ec9ae7a1e61458312a94bf4ffe23' -> (Import Result ID: '9edfc917a83604869020048f10d9628d') in 0.002 seconds [static dependencies only]. Details - ImportResultOutputID=4be83268311b069b0f5ad9a9b9e5c612 DependenciesID=654750de6561b2051b57e213fe575f5a StaticDependenciesID=183694dcad4c7936e75a8d81db2cb158 
Refreshing native plugins compatible for Editor in 24.56 ms, found 4 plugins.
Asset Pipeline Refresh (id=c4ffc6f19b6a5e44c806d24bb11c87b2): Total: 0.075 seconds - Initiated by StopAssetImportingV2(NoUpdateAssetOptions)
Importing 'GUID: 5f14ec9ae7a1e61458312a94bf4ffe23 - Path: Assets/OneStarMakerGenerated/BS2b/20260918T085932468Z-aa964688df114bcc812a8f9aaabb011e/BuildContentRoot.asset' with importer (NativeFormatImporter)
Imported 'GUID: 5f14ec9ae7a1e61458312a94bf4ffe23' -> (Import Result ID: '9edfc917a83604869020048f10d9628d') in 0.002 seconds [static dependencies only]. Details - ImportResultOutputID=4be83268311b069b0f5ad9a9b9e5c612 DependenciesID=654750de6561b2051b57e213fe575f5a StaticDependenciesID=183694dcad4c7936e75a8d81db2cb158 
Refreshing native plugins compatible for Editor in 26.22 ms, found 4 plugins.
Asset Pipeline Refresh (id=ead219d30a154ae4787bea7bc5881e3b): Total: 0.070 seconds - Initiated by StopAssetImportingV2(NoUpdateAssetOptions)
Importing 'GUID: 4b83569d67af61e458304325a23e5dfd - Path: Assets/Settings/PC_RPAsset.asset' with importer (NativeFormatImporter)
Imported 'GUID: 4b83569d67af61e458304325a23e5dfd' -> (Import Result ID: '2fcb55e6f37e916feb23474e154663f8') in 0.002 seconds [static dependencies only]. Details - ImportResultOutputID=eae66dc0e7a749d738136f6c7279b2f0 DependenciesID=d67c03d163a158e1a173c7d4f8dea317 StaticDependenciesID=272ab2bf0d55e49a9c6ca9c634f4d9aa 
Refreshing native plugins compatible for Editor in 22.89 ms, found 4 plugins.
Asset Pipeline Refresh (id=05261e20a67d7704098f774a49a1baad): Total: 0.070 seconds - Initiated by StopAssetImportingV2(NoUpdateAssetOptions)
Worker ready: AssetImportWorkerHW1 1
Asset Pipeline Refresh (id=0f1fb5b9926bd294a8574473c9ff5e08): Total: 0.083 seconds - Initiated by StopAssetImportingV2(NoUpdateAssetOptions)
Opening scene 'Assets/SampleGame/OutGame/Title/Title.unity additively'
Pipeline: No RuntimePipelineManager components found in build scenes. Pipeline will be disabled in Player builds.
UnityEngine.Debug:ExtractStackTraceNoAlloc (byte*,int,string)
UnityEngine.StackTraceUtility:ExtractStackTrace ()
UnityEngine.DebugLogHandler:Internal_Log (UnityEngine.LogType,UnityEngine.LogOption,string,UnityEngine.Object)
UnityEngine.DebugLogHandler:LogFormat (UnityEngine.LogType,UnityEngine.Object,string,object[])
UnityEngine.Logger:Log (UnityEngine.LogType,object)
UnityEngine.Debug:LogWarning (object)
Unity.Pipeline.Editor.BuildProcessors.PipelineRuntimeBuildProcessor:OnPreprocessBuild (UnityEditor.Build.BuildCallbackContext) (at ./Library/PackageCache/com.unity.pipeline@f49636739437/Editor/BuildProcessors/PipelineRuntimeBuildProcessor.cs:48)
UnityEditor.Build.BuildPipelineInterfaces:OnBuildPreProcessWithContext (UnityEditor.Build.BuildCallbackContext)
UnityEditor.BuildPipeline:BuildContentDirectoryInternal (UnityEditor.BuildContentDirectoryParameters,UnityEngine.GUID)
UnityEditor.BuildPipeline:BuildContentDirectory (UnityEditor.BuildContentDirectoryParameters)
OneStarMaker.Editor.Build.Content.UnityContentDirectoryAdapter:Build (OneStarMaker.Editor.Build.Content.BuildContentProjectionResult,string,string) (at Assets/OneStarMaker/Scripts/Editor/Build/Content/UnityContentDirectoryAdapter.cs:93)
OneStarMaker.Editor.Build.Content.BuildContentCoordinator:Build (OneStarMaker.Editor.Build.Content.BuildContentRequest) (at Assets/OneStarMaker/Scripts/Editor/Build/Content/BuildContentCoordinator.cs:74)
OneStarMaker.Tests.Editor.Build.BuildContentDirectoryIntegrationTests/<ScenePrefabTextureAndTwoRepresentationsBuildAndMoveAsOneDirectory>d__4:MoveNext () (at Assets/OneStarMaker/Tests/Editor/Build/BuildContentDirectoryIntegrationTests.cs:123)
UnityEngine.TestTools.TestEnumerator/<Execute>d__8:MoveNext () (at ./Library/PackageCache/com.unity.test-framework@7a3849e09bd0/UnityEngine.TestRunner/NUnitExtensions/Attributes/TestEnumerator.cs:52)
UnityEngine.TestTools.EnumerableTestMethodCommand/<ExecuteEnumerableAndRecordExceptions>d__4:MoveNext () (at ./Library/PackageCache/com.unity.test-framework@7a3849e09bd0/UnityEngine.TestRunner/NUnitExtensions/Commands/EnumerableTestMethodCommand.cs:85)
UnityEngine.TestTools.EnumerableTestMethodCommand:AdvanceEnumerator (System.Collections.IEnumerator) (at ./Library/PackageCache/com.unity.test-framework@7a3849e09bd0/UnityEngine.TestRunner/NUnitExtensions/Commands/EnumerableTestMethodCommand.cs:64)
UnityEngine.TestTools.EnumerableTestMethodCommand/<ExecuteEnumerable>d__2:MoveNext () (at ./Library/PackageCache/com.unity.test-framework@7a3849e09bd0/UnityEngine.TestRunner/NUnitExtensions/Commands/EnumerableTestMethodCommand.cs:47)
UnityEngine.TestRunner.NUnitExtensions.Runner.UnityLogCheckDelegatingCommand/<ExecuteEnumerable>d__4:MoveNext () (at ./Library/PackageCache/com.unity.test-framework@7a3849e09bd0/UnityEngine.TestRunner/NUnitExtensions/Runner/UnityLogCheckDelegatingCommand.cs:66)
UnityEngine.TestTools.BeforeAfterTestCommandBase`1/<ExecuteEnumerable>d__16<NUnit.Framework.ITestAction>:MoveNext () (at ./Library/PackageCache/com.unity.test-framework@7a3849e09bd0/UnityEngine.TestRunner/NUnitExtensions/Commands/BeforeAfterTestCommandBase.cs:213)
UnityEngine.TestTools.BeforeAfterTestCommandBase`1/<ExecuteEnumerable>d__16<System.Reflection.MethodInfo>:MoveNext () (at ./Library/PackageCache/com.unity.test-framework@7a3849e09bd0/UnityEngine.TestRunner/NUnitExtensions/Commands/BeforeAfterTestCommandBase.cs:213)
UnityEngine.TestTools.BeforeAfterTestCommandBase`1/<ExecuteEnumerable>d__16<System.Reflection.MethodInfo>:MoveNext () (at ./Library/PackageCache/com.unity.test-framework@7a3849e09bd0/UnityEngine.TestRunner/NUnitExtensions/Commands/BeforeAfterTestCommandBase.cs:213)
UnityEngine.TestTools.BeforeAfterTestCommandBase`1/<ExecuteEnumerable>d__16<UnityEngine.TestTools.IOuterUnityTestAction>:MoveNext () (at ./Library/PackageCache/com.unity.test-framework@7a3849e09bd0/UnityEngine.TestRunner/NUnitExtensions/Commands/BeforeAfterTestCommandBase.cs:213)
UnityEngine.TestTools.RetryCommand/<ExecuteEnumerable>d__2:MoveNext () (at ./Library/PackageCache/com.unity.test-framework@7a3849e09bd0/UnityEngine.TestRunner/NUnitExtensions/Commands/RetryCommand.cs:37)
UnityEngine.TestTools.RepeatCommand/<ExecuteEnumerable>d__2:MoveNext () (at ./Library/PackageCache/com.unity.test-framework@7a3849e09bd0/UnityEngine.TestRunner/NUnitExtensions/Commands/RepeatCommand.cs:36)
UnityEngine.TestTools.IgnoreTestCommand/<ExecuteEnumerable>d__3:MoveNext () (at ./Library/PackageCache/com.unity.test-framework@7a3849e09bd0/UnityEngine.TestRunner/NUnitExtensions/Commands/IgnoreTestCommand.cs:42)
UnityEngine.TestTools.StrictCheckCommand/<ExecuteEnumerable>d__2:MoveNext () (at ./Library/PackageCache/com.unity.test-framework@7a3849e09bd0/UnityEngine.TestRunner/NUnitExtensions/Commands/StrictCheckCommand.cs:29)
UnityEditor.TestTools.TestRunner.EditorEnumeratorTestWorkItem/<PerformWork>d__3:MoveNext () (at ./Library/PackageCache/com.unity.test-framework@7a3849e09bd0/UnityEditor.TestRunner/TestRunner/EditorEnumeratorTestWorkItem.cs:97)
UnityEngine.TestRunner.NUnitExtensions.Runner.CompositeWorkItem/<RunChildren>d__17:MoveNext () (at ./Library/PackageCache/com.unity.test-framework@7a3849e09bd0/UnityEngine.TestRunner/NUnitExtensions/Runner/CompositeWorkItem.cs:209)
UnityEngine.TestRunner.NUnitExtensions.Runner.CompositeWorkItem/<PerformWork>d__13:MoveNext () (at ./Library/PackageCache/com.unity.test-framework@7a3849e09bd0/UnityEngine.TestRunner/NUnitExtensions/Runner/CompositeWorkItem.cs:83)
UnityEngine.TestRunner.NUnitExtensions.Runner.CompositeWorkItem/<RunChildren>d__17:MoveNext () (at ./Library/PackageCache/com.unity.test-framework@7a3849e09bd0/UnityEngine.TestRunner/NUnitExtensions/Runner/CompositeWorkItem.cs:209)
UnityEngine.TestRunner.NUnitExtensions.Runner.CompositeWorkItem/<PerformWork>d__13:MoveNext () (at ./Library/PackageCache/com.unity.test-framework@7a3849e09bd0/UnityEngine.TestRunner/NUnitExtensions/Runner/CompositeWorkItem.cs:83)
UnityEngine.TestRunner.NUnitExtensions.Runner.CompositeWorkItem/<RunChildren>d__17:MoveNext () (at ./Library/PackageCache/com.unity.test-framework@7a3849e09bd0/UnityEngine.TestRunner/NUnitExtensions/Runner/CompositeWorkItem.cs:209)
UnityEngine.TestRunner.NUnitExtensions.Runner.CompositeWorkItem/<PerformWork>d__13:MoveNext () (at ./Library/PackageCache/com.unity.test-framework@7a3849e09bd0/UnityEngine.TestRunner/NUnitExtensions/Runner/CompositeWorkItem.cs:83)
UnityEngine.TestRunner.NUnitExtensions.Runner.CompositeWorkItem/<RunChildren>d__17:MoveNext () (at ./Library/PackageCache/com.unity.test-framework@7a3849e09bd0/UnityEngine.TestRunner/NUnitExtensions/Runner/CompositeWorkItem.cs:209)
UnityEngine.TestRunner.NUnitExtensions.Runner.CompositeWorkItem/<PerformWork>d__13:MoveNext () (at ./Library/PackageCache/com.unity.test-framework@7a3849e09bd0/UnityEngine.TestRunner/NUnitExtensions/Runner/CompositeWorkItem.cs:83)
UnityEngine.TestRunner.NUnitExtensions.Runner.CompositeWorkItem/<RunChildren>d__17:MoveNext () (at ./Library/PackageCache/com.unity.test-framework@7a3849e09bd0/UnityEngine.TestRunner/NUnitExtensions/Runner/CompositeWorkItem.cs:209)
UnityEngine.TestRunner.NUnitExtensions.Runner.CompositeWorkItem/<PerformWork>d__13:MoveNext () (at ./Library/PackageCache/com.unity.test-framework@7a3849e09bd0/UnityEngine.TestRunner/NUnitExtensions/Runner/CompositeWorkItem.cs:83)
UnityEngine.TestRunner.NUnitExtensions.Runner.CompositeWorkItem/<RunChildren>d__17:MoveNext () (at ./Library/PackageCache/com.unity.test-framework@7a3849e09bd0/UnityEngine.TestRunner/NUnitExtensions/Runner/CompositeWorkItem.cs:209)
UnityEngine.TestRunner.NUnitExtensions.Runner.CompositeWorkItem/<PerformWork>d__13:MoveNext () (at ./Library/PackageCache/com.unity.test-framework@7a3849e09bd0/UnityEngine.TestRunner/NUnitExtensions/Runner/CompositeWorkItem.cs:83)
UnityEngine.TestRunner.NUnitExtensions.Runner.CompositeWorkItem/<RunChildren>d__17:MoveNext () (at ./Library/PackageCache/com.unity.test-framework@7a3849e09bd0/UnityEngine.TestRunner/NUnitExtensions/Runner/CompositeWorkItem.cs:209)
UnityEngine.TestRunner.NUnitExtensions.Runner.CompositeWorkItem/<PerformWork>d__13:MoveNext () (at ./Library/PackageCache/com.unity.test-framework@7a3849e09bd0/UnityEngine.TestRunner/NUnitExtensions/Runner/CompositeWorkItem.cs:83)
UnityEditor.TestTools.TestRunner.EditModeRunner:MoveNextAndUpdateYieldObject () (at ./Library/PackageCache/com.unity.test-framework@7a3849e09bd0/UnityEditor.TestRunner/TestRunner/EditModeRunner.cs:180)
UnityEditor.TestTools.TestRunner.EditModeRunner:TestConsumer (UnityEditor.TestTools.TestRunner.TestRunnerStateSerializer) (at ./Library/PackageCache/com.unity.test-framework@7a3849e09bd0/UnityEditor.TestRunner/TestRunner/EditModeRunner.cs:220)
UnityEditor.TestTools.TestRunner.TestRun.Tasks.EditModeRunTask/<Execute>d__1:MoveNext () (at ./Library/PackageCache/com.unity.test-framework@7a3849e09bd0/UnityEditor.TestRunner/TestRun/Tasks/EditModeRunTask.cs:48)
UnityEditor.TestTools.TestRunner.TestRun.TestJobRunner:ExecuteStep () (at ./Library/PackageCache/com.unity.test-framework@7a3849e09bd0/UnityEditor.TestRunner/TestRun/TestJobRunner.cs:194)
UnityEditor.TestTools.TestRunner.TestRun.TestJobRunner:ExecuteCallback () (at ./Library/PackageCache/com.unity.test-framework@7a3849e09bd0/UnityEditor.TestRunner/TestRun/TestJobRunner.cs:129)
UnityEditor.EditorApplication:Internal_CallUpdateFunctions ()

(Filename: ./Library/PackageCache/com.unity.pipeline@f49636739437/Editor/BuildProcessors/PipelineRuntimeBuildProcessor.cs Line: 48)

Importing 'GUID: 4b83569d67af61e458304325a23e5dfd - Path: Assets/Settings/PC_RPAsset.asset' with importer (NativeFormatImporter)
Imported 'GUID: 4b83569d67af61e458304325a23e5dfd' -> (Import Result ID: '2fcb55e6f37e916feb23474e154663f8') in 0.001 seconds [static dependencies only]. Details - ImportResultOutputID=eae66dc0e7a749d738136f6c7279b2f0 DependenciesID=d67c03d163a158e1a173c7d4f8dea317 StaticDependenciesID=272ab2bf0d55e49a9c6ca9c634f4d9aa 
Refreshing native plugins compatible for Editor in 24.61 ms, found 4 plugins.
Asset Pipeline Refresh (id=487f6a20461a4f447961f61d51e56ce0): Total: 0.069 seconds - Initiated by StopAssetImportingV2(NoUpdateAssetOptions)
Asset Pipeline Refresh (id=5d10c27f85981ec44b0eb91a27ec1069): Total: 0.115 seconds - Initiated by RefreshV2(NoUpdateAssetOptions)
[ScriptCompilation] Requested script compilation because: Recompiling all scripts before compiling player scripts because Auto Refresh is disabled.
Worker ready: AssetImportWorkerHW2 2
Starting: D:\UnityEditor\6000.6.0f1\Editor\Data\Tools\BuildPipeline\bee_backend.exe --ipc --defer-dag-verification --dagfile="Library/Bee/1900b0aEDbg.dag" --continue-on-failure --profile="Library/Bee/backend1.traceevents" ScriptAssemblies
WorkingDir: D:/repositories/unity/SampleGameForOneStarMakerFramework/unity
ExitCode: 0 Duration: 1s164ms
[1444/1925  0s] ILPP-Configuration Library/ilpp-configuration.nevergeneratedoutput
*** Tundra build success (1.09 seconds), 1 items updated, 1925 evaluated
Total cache size 267210888
Total cache size after purge 267210888, took 00:00:00.9153375
[ScriptCompilation] Requested script compilation because: Compiling scripts for player
Starting: D:\UnityEditor\6000.6.0f1\Editor\Data\Tools\BuildPipeline\bee_backend.exe --ipc --defer-dag-verification --dagfile="Library/Bee/1900b0aP.dag" --continue-on-failure --profile="Library/Bee/backend1.traceevents" ScriptAssembliesAndTypeDB
WorkingDir: D:/repositories/unity/SampleGameForOneStarMakerFramework/unity
ExitCode: 0 Duration: 6s70ms
[ 429/1248  0s] WriteResponseFile Library/Bee/artifacts/rsp/4747638433968585886.rsp
[ 987/1248  0s] ILPP-Configuration Library/ilpp-configuration.nevergeneratedoutput
[1074/1248  0s] CopyFiles Library/PlayerScriptAssemblies/Unity.RenderPipelines.Universal.Config.Runtime.dll
[1075/1248  0s] CopyFiles Library/PlayerScriptAssemblies/UnityEngine.XR.LegacyInputHelpers.dll
[1076/1248  0s] CopyFiles Library/PlayerScriptAssemblies/Unity.Services.Core.Internal.dll
[1077/1248  0s] CopyFiles Library/PlayerScriptAssemblies/Unity.Services.Core.Environments.Internal.dll
[1078/1248  0s] CopyFiles Library/PlayerScriptAssemblies/Unity.AI.Navigation.dll
[1079/1248  0s] CopyFiles Library/PlayerScriptAssemblies/Unity.Purchasing.SecurityStub.dll
[1080/1248  0s] CopyFiles Library/PlayerScriptAssemblies/Unity.Purchasing.Stores.XboxCloudServices.dll
[1081/1248  0s] CopyFiles Library/PlayerScriptAssemblies/UnityEngine.Advertisements.dll
[1082/1248  0s] CopyFiles Library/PlayerScriptAssemblies/Unity.Services.Core.dll
[1083/1248  0s] CopyFiles Library/PlayerScriptAssemblies/Unity.ResourceManager.dll
[1084/1248  0s] CopyFiles Library/PlayerScriptAssemblies/Unity.RenderPipelines.Core.ShaderLibrary.dll
[1085/1248  0s] CopyFiles Library/PlayerScriptAssemblies/Unity.Services.Core.Telemetry.dll
[1086/1248  0s] CopyFiles Library/PlayerScriptAssemblies/Unity.Services.Core.Environments.dll
[1087/1248  0s] CopyFiles Library/PlayerScriptAssemblies/Unity.Cinemachine.dll
[1088/1248  0s] CopyFiles Library/PlayerScriptAssemblies/Unity.Purchasing.Stores.dll
[1089/1248  0s] CopyFiles Library/PlayerScriptAssemblies/Unity.Burst.dll
[1090/1248  0s] CopyFiles Library/PlayerScriptAssemblies/Unity.InternalAPIEngineBridge.ObjectDispatcher.Runtime.dll
[1091/1248  0s] CopyFiles Library/PlayerScriptAssemblies/Unity.RenderPipelines.Universal.Runtime.dll
[1092/1248  0s] CopyFiles Library/PlayerScriptAssemblies/Unity.RenderPipelines.ShaderGraph.ShaderGraphLibrary.dll
[1093/1248  0s] CopyFiles Library/PlayerScriptAssemblies/OneStarMaker.Foundation.dll
[1094/1248  0s] CopyFiles Library/PlayerScriptAssemblies/SampleGame.DependOnAll.dll
[1095/1248  0s] CopyFiles Library/PlayerScriptAssemblies/LitMotion.Extensions.dll
[1096/1248  0s] CopyFiles Library/PlayerScriptAssemblies/SampleGame.OutGame.dll
[1097/1248  0s] CopyFiles Library/PlayerScriptAssemblies/Unity.PathTracing.Runtime.dll
[1098/1248  0s] CopyFiles Library/PlayerScriptAssemblies/UnityEngine.SpatialTracking.dll
[1099/1248  0s] CopyFiles Library/PlayerScriptAssemblies/SampleGame.Common.dll
[1100/1248  0s] CopyFiles Library/PlayerScriptAssemblies/Unity.TextMeshPro.dll
[1101/1248  0s] CopyFiles Library/PlayerScriptAssemblies/Unity.RenderPipelines.Core.Runtime.dll
[1102/1248  0s] CopyFiles Library/PlayerScriptAssemblies/Unity.RenderPipelines.Universal.2D.Runtime.dll
[1103/1248  0s] CopyFiles Library/PlayerScriptAssemblies/Assembly-CSharp.dll
[1104/1248  0s] CopyFiles Library/PlayerScriptAssemblies/OneStarMaker.Debug.dll
[1105/1248  0s] CopyFiles Library/PlayerScriptAssemblies/OneStarMaker.Runtime.dll
[1106/1248  0s] CopyFiles Library/PlayerScriptAssemblies/Unity.InternalAPIEngineBridge.RenderPipelines.Core.Runtime.Shared.dll
[1107/1248  0s] CopyFiles Library/PlayerScriptAssemblies/Unity.InputSystem.ForUI.dll
[1108/1248  0s] CopyFiles Library/PlayerScriptAssemblies/Unity.Services.Core.Device.dll
[1109/1248  0s] CopyFiles Library/PlayerScriptAssemblies/Unity.Timeline.dll
[1110/1248  0s] CopyFiles Library/PlayerScriptAssemblies/LitMotion.dll
[1111/1248  0s] CopyFiles Library/PlayerScriptAssemblies/Unity.Services.Core.Threading.dll
[1112/1248  0s] CopyFiles Library/PlayerScriptAssemblies/Unity.InternalAPIEngineBridge.004.dll
[1113/1248  0s] CopyFiles Library/PlayerScriptAssemblies/UnityEngine.UI.dll
[1114/1248  0s] CopyFiles Library/PlayerScriptAssemblies/Unity.RenderPipelines.Universal.Shaders.dll
[1115/1248  0s] CopyFiles Library/PlayerScriptAssemblies/Unity.ScriptableBuildPipeline.dll
[1116/1248  0s] CopyFiles Library/PlayerScriptAssemblies/Unity.Purchasing.AppleMacosStub.dll
[1117/1248  0s] CopyFiles Library/PlayerScriptAssemblies/Unity.VisualScripting.Core.dll
[1118/1248  0s] CopyFiles Library/PlayerScriptAssemblies/Unity.Services.Core.Analytics.dll
[1119/1248  0s] CopyFiles Library/PlayerScriptAssemblies/Unity.Addressables.dll
[1120/1248  0s] CopyFiles Library/PlayerScriptAssemblies/Unity.Purchasing.AppleStub.dll
[1121/1248  0s] CopyFiles Library/PlayerScriptAssemblies/Unity.UnifiedRayTracing.Runtime.dll
[1122/1248  0s] CopyFiles Library/PlayerScriptAssemblies/Unity.Purchasing.SecurityCore.dll
[1123/1248  0s] CopyFiles Library/PlayerScriptAssemblies/Unity.VisualScripting.DocCodeExamples.dll
[1124/1248  0s] CopyFiles Library/PlayerScriptAssemblies/Unity.Splines.dll
[1125/1248  0s] CopyFiles Library/PlayerScriptAssemblies/Unity.Collections.dll
[1126/1248  0s] CopyFiles Library/PlayerScriptAssemblies/Unity.Analytics.DataPrivacy.dll
[1127/1248  0s] CopyFiles Library/PlayerScriptAssemblies/Unity.Services.Core.Registration.dll
[1128/1248  0s] CopyFiles Library/PlayerScriptAssemblies/UniTask.DOTween.dll
[1129/1248  0s] CopyFiles Library/PlayerScriptAssemblies/SampleGame.InGame.dll
[1130/1248  0s] CopyFiles Library/PlayerScriptAssemblies/Unity.RenderPipeline.Universal.ShaderLibrary.dll
[1131/1248  0s] CopyFiles Library/PlayerScriptAssemblies/Unity.RenderPipelines.GPUDriven.Runtime.dll
[1132/1248  0s] CopyFiles Library/PlayerScriptAssemblies/Unity.Purchasing.PaymentProviderService.dll
[1133/1248  0s] CopyFiles Library/PlayerScriptAssemblies/Unity.Mathematics.dll
[1134/1248  0s] CopyFiles Library/PlayerScriptAssemblies/Unity.VisualScripting.State.dll
[1135/1248  0s] CopyFiles Library/PlayerScriptAssemblies/Unity.Services.Core.Configuration.dll
[1136/1248  0s] CopyFiles Library/PlayerScriptAssemblies/Unity.RenderPipelines.Core.Runtime.Shared.dll
[1137/1248  0s] CopyFiles Library/PlayerScriptAssemblies/UniTask.TextMeshPro.dll
[1138/1248  0s] CopyFiles Library/PlayerScriptAssemblies/Unity.Purchasing.Utilities.dll
[1139/1248  0s] CopyFiles Library/PlayerScriptAssemblies/Unity.Purchasing.LiveContentAdapterService.dll
[1140/1248  0s] CopyFiles Library/PlayerScriptAssemblies/Unity.Purchasing.dll
[1141/1248  0s] CopyFiles Library/PlayerScriptAssemblies/Unity.Services.Core.Networking.dll
[1142/1248  0s] CopyFiles Library/PlayerScriptAssemblies/Unity.Purchasing.WebshopService.dll
[1143/1248  0s] CopyFiles Library/PlayerScriptAssemblies/Unity.Services.Core.Scheduler.dll
[1144/1248  0s] CopyFiles Library/PlayerScriptAssemblies/Unity.SurfaceCache.Runtime.dll
[1145/1248  0s] CopyFiles Library/PlayerScriptAssemblies/Unity.Pipeline.dll
[1146/1248  0s] CopyFiles Library/PlayerScriptAssemblies/Unity.Services.Analytics.dll
[1147/1248  0s] CopyFiles Library/PlayerScriptAssemblies/Unity.Collections.Tests.CoreCLR.PublicJobPrivateGeneric.dll
[1148/1248  0s] CopyFiles Library/PlayerScriptAssemblies/UniTask.Addressables.dll
[1149/1248  0s] CopyFiles Library/PlayerScriptAssemblies/UniTask.dll
[1150/1248  0s] CopyFiles Library/PlayerScriptAssemblies/Unity.Collections.Tests.CoreCLR.InternalJobNestedPrivate.dll
[1151/1248  0s] CopyFiles Library/PlayerScriptAssemblies/Unity.Purchasing.Codeless.dll
[1152/1248  0s] CopyFiles Library/PlayerScriptAssemblies/Unity.Services.Core.Components.dll
[1153/1248  0s] CopyFiles Library/PlayerScriptAssemblies/Domain_Reload.dll
[1154/1248  0s] CopyFiles Library/PlayerScriptAssemblies/UniTask.Linq.dll
[1155/1248  0s] CopyFiles Library/PlayerScriptAssemblies/Unity.Collections.Tests.CoreCLR.PrivateJobNested.dll
[1156/1248  0s] CopyFiles Library/PlayerScriptAssemblies/Unity.Profiling.Core.dll
[1157/1248  0s] CopyFiles Library/PlayerScriptAssemblies/Unity.VisualScripting.Flow.dll
[1158/1248  0s] CopyFiles Library/PlayerScriptAssemblies/Unity.Collections.Tests.CoreCLR.ProtectedJobNested.dll
[1159/1248  0s] CopyFiles Library/PlayerScriptAssemblies/Unity.InputSystem.dll
[1160/1248  0s] CopyFiles Library/PlayerScriptAssemblies/Unity.Burst.pdb
[1161/1248  0s] CopyFiles Library/PlayerScriptAssemblies/Unity.InternalAPIEngineBridge.ObjectDispatcher.Runtime.pdb
[1162/1248  0s] CopyFiles Library/PlayerScriptAssemblies/Unity.RenderPipelines.Universal.Runtime.pdb
[1163/1248  0s] CopyFiles Library/PlayerScriptAssemblies/UnityEngine.Advertisements.pdb
[1164/1248  0s] CopyFiles Library/PlayerScriptAssemblies/Unity.Services.Core.pdb
[1165/1248  0s] CopyFiles Library/PlayerScriptAssemblies/Unity.Services.Core.Telemetry.pdb
[1166/1248  0s] CopyFiles Library/PlayerScriptAssemblies/LitMotion.Extensions.pdb
[1167/1248  0s] CopyFiles Library/PlayerScriptAssemblies/SampleGame.DependOnAll.pdb
[1168/1248  0s] CopyFiles Library/PlayerScriptAssemblies/Unity.PathTracing.Runtime.pdb
[1169/1248  0s] CopyFiles Library/PlayerScriptAssemblies/SampleGame.Common.pdb
[1170/1248  0s] CopyFiles Library/PlayerScriptAssemblies/Unity.RenderPipelines.Universal.Config.Runtime.pdb
[1171/1248  0s] CopyFiles Library/PlayerScriptAssemblies/Unity.Purchasing.Stores.XboxCloudServices.pdb
[1172/1248  0s] CopyFiles Library/PlayerScriptAssemblies/OneStarMaker.Debug.pdb
[1173/1248  0s] CopyFiles Library/PlayerScriptAssemblies/Unity.RenderPipelines.Universal.2D.Runtime.pdb
[1174/1248  0s] CopyFiles Library/PlayerScriptAssemblies/Unity.InternalAPIEngineBridge.RenderPipelines.Core.Runtime.Shared.pdb
[1175/1248  0s] CopyFiles Library/PlayerScriptAssemblies/Unity.Services.Core.Internal.pdb
[1176/1248  0s] CopyFiles Library/PlayerScriptAssemblies/OneStarMaker.Runtime.pdb
[1177/1248  0s] CopyFiles Library/PlayerScriptAssemblies/Unity.InternalAPIEngineBridge.004.pdb
[1178/1248  0s] CopyFiles Library/PlayerScriptAssemblies/Unity.Services.Core.Environments.pdb
[1179/1248  0s] CopyFiles Library/PlayerScriptAssemblies/Unity.RenderPipelines.Core.Runtime.pdb
[1180/1248  0s] CopyFiles Library/PlayerScriptAssemblies/Unity.Cinemachine.pdb
[1181/1248  0s] CopyFiles Library/PlayerScriptAssemblies/Unity.Purchasing.AppleMacosStub.pdb
[1182/1248  0s] CopyFiles Library/PlayerScriptAssemblies/Unity.Purchasing.SecurityStub.pdb
[1183/1248  0s] CopyFiles Library/PlayerScriptAssemblies/Unity.AI.Navigation.pdb
[1184/1248  0s] CopyFiles Library/PlayerScriptAssemblies/Unity.UnifiedRayTracing.Runtime.pdb
[1185/1248  0s] CopyFiles Library/PlayerScriptAssemblies/Unity.Purchasing.SecurityCore.pdb
[1186/1248  0s] CopyFiles Library/PlayerScriptAssemblies/Unity.Splines.pdb
[1187/1248  0s] CopyFiles Library/PlayerScriptAssemblies/Unity.Timeline.pdb
[1188/1248  0s] CopyFiles Library/PlayerScriptAssemblies/Unity.Services.Core.Analytics.pdb
[1189/1248  0s] CopyFiles Library/PlayerScriptAssemblies/Unity.RenderPipelines.Core.ShaderLibrary.pdb
[1190/1248  0s] CopyFiles Library/PlayerScriptAssemblies/Unity.ScriptableBuildPipeline.pdb
[1191/1248  0s] CopyFiles Library/PlayerScriptAssemblies/Unity.RenderPipelines.Core.Runtime.Shared.pdb
[1192/1248  0s] CopyFiles Library/PlayerScriptAssemblies/Unity.Addressables.pdb
[1193/1248  0s] CopyFiles Library/PlayerScriptAssemblies/Unity.Purchasing.pdb
[1194/1248  0s] CopyFiles Library/PlayerScriptAssemblies/Unity.Purchasing.Stores.pdb
[1195/1248  0s] CopyFiles Library/PlayerScriptAssemblies/Unity.Purchasing.WebshopService.pdb
[1196/1248  0s] CopyFiles Library/PlayerScriptAssemblies/Unity.SurfaceCache.Runtime.pdb
[1197/1248  0s] CopyFiles Library/PlayerScriptAssemblies/Unity.Services.Analytics.pdb
[1198/1248  0s] CopyFiles Library/PlayerScriptAssemblies/UnityEngine.UI.pdb
[1199/1248  0s] CopyFiles Library/PlayerScriptAssemblies/UniTask.Addressables.pdb
[1200/1248  0s] CopyFiles Library/PlayerScriptAssemblies/Unity.Services.Core.Networking.pdb
[1201/1248  0s] CopyFiles Library/PlayerScriptAssemblies/UniTask.Linq.pdb
[1202/1248  0s] CopyFiles Library/PlayerScriptAssemblies/Unity.Services.Core.Environments.Internal.pdb
[1203/1248  0s] CopyFiles Library/PlayerScriptAssemblies/Unity.Collections.Tests.CoreCLR.ProtectedJobNested.pdb
[1204/1248  0s] CopyFiles Library/PlayerScriptAssemblies/Unity.Services.Core.Registration.pdb
[1205/1248  0s] CopyFiles Library/PlayerScriptAssemblies/SampleGame.OutGame.pdb
[1206/1248  0s] CopyFiles Library/PlayerScriptAssemblies/UniTask.DOTween.pdb
[1207/1248  0s] CopyFiles Library/PlayerScriptAssemblies/Unity.RenderPipelines.GPUDriven.Runtime.pdb
[1208/1248  0s] CopyFiles Library/PlayerScriptAssemblies/UnityEngine.SpatialTracking.pdb
[1209/1248  0s] CopyFiles Library/PlayerScriptAssemblies/Unity.Mathematics.pdb
[1210/1248  0s] CopyFiles Library/PlayerScriptAssemblies/Unity.InputSystem.ForUI.pdb
[1211/1248  0s] CopyFiles Library/PlayerScriptAssemblies/Assembly-CSharp.pdb
[1212/1248  0s] CopyFiles Library/PlayerScriptAssemblies/Unity.Purchasing.LiveContentAdapterService.pdb
[1213/1248  0s] CopyFiles Library/PlayerScriptAssemblies/Unity.ResourceManager.pdb
[1214/1248  0s] CopyFiles Library/PlayerScriptAssemblies/Unity.Services.Core.Scheduler.pdb
[1215/1248  0s] CopyFiles Library/PlayerScriptAssemblies/UnityEngine.XR.LegacyInputHelpers.pdb
[1216/1248  0s] CopyFiles Library/PlayerScriptAssemblies/Unity.Collections.pdb
[1217/1248  0s] CopyFiles Library/PlayerScriptAssemblies/LitMotion.pdb
[1218/1248  0s] CopyFiles Library/PlayerScriptAssemblies/Unity.Services.Core.Configuration.pdb
[1219/1248  0s] CopyFiles Library/PlayerScriptAssemblies/SampleGame.InGame.pdb
[1220/1248  0s] CopyFiles Library/PlayerScriptAssemblies/Unity.Purchasing.Codeless.pdb
[1221/1248  0s] CopyFiles Library/PlayerScriptAssemblies/Domain_Reload.pdb
[1222/1248  0s] CopyFiles Library/PlayerScriptAssemblies/Unity.InputSystem.pdb
[1223/1248  0s] CopyFiles Library/PlayerScriptAssemblies/Unity.RenderPipelines.Universal.Shaders.pdb
[1224/1248  0s] CopyFiles Library/PlayerScriptAssemblies/Unity.VisualScripting.Flow.pdb
[1225/1248  0s] CopyFiles Library/PlayerScriptAssemblies/UniTask.TextMeshPro.pdb
[1226/1248  0s] CopyFiles Library/PlayerScriptAssemblies/Unity.Purchasing.PaymentProviderService.pdb
[1227/1248  0s] CopyFiles Library/PlayerScriptAssemblies/Unity.RenderPipelines.ShaderGraph.ShaderGraphLibrary.pdb
[1228/1248  0s] CopyFiles Library/PlayerScriptAssemblies/Unity.TextMeshPro.pdb
[1229/1248  0s] CopyFiles Library/PlayerScriptAssemblies/OneStarMaker.Foundation.pdb
[1230/1248  0s] CopyFiles Library/PlayerScriptAssemblies/Unity.Pipeline.pdb
[1231/1248  0s] CopyFiles Library/PlayerScriptAssemblies/Unity.RenderPipeline.Universal.ShaderLibrary.pdb
[1232/1248  0s] CopyFiles Library/PlayerScriptAssemblies/Unity.VisualScripting.DocCodeExamples.pdb
[1233/1248  0s] CopyFiles Library/PlayerScriptAssemblies/Unity.Collections.Tests.CoreCLR.PublicJobPrivateGeneric.pdb
[1234/1248  0s] CopyFiles Library/PlayerScriptAssemblies/Unity.Collections.Tests.CoreCLR.InternalJobNestedPrivate.pdb
[1235/1248  0s] CopyFiles Library/PlayerScriptAssemblies/Unity.VisualScripting.Core.pdb
[1236/1248  0s] CopyFiles Library/PlayerScriptAssemblies/Unity.Services.Core.Components.pdb
[1237/1248  0s] CopyFiles Library/PlayerScriptAssemblies/Unity.Services.Core.Device.pdb
[1238/1248  0s] CopyFiles Library/PlayerScriptAssemblies/Unity.Purchasing.AppleStub.pdb
[1239/1248  0s] CopyFiles Library/PlayerScriptAssemblies/UniTask.pdb
[1240/1248  0s] CopyFiles Library/PlayerScriptAssemblies/Unity.Analytics.DataPrivacy.pdb
[1241/1248  0s] CopyFiles Library/PlayerScriptAssemblies/Unity.VisualScripting.State.pdb
[1242/1248  0s] CopyFiles Library/PlayerScriptAssemblies/Unity.Collections.Tests.CoreCLR.PrivateJobNested.pdb
[1243/1248  0s] CopyFiles Library/PlayerScriptAssemblies/Unity.Purchasing.Utilities.pdb
[1244/1248  0s] CopyFiles Library/PlayerScriptAssemblies/Unity.Profiling.Core.pdb
[1245/1248  0s] CopyFiles Library/PlayerScriptAssemblies/Unity.Services.Core.Threading.pdb
*** Tundra build success (5.91 seconds), 174 items updated, 1248 evaluated
[Licensing::Client] Successfully resolved entitlement details
[Licensing::Module] License group:
  Id: F4-FHTT-UPW9-SBMJ-JZ5Q-XXXX
  Product: Unity Personal
  Type: ULF
  Expiration: Unlimited
[Licensing::Module] License group:
  Id: 720108-UnityPersXXXX
  Product: Unity Personal
  Type: Assigned
  Expiration: Unlimited
Starting: D:\UnityEditor\6000.6.0f1\Editor\Data\Tools\BuildPipeline\bee_backend.exe --ipc --defer-dag-verification --dagfile="Library/Bee/1900b0aEDbg.dag" --continue-on-failure --profile="Library/Bee/backend1.traceevents" ScriptAssembliesAndTypeDB
WorkingDir: D:/repositories/unity/SampleGameForOneStarMakerFramework/unity
Total cache size 267210888
Total cache size after purge 267210888, took 00:00:01.0685177
ExitCode: 0 Duration: 2s413ms
[ 315/1928  0s] WriteResponseFile Library/Bee/artifacts/rsp/4747638433968585886.rsp
[1445/1928  0s] ILPP-Configuration Library/ilpp-configuration.nevergeneratedoutput
*** Tundra build success (2.27 seconds), 2 items updated, 1928 evaluated
Total cache size 267210888
Total cache size after purge 267210888, took 00:00:00.8763522
[Worker2] Imported GUID: 5f14ec9ae7a1e61458312a94bf4ffe23 - Path: Assets/OneStarMakerGenerated/BS2b/20260918T085932468Z-aa964688df114bcc812a8f9aaabb011e/BuildContentRoot.asset - Importer: BuildMetaDataImporter -> (ImportResultId: '9809b952e414d45a01732d84bac7fe54') in 0.0277036 seconds
Importing 'GUID: 4f241ade1b9a885279d881304084e7de - Path: Library/BuildInstructions/5f14ec9ae7a1e61458312a94bf4ffe23.buildinst' with importer (DefaultImporter)
Imported 'GUID: 4f241ade1b9a885279d881304084e7de' -> (Import Result ID: '5dabeec2dcce74e1bdefc92ffb0b5973') in 0.001 seconds [static dependencies only]. Details - ImportResultOutputID=6d0b922ec858e1902e2643c55a6cf322 DependenciesID=b15330f3da92f5ffaa53d44aed9bd7ee StaticDependenciesID=e7110f4067872ff0bd9dc880fa62e585 
Refreshing native plugins compatible for Editor in 21.45 ms, found 4 plugins.
Asset Pipeline Refresh (id=030cb832d4af2d54c8949c0ffa3b9bcc): Total: 0.185 seconds - Initiated by RefreshV2(NoUpdateAssetOptions)
[Worker2] Imported GUID: 4f241ade1b9a885279d881304084e7de - Path: Library/BuildInstructions/5f14ec9ae7a1e61458312a94bf4ffe23.buildinst - Importer: BuildInstructionImporter -> (ImportResultId: '4ab2db129a6cd10a29c979d92a0d314b') in 0.037164 seconds
-------------------------------------------------------------------------------
Build Report - Content Size Statistics
Serialized File count                     11
Resource file count                        2
Object count                              23
Serialized Files                     491.9 kb	  49.0%
Serialized Files Headers             362.4 kb	  36.1%
Resource data (Texture,Audio...)     512.0 kb	  51.0%
Total build size                    1003.9 kb

Largest Types:
   512.2 kb	  51.0% Cubemap
   125.1 kb	  12.5% Shader

Largest Assets:
   522.5 kb	  52.0% Resources/unity_builtin_extra
   107.2 kb	  10.7% Packages/com.unity.render-pipelines.universal/Shaders/Lit.shader
-------------------------------------------------------------------------------
BuildReport, and other content build meta-data, are written to Library/BuildHistory/20260918-085933Z-f2150c7cUnloading 1 Unused Serialized files (Serialized files now loaded: 0)
Unloading 259 unused Assets / (104.5 KB). Loaded Objects now: 12273.
Memory consumption went from 0.54 GB to 0.54 GB.
Total: 16.707800 ms (FindLiveObjects: 0.776900 ms CreateObjectMapping: 0.287900 ms MarkObjects: 15.125200 ms  DeleteObjects: 0.141100 ms)

SpriteAtlasDatabase::Cleanup
Refreshing native plugins compatible for Editor in 21.60 ms, found 4 plugins.
Asset Pipeline Refresh (id=fbbd214749eef2342acc5f302c24ef5b): Total: 0.128 seconds - Initiated by StopAssetImportingV2(NoUpdateAssetOptions)
Refreshing native plugins compatible for Editor in 23.15 ms, found 4 plugins.
Asset Pipeline Refresh (id=148b2a7fa0b2b9444811e3bfa6d82e7e): Total: 0.107 seconds - Initiated by StopAssetImportingV2(NoUpdateAssetOptions)
Refreshing native plugins compatible for Editor in 20.99 ms, found 4 plugins.
Asset Pipeline Refresh (id=dde6bd383aad3e14bac13beeb100ff73): Total: 0.127 seconds - Initiated by StopAssetImportingV2(NoUpdateAssetOptions)
Unloading 0 Unused Serialized files (Serialized files now loaded: 0)
Unloading 87 unused Assets / (86.9 KB). Loaded Objects now: 12258.
Memory consumption went from 0.53 GB to 0.53 GB.
Total: 17.097800 ms (FindLiveObjects: 0.623900 ms CreateObjectMapping: 0.293200 ms MarkObjects: 15.560700 ms  DeleteObjects: 0.318600 ms)

Refreshing native plugins compatible for Editor in 27.26 ms, found 4 plugins.
Asset Pipeline Refresh (id=caab93281238b4545a7ce2970144563b): Total: 0.205 seconds - Initiated by StopAssetImportingV2(NoUpdateAssetOptions)
Entering Playmode with Reload Domain disabled.
If you experience any issues, please disable "Enter Play Mode Options" in Editor Settings
[AppInit] DebugSocket configured. mode=Connect, endpoint=ws://127.0.0.1:5011/debugsocket/, autoStart=True, sendLogs=True, sendTelemetry=True.
UnityEngine.Debug:ExtractStackTraceNoAlloc (byte*,int,string)
UnityEngine.StackTraceUtility:ExtractStackTrace ()
UnityEngine.DebugLogHandler:Internal_Log (UnityEngine.LogType,UnityEngine.LogOption,string,UnityEngine.Object)
UnityEngine.DebugLogHandler:LogFormat (UnityEngine.LogType,UnityEngine.Object,string,object[])
UnityEngine.Logger:Log (UnityEngine.LogType,object)
UnityEngine.Debug:Log (object)
OneStarMaker.Runtime.AbstractApplicationInitializer:LogDebugSocketBootstrapStatus (OneStarMaker.Foundation.Config.AppConfig) (at Assets/OneStarMaker/Scripts/Runtime/Bootstrap/AbstractApplicationInitializer.cs:907)
OneStarMaker.Runtime.AbstractApplicationInitializer:InitializeBeforeSceneLoad () (at Assets/OneStarMaker/Scripts/Runtime/Bootstrap/AbstractApplicationInitializer.cs:202)
OneStarMaker.Runtime.AbstractApplicationInitializer:BootstrapBeforeSceneLoad (OneStarMaker.Runtime.AbstractApplicationInitializer) (at Assets/OneStarMaker/Scripts/Runtime/Bootstrap/AbstractApplicationInitializer.cs:145)
SampleGame.DependOnAll.AppInitializer:Before () (at Assets/SampleGame/DependOnAll/AppInitializer.cs:49)

(Filename: Assets/OneStarMaker/Scripts/Runtime/Bootstrap/AbstractApplicationInitializer.cs Line: 907)

[AppInit] AfterSceneLoad: loading UICommon.
UnityEngine.Debug:ExtractStackTraceNoAlloc (byte*,int,string)
UnityEngine.StackTraceUtility:ExtractStackTrace ()
UnityEngine.DebugLogHandler:Internal_Log (UnityEngine.LogType,UnityEngine.LogOption,string,UnityEngine.Object)
UnityEngine.DebugLogHandler:LogFormat (UnityEngine.LogType,UnityEngine.Object,string,object[])
UnityEngine.Logger:Log (UnityEngine.LogType,object)
UnityEngine.Debug:Log (object)
OneStarMaker.Runtime.AbstractApplicationInitializer/<InitializeAfterSceneLoad>d__28:MoveNext () (at Assets/OneStarMaker/Scripts/Runtime/Bootstrap/AbstractApplicationInitializer.cs:244)
Cysharp.Threading.Tasks.CompilerServices.AsyncUniTaskVoidMethodBuilder:Start<OneStarMaker.Runtime.AbstractApplicationInitializer/<InitializeAfterSceneLoad>d__28> (OneStarMaker.Runtime.AbstractApplicationInitializer/<InitializeAfterSceneLoad>d__28&) (at ./Library/PackageCache/com.cysharp.unitask@360e370345b9/Runtime/CompilerServices/AsyncUniTaskVoidMethodBuilder.cs:110)
OneStarMaker.Runtime.AbstractApplicationInitializer:InitializeAfterSceneLoad ()
OneStarMaker.Runtime.AbstractApplicationInitializer:BootstrapAfterSceneLoad (OneStarMaker.Runtime.AbstractApplicationInitializer) (at Assets/OneStarMaker/Scripts/Runtime/Bootstrap/AbstractApplicationInitializer.cs:160)
SampleGame.DependOnAll.AppInitializer:After () (at Assets/SampleGame/DependOnAll/AppInitializer.cs:62)

(Filename: Assets/OneStarMaker/Scripts/Runtime/Bootstrap/AbstractApplicationInitializer.cs Line: 244)

Loaded scene 'Temp/__Backupscenes/0.backup'
	Deserialize:            0.583 ms
	Integration:            1754.881 ms
	Integration of assets:  0.002 ms
	Thread Wait Time:       0.025 ms
	Total Operation Time:   1755.491 ms
Loaded scene 'Assets/OneStarMaker/Scenes/UISystem/UIScene.unity'
	Deserialize:            128.170 ms
	Integration:            213.188 ms
	Integration of assets:  2.604 ms
	Thread Wait Time:       -0.040 ms
	Total Operation Time:   343.922 ms
[AppInit] AfterSceneLoad: loading SceneResourceMap.
UnityEngine.Debug:ExtractStackTraceNoAlloc (byte*,int,string)
UnityEngine.StackTraceUtility:ExtractStackTrace ()
UnityEngine.DebugLogHandler:Internal_Log (UnityEngine.LogType,UnityEngine.LogOption,string,UnityEngine.Object)
UnityEngine.DebugLogHandler:LogFormat (UnityEngine.LogType,UnityEngine.Object,string,object[])
UnityEngine.Logger:Log (UnityEngine.LogType,object)
UnityEngine.Debug:Log (object)
OneStarMaker.Runtime.AbstractApplicationInitializer/<InitializeAfterSceneLoad>d__28:MoveNext () (at Assets/OneStarMaker/Scripts/Runtime/Bootstrap/AbstractApplicationInitializer.cs:248)
Cysharp.Threading.Tasks.CompilerServices.AsyncUniTaskVoid`1<OneStarMaker.Runtime.AbstractApplicationInitializer/<InitializeAfterSceneLoad>d__28>:Run () (at ./Library/PackageCache/com.cysharp.unitask@360e370345b9/Runtime/CompilerServices/StateMachineRunner.cs:104)
Cysharp.Threading.Tasks.AwaiterActions:Continuation (object) (at ./Library/PackageCache/com.cysharp.unitask@360e370345b9/Runtime/UniTask.cs:25)
Cysharp.Threading.Tasks.UniTaskCompletionSourceCore`1<OneStarMaker.Runtime.UISystem.UICommon>:TrySetResult (OneStarMaker.Runtime.UISystem.UICommon) (at ./Library/PackageCache/com.cysharp.unitask@360e370345b9/Runtime/UniTaskCompletionSource.cs:139)
Cysharp.Threading.Tasks.CompilerServices.AsyncUniTask`2<OneStarMaker.Runtime.AbstractApplicationInitializer/<LoadUICommonAsync>d__30, OneStarMaker.Runtime.UISystem.UICommon>:SetResult (OneStarMaker.Runtime.UISystem.UICommon) (at ./Library/PackageCache/com.cysharp.unitask@360e370345b9/Runtime/CompilerServices/StateMachineRunner.cs:328)
Cysharp.Threading.Tasks.CompilerServices.AsyncUniTaskMethodBuilder`1<OneStarMaker.Runtime.UISystem.UICommon>:SetResult (OneStarMaker.Runtime.UISystem.UICommon) (at ./Library/PackageCache/com.cysharp.unitask@360e370345b9/Runtime/CompilerServices/AsyncUniTaskMethodBuilder.cs:201)
OneStarMaker.Runtime.AbstractApplicationInitializer/<LoadUICommonAsync>d__30:MoveNext () (at Assets/OneStarMaker/Scripts/Runtime/Bootstrap/AbstractApplicationInitializer.cs:449)
Cysharp.Threading.Tasks.CompilerServices.AsyncUniTask`2<OneStarMaker.Runtime.AbstractApplicationInitializer/<LoadUICommonAsync>d__30, OneStarMaker.Runtime.UISystem.UICommon>:Run () (at ./Library/PackageCache/com.cysharp.unitask@360e370345b9/Runtime/CompilerServices/StateMachineRunner.cs:313)
Cysharp.Threading.Tasks.AwaiterActions:Continuation (object) (at ./Library/PackageCache/com.cysharp.unitask@360e370345b9/Runtime/UniTask.cs:25)
Cysharp.Threading.Tasks.UniTaskCompletionSourceCore`1<OneStarMaker.Runtime.AssetManagement.ISceneHandle>:TrySetResult (OneStarMaker.Runtime.AssetManagement.ISceneHandle) (at ./Library/PackageCache/com.cysharp.unitask@360e370345b9/Runtime/UniTaskCompletionSource.cs:139)
Cysharp.Threading.Tasks.CompilerServices.AsyncUniTask`2<OneStarMaker.Runtime.AssetManagement.AssetManagement/<LoadSceneAsync>d__20, OneStarMaker.Runtime.AssetManagement.ISceneHandle>:SetResult (OneStarMaker.Runtime.AssetManagement.ISceneHandle) (at ./Library/PackageCache/com.cysharp.unitask@360e370345b9/Runtime/CompilerServices/StateMachineRunner.cs:328)
Cysharp.Threading.Tasks.CompilerServices.AsyncUniTaskMethodBuilder`1<OneStarMaker.Runtime.AssetManagement.ISceneHandle>:SetResult (OneStarMaker.Runtime.AssetManagement.ISceneHandle) (at ./Library/PackageCache/com.cysharp.unitask@360e370345b9/Runtime/CompilerServices/AsyncUniTaskMethodBuilder.cs:201)
OneStarMaker.Runtime.AssetManagement.AssetManagement/<LoadSceneAsync>d__20:MoveNext () (at Assets/OneStarMaker/Scripts/Runtime/AssetManagement/AssetManagement.cs:122)
Cysharp.Threading.Tasks.CompilerServices.AsyncUniTask`2<OneStarMaker.Runtime.AssetManagement.AssetManagement/<LoadSceneAsync>d__20, OneStarMaker.Runtime.AssetManagement.ISceneHandle>:Run () (at ./Library/PackageCache/com.cysharp.unitask@360e370345b9/Runtime/CompilerServices/StateMachineRunner.cs:313)
Cysharp.Threading.Tasks.AwaiterActions:Continuation (object) (at ./Library/PackageCache/com.cysharp.unitask@360e370345b9/Runtime/UniTask.cs:25)
Cysharp.Threading.Tasks.UniTaskCompletionSourceCore`1<OneStarMaker.Runtime.AssetManagement.Internal.IBackendScene>:TrySetResult (OneStarMaker.Runtime.AssetManagement.Internal.IBackendScene) (at ./Library/PackageCache/com.cysharp.unitask@360e370345b9/Runtime/UniTaskCompletionSource.cs:139)
Cysharp.Threading.Tasks.CompilerServices.AsyncUniTask`2<OneStarMaker.Runtime.AssetManagement.Internal.AddressableBackend/<LoadSceneAsync>d__2, OneStarMaker.Runtime.AssetManagement.Internal.IBackendScene>:SetResult (OneStarMaker.Runtime.AssetManagement.Internal.IBackendScene) (at ./Library/PackageCache/com.cysharp.unitask@360e370345b9/Runtime/CompilerServices/StateMachineRunner.cs:328)
Cysharp.Threading.Tasks.CompilerServices.AsyncUniTaskMethodBuilder`1<OneStarMaker.Runtime.AssetManagement.Internal.IBackendScene>:SetResult (OneStarMaker.Runtime.AssetManagement.Internal.IBackendScene) (at ./Library/PackageCache/com.cysharp.unitask@360e370345b9/Runtime/CompilerServices/AsyncUniTaskMethodBuilder.cs:201)
OneStarMaker.Runtime.AssetManagement.Internal.AddressableBackend/<LoadSceneAsync>d__2:MoveNext () (at Assets/OneStarMaker/Scripts/Runtime/AssetManagement/Internal/AddressableBackend.cs:53)
Cysharp.Threading.Tasks.CompilerServices.AsyncUniTask`2<OneStarMaker.Runtime.AssetManagement.Internal.AddressableBackend/<LoadSceneAsync>d__2, OneStarMaker.Runtime.AssetManagement.Internal.IBackendScene>:Run () (at ./Library/PackageCache/com.cysharp.unitask@360e370345b9/Runtime/CompilerServices/StateMachineRunner.cs:313)
Cysharp.Threading.Tasks.AwaiterActions:Continuation (object) (at ./Library/PackageCache/com.cysharp.unitask@360e370345b9/Runtime/UniTask.cs:25)
Cysharp.Threading.Tasks.UniTaskCompletionSourceCore`1<Cysharp.Threading.Tasks.AsyncUnit>:TrySetResult (Cysharp.Threading.Tasks.AsyncUnit) (at ./Library/PackageCache/com.cysharp.unitask@360e370345b9/Runtime/UniTaskCompletionSource.cs:139)
Cysharp.Threading.Tasks.CompilerServices.AsyncUniTask`1<OneStarMaker.Runtime.AssetManagement.Internal.AddressableBackend/<AwaitHandle>d__6`1<UnityEngine.ResourceManagement.ResourceProviders.SceneInstance>>:SetResult () (at ./Library/PackageCache/com.cysharp.unitask@360e370345b9/Runtime/CompilerServices/StateMachineRunner.cs:204)
Cysharp.Threading.Tasks.CompilerServices.AsyncUniTaskMethodBuilder:SetResult () (at ./Library/PackageCache/com.cysharp.unitask@360e370345b9/Runtime/CompilerServices/AsyncUniTaskMethodBuilder.cs:70)
OneStarMaker.Runtime.AssetManagement.Internal.AddressableBackend/<AwaitHandle>d__6`1<UnityEngine.ResourceManagement.ResourceProviders.SceneInstance>:MoveNext () (at Assets/OneStarMaker/Scripts/Runtime/AssetManagement/Internal/AddressableBackend.cs:105)
Cysharp.Threading.Tasks.CompilerServices.AsyncUniTask`1<OneStarMaker.Runtime.AssetManagement.Internal.AddressableBackend/<AwaitHandle>d__6`1<UnityEngine.ResourceManagement.ResourceProviders.SceneInstance>>:Run () (at ./Library/PackageCache/com.cysharp.unitask@360e370345b9/Runtime/CompilerServices/StateMachineRunner.cs:189)
Cysharp.Threading.Tasks.AwaiterActions:Continuation (object) (at ./Library/PackageCache/com.cysharp.unitask@360e370345b9/Runtime/UniTask.cs:25)
Cysharp.Threading.Tasks.UniTaskCompletionSourceCore`1<UnityEngine.ResourceManagement.ResourceProviders.SceneInstance>:TrySetResult (UnityEngine.ResourceManagement.ResourceProviders.SceneInstance) (at ./Library/PackageCache/com.cysharp.unitask@360e370345b9/Runtime/UniTaskCompletionSource.cs:139)
Cysharp.Threading.Tasks.AddressablesAsyncExtensions/AsyncOperationHandleConfiguredSource`1<UnityEngine.ResourceManagement.ResourceProviders.SceneInstance>:HandleCompleted (UnityEngine.ResourceManagement.AsyncOperations.AsyncOperationHandle`1<UnityEngine.ResourceManagement.ResourceProviders.SceneInstance>) (at ./Library/PackageCache/com.cysharp.unitask@360e370345b9/Runtime/External/Addressables/AddressablesAsyncExtensions.cs:398)
DelegateList`1<UnityEngine.ResourceManagement.AsyncOperations.AsyncOperationHandle`1<UnityEngine.ResourceManagement.ResourceProviders.SceneInstance>>:Invoke (UnityEngine.ResourceManagement.AsyncOperations.AsyncOperationHandle`1<UnityEngine.ResourceManagement.ResourceProviders.SceneInstance>) (at ./Library/PackageCache/com.unity.addressables@42676f2a154e/Runtime/ResourceManager/Util/DelegateList.cs:75)
UnityEngine.ResourceManagement.AsyncOperations.AsyncOperationBase`1<UnityEngine.ResourceManagement.ResourceProviders.SceneInstance>:InvokeCompletionEvent () (at ./Library/PackageCache/com.unity.addressables@42676f2a154e/Runtime/ResourceManager/AsyncOperations/AsyncOperationBase.cs:391)
UnityEngine.ResourceManagement.AsyncOperations.AsyncOperationBase`1<UnityEngine.ResourceManagement.ResourceProviders.SceneInstance>:Complete (UnityEngine.ResourceManagement.ResourceProviders.SceneInstance,bool,System.Exception,bool) (at ./Library/PackageCache/com.unity.addressables@42676f2a154e/Runtime/ResourceManager/AsyncOperations/AsyncOperationBase.cs:494)
UnityEngine.ResourceManagement.AsyncOperations.AsyncOperationBase`1<UnityEngine.ResourceManagement.ResourceProviders.SceneInstance>:Complete (UnityEngine.ResourceManagement.ResourceProviders.SceneInstance,bool,string,bool) (at ./Library/PackageCache/com.unity.addressables@42676f2a154e/Runtime/ResourceManager/AsyncOperations/AsyncOperationBase.cs:447)
UnityEngine.ResourceManagement.AsyncOperations.AsyncOperationBase`1<UnityEngine.ResourceManagement.ResourceProviders.SceneInstance>:Complete (UnityEngine.ResourceManagement.ResourceProviders.SceneInstance,bool,string) (at ./Library/PackageCache/com.unity.addressables@42676f2a154e/Runtime/ResourceManager/AsyncOperations/AsyncOperationBase.cs:431)
UnityEngine.ResourceManagement.ResourceProviders.SceneProvider/SceneOp:UnityEngine.ResourceManagement.IUpdateReceiver.Update (single) (at ./Library/PackageCache/com.unity.addressables@42676f2a154e/Runtime/ResourceManager/ResourceProviders/SceneProvider.cs:208)
UnityEngine.ResourceManagement.AsyncOperations.AsyncOperationBase`1<UnityEngine.ResourceManagement.ResourceProviders.SceneInstance>:UpdateCallback (single) (at ./Library/PackageCache/com.unity.addressables@42676f2a154e/Runtime/ResourceManager/AsyncOperations/AsyncOperationBase.cs:415)
DelegateList`1<single>:Invoke (single) (at ./Library/PackageCache/com.unity.addressables@42676f2a154e/Runtime/ResourceManager/Util/DelegateList.cs:75)
UnityEngine.ResourceManagement.ResourceManager:Update (single) (at ./Library/PackageCache/com.unity.addressables@42676f2a154e/Runtime/ResourceManager/ResourceManager.cs:1109)
MonoBehaviourCallbackHooks:Update () (at ./Library/PackageCache/com.unity.addressables@42676f2a154e/Runtime/ResourceManager/Util/MonoBehaviourCallbackHooks.cs:29)

(Filename: Assets/OneStarMaker/Scripts/Runtime/Bootstrap/AbstractApplicationInitializer.cs Line: 248)

TrimDiskCacheJob: Current cache size 5mb
[AppInit] Starting DebugSocket transport. mode=Connect, endpoint=ws://127.0.0.1:5011/debugsocket/, autoStart=True.
UnityEngine.Debug:ExtractStackTraceNoAlloc (byte*,int,string)
UnityEngine.StackTraceUtility:ExtractStackTrace ()
UnityEngine.DebugLogHandler:Internal_Log (UnityEngine.LogType,UnityEngine.LogOption,string,UnityEngine.Object)
UnityEngine.DebugLogHandler:LogFormat (UnityEngine.LogType,UnityEngine.Object,string,object[])
UnityEngine.Logger:Log (UnityEngine.LogType,object)
UnityEngine.Debug:Log (object)
OneStarMaker.Runtime.AbstractApplicationInitializer/<StartFrameworkServicesAsync>d__39:MoveNext () (at Assets/OneStarMaker/Scripts/Runtime/Bootstrap/AbstractApplicationInitializer.cs:676)
Cysharp.Threading.Tasks.CompilerServices.AsyncUniTaskMethodBuilder:Start<OneStarMaker.Runtime.AbstractApplicationInitializer/<StartFrameworkServicesAsync>d__39> (OneStarMaker.Runtime.AbstractApplicationInitializer/<StartFrameworkServicesAsync>d__39&) (at ./Library/PackageCache/com.cysharp.unitask@360e370345b9/Runtime/CompilerServices/AsyncUniTaskMethodBuilder.cs:111)
OneStarMaker.Runtime.AbstractApplicationInitializer:StartFrameworkServicesAsync (System.Threading.CancellationToken)
OneStarMaker.Runtime.AbstractApplicationInitializer/<InitializeAfterSceneLoad>d__28:MoveNext () (at Assets/OneStarMaker/Scripts/Runtime/Bootstrap/AbstractApplicationInitializer.cs:263)
Cysharp.Threading.Tasks.CompilerServices.AsyncUniTaskVoid`1<OneStarMaker.Runtime.AbstractApplicationInitializer/<InitializeAfterSceneLoad>d__28>:Run () (at ./Library/PackageCache/com.cysharp.unitask@360e370345b9/Runtime/CompilerServices/StateMachineRunner.cs:104)
Cysharp.Threading.Tasks.AwaiterActions:Continuation (object) (at ./Library/PackageCache/com.cysharp.unitask@360e370345b9/Runtime/UniTask.cs:25)
Cysharp.Threading.Tasks.UniTaskCompletionSourceCore`1<OneStarMaker.Runtime.SceneSystem.SceneResourceMap>:TrySetResult (OneStarMaker.Runtime.SceneSystem.SceneResourceMap) (at ./Library/PackageCache/com.cysharp.unitask@360e370345b9/Runtime/UniTaskCompletionSource.cs:139)
Cysharp.Threading.Tasks.CompilerServices.AsyncUniTask`2<OneStarMaker.Runtime.AbstractApplicationInitializer/<LoadSceneResourceMapAsync>d__31, OneStarMaker.Runtime.SceneSystem.SceneResourceMap>:SetResult (OneStarMaker.Runtime.SceneSystem.SceneResourceMap) (at ./Library/PackageCache/com.cysharp.unitask@360e370345b9/Runtime/CompilerServices/StateMachineRunner.cs:328)
Cysharp.Threading.Tasks.CompilerServices.AsyncUniTaskMethodBuilder`1<OneStarMaker.Runtime.SceneSystem.SceneResourceMap>:SetResult (OneStarMaker.Runtime.SceneSystem.SceneResourceMap) (at ./Library/PackageCache/com.cysharp.unitask@360e370345b9/Runtime/CompilerServices/AsyncUniTaskMethodBuilder.cs:201)
OneStarMaker.Runtime.AbstractApplicationInitializer/<LoadSceneResourceMapAsync>d__31:MoveNext () (at Assets/OneStarMaker/Scripts/Runtime/Bootstrap/AbstractApplicationInitializer.cs:460)
Cysharp.Threading.Tasks.CompilerServices.AsyncUniTask`2<OneStarMaker.Runtime.AbstractApplicationInitializer/<LoadSceneResourceMapAsync>d__31, OneStarMaker.Runtime.SceneSystem.SceneResourceMap>:Run () (at ./Library/PackageCache/com.cysharp.unitask@360e370345b9/Runtime/CompilerServices/StateMachineRunner.cs:313)
Cysharp.Threading.Tasks.AwaiterActions:Continuation (object) (at ./Library/PackageCache/com.cysharp.unitask@360e370345b9/Runtime/UniTask.cs:25)
Cysharp.Threading.Tasks.UniTaskCompletionSourceCore`1<OneStarMaker.Runtime.AssetManagement.IAssetHandle`1<OneStarMaker.Runtime.SceneSystem.SceneResourceMap>>:TrySetResult (OneStarMaker.Runtime.AssetManagement.IAssetHandle`1<OneStarMaker.Runtime.SceneSystem.SceneResourceMap>) (at ./Library/PackageCache/com.cysharp.unitask@360e370345b9/Runtime/UniTaskCompletionSource.cs:139)
Cysharp.Threading.Tasks.CompilerServices.AsyncUniTask`2<OneStarMaker.Runtime.AssetManagement.AssetManagement/<LoadAssetAsync>d__18`1<OneStarMaker.Runtime.SceneSystem.SceneResourceMap>, OneStarMaker.Runtime.AssetManagement.IAssetHandle`1<OneStarMaker.Runtime.SceneSystem.SceneResourceMap>>:SetResult (OneStarMaker.Runtime.AssetManagement.IAssetHandle`1<OneStarMaker.Runtime.SceneSystem.SceneResourceMap>) (at ./Library/PackageCache/com.cysharp.unitask@360e370345b9/Runtime/CompilerServices/StateMachineRunner.cs:328)
Cysharp.Threading.Tasks.CompilerServices.AsyncUniTaskMethodBuilder`1<OneStarMaker.Runtime.AssetManagement.IAssetHandle`1<OneStarMaker.Runtime.SceneSystem.SceneResourceMap>>:SetResult (OneStarMaker.Runtime.AssetManagement.IAssetHandle`1<OneStarMaker.Runtime.SceneSystem.SceneResourceMap>) (at ./Library/PackageCache/com.cysharp.unitask@360e370345b9/Runtime/CompilerServices/AsyncUniTaskMethodBuilder.cs:201)
OneStarMaker.Runtime.AssetManagement.AssetManagement/<LoadAssetAsync>d__18`1<OneStarMaker.Runtime.SceneSystem.SceneResourceMap>:MoveNext () (at Assets/OneStarMaker/Scripts/Runtime/AssetManagement/AssetManagement.cs:74)
Cysharp.Threading.Tasks.CompilerServices.AsyncUniTask`2<OneStarMaker.Runtime.AssetManagement.AssetManagement/<LoadAssetAsync>d__18`1<OneStarMaker.Runtime.SceneSystem.SceneResourceMap>, OneStarMaker.Runtime.AssetManagement.IAssetHandle`1<OneStarMaker.Runtime.SceneSystem.SceneResourceMap>>:Run () (at ./Library/PackageCache/com.cysharp.unitask@360e370345b9/Runtime/CompilerServices/StateMachineRunner.cs:313)
Cysharp.Threading.Tasks.AwaiterActions:Continuation (object) (at ./Library/PackageCache/com.cysharp.unitask@360e370345b9/Runtime/UniTask.cs:25)
Cysharp.Threading.Tasks.UniTaskCompletionSourceCore`1<OneStarMaker.Runtime.AssetManagement.Internal.IBackendAsset>:TrySetResult (OneStarMaker.Runtime.AssetManagement.Internal.IBackendAsset) (at ./Library/PackageCache/com.cysharp.unitask@360e370345b9/Runtime/UniTaskCompletionSource.cs:139)
Cysharp.Threading.Tasks.CompilerServices.AsyncUniTask`2<OneStarMaker.Runtime.AssetManagement.AssetManagement/<LoadBackendAssetDedup>d__36`1<OneStarMaker.Runtime.SceneSystem.SceneResourceMap>, OneStarMaker.Runtime.AssetManagement.Internal.IBackendAsset>:SetResult (OneStarMaker.Runtime.AssetManagement.Internal.IBackendAsset) (at ./Library/PackageCache/com.cysharp.unitask@360e370345b9/Runtime/CompilerServices/StateMachineRunner.cs:328)
Cysharp.Threading.Tasks.CompilerServices.AsyncUniTaskMethodBuilder`1<OneStarMaker.Runtime.AssetManagement.Internal.IBackendAsset>:SetResult (OneStarMaker.Runtime.AssetManagement.Internal.IBackendAsset) (at ./Library/PackageCache/com.cysharp.unitask@360e370345b9/Runtime/CompilerServices/AsyncUniTaskMethodBuilder.cs:201)
OneStarMaker.Runtime.AssetManagement.AssetManagement/<LoadBackendAssetDedup>d__36`1<OneStarMaker.Runtime.SceneSystem.SceneResourceMap>:MoveNext () (at Assets/OneStarMaker/Scripts/Runtime/AssetManagement/AssetManagement.cs:343)
Cysharp.Threading.Tasks.CompilerServices.AsyncUniTask`2<OneStarMaker.Runtime.AssetManagement.AssetManagement/<LoadBackendAssetDedup>d__36`1<OneStarMaker.Runtime.SceneSystem.SceneResourceMap>, OneStarMaker.Runtime.AssetManagement.Internal.IBackendAsset>:Run () (at ./Library/PackageCache/com.cysharp.unitask@360e370345b9/Runtime/CompilerServices/StateMachineRunner.cs:313)
Cysharp.Threading.Tasks.AwaiterActions:Continuation (object) (at ./Library/PackageCache/com.cysharp.unitask@360e370345b9/Runtime/UniTask.cs:25)
Cysharp.Threading.Tasks.UniTaskCompletionSourceCore`1<OneStarMaker.Runtime.AssetManagement.Internal.IBackendAsset>:TrySetResult (OneStarMaker.Runtime.AssetManagement.Internal.IBackendAsset) (at ./Library/PackageCache/com.cysharp.unitask@360e370345b9/Runtime/UniTaskCompletionSource.cs:139)
Cysharp.Threading.Tasks.CompilerServices.AsyncUniTask`2<OneStarMaker.Runtime.AssetManagement.Internal.AddressableBackend/<LoadAssetAsync>d__0`1<OneStarMaker.Runtime.SceneSystem.SceneResourceMap>, OneStarMaker.Runtime.AssetManagement.Internal.IBackendAsset>:SetResult (OneStarMaker.Runtime.AssetManagement.Internal.IBackendAsset) (at ./Library/PackageCache/com.cysharp.unitask@360e370345b9/Runtime/CompilerServices/StateMachineRunner.cs:328)
Cysharp.Threading.Tasks.CompilerServices.AsyncUniTaskMethodBuilder`1<OneStarMaker.Runtime.AssetManagement.Internal.IBackendAsset>:SetResult (OneStarMaker.Runtime.AssetManagement.Internal.IBackendAsset) (at ./Library/PackageCache/com.cysharp.unitask@360e370345b9/Runtime/CompilerServices/AsyncUniTaskMethodBuilder.cs:201)
OneStarMaker.Runtime.AssetManagement.Internal.AddressableBackend/<LoadAssetAsync>d__0`1<OneStarMaker.Runtime.SceneSystem.SceneResourceMap>:MoveNext () (at Assets/OneStarMaker/Scripts/Runtime/AssetManagement/Internal/AddressableBackend.cs:26)
Cysharp.Threading.Tasks.CompilerServices.AsyncUniTask`2<OneStarMaker.Runtime.AssetManagement.Internal.AddressableBackend/<LoadAssetAsync>d__0`1<OneStarMaker.Runtime.SceneSystem.SceneResourceMap>, OneStarMaker.Runtime.AssetManagement.Internal.IBackendAsset>:Run () (at ./Library/PackageCache/com.cysharp.unitask@360e370345b9/Runtime/CompilerServices/StateMachineRunner.cs:313)
Cysharp.Threading.Tasks.AwaiterActions:Continuation (object) (at ./Library/PackageCache/com.cysharp.unitask@360e370345b9/Runtime/UniTask.cs:25)
Cysharp.Threading.Tasks.UniTaskCompletionSourceCore`1<Cysharp.Threading.Tasks.AsyncUnit>:TrySetResult (Cysharp.Threading.Tasks.AsyncUnit) (at ./Library/PackageCache/com.cysharp.unitask@360e370345b9/Runtime/UniTaskCompletionSource.cs:139)
Cysharp.Threading.Tasks.CompilerServices.AsyncUniTask`1<OneStarMaker.Runtime.AssetManagement.Internal.AddressableBackend/<AwaitHandle>d__6`1<OneStarMaker.Runtime.SceneSystem.SceneResourceMap>>:SetResult () (at ./Library/PackageCache/com.cysharp.unitask@360e370345b9/Runtime/CompilerServices/StateMachineRunner.cs:204)
Cysharp.Threading.Tasks.CompilerServices.AsyncUniTaskMethodBuilder:SetResult () (at ./Library/PackageCache/com.cysharp.unitask@360e370345b9/Runtime/CompilerServices/AsyncUniTaskMethodBuilder.cs:70)
OneStarMaker.Runtime.AssetManagement.Internal.AddressableBackend/<AwaitHandle>d__6`1<OneStarMaker.Runtime.SceneSystem.SceneResourceMap>:MoveNext () (at Assets/OneStarMaker/Scripts/Runtime/AssetManagement/Internal/AddressableBackend.cs:105)
Cysharp.Threading.Tasks.CompilerServices.AsyncUniTask`1<OneStarMaker.Runtime.AssetManagement.Internal.AddressableBackend/<AwaitHandle>d__6`1<OneStarMaker.Runtime.SceneSystem.SceneResourceMap>>:Run () (at ./Library/PackageCache/com.cysharp.unitask@360e370345b9/Runtime/CompilerServices/StateMachineRunner.cs:189)
Cysharp.Threading.Tasks.AwaiterActions:Continuation (object) (at ./Library/PackageCache/com.cysharp.unitask@360e370345b9/Runtime/UniTask.cs:25)
Cysharp.Threading.Tasks.UniTaskCompletionSourceCore`1<OneStarMaker.Runtime.SceneSystem.SceneResourceMap>:TrySetResult (OneStarMaker.Runtime.SceneSystem.SceneResourceMap) (at ./Library/PackageCache/com.cysharp.unitask@360e370345b9/Runtime/UniTaskCompletionSource.cs:139)
Cysharp.Threading.Tasks.AddressablesAsyncExtensions/AsyncOperationHandleConfiguredSource`1<OneStarMaker.Runtime.SceneSystem.SceneResourceMap>:HandleCompleted (UnityEngine.ResourceManagement.AsyncOperations.AsyncOperationHandle`1<OneStarMaker.Runtime.SceneSystem.SceneResourceMap>) (at ./Library/PackageCache/com.cysharp.unitask@360e370345b9/Runtime/External/Addressables/AddressablesAsyncExtensions.cs:398)
DelegateList`1<UnityEngine.ResourceManagement.AsyncOperations.AsyncOperationHandle`1<OneStarMaker.Runtime.SceneSystem.SceneResourceMap>>:Invoke (UnityEngine.ResourceManagement.AsyncOperations.AsyncOperationHandle`1<OneStarMaker.Runtime.SceneSystem.SceneResourceMap>) (at ./Library/PackageCache/com.unity.addressables@42676f2a154e/Runtime/ResourceManager/Util/DelegateList.cs:75)
UnityEngine.ResourceManagement.AsyncOperations.AsyncOperationBase`1<OneStarMaker.Runtime.SceneSystem.SceneResourceMap>:InvokeCompletionEvent () (at ./Library/PackageCache/com.unity.addressables@42676f2a154e/Runtime/ResourceManager/AsyncOperations/AsyncOperationBase.cs:391)
UnityEngine.ResourceManagement.AsyncOperations.AsyncOperationBase`1<OneStarMaker.Runtime.SceneSystem.SceneResourceMap>:Complete (OneStarMaker.Runtime.SceneSystem.SceneResourceMap,bool,System.Exception,bool) (at ./Library/PackageCache/com.unity.addressables@42676f2a154e/Runtime/ResourceManager/AsyncOperations/AsyncOperationBase.cs:494)
UnityEngine.ResourceManagement.AsyncOperations.ProviderOperation`1<OneStarMaker.Runtime.SceneSystem.SceneResourceMap>:ProviderCompleted<object> (object,bool,System.Exception) (at ./Library/PackageCache/com.unity.addressables@42676f2a154e/Runtime/ResourceManager/AsyncOperations/ProviderOperation.cs:189)
UnityEngine.ResourceManagement.ResourceProviders.ProvideHandle:Complete<object> (object,bool,System.Exception) (at ./Library/PackageCache/com.unity.addressables@42676f2a154e/Runtime/ResourceManager/ResourceProviders/IResourceProvider.cs:146)
UnityEngine.ResourceManagement.ResourceProviders.AssetDatabaseProvider/InternalOp:LoadImmediate () (at ./Library/PackageCache/com.unity.addressables@42676f2a154e/Runtime/ResourceManager/ResourceProviders/AssetDatabaseProvider.cs:130)
System.Reflection.RuntimeMethodInfo:Invoke (object,System.Reflection.BindingFlags,System.Reflection.Binder,object[],System.Globalization.CultureInfo)
System.Reflection.MethodBase:Invoke (object,object[])
System.Delegate:DynamicInvokeImpl (object[])
System.MulticastDelegate:DynamicInvokeImpl (object[])
System.Delegate:DynamicInvoke (object[])
UnityEngine.ResourceManagement.Util.DelayedActionManager/DelegateInfo:Invoke () (at ./Library/PackageCache/com.unity.addressables@42676f2a154e/Runtime/ResourceManager/Util/DelayedActionManager.cs:55)
UnityEngine.ResourceManagement.Util.DelayedActionManager:InternalLateUpdate (single) (at ./Library/PackageCache/com.unity.addressables@42676f2a154e/Runtime/ResourceManager/Util/DelayedActionManager.cs:192)
UnityEngine.ResourceManagement.Util.DelayedActionManager:LateUpdate () (at ./Library/PackageCache/com.unity.addressables@42676f2a154e/Runtime/ResourceManager/Util/DelayedActionManager.cs:171)

(Filename: Assets/OneStarMaker/Scripts/Runtime/Bootstrap/AbstractApplicationInitializer.cs Line: 676)

[DebugSocket] Starting outbound client transport. endpoint=ws://127.0.0.1:5011/debugsocket/
UnityEngine.Debug:ExtractStackTraceNoAlloc (byte*,int,string)
UnityEngine.StackTraceUtility:ExtractStackTrace ()
UnityEngine.DebugLogHandler:Internal_Log (UnityEngine.LogType,UnityEngine.LogOption,string,UnityEngine.Object)
UnityEngine.DebugLogHandler:LogFormat (UnityEngine.LogType,UnityEngine.Object,string,object[])
UnityEngine.Logger:Log (UnityEngine.LogType,object)
UnityEngine.Debug:Log (object)
OneStarMaker.Runtime.DebugSocketServices.DebugSocketTransportHost:StartOutbound (System.Threading.CancellationToken) (at Assets/OneStarMaker/Scripts/Runtime/DebugSocketServices/Transport/DebugSocketTransportHost.cs:51)
OneStarMaker.Runtime.DebugSocketServices.DebugSocketService:StartAsync (System.Threading.CancellationToken) (at Assets/OneStarMaker/Scripts/Runtime/DebugSocketServices/DebugSocketService.cs:238)
OneStarMaker.Runtime.AbstractApplicationInitializer/<StartFrameworkServicesAsync>d__39:MoveNext () (at Assets/OneStarMaker/Scripts/Runtime/Bootstrap/AbstractApplicationInitializer.cs:678)
Cysharp.Threading.Tasks.CompilerServices.AsyncUniTaskMethodBuilder:Start<OneStarMaker.Runtime.AbstractApplicationInitializer/<StartFrameworkServicesAsync>d__39> (OneStarMaker.Runtime.AbstractApplicationInitializer/<StartFrameworkServicesAsync>d__39&) (at ./Library/PackageCache/com.cysharp.unitask@360e370345b9/Runtime/CompilerServices/AsyncUniTaskMethodBuilder.cs:111)
OneStarMaker.Runtime.AbstractApplicationInitializer:StartFrameworkServicesAsync (System.Threading.CancellationToken)
OneStarMaker.Runtime.AbstractApplicationInitializer/<InitializeAfterSceneLoad>d__28:MoveNext () (at Assets/OneStarMaker/Scripts/Runtime/Bootstrap/AbstractApplicationInitializer.cs:263)
Cysharp.Threading.Tasks.CompilerServices.AsyncUniTaskVoid`1<OneStarMaker.Runtime.AbstractApplicationInitializer/<InitializeAfterSceneLoad>d__28>:Run () (at ./Library/PackageCache/com.cysharp.unitask@360e370345b9/Runtime/CompilerServices/StateMachineRunner.cs:104)
Cysharp.Threading.Tasks.AwaiterActions:Continuation (object) (at ./Library/PackageCache/com.cysharp.unitask@360e370345b9/Runtime/UniTask.cs:25)
Cysharp.Threading.Tasks.UniTaskCompletionSourceCore`1<OneStarMaker.Runtime.SceneSystem.SceneResourceMap>:TrySetResult (OneStarMaker.Runtime.SceneSystem.SceneResourceMap) (at ./Library/PackageCache/com.cysharp.unitask@360e370345b9/Runtime/UniTaskCompletionSource.cs:139)
Cysharp.Threading.Tasks.CompilerServices.AsyncUniTask`2<OneStarMaker.Runtime.AbstractApplicationInitializer/<LoadSceneResourceMapAsync>d__31, OneStarMaker.Runtime.SceneSystem.SceneResourceMap>:SetResult (OneStarMaker.Runtime.SceneSystem.SceneResourceMap) (at ./Library/PackageCache/com.cysharp.unitask@360e370345b9/Runtime/CompilerServices/StateMachineRunner.cs:328)
Cysharp.Threading.Tasks.CompilerServices.AsyncUniTaskMethodBuilder`1<OneStarMaker.Runtime.SceneSystem.SceneResourceMap>:SetResult (OneStarMaker.Runtime.SceneSystem.SceneResourceMap) (at ./Library/PackageCache/com.cysharp.unitask@360e370345b9/Runtime/CompilerServices/AsyncUniTaskMethodBuilder.cs:201)
OneStarMaker.Runtime.AbstractApplicationInitializer/<LoadSceneResourceMapAsync>d__31:MoveNext () (at Assets/OneStarMaker/Scripts/Runtime/Bootstrap/AbstractApplicationInitializer.cs:460)
Cysharp.Threading.Tasks.CompilerServices.AsyncUniTask`2<OneStarMaker.Runtime.AbstractApplicationInitializer/<LoadSceneResourceMapAsync>d__31, OneStarMaker.Runtime.SceneSystem.SceneResourceMap>:Run () (at ./Library/PackageCache/com.cysharp.unitask@360e370345b9/Runtime/CompilerServices/StateMachineRunner.cs:313)
Cysharp.Threading.Tasks.AwaiterActions:Continuation (object) (at ./Library/PackageCache/com.cysharp.unitask@360e370345b9/Runtime/UniTask.cs:25)
Cysharp.Threading.Tasks.UniTaskCompletionSourceCore`1<OneStarMaker.Runtime.AssetManagement.IAssetHandle`1<OneStarMaker.Runtime.SceneSystem.SceneResourceMap>>:TrySetResult (OneStarMaker.Runtime.AssetManagement.IAssetHandle`1<OneStarMaker.Runtime.SceneSystem.SceneResourceMap>) (at ./Library/PackageCache/com.cysharp.unitask@360e370345b9/Runtime/UniTaskCompletionSource.cs:139)
Cysharp.Threading.Tasks.CompilerServices.AsyncUniTask`2<OneStarMaker.Runtime.AssetManagement.AssetManagement/<LoadAssetAsync>d__18`1<OneStarMaker.Runtime.SceneSystem.SceneResourceMap>, OneStarMaker.Runtime.AssetManagement.IAssetHandle`1<OneStarMaker.Runtime.SceneSystem.SceneResourceMap>>:SetResult (OneStarMaker.Runtime.AssetManagement.IAssetHandle`1<OneStarMaker.Runtime.SceneSystem.SceneResourceMap>) (at ./Library/PackageCache/com.cysharp.unitask@360e370345b9/Runtime/CompilerServices/StateMachineRunner.cs:328)
Cysharp.Threading.Tasks.CompilerServices.AsyncUniTaskMethodBuilder`1<OneStarMaker.Runtime.AssetManagement.IAssetHandle`1<OneStarMaker.Runtime.SceneSystem.SceneResourceMap>>:SetResult (OneStarMaker.Runtime.AssetManagement.IAssetHandle`1<OneStarMaker.Runtime.SceneSystem.SceneResourceMap>) (at ./Library/PackageCache/com.cysharp.unitask@360e370345b9/Runtime/CompilerServices/AsyncUniTaskMethodBuilder.cs:201)
OneStarMaker.Runtime.AssetManagement.AssetManagement/<LoadAssetAsync>d__18`1<OneStarMaker.Runtime.SceneSystem.SceneResourceMap>:MoveNext () (at Assets/OneStarMaker/Scripts/Runtime/AssetManagement/AssetManagement.cs:74)
Cysharp.Threading.Tasks.CompilerServices.AsyncUniTask`2<OneStarMaker.Runtime.AssetManagement.AssetManagement/<LoadAssetAsync>d__18`1<OneStarMaker.Runtime.SceneSystem.SceneResourceMap>, OneStarMaker.Runtime.AssetManagement.IAssetHandle`1<OneStarMaker.Runtime.SceneSystem.SceneResourceMap>>:Run () (at ./Library/PackageCache/com.cysharp.unitask@360e370345b9/Runtime/CompilerServices/StateMachineRunner.cs:313)
Cysharp.Threading.Tasks.AwaiterActions:Continuation (object) (at ./Library/PackageCache/com.cysharp.unitask@360e370345b9/Runtime/UniTask.cs:25)
Cysharp.Threading.Tasks.UniTaskCompletionSourceCore`1<OneStarMaker.Runtime.AssetManagement.Internal.IBackendAsset>:TrySetResult (OneStarMaker.Runtime.AssetManagement.Internal.IBackendAsset) (at ./Library/PackageCache/com.cysharp.unitask@360e370345b9/Runtime/UniTaskCompletionSource.cs:139)
Cysharp.Threading.Tasks.CompilerServices.AsyncUniTask`2<OneStarMaker.Runtime.AssetManagement.AssetManagement/<LoadBackendAssetDedup>d__36`1<OneStarMaker.Runtime.SceneSystem.SceneResourceMap>, OneStarMaker.Runtime.AssetManagement.Internal.IBackendAsset>:SetResult (OneStarMaker.Runtime.AssetManagement.Internal.IBackendAsset) (at ./Library/PackageCache/com.cysharp.unitask@360e370345b9/Runtime/CompilerServices/StateMachineRunner.cs:328)
Cysharp.Threading.Tasks.CompilerServices.AsyncUniTaskMethodBuilder`1<OneStarMaker.Runtime.AssetManagement.Internal.IBackendAsset>:SetResult (OneStarMaker.Runtime.AssetManagement.Internal.IBackendAsset) (at ./Library/PackageCache/com.cysharp.unitask@360e370345b9/Runtime/CompilerServices/AsyncUniTaskMethodBuilder.cs:201)
OneStarMaker.Runtime.AssetManagement.AssetManagement/<LoadBackendAssetDedup>d__36`1<OneStarMaker.Runtime.SceneSystem.SceneResourceMap>:MoveNext () (at Assets/OneStarMaker/Scripts/Runtime/AssetManagement/AssetManagement.cs:343)
Cysharp.Threading.Tasks.CompilerServices.AsyncUniTask`2<OneStarMaker.Runtime.AssetManagement.AssetManagement/<LoadBackendAssetDedup>d__36`1<OneStarMaker.Runtime.SceneSystem.SceneResourceMap>, OneStarMaker.Runtime.AssetManagement.Internal.IBackendAsset>:Run () (at ./Library/PackageCache/com.cysharp.unitask@360e370345b9/Runtime/CompilerServices/StateMachineRunner.cs:313)
Cysharp.Threading.Tasks.AwaiterActions:Continuation (object) (at ./Library/PackageCache/com.cysharp.unitask@360e370345b9/Runtime/UniTask.cs:25)
Cysharp.Threading.Tasks.UniTaskCompletionSourceCore`1<OneStarMaker.Runtime.AssetManagement.Internal.IBackendAsset>:TrySetResult (OneStarMaker.Runtime.AssetManagement.Internal.IBackendAsset) (at ./Library/PackageCache/com.cysharp.unitask@360e370345b9/Runtime/UniTaskCompletionSource.cs:139)
Cysharp.Threading.Tasks.CompilerServices.AsyncUniTask`2<OneStarMaker.Runtime.AssetManagement.Internal.AddressableBackend/<LoadAssetAsync>d__0`1<OneStarMaker.Runtime.SceneSystem.SceneResourceMap>, OneStarMaker.Runtime.AssetManagement.Internal.IBackendAsset>:SetResult (OneStarMaker.Runtime.AssetManagement.Internal.IBackendAsset) (at ./Library/PackageCache/com.cysharp.unitask@360e370345b9/Runtime/CompilerServices/StateMachineRunner.cs:328)
Cysharp.Threading.Tasks.CompilerServices.AsyncUniTaskMethodBuilder`1<OneStarMaker.Runtime.AssetManagement.Internal.IBackendAsset>:SetResult (OneStarMaker.Runtime.AssetManagement.Internal.IBackendAsset) (at ./Library/PackageCache/com.cysharp.unitask@360e370345b9/Runtime/CompilerServices/AsyncUniTaskMethodBuilder.cs:201)
OneStarMaker.Runtime.AssetManagement.Internal.AddressableBackend/<LoadAssetAsync>d__0`1<OneStarMaker.Runtime.SceneSystem.SceneResourceMap>:MoveNext () (at Assets/OneStarMaker/Scripts/Runtime/AssetManagement/Internal/AddressableBackend.cs:26)
Cysharp.Threading.Tasks.CompilerServices.AsyncUniTask`2<OneStarMaker.Runtime.AssetManagement.Internal.AddressableBackend/<LoadAssetAsync>d__0`1<OneStarMaker.Runtime.SceneSystem.SceneResourceMap>, OneStarMaker.Runtime.AssetManagement.Internal.IBackendAsset>:Run () (at ./Library/PackageCache/com.cysharp.unitask@360e370345b9/Runtime/CompilerServices/StateMachineRunner.cs:313)
Cysharp.Threading.Tasks.AwaiterActions:Continuation (object) (at ./Library/PackageCache/com.cysharp.unitask@360e370345b9/Runtime/UniTask.cs:25)
Cysharp.Threading.Tasks.UniTaskCompletionSourceCore`1<Cysharp.Threading.Tasks.AsyncUnit>:TrySetResult (Cysharp.Threading.Tasks.AsyncUnit) (at ./Library/PackageCache/com.cysharp.unitask@360e370345b9/Runtime/UniTaskCompletionSource.cs:139)
Cysharp.Threading.Tasks.CompilerServices.AsyncUniTask`1<OneStarMaker.Runtime.AssetManagement.Internal.AddressableBackend/<AwaitHandle>d__6`1<OneStarMaker.Runtime.SceneSystem.SceneResourceMap>>:SetResult () (at ./Library/PackageCache/com.cysharp.unitask@360e370345b9/Runtime/CompilerServices/StateMachineRunner.cs:204)
Cysharp.Threading.Tasks.CompilerServices.AsyncUniTaskMethodBuilder:SetResult () (at ./Library/PackageCache/com.cysharp.unitask@360e370345b9/Runtime/CompilerServices/AsyncUniTaskMethodBuilder.cs:70)
OneStarMaker.Runtime.AssetManagement.Internal.AddressableBackend/<AwaitHandle>d__6`1<OneStarMaker.Runtime.SceneSystem.SceneResourceMap>:MoveNext () (at Assets/OneStarMaker/Scripts/Runtime/AssetManagement/Internal/AddressableBackend.cs:105)
Cysharp.Threading.Tasks.CompilerServices.AsyncUniTask`1<OneStarMaker.Runtime.AssetManagement.Internal.AddressableBackend/<AwaitHandle>d__6`1<OneStarMaker.Runtime.SceneSystem.SceneResourceMap>>:Run () (at ./Library/PackageCache/com.cysharp.unitask@360e370345b9/Runtime/CompilerServices/StateMachineRunner.cs:189)
Cysharp.Threading.Tasks.AwaiterActions:Continuation (object) (at ./Library/PackageCache/com.cysharp.unitask@360e370345b9/Runtime/UniTask.cs:25)
Cysharp.Threading.Tasks.UniTaskCompletionSourceCore`1<OneStarMaker.Runtime.SceneSystem.SceneResourceMap>:TrySetResult (OneStarMaker.Runtime.SceneSystem.SceneResourceMap) (at ./Library/PackageCache/com.cysharp.unitask@360e370345b9/Runtime/UniTaskCompletionSource.cs:139)
Cysharp.Threading.Tasks.AddressablesAsyncExtensions/AsyncOperationHandleConfiguredSource`1<OneStarMaker.Runtime.SceneSystem.SceneResourceMap>:HandleCompleted (UnityEngine.ResourceManagement.AsyncOperations.AsyncOperationHandle`1<OneStarMaker.Runtime.SceneSystem.SceneResourceMap>) (at ./Library/PackageCache/com.cysharp.unitask@360e370345b9/Runtime/External/Addressables/AddressablesAsyncExtensions.cs:398)
DelegateList`1<UnityEngine.ResourceManagement.AsyncOperations.AsyncOperationHandle`1<OneStarMaker.Runtime.SceneSystem.SceneResourceMap>>:Invoke (UnityEngine.ResourceManagement.AsyncOperations.AsyncOperationHandle`1<OneStarMaker.Runtime.SceneSystem.SceneResourceMap>) (at ./Library/PackageCache/com.unity.addressables@42676f2a154e/Runtime/ResourceManager/Util/DelegateList.cs:75)
UnityEngine.ResourceManagement.AsyncOperations.AsyncOperationBase`1<OneStarMaker.Runtime.SceneSystem.SceneResourceMap>:InvokeCompletionEvent () (at ./Library/PackageCache/com.unity.addressables@42676f2a154e/Runtime/ResourceManager/AsyncOperations/AsyncOperationBase.cs:391)
UnityEngine.ResourceManagement.AsyncOperations.AsyncOperationBase`1<OneStarMaker.Runtime.SceneSystem.SceneResourceMap>:Complete (OneStarMaker.Runtime.SceneSystem.SceneResourceMap,bool,System.Exception,bool) (at ./Library/PackageCache/com.unity.addressables@42676f2a154e/Runtime/ResourceManager/AsyncOperations/AsyncOperationBase.cs:494)
UnityEngine.ResourceManagement.AsyncOperations.ProviderOperation`1<OneStarMaker.Runtime.SceneSystem.SceneResourceMap>:ProviderCompleted<object> (object,bool,System.Exception) (at ./Library/PackageCache/com.unity.addressables@42676f2a154e/Runtime/ResourceManager/AsyncOperations/ProviderOperation.cs:189)
UnityEngine.ResourceManagement.ResourceProviders.ProvideHandle:Complete<object> (object,bool,System.Exception) (at ./Library/PackageCache/com.unity.addressables@42676f2a154e/Runtime/ResourceManager/ResourceProviders/IResourceProvider.cs:146)
UnityEngine.ResourceManagement.ResourceProviders.AssetDatabaseProvider/InternalOp:LoadImmediate () (at ./Library/PackageCache/com.unity.addressables@42676f2a154e/Runtime/ResourceManager/ResourceProviders/AssetDatabaseProvider.cs:130)
System.Reflection.RuntimeMethodInfo:Invoke (object,System.Reflection.BindingFlags,System.Reflection.Binder,object[],System.Globalization.CultureInfo)
System.Reflection.MethodBase:Invoke (object,object[])
System.Delegate:DynamicInvokeImpl (object[])
System.MulticastDelegate:DynamicInvokeImpl (object[])
System.Delegate:DynamicInvoke (object[])
UnityEngine.ResourceManagement.Util.DelayedActionManager/DelegateInfo:Invoke () (at ./Library/PackageCache/com.unity.addressables@42676f2a154e/Runtime/ResourceManager/Util/DelayedActionManager.cs:55)
UnityEngine.ResourceManagement.Util.DelayedActionManager:InternalLateUpdate (single) (at ./Library/PackageCache/com.unity.addressables@42676f2a154e/Runtime/ResourceManager/Util/DelayedActionManager.cs:192)
UnityEngine.ResourceManagement.Util.DelayedActionManager:LateUpdate () (at ./Library/PackageCache/com.unity.addressables@42676f2a154e/Runtime/ResourceManager/Util/DelayedActionManager.cs:171)

(Filename: Assets/OneStarMaker/Scripts/Runtime/DebugSocketServices/Transport/DebugSocketTransportHost.cs Line: 51)

[DebugSocket] Connecting to DebugStudio server. endpoint=ws://127.0.0.1:5011/debugsocket/
UnityEngine.Debug:ExtractStackTraceNoAlloc (byte*,int,string)
UnityEngine.StackTraceUtility:ExtractStackTrace ()
UnityEngine.DebugLogHandler:Internal_Log (UnityEngine.LogType,UnityEngine.LogOption,string,UnityEngine.Object)
UnityEngine.DebugLogHandler:LogFormat (UnityEngine.LogType,UnityEngine.Object,string,object[])
UnityEngine.Logger:Log (UnityEngine.LogType,object)
UnityEngine.Debug:Log (object)
OneStarMaker.Runtime.DebugSocketServices.DebugSocketTransportHost/<ConnectLoopAsync>d__15:MoveNext () (at Assets/OneStarMaker/Scripts/Runtime/DebugSocketServices/Transport/DebugSocketTransportHost.cs:148)
Cysharp.Threading.Tasks.CompilerServices.AsyncUniTaskMethodBuilder:Start<OneStarMaker.Runtime.DebugSocketServices.DebugSocketTransportHost/<ConnectLoopAsync>d__15> (OneStarMaker.Runtime.DebugSocketServices.DebugSocketTransportHost/<ConnectLoopAsync>d__15&) (at ./Library/PackageCache/com.cysharp.unitask@360e370345b9/Runtime/CompilerServices/AsyncUniTaskMethodBuilder.cs:111)
OneStarMaker.Runtime.DebugSocketServices.DebugSocketTransportHost:ConnectLoopAsync (System.Uri,System.Threading.CancellationToken)
OneStarMaker.Runtime.DebugSocketServices.DebugSocketTransportHost:StartOutbound (System.Threading.CancellationToken) (at Assets/OneStarMaker/Scripts/Runtime/DebugSocketServices/Transport/DebugSocketTransportHost.cs:52)
OneStarMaker.Runtime.DebugSocketServices.DebugSocketService:StartAsync (System.Threading.CancellationToken) (at Assets/OneStarMaker/Scripts/Runtime/DebugSocketServices/DebugSocketService.cs:238)
OneStarMaker.Runtime.AbstractApplicationInitializer/<StartFrameworkServicesAsync>d__39:MoveNext () (at Assets/OneStarMaker/Scripts/Runtime/Bootstrap/AbstractApplicationInitializer.cs:678)
Cysharp.Threading.Tasks.CompilerServices.AsyncUniTaskMethodBuilder:Start<OneStarMaker.Runtime.AbstractApplicationInitializer/<StartFrameworkServicesAsync>d__39> (OneStarMaker.Runtime.AbstractApplicationInitializer/<StartFrameworkServicesAsync>d__39&) (at ./Library/PackageCache/com.cysharp.unitask@360e370345b9/Runtime/CompilerServices/AsyncUniTaskMethodBuilder.cs:111)
OneStarMaker.Runtime.AbstractApplicationInitializer:StartFrameworkServicesAsync (System.Threading.CancellationToken)
OneStarMaker.Runtime.AbstractApplicationInitializer/<InitializeAfterSceneLoad>d__28:MoveNext () (at Assets/OneStarMaker/Scripts/Runtime/Bootstrap/AbstractApplicationInitializer.cs:263)
Cysharp.Threading.Tasks.CompilerServices.AsyncUniTaskVoid`1<OneStarMaker.Runtime.AbstractApplicationInitializer/<InitializeAfterSceneLoad>d__28>:Run () (at ./Library/PackageCache/com.cysharp.unitask@360e370345b9/Runtime/CompilerServices/StateMachineRunner.cs:104)
Cysharp.Threading.Tasks.AwaiterActions:Continuation (object) (at ./Library/PackageCache/com.cysharp.unitask@360e370345b9/Runtime/UniTask.cs:25)
Cysharp.Threading.Tasks.UniTaskCompletionSourceCore`1<OneStarMaker.Runtime.SceneSystem.SceneResourceMap>:TrySetResult (OneStarMaker.Runtime.SceneSystem.SceneResourceMap) (at ./Library/PackageCache/com.cysharp.unitask@360e370345b9/Runtime/UniTaskCompletionSource.cs:139)
Cysharp.Threading.Tasks.CompilerServices.AsyncUniTask`2<OneStarMaker.Runtime.AbstractApplicationInitializer/<LoadSceneResourceMapAsync>d__31, OneStarMaker.Runtime.SceneSystem.SceneResourceMap>:SetResult (OneStarMaker.Runtime.SceneSystem.SceneResourceMap) (at ./Library/PackageCache/com.cysharp.unitask@360e370345b9/Runtime/CompilerServices/StateMachineRunner.cs:328)
Cysharp.Threading.Tasks.CompilerServices.AsyncUniTaskMethodBuilder`1<OneStarMaker.Runtime.SceneSystem.SceneResourceMap>:SetResult (OneStarMaker.Runtime.SceneSystem.SceneResourceMap) (at ./Library/PackageCache/com.cysharp.unitask@360e370345b9/Runtime/CompilerServices/AsyncUniTaskMethodBuilder.cs:201)
OneStarMaker.Runtime.AbstractApplicationInitializer/<LoadSceneResourceMapAsync>d__31:MoveNext () (at Assets/OneStarMaker/Scripts/Runtime/Bootstrap/AbstractApplicationInitializer.cs:460)
Cysharp.Threading.Tasks.CompilerServices.AsyncUniTask`2<OneStarMaker.Runtime.AbstractApplicationInitializer/<LoadSceneResourceMapAsync>d__31, OneStarMaker.Runtime.SceneSystem.SceneResourceMap>:Run () (at ./Library/PackageCache/com.cysharp.unitask@360e370345b9/Runtime/CompilerServices/StateMachineRunner.cs:313)
Cysharp.Threading.Tasks.AwaiterActions:Continuation (object) (at ./Library/PackageCache/com.cysharp.unitask@360e370345b9/Runtime/UniTask.cs:25)
Cysharp.Threading.Tasks.UniTaskCompletionSourceCore`1<OneStarMaker.Runtime.AssetManagement.IAssetHandle`1<OneStarMaker.Runtime.SceneSystem.SceneResourceMap>>:TrySetResult (OneStarMaker.Runtime.AssetManagement.IAssetHandle`1<OneStarMaker.Runtime.SceneSystem.SceneResourceMap>) (at ./Library/PackageCache/com.cysharp.unitask@360e370345b9/Runtime/UniTaskCompletionSource.cs:139)
Cysharp.Threading.Tasks.CompilerServices.AsyncUniTask`2<OneStarMaker.Runtime.AssetManagement.AssetManagement/<LoadAssetAsync>d__18`1<OneStarMaker.Runtime.SceneSystem.SceneResourceMap>, OneStarMaker.Runtime.AssetManagement.IAssetHandle`1<OneStarMaker.Runtime.SceneSystem.SceneResourceMap>>:SetResult (OneStarMaker.Runtime.AssetManagement.IAssetHandle`1<OneStarMaker.Runtime.SceneSystem.SceneResourceMap>) (at ./Library/PackageCache/com.cysharp.unitask@360e370345b9/Runtime/CompilerServices/StateMachineRunner.cs:328)
Cysharp.Threading.Tasks.CompilerServices.AsyncUniTaskMethodBuilder`1<OneStarMaker.Runtime.AssetManagement.IAssetHandle`1<OneStarMaker.Runtime.SceneSystem.SceneResourceMap>>:SetResult (OneStarMaker.Runtime.AssetManagement.IAssetHandle`1<OneStarMaker.Runtime.SceneSystem.SceneResourceMap>) (at ./Library/PackageCache/com.cysharp.unitask@360e370345b9/Runtime/CompilerServices/AsyncUniTaskMethodBuilder.cs:201)
OneStarMaker.Runtime.AssetManagement.AssetManagement/<LoadAssetAsync>d__18`1<OneStarMaker.Runtime.SceneSystem.SceneResourceMap>:MoveNext () (at Assets/OneStarMaker/Scripts/Runtime/AssetManagement/AssetManagement.cs:74)
Cysharp.Threading.Tasks.CompilerServices.AsyncUniTask`2<OneStarMaker.Runtime.AssetManagement.AssetManagement/<LoadAssetAsync>d__18`1<OneStarMaker.Runtime.SceneSystem.SceneResourceMap>, OneStarMaker.Runtime.AssetManagement.IAssetHandle`1<OneStarMaker.Runtime.SceneSystem.SceneResourceMap>>:Run () (at ./Library/PackageCache/com.cysharp.unitask@360e370345b9/Runtime/CompilerServices/StateMachineRunner.cs:313)
Cysharp.Threading.Tasks.AwaiterActions:Continuation (object) (at ./Library/PackageCache/com.cysharp.unitask@360e370345b9/Runtime/UniTask.cs:25)
Cysharp.Threading.Tasks.UniTaskCompletionSourceCore`1<OneStarMaker.Runtime.AssetManagement.Internal.IBackendAsset>:TrySetResult (OneStarMaker.Runtime.AssetManagement.Internal.IBackendAsset) (at ./Library/PackageCache/com.cysharp.unitask@360e370345b9/Runtime/UniTaskCompletionSource.cs:139)
Cysharp.Threading.Tasks.CompilerServices.AsyncUniTask`2<OneStarMaker.Runtime.AssetManagement.AssetManagement/<LoadBackendAssetDedup>d__36`1<OneStarMaker.Runtime.SceneSystem.SceneResourceMap>, OneStarMaker.Runtime.AssetManagement.Internal.IBackendAsset>:SetResult (OneStarMaker.Runtime.AssetManagement.Internal.IBackendAsset) (at ./Library/PackageCache/com.cysharp.unitask@360e370345b9/Runtime/CompilerServices/StateMachineRunner.cs:328)
Cysharp.Threading.Tasks.CompilerServices.AsyncUniTaskMethodBuilder`1<OneStarMaker.Runtime.AssetManagement.Internal.IBackendAsset>:SetResult (OneStarMaker.Runtime.AssetManagement.Internal.IBackendAsset) (at ./Library/PackageCache/com.cysharp.unitask@360e370345b9/Runtime/CompilerServices/AsyncUniTaskMethodBuilder.cs:201)
OneStarMaker.Runtime.AssetManagement.AssetManagement/<LoadBackendAssetDedup>d__36`1<OneStarMaker.Runtime.SceneSystem.SceneResourceMap>:MoveNext () (at Assets/OneStarMaker/Scripts/Runtime/AssetManagement/AssetManagement.cs:343)
Cysharp.Threading.Tasks.CompilerServices.AsyncUniTask`2<OneStarMaker.Runtime.AssetManagement.AssetManagement/<LoadBackendAssetDedup>d__36`1<OneStarMaker.Runtime.SceneSystem.SceneResourceMap>, OneStarMaker.Runtime.AssetManagement.Internal.IBackendAsset>:Run () (at ./Library/PackageCache/com.cysharp.unitask@360e370345b9/Runtime/CompilerServices/StateMachineRunner.cs:313)
Cysharp.Threading.Tasks.AwaiterActions:Continuation (object) (at ./Library/PackageCache/com.cysharp.unitask@360e370345b9/Runtime/UniTask.cs:25)
Cysharp.Threading.Tasks.UniTaskCompletionSourceCore`1<OneStarMaker.Runtime.AssetManagement.Internal.IBackendAsset>:TrySetResult (OneStarMaker.Runtime.AssetManagement.Internal.IBackendAsset) (at ./Library/PackageCache/com.cysharp.unitask@360e370345b9/Runtime/UniTaskCompletionSource.cs:139)
Cysharp.Threading.Tasks.CompilerServices.AsyncUniTask`2<OneStarMaker.Runtime.AssetManagement.Internal.AddressableBackend/<LoadAssetAsync>d__0`1<OneStarMaker.Runtime.SceneSystem.SceneResourceMap>, OneStarMaker.Runtime.AssetManagement.Internal.IBackendAsset>:SetResult (OneStarMaker.Runtime.AssetManagement.Internal.IBackendAsset) (at ./Library/PackageCache/com.cysharp.unitask@360e370345b9/Runtime/CompilerServices/StateMachineRunner.cs:328)
Cysharp.Threading.Tasks.CompilerServices.AsyncUniTaskMethodBuilder`1<OneStarMaker.Runtime.AssetManagement.Internal.IBackendAsset>:SetResult (OneStarMaker.Runtime.AssetManagement.Internal.IBackendAsset) (at ./Library/PackageCache/com.cysharp.unitask@360e370345b9/Runtime/CompilerServices/AsyncUniTaskMethodBuilder.cs:201)
OneStarMaker.Runtime.AssetManagement.Internal.AddressableBackend/<LoadAssetAsync>d__0`1<OneStarMaker.Runtime.SceneSystem.SceneResourceMap>:MoveNext () (at Assets/OneStarMaker/Scripts/Runtime/AssetManagement/Internal/AddressableBackend.cs:26)
Cysharp.Threading.Tasks.CompilerServices.AsyncUniTask`2<OneStarMaker.Runtime.AssetManagement.Internal.AddressableBackend/<LoadAssetAsync>d__0`1<OneStarMaker.Runtime.SceneSystem.SceneResourceMap>, OneStarMaker.Runtime.AssetManagement.Internal.IBackendAsset>:Run () (at ./Library/PackageCache/com.cysharp.unitask@360e370345b9/Runtime/CompilerServices/StateMachineRunner.cs:313)
Cysharp.Threading.Tasks.AwaiterActions:Continuation (object) (at ./Library/PackageCache/com.cysharp.unitask@360e370345b9/Runtime/UniTask.cs:25)
Cysharp.Threading.Tasks.UniTaskCompletionSourceCore`1<Cysharp.Threading.Tasks.AsyncUnit>:TrySetResult (Cysharp.Threading.Tasks.AsyncUnit) (at ./Library/PackageCache/com.cysharp.unitask@360e370345b9/Runtime/UniTaskCompletionSource.cs:139)
Cysharp.Threading.Tasks.CompilerServices.AsyncUniTask`1<OneStarMaker.Runtime.AssetManagement.Internal.AddressableBackend/<AwaitHandle>d__6`1<OneStarMaker.Runtime.SceneSystem.SceneResourceMap>>:SetResult () (at ./Library/PackageCache/com.cysharp.unitask@360e370345b9/Runtime/CompilerServices/StateMachineRunner.cs:204)
Cysharp.Threading.Tasks.CompilerServices.AsyncUniTaskMethodBuilder:SetResult () (at ./Library/PackageCache/com.cysharp.unitask@360e370345b9/Runtime/CompilerServices/AsyncUniTaskMethodBuilder.cs:70)
OneStarMaker.Runtime.AssetManagement.Internal.AddressableBackend/<AwaitHandle>d__6`1<OneStarMaker.Runtime.SceneSystem.SceneResourceMap>:MoveNext () (at Assets/OneStarMaker/Scripts/Runtime/AssetManagement/Internal/AddressableBackend.cs:105)
Cysharp.Threading.Tasks.CompilerServices.AsyncUniTask`1<OneStarMaker.Runtime.AssetManagement.Internal.AddressableBackend/<AwaitHandle>d__6`1<OneStarMaker.Runtime.SceneSystem.SceneResourceMap>>:Run () (at ./Library/PackageCache/com.cysharp.unitask@360e370345b9/Runtime/CompilerServices/StateMachineRunner.cs:189)
Cysharp.Threading.Tasks.AwaiterActions:Continuation (object) (at ./Library/PackageCache/com.cysharp.unitask@360e370345b9/Runtime/UniTask.cs:25)
Cysharp.Threading.Tasks.UniTaskCompletionSourceCore`1<OneStarMaker.Runtime.SceneSystem.SceneResourceMap>:TrySetResult (OneStarMaker.Runtime.SceneSystem.SceneResourceMap) (at ./Library/PackageCache/com.cysharp.unitask@360e370345b9/Runtime/UniTaskCompletionSource.cs:139)
Cysharp.Threading.Tasks.AddressablesAsyncExtensions/AsyncOperationHandleConfiguredSource`1<OneStarMaker.Runtime.SceneSystem.SceneResourceMap>:HandleCompleted (UnityEngine.ResourceManagement.AsyncOperations.AsyncOperationHandle`1<OneStarMaker.Runtime.SceneSystem.SceneResourceMap>) (at ./Library/PackageCache/com.cysharp.unitask@360e370345b9/Runtime/External/Addressables/AddressablesAsyncExtensions.cs:398)
DelegateList`1<UnityEngine.ResourceManagement.AsyncOperations.AsyncOperationHandle`1<OneStarMaker.Runtime.SceneSystem.SceneResourceMap>>:Invoke (UnityEngine.ResourceManagement.AsyncOperations.AsyncOperationHandle`1<OneStarMaker.Runtime.SceneSystem.SceneResourceMap>) (at ./Library/PackageCache/com.unity.addressables@42676f2a154e/Runtime/ResourceManager/Util/DelegateList.cs:75)
UnityEngine.ResourceManagement.AsyncOperations.AsyncOperationBase`1<OneStarMaker.Runtime.SceneSystem.SceneResourceMap>:InvokeCompletionEvent () (at ./Library/PackageCache/com.unity.addressables@42676f2a154e/Runtime/ResourceManager/AsyncOperations/AsyncOperationBase.cs:391)
UnityEngine.ResourceManagement.AsyncOperations.AsyncOperationBase`1<OneStarMaker.Runtime.SceneSystem.SceneResourceMap>:Complete (OneStarMaker.Runtime.SceneSystem.SceneResourceMap,bool,System.Exception,bool) (at ./Library/PackageCache/com.unity.addressables@42676f2a154e/Runtime/ResourceManager/AsyncOperations/AsyncOperationBase.cs:494)
UnityEngine.ResourceManagement.AsyncOperations.ProviderOperation`1<OneStarMaker.Runtime.SceneSystem.SceneResourceMap>:ProviderCompleted<object> (object,bool,System.Exception) (at ./Library/PackageCache/com.unity.addressables@42676f2a154e/Runtime/ResourceManager/AsyncOperations/ProviderOperation.cs:189)
UnityEngine.ResourceManagement.ResourceProviders.ProvideHandle:Complete<object> (object,bool,System.Exception) (at ./Library/PackageCache/com.unity.addressables@42676f2a154e/Runtime/ResourceManager/ResourceProviders/IResourceProvider.cs:146)
UnityEngine.ResourceManagement.ResourceProviders.AssetDatabaseProvider/InternalOp:LoadImmediate () (at ./Library/PackageCache/com.unity.addressables@42676f2a154e/Runtime/ResourceManager/ResourceProviders/AssetDatabaseProvider.cs:130)
System.Reflection.RuntimeMethodInfo:Invoke (object,System.Reflection.BindingFlags,System.Reflection.Binder,object[],System.Globalization.CultureInfo)
System.Reflection.MethodBase:Invoke (object,object[])
System.Delegate:DynamicInvokeImpl (object[])
System.MulticastDelegate:DynamicInvokeImpl (object[])
System.Delegate:DynamicInvoke (object[])
UnityEngine.ResourceManagement.Util.DelayedActionManager/DelegateInfo:Invoke () (at ./Library/PackageCache/com.unity.addressables@42676f2a154e/Runtime/ResourceManager/Util/DelayedActionManager.cs:55)
UnityEngine.ResourceManagement.Util.DelayedActionManager:InternalLateUpdate (single) (at ./Library/PackageCache/com.unity.addressables@42676f2a154e/Runtime/ResourceManager/Util/DelayedActionManager.cs:192)
UnityEngine.ResourceManagement.Util.DelayedActionManager:LateUpdate () (at ./Library/PackageCache/com.unity.addressables@42676f2a154e/Runtime/ResourceManager/Util/DelayedActionManager.cs:171)

(Filename: Assets/OneStarMaker/Scripts/Runtime/DebugSocketServices/Transport/DebugSocketTransportHost.cs Line: 148)

[AppInit] DebugSocket transport start sequence finished. mode=Connect, isRunning=True.
UnityEngine.Debug:ExtractStackTraceNoAlloc (byte*,int,string)
UnityEngine.StackTraceUtility:ExtractStackTrace ()
UnityEngine.DebugLogHandler:Internal_Log (UnityEngine.LogType,UnityEngine.LogOption,string,UnityEngine.Object)
UnityEngine.DebugLogHandler:LogFormat (UnityEngine.LogType,UnityEngine.Object,string,object[])
UnityEngine.Logger:Log (UnityEngine.LogType,object)
UnityEngine.Debug:Log (object)
OneStarMaker.Runtime.AbstractApplicationInitializer/<StartFrameworkServicesAsync>d__39:MoveNext () (at Assets/OneStarMaker/Scripts/Runtime/Bootstrap/AbstractApplicationInitializer.cs:679)
Cysharp.Threading.Tasks.CompilerServices.AsyncUniTaskMethodBuilder:Start<OneStarMaker.Runtime.AbstractApplicationInitializer/<StartFrameworkServicesAsync>d__39> (OneStarMaker.Runtime.AbstractApplicationInitializer/<StartFrameworkServicesAsync>d__39&) (at ./Library/PackageCache/com.cysharp.unitask@360e370345b9/Runtime/CompilerServices/AsyncUniTaskMethodBuilder.cs:111)
OneStarMaker.Runtime.AbstractApplicationInitializer:StartFrameworkServicesAsync (System.Threading.CancellationToken)
OneStarMaker.Runtime.AbstractApplicationInitializer/<InitializeAfterSceneLoad>d__28:MoveNext () (at Assets/OneStarMaker/Scripts/Runtime/Bootstrap/AbstractApplicationInitializer.cs:263)
Cysharp.Threading.Tasks.CompilerServices.AsyncUniTaskVoid`1<OneStarMaker.Runtime.AbstractApplicationInitializer/<InitializeAfterSceneLoad>d__28>:Run () (at ./Library/PackageCache/com.cysharp.unitask@360e370345b9/Runtime/CompilerServices/StateMachineRunner.cs:104)
Cysharp.Threading.Tasks.AwaiterActions:Continuation (object) (at ./Library/PackageCache/com.cysharp.unitask@360e370345b9/Runtime/UniTask.cs:25)
Cysharp.Threading.Tasks.UniTaskCompletionSourceCore`1<OneStarMaker.Runtime.SceneSystem.SceneResourceMap>:TrySetResult (OneStarMaker.Runtime.SceneSystem.SceneResourceMap) (at ./Library/PackageCache/com.cysharp.unitask@360e370345b9/Runtime/UniTaskCompletionSource.cs:139)
Cysharp.Threading.Tasks.CompilerServices.AsyncUniTask`2<OneStarMaker.Runtime.AbstractApplicationInitializer/<LoadSceneResourceMapAsync>d__31, OneStarMaker.Runtime.SceneSystem.SceneResourceMap>:SetResult (OneStarMaker.Runtime.SceneSystem.SceneResourceMap) (at ./Library/PackageCache/com.cysharp.unitask@360e370345b9/Runtime/CompilerServices/StateMachineRunner.cs:328)
Cysharp.Threading.Tasks.CompilerServices.AsyncUniTaskMethodBuilder`1<OneStarMaker.Runtime.SceneSystem.SceneResourceMap>:SetResult (OneStarMaker.Runtime.SceneSystem.SceneResourceMap) (at ./Library/PackageCache/com.cysharp.unitask@360e370345b9/Runtime/CompilerServices/AsyncUniTaskMethodBuilder.cs:201)
OneStarMaker.Runtime.AbstractApplicationInitializer/<LoadSceneResourceMapAsync>d__31:MoveNext () (at Assets/OneStarMaker/Scripts/Runtime/Bootstrap/AbstractApplicationInitializer.cs:460)
Cysharp.Threading.Tasks.CompilerServices.AsyncUniTask`2<OneStarMaker.Runtime.AbstractApplicationInitializer/<LoadSceneResourceMapAsync>d__31, OneStarMaker.Runtime.SceneSystem.SceneResourceMap>:Run () (at ./Library/PackageCache/com.cysharp.unitask@360e370345b9/Runtime/CompilerServices/StateMachineRunner.cs:313)
Cysharp.Threading.Tasks.AwaiterActions:Continuation (object) (at ./Library/PackageCache/com.cysharp.unitask@360e370345b9/Runtime/UniTask.cs:25)
Cysharp.Threading.Tasks.UniTaskCompletionSourceCore`1<OneStarMaker.Runtime.AssetManagement.IAssetHandle`1<OneStarMaker.Runtime.SceneSystem.SceneResourceMap>>:TrySetResult (OneStarMaker.Runtime.AssetManagement.IAssetHandle`1<OneStarMaker.Runtime.SceneSystem.SceneResourceMap>) (at ./Library/PackageCache/com.cysharp.unitask@360e370345b9/Runtime/UniTaskCompletionSource.cs:139)
Cysharp.Threading.Tasks.CompilerServices.AsyncUniTask`2<OneStarMaker.Runtime.AssetManagement.AssetManagement/<LoadAssetAsync>d__18`1<OneStarMaker.Runtime.SceneSystem.SceneResourceMap>, OneStarMaker.Runtime.AssetManagement.IAssetHandle`1<OneStarMaker.Runtime.SceneSystem.SceneResourceMap>>:SetResult (OneStarMaker.Runtime.AssetManagement.IAssetHandle`1<OneStarMaker.Runtime.SceneSystem.SceneResourceMap>) (at ./Library/PackageCache/com.cysharp.unitask@360e370345b9/Runtime/CompilerServices/StateMachineRunner.cs:328)
Cysharp.Threading.Tasks.CompilerServices.AsyncUniTaskMethodBuilder`1<OneStarMaker.Runtime.AssetManagement.IAssetHandle`1<OneStarMaker.Runtime.SceneSystem.SceneResourceMap>>:SetResult (OneStarMaker.Runtime.AssetManagement.IAssetHandle`1<OneStarMaker.Runtime.SceneSystem.SceneResourceMap>) (at ./Library/PackageCache/com.cysharp.unitask@360e370345b9/Runtime/CompilerServices/AsyncUniTaskMethodBuilder.cs:201)
OneStarMaker.Runtime.AssetManagement.AssetManagement/<LoadAssetAsync>d__18`1<OneStarMaker.Runtime.SceneSystem.SceneResourceMap>:MoveNext () (at Assets/OneStarMaker/Scripts/Runtime/AssetManagement/AssetManagement.cs:74)
Cysharp.Threading.Tasks.CompilerServices.AsyncUniTask`2<OneStarMaker.Runtime.AssetManagement.AssetManagement/<LoadAssetAsync>d__18`1<OneStarMaker.Runtime.SceneSystem.SceneResourceMap>, OneStarMaker.Runtime.AssetManagement.IAssetHandle`1<OneStarMaker.Runtime.SceneSystem.SceneResourceMap>>:Run () (at ./Library/PackageCache/com.cysharp.unitask@360e370345b9/Runtime/CompilerServices/StateMachineRunner.cs:313)
Cysharp.Threading.Tasks.AwaiterActions:Continuation (object) (at ./Library/PackageCache/com.cysharp.unitask@360e370345b9/Runtime/UniTask.cs:25)
Cysharp.Threading.Tasks.UniTaskCompletionSourceCore`1<OneStarMaker.Runtime.AssetManagement.Internal.IBackendAsset>:TrySetResult (OneStarMaker.Runtime.AssetManagement.Internal.IBackendAsset) (at ./Library/PackageCache/com.cysharp.unitask@360e370345b9/Runtime/UniTaskCompletionSource.cs:139)
Cysharp.Threading.Tasks.CompilerServices.AsyncUniTask`2<OneStarMaker.Runtime.AssetManagement.AssetManagement/<LoadBackendAssetDedup>d__36`1<OneStarMaker.Runtime.SceneSystem.SceneResourceMap>, OneStarMaker.Runtime.AssetManagement.Internal.IBackendAsset>:SetResult (OneStarMaker.Runtime.AssetManagement.Internal.IBackendAsset) (at ./Library/PackageCache/com.cysharp.unitask@360e370345b9/Runtime/CompilerServices/StateMachineRunner.cs:328)
Cysharp.Threading.Tasks.CompilerServices.AsyncUniTaskMethodBuilder`1<OneStarMaker.Runtime.AssetManagement.Internal.IBackendAsset>:SetResult (OneStarMaker.Runtime.AssetManagement.Internal.IBackendAsset) (at ./Library/PackageCache/com.cysharp.unitask@360e370345b9/Runtime/CompilerServices/AsyncUniTaskMethodBuilder.cs:201)
OneStarMaker.Runtime.AssetManagement.AssetManagement/<LoadBackendAssetDedup>d__36`1<OneStarMaker.Runtime.SceneSystem.SceneResourceMap>:MoveNext () (at Assets/OneStarMaker/Scripts/Runtime/AssetManagement/AssetManagement.cs:343)
Cysharp.Threading.Tasks.CompilerServices.AsyncUniTask`2<OneStarMaker.Runtime.AssetManagement.AssetManagement/<LoadBackendAssetDedup>d__36`1<OneStarMaker.Runtime.SceneSystem.SceneResourceMap>, OneStarMaker.Runtime.AssetManagement.Internal.IBackendAsset>:Run () (at ./Library/PackageCache/com.cysharp.unitask@360e370345b9/Runtime/CompilerServices/StateMachineRunner.cs:313)
Cysharp.Threading.Tasks.AwaiterActions:Continuation (object) (at ./Library/PackageCache/com.cysharp.unitask@360e370345b9/Runtime/UniTask.cs:25)
Cysharp.Threading.Tasks.UniTaskCompletionSourceCore`1<OneStarMaker.Runtime.AssetManagement.Internal.IBackendAsset>:TrySetResult (OneStarMaker.Runtime.AssetManagement.Internal.IBackendAsset) (at ./Library/PackageCache/com.cysharp.unitask@360e370345b9/Runtime/UniTaskCompletionSource.cs:139)
Cysharp.Threading.Tasks.CompilerServices.AsyncUniTask`2<OneStarMaker.Runtime.AssetManagement.Internal.AddressableBackend/<LoadAssetAsync>d__0`1<OneStarMaker.Runtime.SceneSystem.SceneResourceMap>, OneStarMaker.Runtime.AssetManagement.Internal.IBackendAsset>:SetResult (OneStarMaker.Runtime.AssetManagement.Internal.IBackendAsset) (at ./Library/PackageCache/com.cysharp.unitask@360e370345b9/Runtime/CompilerServices/StateMachineRunner.cs:328)
Cysharp.Threading.Tasks.CompilerServices.AsyncUniTaskMethodBuilder`1<OneStarMaker.Runtime.AssetManagement.Internal.IBackendAsset>:SetResult (OneStarMaker.Runtime.AssetManagement.Internal.IBackendAsset) (at ./Library/PackageCache/com.cysharp.unitask@360e370345b9/Runtime/CompilerServices/AsyncUniTaskMethodBuilder.cs:201)
OneStarMaker.Runtime.AssetManagement.Internal.AddressableBackend/<LoadAssetAsync>d__0`1<OneStarMaker.Runtime.SceneSystem.SceneResourceMap>:MoveNext () (at Assets/OneStarMaker/Scripts/Runtime/AssetManagement/Internal/AddressableBackend.cs:26)
Cysharp.Threading.Tasks.CompilerServices.AsyncUniTask`2<OneStarMaker.Runtime.AssetManagement.Internal.AddressableBackend/<LoadAssetAsync>d__0`1<OneStarMaker.Runtime.SceneSystem.SceneResourceMap>, OneStarMaker.Runtime.AssetManagement.Internal.IBackendAsset>:Run () (at ./Library/PackageCache/com.cysharp.unitask@360e370345b9/Runtime/CompilerServices/StateMachineRunner.cs:313)
Cysharp.Threading.Tasks.AwaiterActions:Continuation (object) (at ./Library/PackageCache/com.cysharp.unitask@360e370345b9/Runtime/UniTask.cs:25)
Cysharp.Threading.Tasks.UniTaskCompletionSourceCore`1<Cysharp.Threading.Tasks.AsyncUnit>:TrySetResult (Cysharp.Threading.Tasks.AsyncUnit) (at ./Library/PackageCache/com.cysharp.unitask@360e370345b9/Runtime/UniTaskCompletionSource.cs:139)
Cysharp.Threading.Tasks.CompilerServices.AsyncUniTask`1<OneStarMaker.Runtime.AssetManagement.Internal.AddressableBackend/<AwaitHandle>d__6`1<OneStarMaker.Runtime.SceneSystem.SceneResourceMap>>:SetResult () (at ./Library/PackageCache/com.cysharp.unitask@360e370345b9/Runtime/CompilerServices/StateMachineRunner.cs:204)
Cysharp.Threading.Tasks.CompilerServices.AsyncUniTaskMethodBuilder:SetResult () (at ./Library/PackageCache/com.cysharp.unitask@360e370345b9/Runtime/CompilerServices/AsyncUniTaskMethodBuilder.cs:70)
OneStarMaker.Runtime.AssetManagement.Internal.AddressableBackend/<AwaitHandle>d__6`1<OneStarMaker.Runtime.SceneSystem.SceneResourceMap>:MoveNext () (at Assets/OneStarMaker/Scripts/Runtime/AssetManagement/Internal/AddressableBackend.cs:105)
Cysharp.Threading.Tasks.CompilerServices.AsyncUniTask`1<OneStarMaker.Runtime.AssetManagement.Internal.AddressableBackend/<AwaitHandle>d__6`1<OneStarMaker.Runtime.SceneSystem.SceneResourceMap>>:Run () (at ./Library/PackageCache/com.cysharp.unitask@360e370345b9/Runtime/CompilerServices/StateMachineRunner.cs:189)
Cysharp.Threading.Tasks.AwaiterActions:Continuation (object) (at ./Library/PackageCache/com.cysharp.unitask@360e370345b9/Runtime/UniTask.cs:25)
Cysharp.Threading.Tasks.UniTaskCompletionSourceCore`1<OneStarMaker.Runtime.SceneSystem.SceneResourceMap>:TrySetResult (OneStarMaker.Runtime.SceneSystem.SceneResourceMap) (at ./Library/PackageCache/com.cysharp.unitask@360e370345b9/Runtime/UniTaskCompletionSource.cs:139)
Cysharp.Threading.Tasks.AddressablesAsyncExtensions/AsyncOperationHandleConfiguredSource`1<OneStarMaker.Runtime.SceneSystem.SceneResourceMap>:HandleCompleted (UnityEngine.ResourceManagement.AsyncOperations.AsyncOperationHandle`1<OneStarMaker.Runtime.SceneSystem.SceneResourceMap>) (at ./Library/PackageCache/com.cysharp.unitask@360e370345b9/Runtime/External/Addressables/AddressablesAsyncExtensions.cs:398)
DelegateList`1<UnityEngine.ResourceManagement.AsyncOperations.AsyncOperationHandle`1<OneStarMaker.Runtime.SceneSystem.SceneResourceMap>>:Invoke (UnityEngine.ResourceManagement.AsyncOperations.AsyncOperationHandle`1<OneStarMaker.Runtime.SceneSystem.SceneResourceMap>) (at ./Library/PackageCache/com.unity.addressables@42676f2a154e/Runtime/ResourceManager/Util/DelegateList.cs:75)
UnityEngine.ResourceManagement.AsyncOperations.AsyncOperationBase`1<OneStarMaker.Runtime.SceneSystem.SceneResourceMap>:InvokeCompletionEvent () (at ./Library/PackageCache/com.unity.addressables@42676f2a154e/Runtime/ResourceManager/AsyncOperations/AsyncOperationBase.cs:391)
UnityEngine.ResourceManagement.AsyncOperations.AsyncOperationBase`1<OneStarMaker.Runtime.SceneSystem.SceneResourceMap>:Complete (OneStarMaker.Runtime.SceneSystem.SceneResourceMap,bool,System.Exception,bool) (at ./Library/PackageCache/com.unity.addressables@42676f2a154e/Runtime/ResourceManager/AsyncOperations/AsyncOperationBase.cs:494)
UnityEngine.ResourceManagement.AsyncOperations.ProviderOperation`1<OneStarMaker.Runtime.SceneSystem.SceneResourceMap>:ProviderCompleted<object> (object,bool,System.Exception) (at ./Library/PackageCache/com.unity.addressables@42676f2a154e/Runtime/ResourceManager/AsyncOperations/ProviderOperation.cs:189)
UnityEngine.ResourceManagement.ResourceProviders.ProvideHandle:Complete<object> (object,bool,System.Exception) (at ./Library/PackageCache/com.unity.addressables@42676f2a154e/Runtime/ResourceManager/ResourceProviders/IResourceProvider.cs:146)
UnityEngine.ResourceManagement.ResourceProviders.AssetDatabaseProvider/InternalOp:LoadImmediate () (at ./Library/PackageCache/com.unity.addressables@42676f2a154e/Runtime/ResourceManager/ResourceProviders/AssetDatabaseProvider.cs:130)
System.Reflection.RuntimeMethodInfo:Invoke (object,System.Reflection.BindingFlags,System.Reflection.Binder,object[],System.Globalization.CultureInfo)
System.Reflection.MethodBase:Invoke (object,object[])
System.Delegate:DynamicInvokeImpl (object[])
System.MulticastDelegate:DynamicInvokeImpl (object[])
System.Delegate:DynamicInvoke (object[])
UnityEngine.ResourceManagement.Util.DelayedActionManager/DelegateInfo:Invoke () (at ./Library/PackageCache/com.unity.addressables@42676f2a154e/Runtime/ResourceManager/Util/DelayedActionManager.cs:55)
UnityEngine.ResourceManagement.Util.DelayedActionManager:InternalLateUpdate (single) (at ./Library/PackageCache/com.unity.addressables@42676f2a154e/Runtime/ResourceManager/Util/DelayedActionManager.cs:192)
UnityEngine.ResourceManagement.Util.DelayedActionManager:LateUpdate () (at ./Library/PackageCache/com.unity.addressables@42676f2a154e/Runtime/ResourceManager/Util/DelayedActionManager.cs:171)

(Filename: Assets/OneStarMaker/Scripts/Runtime/Bootstrap/AbstractApplicationInitializer.cs Line: 679)

[AppInit] SceneResourceMap に未登録のシーンをスキップ: 
UnityEngine.Debug:ExtractStackTraceNoAlloc (byte*,int,string)
UnityEngine.StackTraceUtility:ExtractStackTrace ()
UnityEngine.DebugLogHandler:Internal_Log (UnityEngine.LogType,UnityEngine.LogOption,string,UnityEngine.Object)
UnityEngine.DebugLogHandler:LogFormat (UnityEngine.LogType,UnityEngine.Object,string,object[])
UnityEngine.Logger:Log (UnityEngine.LogType,object)
UnityEngine.Debug:Log (object)
OneStarMaker.Runtime.AbstractApplicationInitializer/<RegisterAlreadyLoadedScenes>d__37:MoveNext () (at Assets/OneStarMaker/Scripts/Runtime/Bootstrap/AbstractApplicationInitializer.cs:637)
Cysharp.Threading.Tasks.CompilerServices.AsyncUniTaskMethodBuilder:Start<OneStarMaker.Runtime.AbstractApplicationInitializer/<RegisterAlreadyLoadedScenes>d__37> (OneStarMaker.Runtime.AbstractApplicationInitializer/<RegisterAlreadyLoadedScenes>d__37&) (at ./Library/PackageCache/com.cysharp.unitask@360e370345b9/Runtime/CompilerServices/AsyncUniTaskMethodBuilder.cs:111)
OneStarMaker.Runtime.AbstractApplicationInitializer:RegisterAlreadyLoadedScenes (System.Threading.CancellationToken)
OneStarMaker.Runtime.AbstractApplicationInitializer/<InitializeAfterSceneLoad>d__28:MoveNext () (at Assets/OneStarMaker/Scripts/Runtime/Bootstrap/AbstractApplicationInitializer.cs:323)
Cysharp.Threading.Tasks.CompilerServices.AsyncUniTaskVoid`1<OneStarMaker.Runtime.AbstractApplicationInitializer/<InitializeAfterSceneLoad>d__28>:Run () (at ./Library/PackageCache/com.cysharp.unitask@360e370345b9/Runtime/CompilerServices/StateMachineRunner.cs:104)
Cysharp.Threading.Tasks.AwaiterActions:Continuation (object) (at ./Library/PackageCache/com.cysharp.unitask@360e370345b9/Runtime/UniTask.cs:25)
Cysharp.Threading.Tasks.UniTaskCompletionSourceCore`1<OneStarMaker.Runtime.SceneSystem.SceneResourceMap>:TrySetResult (OneStarMaker.Runtime.SceneSystem.SceneResourceMap) (at ./Library/PackageCache/com.cysharp.unitask@360e370345b9/Runtime/UniTaskCompletionSource.cs:139)
Cysharp.Threading.Tasks.CompilerServices.AsyncUniTask`2<OneStarMaker.Runtime.AbstractApplicationInitializer/<LoadSceneResourceMapAsync>d__31, OneStarMaker.Runtime.SceneSystem.SceneResourceMap>:SetResult (OneStarMaker.Runtime.SceneSystem.SceneResourceMap) (at ./Library/PackageCache/com.cysharp.unitask@360e370345b9/Runtime/CompilerServices/StateMachineRunner.cs:328)
Cysharp.Threading.Tasks.CompilerServices.AsyncUniTaskMethodBuilder`1<OneStarMaker.Runtime.SceneSystem.SceneResourceMap>:SetResult (OneStarMaker.Runtime.SceneSystem.SceneResourceMap) (at ./Library/PackageCache/com.cysharp.unitask@360e370345b9/Runtime/CompilerServices/AsyncUniTaskMethodBuilder.cs:201)
OneStarMaker.Runtime.AbstractApplicationInitializer/<LoadSceneResourceMapAsync>d__31:MoveNext () (at Assets/OneStarMaker/Scripts/Runtime/Bootstrap/AbstractApplicationInitializer.cs:460)
Cysharp.Threading.Tasks.CompilerServices.AsyncUniTask`2<OneStarMaker.Runtime.AbstractApplicationInitializer/<LoadSceneResourceMapAsync>d__31, OneStarMaker.Runtime.SceneSystem.SceneResourceMap>:Run () (at ./Library/PackageCache/com.cysharp.unitask@360e370345b9/Runtime/CompilerServices/StateMachineRunner.cs:313)
Cysharp.Threading.Tasks.AwaiterActions:Continuation (object) (at ./Library/PackageCache/com.cysharp.unitask@360e370345b9/Runtime/UniTask.cs:25)
Cysharp.Threading.Tasks.UniTaskCompletionSourceCore`1<OneStarMaker.Runtime.AssetManagement.IAssetHandle`1<OneStarMaker.Runtime.SceneSystem.SceneResourceMap>>:TrySetResult (OneStarMaker.Runtime.AssetManagement.IAssetHandle`1<OneStarMaker.Runtime.SceneSystem.SceneResourceMap>) (at ./Library/PackageCache/com.cysharp.unitask@360e370345b9/Runtime/UniTaskCompletionSource.cs:139)
Cysharp.Threading.Tasks.CompilerServices.AsyncUniTask`2<OneStarMaker.Runtime.AssetManagement.AssetManagement/<LoadAssetAsync>d__18`1<OneStarMaker.Runtime.SceneSystem.SceneResourceMap>, OneStarMaker.Runtime.AssetManagement.IAssetHandle`1<OneStarMaker.Runtime.SceneSystem.SceneResourceMap>>:SetResult (OneStarMaker.Runtime.AssetManagement.IAssetHandle`1<OneStarMaker.Runtime.SceneSystem.SceneResourceMap>) (at ./Library/PackageCache/com.cysharp.unitask@360e370345b9/Runtime/CompilerServices/StateMachineRunner.cs:328)
Cysharp.Threading.Tasks.CompilerServices.AsyncUniTaskMethodBuilder`1<OneStarMaker.Runtime.AssetManagement.IAssetHandle`1<OneStarMaker.Runtime.SceneSystem.SceneResourceMap>>:SetResult (OneStarMaker.Runtime.AssetManagement.IAssetHandle`1<OneStarMaker.Runtime.SceneSystem.SceneResourceMap>) (at ./Library/PackageCache/com.cysharp.unitask@360e370345b9/Runtime/CompilerServices/AsyncUniTaskMethodBuilder.cs:201)
OneStarMaker.Runtime.AssetManagement.AssetManagement/<LoadAssetAsync>d__18`1<OneStarMaker.Runtime.SceneSystem.SceneResourceMap>:MoveNext () (at Assets/OneStarMaker/Scripts/Runtime/AssetManagement/AssetManagement.cs:74)
Cysharp.Threading.Tasks.CompilerServices.AsyncUniTask`2<OneStarMaker.Runtime.AssetManagement.AssetManagement/<LoadAssetAsync>d__18`1<OneStarMaker.Runtime.SceneSystem.SceneResourceMap>, OneStarMaker.Runtime.AssetManagement.IAssetHandle`1<OneStarMaker.Runtime.SceneSystem.SceneResourceMap>>:Run () (at ./Library/PackageCache/com.cysharp.unitask@360e370345b9/Runtime/CompilerServices/StateMachineRunner.cs:313)
Cysharp.Threading.Tasks.AwaiterActions:Continuation (object) (at ./Library/PackageCache/com.cysharp.unitask@360e370345b9/Runtime/UniTask.cs:25)
Cysharp.Threading.Tasks.UniTaskCompletionSourceCore`1<OneStarMaker.Runtime.AssetManagement.Internal.IBackendAsset>:TrySetResult (OneStarMaker.Runtime.AssetManagement.Internal.IBackendAsset) (at ./Library/PackageCache/com.cysharp.unitask@360e370345b9/Runtime/UniTaskCompletionSource.cs:139)
Cysharp.Threading.Tasks.CompilerServices.AsyncUniTask`2<OneStarMaker.Runtime.AssetManagement.AssetManagement/<LoadBackendAssetDedup>d__36`1<OneStarMaker.Runtime.SceneSystem.SceneResourceMap>, OneStarMaker.Runtime.AssetManagement.Internal.IBackendAsset>:SetResult (OneStarMaker.Runtime.AssetManagement.Internal.IBackendAsset) (at ./Library/PackageCache/com.cysharp.unitask@360e370345b9/Runtime/CompilerServices/StateMachineRunner.cs:328)
Cysharp.Threading.Tasks.CompilerServices.AsyncUniTaskMethodBuilder`1<OneStarMaker.Runtime.AssetManagement.Internal.IBackendAsset>:SetResult (OneStarMaker.Runtime.AssetManagement.Internal.IBackendAsset) (at ./Library/PackageCache/com.cysharp.unitask@360e370345b9/Runtime/CompilerServices/AsyncUniTaskMethodBuilder.cs:201)
OneStarMaker.Runtime.AssetManagement.AssetManagement/<LoadBackendAssetDedup>d__36`1<OneStarMaker.Runtime.SceneSystem.SceneResourceMap>:MoveNext () (at Assets/OneStarMaker/Scripts/Runtime/AssetManagement/AssetManagement.cs:343)
Cysharp.Threading.Tasks.CompilerServices.AsyncUniTask`2<OneStarMaker.Runtime.AssetManagement.AssetManagement/<LoadBackendAssetDedup>d__36`1<OneStarMaker.Runtime.SceneSystem.SceneResourceMap>, OneStarMaker.Runtime.AssetManagement.Internal.IBackendAsset>:Run () (at ./Library/PackageCache/com.cysharp.unitask@360e370345b9/Runtime/CompilerServices/StateMachineRunner.cs:313)
Cysharp.Threading.Tasks.AwaiterActions:Continuation (object) (at ./Library/PackageCache/com.cysharp.unitask@360e370345b9/Runtime/UniTask.cs:25)
Cysharp.Threading.Tasks.UniTaskCompletionSourceCore`1<OneStarMaker.Runtime.AssetManagement.Internal.IBackendAsset>:TrySetResult (OneStarMaker.Runtime.AssetManagement.Internal.IBackendAsset) (at ./Library/PackageCache/com.cysharp.unitask@360e370345b9/Runtime/UniTaskCompletionSource.cs:139)
Cysharp.Threading.Tasks.CompilerServices.AsyncUniTask`2<OneStarMaker.Runtime.AssetManagement.Internal.AddressableBackend/<LoadAssetAsync>d__0`1<OneStarMaker.Runtime.SceneSystem.SceneResourceMap>, OneStarMaker.Runtime.AssetManagement.Internal.IBackendAsset>:SetResult (OneStarMaker.Runtime.AssetManagement.Internal.IBackendAsset) (at ./Library/PackageCache/com.cysharp.unitask@360e370345b9/Runtime/CompilerServices/StateMachineRunner.cs:328)
Cysharp.Threading.Tasks.CompilerServices.AsyncUniTaskMethodBuilder`1<OneStarMaker.Runtime.AssetManagement.Internal.IBackendAsset>:SetResult (OneStarMaker.Runtime.AssetManagement.Internal.IBackendAsset) (at ./Library/PackageCache/com.cysharp.unitask@360e370345b9/Runtime/CompilerServices/AsyncUniTaskMethodBuilder.cs:201)
OneStarMaker.Runtime.AssetManagement.Internal.AddressableBackend/<LoadAssetAsync>d__0`1<OneStarMaker.Runtime.SceneSystem.SceneResourceMap>:MoveNext () (at Assets/OneStarMaker/Scripts/Runtime/AssetManagement/Internal/AddressableBackend.cs:26)
Cysharp.Threading.Tasks.CompilerServices.AsyncUniTask`2<OneStarMaker.Runtime.AssetManagement.Internal.AddressableBackend/<LoadAssetAsync>d__0`1<OneStarMaker.Runtime.SceneSystem.SceneResourceMap>, OneStarMaker.Runtime.AssetManagement.Internal.IBackendAsset>:Run () (at ./Library/PackageCache/com.cysharp.unitask@360e370345b9/Runtime/CompilerServices/StateMachineRunner.cs:313)
Cysharp.Threading.Tasks.AwaiterActions:Continuation (object) (at ./Library/PackageCache/com.cysharp.unitask@360e370345b9/Runtime/UniTask.cs:25)
Cysharp.Threading.Tasks.UniTaskCompletionSourceCore`1<Cysharp.Threading.Tasks.AsyncUnit>:TrySetResult (Cysharp.Threading.Tasks.AsyncUnit) (at ./Library/PackageCache/com.cysharp.unitask@360e370345b9/Runtime/UniTaskCompletionSource.cs:139)
Cysharp.Threading.Tasks.CompilerServices.AsyncUniTask`1<OneStarMaker.Runtime.AssetManagement.Internal.AddressableBackend/<AwaitHandle>d__6`1<OneStarMaker.Runtime.SceneSystem.SceneResourceMap>>:SetResult () (at ./Library/PackageCache/com.cysharp.unitask@360e370345b9/Runtime/CompilerServices/StateMachineRunner.cs:204)
Cysharp.Threading.Tasks.CompilerServices.AsyncUniTaskMethodBuilder:SetResult () (at ./Library/PackageCache/com.cysharp.unitask@360e370345b9/Runtime/CompilerServices/AsyncUniTaskMethodBuilder.cs:70)
OneStarMaker.Runtime.AssetManagement.Internal.AddressableBackend/<AwaitHandle>d__6`1<OneStarMaker.Runtime.SceneSystem.SceneResourceMap>:MoveNext () (at Assets/OneStarMaker/Scripts/Runtime/AssetManagement/Internal/AddressableBackend.cs:105)
Cysharp.Threading.Tasks.CompilerServices.AsyncUniTask`1<OneStarMaker.Runtime.AssetManagement.Internal.AddressableBackend/<AwaitHandle>d__6`1<OneStarMaker.Runtime.SceneSystem.SceneResourceMap>>:Run () (at ./Library/PackageCache/com.cysharp.unitask@360e370345b9/Runtime/CompilerServices/StateMachineRunner.cs:189)
Cysharp.Threading.Tasks.AwaiterActions:Continuation (object) (at ./Library/PackageCache/com.cysharp.unitask@360e370345b9/Runtime/UniTask.cs:25)
Cysharp.Threading.Tasks.UniTaskCompletionSourceCore`1<OneStarMaker.Runtime.SceneSystem.SceneResourceMap>:TrySetResult (OneStarMaker.Runtime.SceneSystem.SceneResourceMap) (at ./Library/PackageCache/com.cysharp.unitask@360e370345b9/Runtime/UniTaskCompletionSource.cs:139)
Cysharp.Threading.Tasks.AddressablesAsyncExtensions/AsyncOperationHandleConfiguredSource`1<OneStarMaker.Runtime.SceneSystem.SceneResourceMap>:HandleCompleted (UnityEngine.ResourceManagement.AsyncOperations.AsyncOperationHandle`1<OneStarMaker.Runtime.SceneSystem.SceneResourceMap>) (at ./Library/PackageCache/com.cysharp.unitask@360e370345b9/Runtime/External/Addressables/AddressablesAsyncExtensions.cs:398)
DelegateList`1<UnityEngine.ResourceManagement.AsyncOperations.AsyncOperationHandle`1<OneStarMaker.Runtime.SceneSystem.SceneResourceMap>>:Invoke (UnityEngine.ResourceManagement.AsyncOperations.AsyncOperationHandle`1<OneStarMaker.Runtime.SceneSystem.SceneResourceMap>) (at ./Library/PackageCache/com.unity.addressables@42676f2a154e/Runtime/ResourceManager/Util/DelegateList.cs:75)
UnityEngine.ResourceManagement.AsyncOperations.AsyncOperationBase`1<OneStarMaker.Runtime.SceneSystem.SceneResourceMap>:InvokeCompletionEvent () (at ./Library/PackageCache/com.unity.addressables@42676f2a154e/Runtime/ResourceManager/AsyncOperations/AsyncOperationBase.cs:391)
UnityEngine.ResourceManagement.AsyncOperations.AsyncOperationBase`1<OneStarMaker.Runtime.SceneSystem.SceneResourceMap>:Complete (OneStarMaker.Runtime.SceneSystem.SceneResourceMap,bool,System.Exception,bool) (at ./Library/PackageCache/com.unity.addressables@42676f2a154e/Runtime/ResourceManager/AsyncOperations/AsyncOperationBase.cs:494)
UnityEngine.ResourceManagement.AsyncOperations.ProviderOperation`1<OneStarMaker.Runtime.SceneSystem.SceneResourceMap>:ProviderCompleted<object> (object,bool,System.Exception) (at ./Library/PackageCache/com.unity.addressables@42676f2a154e/Runtime/ResourceManager/AsyncOperations/ProviderOperation.cs:189)
UnityEngine.ResourceManagement.ResourceProviders.ProvideHandle:Complete<object> (object,bool,System.Exception) (at ./Library/PackageCache/com.unity.addressables@42676f2a154e/Runtime/ResourceManager/ResourceProviders/IResourceProvider.cs:146)
UnityEngine.ResourceManagement.ResourceProviders.AssetDatabaseProvider/InternalOp:LoadImmediate () (at ./Library/PackageCache/com.unity.addressables@42676f2a154e/Runtime/ResourceManager/ResourceProviders/AssetDatabaseProvider.cs:130)
System.Reflection.RuntimeMethodInfo:Invoke (object,System.Reflection.BindingFlags,System.Reflection.Binder,object[],System.Globalization.CultureInfo)
System.Reflection.MethodBase:Invoke (object,object[])
System.Delegate:DynamicInvokeImpl (object[])
System.MulticastDelegate:DynamicInvokeImpl (object[])
System.Delegate:DynamicInvoke (object[])
UnityEngine.ResourceManagement.Util.DelayedActionManager/DelegateInfo:Invoke () (at ./Library/PackageCache/com.unity.addressables@42676f2a154e/Runtime/ResourceManager/Util/DelayedActionManager.cs:55)
UnityEngine.ResourceManagement.Util.DelayedActionManager:InternalLateUpdate (single) (at ./Library/PackageCache/com.unity.addressables@42676f2a154e/Runtime/ResourceManager/Util/DelayedActionManager.cs:192)
UnityEngine.ResourceManagement.Util.DelayedActionManager:LateUpdate () (at ./Library/PackageCache/com.unity.addressables@42676f2a154e/Runtime/ResourceManager/Util/DelayedActionManager.cs:171)

(Filename: Assets/OneStarMaker/Scripts/Runtime/Bootstrap/AbstractApplicationInitializer.cs Line: 637)

[AppInit] SceneResourceMap に未登録のシーンをスキップ: UIScene
UnityEngine.Debug:ExtractStackTraceNoAlloc (byte*,int,string)
UnityEngine.StackTraceUtility:ExtractStackTrace ()
UnityEngine.DebugLogHandler:Internal_Log (UnityEngine.LogType,UnityEngine.LogOption,string,UnityEngine.Object)
UnityEngine.DebugLogHandler:LogFormat (UnityEngine.LogType,UnityEngine.Object,string,object[])
UnityEngine.Logger:Log (UnityEngine.LogType,object)
UnityEngine.Debug:Log (object)
OneStarMaker.Runtime.AbstractApplicationInitializer/<RegisterAlreadyLoadedScenes>d__37:MoveNext () (at Assets/OneStarMaker/Scripts/Runtime/Bootstrap/AbstractApplicationInitializer.cs:637)
Cysharp.Threading.Tasks.CompilerServices.AsyncUniTaskMethodBuilder:Start<OneStarMaker.Runtime.AbstractApplicationInitializer/<RegisterAlreadyLoadedScenes>d__37> (OneStarMaker.Runtime.AbstractApplicationInitializer/<RegisterAlreadyLoadedScenes>d__37&) (at ./Library/PackageCache/com.cysharp.unitask@360e370345b9/Runtime/CompilerServices/AsyncUniTaskMethodBuilder.cs:111)
OneStarMaker.Runtime.AbstractApplicationInitializer:RegisterAlreadyLoadedScenes (System.Threading.CancellationToken)
OneStarMaker.Runtime.AbstractApplicationInitializer/<InitializeAfterSceneLoad>d__28:MoveNext () (at Assets/OneStarMaker/Scripts/Runtime/Bootstrap/AbstractApplicationInitializer.cs:323)
Cysharp.Threading.Tasks.CompilerServices.AsyncUniTaskVoid`1<OneStarMaker.Runtime.AbstractApplicationInitializer/<InitializeAfterSceneLoad>d__28>:Run () (at ./Library/PackageCache/com.cysharp.unitask@360e370345b9/Runtime/CompilerServices/StateMachineRunner.cs:104)
Cysharp.Threading.Tasks.AwaiterActions:Continuation (object) (at ./Library/PackageCache/com.cysharp.unitask@360e370345b9/Runtime/UniTask.cs:25)
Cysharp.Threading.Tasks.UniTaskCompletionSourceCore`1<OneStarMaker.Runtime.SceneSystem.SceneResourceMap>:TrySetResult (OneStarMaker.Runtime.SceneSystem.SceneResourceMap) (at ./Library/PackageCache/com.cysharp.unitask@360e370345b9/Runtime/UniTaskCompletionSource.cs:139)
Cysharp.Threading.Tasks.CompilerServices.AsyncUniTask`2<OneStarMaker.Runtime.AbstractApplicationInitializer/<LoadSceneResourceMapAsync>d__31, OneStarMaker.Runtime.SceneSystem.SceneResourceMap>:SetResult (OneStarMaker.Runtime.SceneSystem.SceneResourceMap) (at ./Library/PackageCache/com.cysharp.unitask@360e370345b9/Runtime/CompilerServices/StateMachineRunner.cs:328)
Cysharp.Threading.Tasks.CompilerServices.AsyncUniTaskMethodBuilder`1<OneStarMaker.Runtime.SceneSystem.SceneResourceMap>:SetResult (OneStarMaker.Runtime.SceneSystem.SceneResourceMap) (at ./Library/PackageCache/com.cysharp.unitask@360e370345b9/Runtime/CompilerServices/AsyncUniTaskMethodBuilder.cs:201)
OneStarMaker.Runtime.AbstractApplicationInitializer/<LoadSceneResourceMapAsync>d__31:MoveNext () (at Assets/OneStarMaker/Scripts/Runtime/Bootstrap/AbstractApplicationInitializer.cs:460)
Cysharp.Threading.Tasks.CompilerServices.AsyncUniTask`2<OneStarMaker.Runtime.AbstractApplicationInitializer/<LoadSceneResourceMapAsync>d__31, OneStarMaker.Runtime.SceneSystem.SceneResourceMap>:Run () (at ./Library/PackageCache/com.cysharp.unitask@360e370345b9/Runtime/CompilerServices/StateMachineRunner.cs:313)
Cysharp.Threading.Tasks.AwaiterActions:Continuation (object) (at ./Library/PackageCache/com.cysharp.unitask@360e370345b9/Runtime/UniTask.cs:25)
Cysharp.Threading.Tasks.UniTaskCompletionSourceCore`1<OneStarMaker.Runtime.AssetManagement.IAssetHandle`1<OneStarMaker.Runtime.SceneSystem.SceneResourceMap>>:TrySetResult (OneStarMaker.Runtime.AssetManagement.IAssetHandle`1<OneStarMaker.Runtime.SceneSystem.SceneResourceMap>) (at ./Library/PackageCache/com.cysharp.unitask@360e370345b9/Runtime/UniTaskCompletionSource.cs:139)
Cysharp.Threading.Tasks.CompilerServices.AsyncUniTask`2<OneStarMaker.Runtime.AssetManagement.AssetManagement/<LoadAssetAsync>d__18`1<OneStarMaker.Runtime.SceneSystem.SceneResourceMap>, OneStarMaker.Runtime.AssetManagement.IAssetHandle`1<OneStarMaker.Runtime.SceneSystem.SceneResourceMap>>:SetResult (OneStarMaker.Runtime.AssetManagement.IAssetHandle`1<OneStarMaker.Runtime.SceneSystem.SceneResourceMap>) (at ./Library/PackageCache/com.cysharp.unitask@360e370345b9/Runtime/CompilerServices/StateMachineRunner.cs:328)
Cysharp.Threading.Tasks.CompilerServices.AsyncUniTaskMethodBuilder`1<OneStarMaker.Runtime.AssetManagement.IAssetHandle`1<OneStarMaker.Runtime.SceneSystem.SceneResourceMap>>:SetResult (OneStarMaker.Runtime.AssetManagement.IAssetHandle`1<OneStarMaker.Runtime.SceneSystem.SceneResourceMap>) (at ./Library/PackageCache/com.cysharp.unitask@360e370345b9/Runtime/CompilerServices/AsyncUniTaskMethodBuilder.cs:201)
OneStarMaker.Runtime.AssetManagement.AssetManagement/<LoadAssetAsync>d__18`1<OneStarMaker.Runtime.SceneSystem.SceneResourceMap>:MoveNext () (at Assets/OneStarMaker/Scripts/Runtime/AssetManagement/AssetManagement.cs:74)
Cysharp.Threading.Tasks.CompilerServices.AsyncUniTask`2<OneStarMaker.Runtime.AssetManagement.AssetManagement/<LoadAssetAsync>d__18`1<OneStarMaker.Runtime.SceneSystem.SceneResourceMap>, OneStarMaker.Runtime.AssetManagement.IAssetHandle`1<OneStarMaker.Runtime.SceneSystem.SceneResourceMap>>:Run () (at ./Library/PackageCache/com.cysharp.unitask@360e370345b9/Runtime/CompilerServices/StateMachineRunner.cs:313)
Cysharp.Threading.Tasks.AwaiterActions:Continuation (object) (at ./Library/PackageCache/com.cysharp.unitask@360e370345b9/Runtime/UniTask.cs:25)
Cysharp.Threading.Tasks.UniTaskCompletionSourceCore`1<OneStarMaker.Runtime.AssetManagement.Internal.IBackendAsset>:TrySetResult (OneStarMaker.Runtime.AssetManagement.Internal.IBackendAsset) (at ./Library/PackageCache/com.cysharp.unitask@360e370345b9/Runtime/UniTaskCompletionSource.cs:139)
Cysharp.Threading.Tasks.CompilerServices.AsyncUniTask`2<OneStarMaker.Runtime.AssetManagement.AssetManagement/<LoadBackendAssetDedup>d__36`1<OneStarMaker.Runtime.SceneSystem.SceneResourceMap>, OneStarMaker.Runtime.AssetManagement.Internal.IBackendAsset>:SetResult (OneStarMaker.Runtime.AssetManagement.Internal.IBackendAsset) (at ./Library/PackageCache/com.cysharp.unitask@360e370345b9/Runtime/CompilerServices/StateMachineRunner.cs:328)
Cysharp.Threading.Tasks.CompilerServices.AsyncUniTaskMethodBuilder`1<OneStarMaker.Runtime.AssetManagement.Internal.IBackendAsset>:SetResult (OneStarMaker.Runtime.AssetManagement.Internal.IBackendAsset) (at ./Library/PackageCache/com.cysharp.unitask@360e370345b9/Runtime/CompilerServices/AsyncUniTaskMethodBuilder.cs:201)
OneStarMaker.Runtime.AssetManagement.AssetManagement/<LoadBackendAssetDedup>d__36`1<OneStarMaker.Runtime.SceneSystem.SceneResourceMap>:MoveNext () (at Assets/OneStarMaker/Scripts/Runtime/AssetManagement/AssetManagement.cs:343)
Cysharp.Threading.Tasks.CompilerServices.AsyncUniTask`2<OneStarMaker.Runtime.AssetManagement.AssetManagement/<LoadBackendAssetDedup>d__36`1<OneStarMaker.Runtime.SceneSystem.SceneResourceMap>, OneStarMaker.Runtime.AssetManagement.Internal.IBackendAsset>:Run () (at ./Library/PackageCache/com.cysharp.unitask@360e370345b9/Runtime/CompilerServices/StateMachineRunner.cs:313)
Cysharp.Threading.Tasks.AwaiterActions:Continuation (object) (at ./Library/PackageCache/com.cysharp.unitask@360e370345b9/Runtime/UniTask.cs:25)
Cysharp.Threading.Tasks.UniTaskCompletionSourceCore`1<OneStarMaker.Runtime.AssetManagement.Internal.IBackendAsset>:TrySetResult (OneStarMaker.Runtime.AssetManagement.Internal.IBackendAsset) (at ./Library/PackageCache/com.cysharp.unitask@360e370345b9/Runtime/UniTaskCompletionSource.cs:139)
Cysharp.Threading.Tasks.CompilerServices.AsyncUniTask`2<OneStarMaker.Runtime.AssetManagement.Internal.AddressableBackend/<LoadAssetAsync>d__0`1<OneStarMaker.Runtime.SceneSystem.SceneResourceMap>, OneStarMaker.Runtime.AssetManagement.Internal.IBackendAsset>:SetResult (OneStarMaker.Runtime.AssetManagement.Internal.IBackendAsset) (at ./Library/PackageCache/com.cysharp.unitask@360e370345b9/Runtime/CompilerServices/StateMachineRunner.cs:328)
Cysharp.Threading.Tasks.CompilerServices.AsyncUniTaskMethodBuilder`1<OneStarMaker.Runtime.AssetManagement.Internal.IBackendAsset>:SetResult (OneStarMaker.Runtime.AssetManagement.Internal.IBackendAsset) (at ./Library/PackageCache/com.cysharp.unitask@360e370345b9/Runtime/CompilerServices/AsyncUniTaskMethodBuilder.cs:201)
OneStarMaker.Runtime.AssetManagement.Internal.AddressableBackend/<LoadAssetAsync>d__0`1<OneStarMaker.Runtime.SceneSystem.SceneResourceMap>:MoveNext () (at Assets/OneStarMaker/Scripts/Runtime/AssetManagement/Internal/AddressableBackend.cs:26)
Cysharp.Threading.Tasks.CompilerServices.AsyncUniTask`2<OneStarMaker.Runtime.AssetManagement.Internal.AddressableBackend/<LoadAssetAsync>d__0`1<OneStarMaker.Runtime.SceneSystem.SceneResourceMap>, OneStarMaker.Runtime.AssetManagement.Internal.IBackendAsset>:Run () (at ./Library/PackageCache/com.cysharp.unitask@360e370345b9/Runtime/CompilerServices/StateMachineRunner.cs:313)
Cysharp.Threading.Tasks.AwaiterActions:Continuation (object) (at ./Library/PackageCache/com.cysharp.unitask@360e370345b9/Runtime/UniTask.cs:25)
Cysharp.Threading.Tasks.UniTaskCompletionSourceCore`1<Cysharp.Threading.Tasks.AsyncUnit>:TrySetResult (Cysharp.Threading.Tasks.AsyncUnit) (at ./Library/PackageCache/com.cysharp.unitask@360e370345b9/Runtime/UniTaskCompletionSource.cs:139)
Cysharp.Threading.Tasks.CompilerServices.AsyncUniTask`1<OneStarMaker.Runtime.AssetManagement.Internal.AddressableBackend/<AwaitHandle>d__6`1<OneStarMaker.Runtime.SceneSystem.SceneResourceMap>>:SetResult () (at ./Library/PackageCache/com.cysharp.unitask@360e370345b9/Runtime/CompilerServices/StateMachineRunner.cs:204)
Cysharp.Threading.Tasks.CompilerServices.AsyncUniTaskMethodBuilder:SetResult () (at ./Library/PackageCache/com.cysharp.unitask@360e370345b9/Runtime/CompilerServices/AsyncUniTaskMethodBuilder.cs:70)
OneStarMaker.Runtime.AssetManagement.Internal.AddressableBackend/<AwaitHandle>d__6`1<OneStarMaker.Runtime.SceneSystem.SceneResourceMap>:MoveNext () (at Assets/OneStarMaker/Scripts/Runtime/AssetManagement/Internal/AddressableBackend.cs:105)
Cysharp.Threading.Tasks.CompilerServices.AsyncUniTask`1<OneStarMaker.Runtime.AssetManagement.Internal.AddressableBackend/<AwaitHandle>d__6`1<OneStarMaker.Runtime.SceneSystem.SceneResourceMap>>:Run () (at ./Library/PackageCache/com.cysharp.unitask@360e370345b9/Runtime/CompilerServices/StateMachineRunner.cs:189)
Cysharp.Threading.Tasks.AwaiterActions:Continuation (object) (at ./Library/PackageCache/com.cysharp.unitask@360e370345b9/Runtime/UniTask.cs:25)
Cysharp.Threading.Tasks.UniTaskCompletionSourceCore`1<OneStarMaker.Runtime.SceneSystem.SceneResourceMap>:TrySetResult (OneStarMaker.Runtime.SceneSystem.SceneResourceMap) (at ./Library/PackageCache/com.cysharp.unitask@360e370345b9/Runtime/UniTaskCompletionSource.cs:139)
Cysharp.Threading.Tasks.AddressablesAsyncExtensions/AsyncOperationHandleConfiguredSource`1<OneStarMaker.Runtime.SceneSystem.SceneResourceMap>:HandleCompleted (UnityEngine.ResourceManagement.AsyncOperations.AsyncOperationHandle`1<OneStarMaker.Runtime.SceneSystem.SceneResourceMap>) (at ./Library/PackageCache/com.cysharp.unitask@360e370345b9/Runtime/External/Addressables/AddressablesAsyncExtensions.cs:398)
DelegateList`1<UnityEngine.ResourceManagement.AsyncOperations.AsyncOperationHandle`1<OneStarMaker.Runtime.SceneSystem.SceneResourceMap>>:Invoke (UnityEngine.ResourceManagement.AsyncOperations.AsyncOperationHandle`1<OneStarMaker.Runtime.SceneSystem.SceneResourceMap>) (at ./Library/PackageCache/com.unity.addressables@42676f2a154e/Runtime/ResourceManager/Util/DelegateList.cs:75)
UnityEngine.ResourceManagement.AsyncOperations.AsyncOperationBase`1<OneStarMaker.Runtime.SceneSystem.SceneResourceMap>:InvokeCompletionEvent () (at ./Library/PackageCache/com.unity.addressables@42676f2a154e/Runtime/ResourceManager/AsyncOperations/AsyncOperationBase.cs:391)
UnityEngine.ResourceManagement.AsyncOperations.AsyncOperationBase`1<OneStarMaker.Runtime.SceneSystem.SceneResourceMap>:Complete (OneStarMaker.Runtime.SceneSystem.SceneResourceMap,bool,System.Exception,bool) (at ./Library/PackageCache/com.unity.addressables@42676f2a154e/Runtime/ResourceManager/AsyncOperations/AsyncOperationBase.cs:494)
UnityEngine.ResourceManagement.AsyncOperations.ProviderOperation`1<OneStarMaker.Runtime.SceneSystem.SceneResourceMap>:ProviderCompleted<object> (object,bool,System.Exception) (at ./Library/PackageCache/com.unity.addressables@42676f2a154e/Runtime/ResourceManager/AsyncOperations/ProviderOperation.cs:189)
UnityEngine.ResourceManagement.ResourceProviders.ProvideHandle:Complete<object> (object,bool,System.Exception) (at ./Library/PackageCache/com.unity.addressables@42676f2a154e/Runtime/ResourceManager/ResourceProviders/IResourceProvider.cs:146)
UnityEngine.ResourceManagement.ResourceProviders.AssetDatabaseProvider/InternalOp:LoadImmediate () (at ./Library/PackageCache/com.unity.addressables@42676f2a154e/Runtime/ResourceManager/ResourceProviders/AssetDatabaseProvider.cs:130)
System.Reflection.RuntimeMethodInfo:Invoke (object,System.Reflection.BindingFlags,System.Reflection.Binder,object[],System.Globalization.CultureInfo)
System.Reflection.MethodBase:Invoke (object,object[])
System.Delegate:DynamicInvokeImpl (object[])
System.MulticastDelegate:DynamicInvokeImpl (object[])
System.Delegate:DynamicInvoke (object[])
UnityEngine.ResourceManagement.Util.DelayedActionManager/DelegateInfo:Invoke () (at ./Library/PackageCache/com.unity.addressables@42676f2a154e/Runtime/ResourceManager/Util/DelayedActionManager.cs:55)
UnityEngine.ResourceManagement.Util.DelayedActionManager:InternalLateUpdate (single) (at ./Library/PackageCache/com.unity.addressables@42676f2a154e/Runtime/ResourceManager/Util/DelayedActionManager.cs:192)
UnityEngine.ResourceManagement.Util.DelayedActionManager:LateUpdate () (at ./Library/PackageCache/com.unity.addressables@42676f2a154e/Runtime/ResourceManager/Util/DelayedActionManager.cs:171)

(Filename: Assets/OneStarMaker/Scripts/Runtime/Bootstrap/AbstractApplicationInitializer.cs Line: 637)

Unloading 17 Unused Serialized files (Serialized files now loaded: 0)
Loaded scene 'Temp/__Backupscenes/0.backup'
	Deserialize:            0.393 ms
	Integration:            35.775 ms
	Integration of assets:  0.001 ms
	Thread Wait Time:       0.016 ms
	Total Operation Time:   36.185 ms
Unloading 118 unused Assets / (34.0 MB). Loaded Objects now: 12283.
Memory consumption went from 0.71 GB to 0.68 GB.
Total: 36.295700 ms (FindLiveObjects: 0.742000 ms CreateObjectMapping: 0.255100 ms MarkObjects: 33.603500 ms  DeleteObjects: 1.390200 ms)

[Licensing::Client] Successfully resolved entitlement details
[Licensing::Module] License group:
  Id: F4-FHTT-UPW9-SBMJ-JZ5Q-XXXX
  Product: Unity Personal
  Type: ULF
  Expiration: Unlimited
[Licensing::Module] License group:
  Id: 720108-UnityPersXXXX
  Product: Unity Personal
  Type: Assigned
  Expiration: Unlimited
[DebugSocket] Failed to connect to DebugStudio server. endpoint=ws://127.0.0.1:5011/debugsocket/, detail=Unable to connect to the remote server
UnityEngine.Debug:ExtractStackTraceNoAlloc (byte*,int,string)
UnityEngine.StackTraceUtility:ExtractStackTrace ()
UnityEngine.DebugLogHandler:Internal_Log (UnityEngine.LogType,UnityEngine.LogOption,string,UnityEngine.Object)
UnityEngine.DebugLogHandler:LogFormat (UnityEngine.LogType,UnityEngine.Object,string,object[])
UnityEngine.Logger:Log (UnityEngine.LogType,object)
UnityEngine.Debug:LogWarning (object)
OneStarMaker.Runtime.DebugSocketServices.DebugSocketTransportHost/<ConnectLoopAsync>d__15:MoveNext () (at Assets/OneStarMaker/Scripts/Runtime/DebugSocketServices/Transport/DebugSocketTransportHost.cs:176)
Cysharp.Threading.Tasks.CompilerServices.AsyncUniTask`1<OneStarMaker.Runtime.DebugSocketServices.DebugSocketTransportHost/<ConnectLoopAsync>d__15>:Run () (at ./Library/PackageCache/com.cysharp.unitask@360e370345b9/Runtime/CompilerServices/StateMachineRunner.cs:189)
Cysharp.Threading.Tasks.AwaiterActions:Continuation (object) (at ./Library/PackageCache/com.cysharp.unitask@360e370345b9/Runtime/UniTask.cs:25)
Cysharp.Threading.Tasks.UniTaskCompletionSource:TrySignalCompletion (Cysharp.Threading.Tasks.UniTaskStatus) (at ./Library/PackageCache/com.cysharp.unitask@360e370345b9/Runtime/UniTaskCompletionSource.cs:721)
Cysharp.Threading.Tasks.UniTaskCompletionSource:TrySetException (System.Exception) (at ./Library/PackageCache/com.cysharp.unitask@360e370345b9/Runtime/UniTaskCompletionSource.cs:635)
Cysharp.Threading.Tasks.UniTaskExtensions/<>c:<AsUniTask>b__33_0 (System.Threading.Tasks.Task,object) (at ./Library/PackageCache/com.cysharp.unitask@360e370345b9/Runtime/UniTaskExtensions.cs:61)
System.Threading.Tasks.ContinuationTaskFromTask:InnerInvoke ()
System.Threading.Tasks.Task:Execute ()
System.Threading.Tasks.Task:ExecutionContextCallback (object)
System.Threading.ExecutionContext:RunInternal (System.Threading.ExecutionContext,System.Threading.ContextCallback,object,bool)
System.Threading.ExecutionContext:Run (System.Threading.ExecutionContext,System.Threading.ContextCallback,object,bool)
System.Threading.Tasks.Task:ExecuteWithThreadLocal (System.Threading.Tasks.Task&)
System.Threading.Tasks.Task:ExecuteEntry (bool)
System.Threading.Tasks.SynchronizationContextTaskScheduler/<>c:<.cctor>b__8_0 (object)
UnityEngine.UnitySynchronizationContext/WorkRequest:Invoke ()
UnityEngine.UnitySynchronizationContext:Exec ()
UnityEngine.UnitySynchronizationContext:ExecuteTasks ()

(Filename: Assets/OneStarMaker/Scripts/Runtime/DebugSocketServices/Transport/DebugSocketTransportHost.cs Line: 176)

Refreshing native plugins compatible for Editor in 21.28 ms, found 4 plugins.
Asset Pipeline Refresh (id=019a2ec291476884ebc3b517f1d448dc): Total: 0.141 seconds - Initiated by StopAssetImportingV2(NoUpdateAssetOptions)
Refreshing native plugins compatible for Editor in 21.20 ms, found 4 plugins.
Asset Pipeline Refresh (id=8179a02a33c0fab41bf8131179ce66ee): Total: 0.128 seconds - Initiated by StopAssetImportingV2(NoUpdateAssetOptions)
Saving results to: C:/Users/void/AppData/LocalLow/DefaultCompany/SampleGame\TestResults.xml
Saving results to: D:\repositories\unity\SampleGameForOneStarMakerFramework\TestResults\results-ContentDirectory-20260918-175840.xml
Executing IPostBuildCleanup for: Unity.PerformanceTesting.Editor.TestRunBuilder.
UnityEngine.Debug:ExtractStackTraceNoAlloc (byte*,int,string)
UnityEngine.StackTraceUtility:ExtractStackTrace ()
UnityEngine.DebugLogHandler:Internal_Log (UnityEngine.LogType,UnityEngine.LogOption,string,UnityEngine.Object)
UnityEngine.DebugLogHandler:LogFormat (UnityEngine.LogType,UnityEngine.Object,string,object[])
UnityEngine.Logger:Log (UnityEngine.LogType,object)
UnityEngine.Debug:Log (object)
UnityEditor.TestTools.TestRunner.TestRun.Tasks.BuildActionTaskBase`1/<ExecuteMethods>d__8<UnityEngine.TestTools.IPostBuildCleanup>:MoveNext () (at ./Library/PackageCache/com.unity.test-framework@7a3849e09bd0/UnityEditor.TestRunner/TestRun/Tasks/BuildActionTaskBase.cs:48)
UnityEditor.TestTools.TestRunner.TestRun.Tasks.BuildActionTaskBase`1/<Execute>d__7<UnityEngine.TestTools.IPostBuildCleanup>:MoveNext () (at ./Library/PackageCache/com.unity.test-framework@7a3849e09bd0/UnityEditor.TestRunner/TestRun/Tasks/BuildActionTaskBase.cs:34)
UnityEditor.TestTools.TestRunner.TestRun.TestJobRunner:ExecuteStep () (at ./Library/PackageCache/com.unity.test-framework@7a3849e09bd0/UnityEditor.TestRunner/TestRun/TestJobRunner.cs:194)
UnityEditor.TestTools.TestRunner.TestRun.TestJobRunner:ExecuteCallback () (at ./Library/PackageCache/com.unity.test-framework@7a3849e09bd0/UnityEditor.TestRunner/TestRun/TestJobRunner.cs:129)
UnityEditor.EditorApplication:Internal_CallUpdateFunctions ()

(Filename: ./Library/PackageCache/com.unity.test-framework@7a3849e09bd0/UnityEditor.TestRunner/TestRun/Tasks/BuildActionTaskBase.cs Line: 48)

Unloading 1 Unused Serialized files (Serialized files now loaded: 0)
Unloading 83 unused Assets / (Unknown). Loaded Objects now: 12285.
Memory consumption went from 0.67 GB to 0.67 GB.
Total: 32.841800 ms (FindLiveObjects: 0.509000 ms CreateObjectMapping: 0.194100 ms MarkObjects: 31.139200 ms  DeleteObjects: 0.698200 ms)

DisplayProgressbar: Undo
Files generated by test without cleanup.
    Found 7 new files.
    Library/BuildInstructions/5e02dfb7a97c746469826401735260ba.buildinst
    Library/BuildInstructions/b25bad504f18b42863754f82a4f451d9.buildinst
    Library/BuildInstructions/73582591d243e0944af61f723067c961.buildinst
    Library/BuildInstructions/537117dcc2c5efab6e681d744675584a.buildinst
    Library/BuildInstructions/5fc77a85fc6ffad4cbf521cd28cbbc93.buildinst
    Library/BuildInstructions/7b13a8dd598952b4ab3730bb82e87424.buildinst
    Library/BuildInstructions/5f14ec9ae7a1e61458312a94bf4ffe23.buildinst
UnityEngine.Debug:ExtractStackTraceNoAlloc (byte*,int,string)
UnityEngine.StackTraceUtility:ExtractStackTrace ()
UnityEngine.DebugLogHandler:Internal_Log (UnityEngine.LogType,UnityEngine.LogOption,string,UnityEngine.Object)
UnityEngine.DebugLogHandler:LogFormat (UnityEngine.LogType,UnityEngine.Object,string,object[])
UnityEngine.Logger:Log (UnityEngine.LogType,object)
UnityEngine.Debug:LogWarning (object)
UnityEditor.TestTools.TestRunner.TestRun.Tasks.CleanupVerificationTask:LogWarningForFilesIfAny (string[],bool) (at ./Library/PackageCache/com.unity.test-framework@7a3849e09bd0/UnityEditor.TestRunner/TestRun/Tasks/CleanupVerificationTask.cs:55)
UnityEditor.TestTools.TestRunner.TestRun.Tasks.CleanupVerificationTask/<Execute>d__3:MoveNext () (at ./Library/PackageCache/com.unity.test-framework@7a3849e09bd0/UnityEditor.TestRunner/TestRun/Tasks/CleanupVerificationTask.cs:27)
UnityEditor.TestTools.TestRunner.TestRun.TestJobRunner:ExecuteStep () (at ./Library/PackageCache/com.unity.test-framework@7a3849e09bd0/UnityEditor.TestRunner/TestRun/TestJobRunner.cs:194)
UnityEditor.TestTools.TestRunner.TestRun.TestJobRunner:ExecuteCallback () (at ./Library/PackageCache/com.unity.test-framework@7a3849e09bd0/UnityEditor.TestRunner/TestRun/TestJobRunner.cs:129)
UnityEditor.EditorApplication:Internal_CallUpdateFunctions ()

(Filename: ./Library/PackageCache/com.unity.test-framework@7a3849e09bd0/UnityEditor.TestRunner/TestRun/Tasks/CleanupVerificationTask.cs Line: 55)

Test run completed. Exiting with code 0 (Ok). Run completed.
UnityEngine.Debug:ExtractStackTraceNoAlloc (byte*,int,string)
UnityEngine.StackTraceUtility:ExtractStackTrace ()
UnityEngine.DebugLogHandler:Internal_Log (UnityEngine.LogType,UnityEngine.LogOption,string,UnityEngine.Object)
UnityEngine.DebugLogHandler:LogFormat (UnityEngine.LogType,UnityEngine.Object,string,object[])
UnityEngine.Logger:Log (UnityEngine.LogType,object)
UnityEngine.Debug:Log (object)
UnityEditor.TestTools.TestRunner.CommandLineTest.Executer:ExitApplication (UnityEditor.TestTools.TestRunner.CommandLineTest.Executer/ReturnCodes,string) (at ./Library/PackageCache/com.unity.test-framework@7a3849e09bd0/UnityEditor.TestRunner/CommandLineTest/Executer.cs:81)
UnityEditor.TestTools.TestRunner.CommandLineTest.Executer:ExitIfRunIsCompleted () (at ./Library/PackageCache/com.unity.test-framework@7a3849e09bd0/UnityEditor.TestRunner/CommandLineTest/Executer.cs:74)
UnityEditor.EditorApplication:Internal_CallUpdateFunctions ()

(Filename: ./Library/PackageCache/com.unity.test-framework@7a3849e09bd0/UnityEditor.TestRunner/CommandLineTest/Executer.cs Line: 81)

MonoPathRemapper: Attempts to remap: 358133; Successful remaps: 37122
Serialized file version minimum: 22, current 23
Pipeline Server stopped
[Physics::Module] Cleanup current backend.
[Physics::Module] Id: 0xf2b8ea05
Input System module state changed to: ShutdownInProgress.
Input Polling Thread exited.
Input System module state changed to: Shutdown.
[Licensing::IpcConnector] LicenseClient-void-notifications channel disconnected successfully.
[Licensing::IpcConnector] LicenseClient-void channel disconnected successfully.
Lingering sessions upon destruction of worker manager
Unity Data Store service was successfully shut down
UDS shutting down local client system
AcceleratorClientConnectionCallback - disconnected - :0
Cleanup mono
CodeReloadManager destroyed
Checking for leaked weakptr:
  Found no leaked weakptrs.
[Package Manager] Server process was shutdown
##utp:{"type":"MemoryLeaks","version":2,"phase":"Immediate","time":1789722009158,"processId":3592,"allocatedMemory":21695403,"memoryLabels":[{"Default":312852},{"Permanent":15516},{"NewDelete":74367},{"Thread":4197944},{"Manager":34917},{"VertexData":8},{"Geometry":816},{"Texture":24},{"Shader":853032},{"Material":24},{"GfxDevice":55968},{"Animation":952},{"Audio":408},{"FreeType":8},{"FontEngine":736},{"Physics":1970},{"Physics2D":16},{"Serialization":33152},{"Input":42840},{"JobScheduler":256},{"TextLib":336},{"Mono":48},{"MonoCode":64},{"ScriptingNativeRuntime":1483432},{"BaseObject":49968},{"Resource":1208},{"Renderer":2376},{"Transform":4685},{"File":84955},{"WebCam":616},{"Culling":32},{"Terrain":11442},{"Wind":24},{"STL":40},{"String":1879759},{"StaticString":3808},{"Utility":2674806},{"Curl":2478},{"PoolAlloc":2264},{"AI":80},{"TypeTree":14869},{"ScriptManager":12640},{"CodeReload":448},{"RuntimeInitializeOnLoadManager":64},{"Sprites":102},{"SpriteAtlas":120},{"GI":7816},{"Director":8296},{"CloudService":288},{"WebRequest":552},{"VR":49650},{"SceneManager":608},{"Video":64},{"LazyScriptCache":32},{"Camera":729},{"Secure":2377},{"SerializationCache":9256},{"APIUpdating":10320},{"Subsystems":336},{"VirtualTexturing":57888},{"StaticSafetyDebugInfo":278528},{"Analytics":464},{"Hierarchy":1188},{"UIElements":40},{"CoreStats":14456},{"Identifiers":7152},{"Gui":128},{"EditorUtility":159851},{"VersionControl":8},{"Undo":931},{"AssetDatabase":9170090},{"AssetImporter":40},{"EditorGi":328},{"UnityConnect":40465},{"Upm":1912},{"UpmDiagnostics":8},{"AssetCompliance":96},{"DrivenProperties":72},{"LocalIPC":210},{"ProfilerEditor":9746},{"CoreBusinessMetrics":3224},{"Windowing":456},{"Licensing":1264},{"AssetReference":32},{"IPCStream":32}]}
