VBCSCompilerPreWarmer: pre-warm launched (dotnet PID 3008)
VBCSCompiler prewarm took 9.18 ms
[Licensing::Module] Trying to connect to existing licensing client channel...
Built from '6000.6/respin/6000.6.0f1-fa21a270ab12' branch; Version is '6000.6.0f1 (f7f8ed4d1e24) revision 16251117'; Using compiler version '194234433'; Build Type 'Release'
[Licensing::IpcConnector] Channel LicenseClient-void doesn't exist
OS: 'Windows 11  (10.0.26200) Core' Language: 'ja' Physical Memory: 16316 MB
BatchMode: 1, IsHumanControllingUs: 0, StartBugReporterOnCrash: 0, Is64bit: 1
System  architecture: x64
Process architecture: x64
Date: 2026-09-18T12:22:32Z
[Licensing::Module] Successfully launched the LicensingClient (PId: 34840)

COMMAND LINE ARGUMENTS:
D:\UnityEditor\6000.6.0f1\Editor\Unity.exe
-batchmode
-projectPath
D:\repositories\unity\SampleGameForOneStarMakerFramework\unity
-runTests
-testPlatform
EditMode
-testResults
D:\repositories\unity\SampleGameForOneStarMakerFramework\TestResults\results-ContentDirectory-20260918-212231.xml
-logFile
D:\repositories\unity\SampleGameForOneStarMakerFramework\TestResults\unity-ContentDirectory-20260918-212231.log
-testFilter
ContentDirectory
Successfully changed project path to: D:\repositories\unity\SampleGameForOneStarMakerFramework\unity
D:/repositories/unity/SampleGameForOneStarMakerFramework/unity
[UnityMemory] Configuration Parameters - Can be set up in boot.config
    "memorysetup-temp-allocator-size-gi-baking-worker=262144"
    "memorysetup-temp-allocator-size-gi-baking-worker=262144"
    "memorysetup-temp-allocator-size-gi-baking-worker=262144"
    "memorysetup-temp-allocator-size-gi-baking-worker=262144"
    "memorysetup-temp-allocator-size-gi-baking-worker=262144"
    "memorysetup-temp-allocator-size-nav-mesh-worker=65536"
    "memorysetup-temp-allocator-size-audio-worker=65536"
    "memorysetup-temp-allocator-size-cloud-worker=32768"
    "memorysetup-temp-allocator-size-gfx=262144"
    "memorysetup-remapper-allocator-initial-capacity=32768"
    "memorysetup-temp-allocator-size-preload-manager=33554432"
    "memorysetup-allocator-temp-initial-block-size-main=262144"
    "memorysetup-allocator-temp-initial-block-size-worker=262144"
    "memorysetup-temp-allocator-size-job-worker=262144"
    "memorysetup-temp-allocator-size-background-worker=32768"
    "memorysetup-bucket-allocator-granularity=16"
    "memorysetup-bucket-allocator-bucket-count=8"
    "memorysetup-bucket-allocator-block-size=33554432"
    "memorysetup-bucket-allocator-block-count=8"
    "memorysetup-main-allocator-block-size=16777216"
    "memorysetup-thread-allocator-block-size=16777216"
    "memorysetup-main-allocator-mimalloc-enabled=1"
    "memorysetup-gfx-main-allocator-block-size=16777216"
    "memorysetup-gfx-thread-allocator-block-size=16777216"
    "memorysetup-cache-allocator-block-size=4194304"
    "memorysetup-typetree-allocator-block-size=2097152"
    "memorysetup-profiler-bucket-allocator-granularity=16"
    "memorysetup-profiler-bucket-allocator-bucket-count=8"
    "memorysetup-profiler-bucket-allocator-block-size=33554432"
    "memorysetup-profiler-bucket-allocator-block-count=8"
    "memorysetup-profiler-allocator-block-size=16777216"
    "memorysetup-profiler-editor-allocator-block-size=1048576"
    "memorysetup-temp-allocator-size-main=16777216"
    "memorysetup-job-temp-allocator-block-size=2097152"
    "memorysetup-job-temp-allocator-block-size-background=1048576"
    "memorysetup-job-temp-allocator-reduction-small-platforms=262144"
Logging is directed to a specific file, skipping project log.
Player connection [21532]  Target information:

Player connection [21532]  * "[IP] 192.168.1.9 [Port] 55504 [Flags] 2 [Guid] 1256500619 [EditorId] 1256500619 [Version] 1048832 [Id] WindowsEditor(7,DESKTOP-U4E3PM1) [Debug] 1 [PackageName] WindowsEditor [ProjectName] Editor" 

Player connection [21532] Host joined multi-casting on [225.0.0.222:54997]...
Player connection [21532] Host joined alternative multi-casting on [225.0.0.222:34997]...
Input System module state changed to: Initialized.
[Physics::Module] Initialized fallback backend.
[Physics::Module] Id: 0xdecafbad
[Licensing::IpcConnector] Successfully connected to: "LicenseClient-void" at "2026-09-18T12:22:34.6898235Z"
[Licensing::Client] Code 10 while verifying Licensing Client signature (process Id: 34840, path: "D:/UnityEditor/6000.6.0f1/Editor/Data/Resources/Licensing/Client/Unity.Licensing.Client.exe")
[Licensing::Module] LicensingClient has failed validation; ignoring
[Licensing::Client] Handshaking with LicensingClient:
  Version:                 1.18.3+d7ffd15
  Session Id:              3f944cece86040f29a5feff1063f8811
  Correlation Id:          a18d069fb803d9289e6d7445974c88e0
  External correlation Id: 8341756626016841478
  Machine Id:              ALR1Ic4uZ9EdQzr0pucorcGNQXM=
[Licensing::Module] Successfully connected to LicensingClient on channel: "LicenseClient-void" (connect: 1.93s, validation: 0.69s, handshake: 0.04s)
[Licensing::IpcConnector] Successfully connected to: "LicenseClient-void-notifications" at "2026-09-18T12:22:35.4208498Z"
[Licensing::Module] Connected to LicensingClient (PId: 34840, launch time: 0.00, total connection time: 2.67s)
[Licensing::Module] Error: Access token is unavailable; failed to update
[Licensing::Client] Successfully resolved entitlement details
[Licensing::Module] License group:
  Id: F4-FHTT-UPW9-SBMJ-JZ5Q-XXXX
  Product: Unity Personal
  Type: ULF
  Expiration: Unlimited
[Licensing::Module] License group:
  Id: 720108-UnityPersXXXX
  Product: Unity Personal
  Type: Assigned
  Expiration: Unlimited
[Licensing::Client] Successfully updated license, isAsync: True, time: 0.01
[Licensing::Module] Licensing Background thread has ended after 2.69s
[Package Manager] Connected to IPC stream "Upm-22680" after 4.7 seconds.
[Licensing::Client] Successfully resolved entitlement details
[Licensing::Module] License group:
  Id: F4-FHTT-UPW9-SBMJ-JZ5Q-XXXX
  Product: Unity Personal
  Type: ULF
  Expiration: Unlimited
[Licensing::Module] License group:
  Id: 720108-UnityPersXXXX
  Product: Unity Personal
  Type: Assigned
  Expiration: Unlimited
Library Redirect Path: Library/
Launching Unity Data Store - D:/UnityEditor/6000.6.0f1/Editor/Data/Tools/Unity.DataStore.exe 
Unity Data Store artifact dir = Library/DataStore, working dir = D:/repositories/unity/SampleGameForOneStarMakerFramework/unity[Physics::Module] Selected backend.
[Physics::Module] Name: PhysX
[Physics::Module] Id: 0xf2b8ea05
[Physics::Module] SDK Version: 4.1.2
[Physics::Module] Integration Version: 1.0.0
[Physics::Module] Threading Mode: Multi-Threaded
Unity Data Store running and initialised
Refreshing native plugins compatible for Editor in 4.39 ms, found 0 plugins.
Initialize engine version: 6000.6.0f1 (f7f8ed4d1e24)
[EntityIdStore] init: VM path (explicit commit), pageSize=4096, blockCount=1048576, entitiesPerBlock=256, slots reserved=4294967296 bytes
[Subsystems] Discovering subsystems at path D:/UnityEditor/6000.6.0f1/Editor/Data/Resources/UnitySubsystems
[Subsystems] Discovering subsystems at path D:/repositories/unity/SampleGameForOneStarMakerFramework/unity/Assets
GfxDevice: creating device client; kGfxThreadingModeNonThreaded
Direct3D:
    Version:  Direct3D 11.0 [level 11.1]
    Renderer: NVIDIA GeForce RTX 2070 SUPER (ID=0x1e84)
    Vendor:   NVIDIA
    VRAM:     7989 MB
    Driver:   32.0.16.1088
Initialize mono
Mono path[0] = 'D:/UnityEditor/6000.6.0f1/Editor/Data/Managed'
Mono path[1] = 'D:/UnityEditor/6000.6.0f1/Editor/Data/BCLExtensions/runtime/netstandard2.1'
Mono path[2] = 'D:/UnityEditor/6000.6.0f1/Editor/Data/MonoBleedingEdge/lib/mono/unityjit-win32'
Mono config path = 'D:/UnityEditor/6000.6.0f1/Editor/Data/MonoBleedingEdge/etc'
Using monoOptions --debugger-agent=transport=dt_socket,embedding=1,server=y,suspend=n,address=127.0.0.1:56680
CodeReloadManager initialized
ImportWorker Server TCP listen port: 0
AcceleratorClientConnectionCallback - disconnected - :0
Begin MonoManager ReloadAssembly
Registering precompiled unity dll's ...
Register platform support module: D:/UnityEditor/6000.6.0f1/Editor/Data/PlaybackEngines/WindowsStandaloneSupport/UnityEditor.WindowsStandalone.Extensions.dll
Registered in 0.003490 seconds.
Native extension for WindowsStandalone target not found
Package Manager log level set to [2]
ScheduleIndexationOnStartup MainProcess:False IndexOnStartup:True
Scripting: successfully reloaded assembly
- Finished resetting the current domain, in  2.333 seconds
Domain Reload Profiling: 3243ms
	BeginReloadAssembly (179ms)
		CreateAndSetChildDomain (3ms)
	RebuildCommonClasses (6ms)
	RebuildNativeTypeToScriptingClass (21ms)
	initialDomainReloadingComplete (102ms)
	LoadAllAssembliesAndSetupDomain (600ms)
		LoadAssemblies (168ms)
		TypeCache.Refresh (442ms)
			TypeCache.ScanAssembly (425ms)
		AnalyzeDomain (1ms)
	FinalizeReload (2335ms)
		SetupLoadedEditorAssemblies (0ms)
			InitializePlatformSupportModulesInManaged (3ms)
			BeforeProcessingInitializeOnLoad (149ms)
			ProcessInitializeOnLoadAttributes (190ms)
			ProcessInitializeOnLoadMethodAttributes (1667ms)
[Licensing::Client] Successfully resolved entitlement details
[Licensing::Module] License group:
  Id: F4-FHTT-UPW9-SBMJ-JZ5Q-XXXX
  Product: Unity Personal
  Type: ULF
  Expiration: Unlimited
[Licensing::Module] License group:
  Id: 720108-UnityPersXXXX
  Product: Unity Personal
  Type: Assigned
  Expiration: Unlimited
Application.AssetDatabase Initial Refresh Start
[Package Manager] Restoring resolved packages state from cache
[Licensing::Client] Successfully resolved entitlement details
[Package Manager] Registered 80 packages:
  Packages from [https://packages.unity.com]:
    com.unity.addressables@2.11.2 (location: D:\repositories\unity\SampleGameForOneStarMakerFramework\unity\Library\PackageCache\com.unity.addressables@42676f2a154e)
    com.unity.ads@4.19.0 (location: D:\repositories\unity\SampleGameForOneStarMakerFramework\unity\Library\PackageCache\com.unity.ads@dbd68e7e78e9)
    com.unity.ai.navigation@2.0.14 (location: D:\repositories\unity\SampleGameForOneStarMakerFramework\unity\Library\PackageCache\com.unity.ai.navigation@134dd6a3b97b)
    com.unity.analytics@3.8.2 (location: D:\repositories\unity\SampleGameForOneStarMakerFramework\unity\Library\PackageCache\com.unity.analytics@c9d14a6bdec6)
    com.unity.collab-proxy@2.13.6 (location: D:\repositories\unity\SampleGameForOneStarMakerFramework\unity\Library\PackageCache\com.unity.collab-proxy@4628d2ba6ea4)
    com.unity.ide.rider@3.0.39 (location: D:\repositories\unity\SampleGameForOneStarMakerFramework\unity\Library\PackageCache\com.unity.ide.rider@4504839d03f7)
    com.unity.ide.visualstudio@2.0.26 (location: D:\repositories\unity\SampleGameForOneStarMakerFramework\unity\Library\PackageCache\com.unity.ide.visualstudio@a99d56dec63f)
    com.unity.inputsystem@1.20.0 (location: D:\repositories\unity\SampleGameForOneStarMakerFramework\unity\Library\PackageCache\com.unity.inputsystem@7a4e1a2a8194)
    com.unity.pipeline@0.4.0-exp.1 (location: D:\repositories\unity\SampleGameForOneStarMakerFramework\unity\Library\PackageCache\com.unity.pipeline@f49636739437)
    com.unity.project-auditor-rules@1.0.3 (location: D:\repositories\unity\SampleGameForOneStarMakerFramework\unity\Library\PackageCache\com.unity.project-auditor-rules@1fa74fdf90ed)
    com.unity.purchasing@5.4.2 (location: D:\repositories\unity\SampleGameForOneStarMakerFramework\unity\Library\PackageCache\com.unity.purchasing@290a16a9a099)
    com.unity.visualscripting@1.9.12 (location: D:\repositories\unity\SampleGameForOneStarMakerFramework\unity\Library\PackageCache\com.unity.visualscripting@4edfcc09512f)
    com.unity.xr.legacyinputhelpers@3.0.1 (location: D:\repositories\unity\SampleGameForOneStarMakerFramework\unity\Library\PackageCache\com.unity.xr.legacyinputhelpers@3f62d634f63b)
    com.unity.services.core@1.18.0 (location: D:\repositories\unity\SampleGameForOneStarMakerFramework\unity\Library\PackageCache\com.unity.services.core@3464cb68d709)
    com.unity.nuget.mono-cecil@1.11.6 (location: D:\repositories\unity\SampleGameForOneStarMakerFramework\unity\Library\PackageCache\com.unity.nuget.mono-cecil@ecb9724e46ff)
    com.unity.nuget.newtonsoft-json@3.2.2 (location: D:\repositories\unity\SampleGameForOneStarMakerFramework\unity\Library\PackageCache\com.unity.nuget.newtonsoft-json@4dfd81071c64)
    com.unity.splines@2.9.0 (location: D:\repositories\unity\SampleGameForOneStarMakerFramework\unity\Library\PackageCache\com.unity.splines@e6e1d5900acc)
    com.unity.services.analytics@6.3.0 (location: D:\repositories\unity\SampleGameForOneStarMakerFramework\unity\Library\PackageCache\com.unity.services.analytics@cde4e6cf92f9)
    com.unity.profiling.core@1.0.3 (location: D:\repositories\unity\SampleGameForOneStarMakerFramework\unity\Library\PackageCache\com.unity.profiling.core@8a49f7027d06)
    com.unity.scriptablebuildpipeline@3.0.3 (location: D:\repositories\unity\SampleGameForOneStarMakerFramework\unity\Library\PackageCache\com.unity.scriptablebuildpipeline@61526b33bf2c)
    com.unity.searcher@4.9.5 (location: D:\repositories\unity\SampleGameForOneStarMakerFramework\unity\Library\PackageCache\com.unity.searcher@a463122f2c00)
    com.unity.settings-manager@2.1.1 (location: D:\repositories\unity\SampleGameForOneStarMakerFramework\unity\Library\PackageCache\com.unity.settings-manager@0b8638c5ce86)
  Built-in packages:
    com.unity.2d.sprite@1.0.0 (location: D:\repositories\unity\SampleGameForOneStarMakerFramework\unity\Library\PackageCache\com.unity.2d.sprite@947350d67f82)
    com.unity.2d.tilemap@1.0.0 (location: D:\repositories\unity\SampleGameForOneStarMakerFramework\unity\Library\PackageCache\com.unity.2d.tilemap@639ca1d99254)
    com.unity.cinemachine@6.6.0 (location: D:\repositories\unity\SampleGameForOneStarMakerFramework\unity\Library\PackageCache\com.unity.cinemachine@f53aa49b3acc)
    com.unity.multiplayer.center@2.0.1 (location: D:\repositories\unity\SampleGameForOneStarMakerFramework\unity\Library\PackageCache\com.unity.multiplayer.center@549886182930)
    com.unity.render-pipelines.universal@17.6.0 (location: D:\repositories\unity\SampleGameForOneStarMakerFramework\unity\Library\PackageCache\com.unity.render-pipelines.universal@8457e85b8184)
    com.unity.test-framework@1.8.0 (location: D:\repositories\unity\SampleGameForOneStarMakerFramework\unity\Library\PackageCache\com.unity.test-framework@7a3849e09bd0)
    com.unity.timeline@6.6.0 (location: D:\repositories\unity\SampleGameForOneStarMakerFramework\unity\Library\PackageCache\com.unity.timeline@281d5f7e7d7d)
    com.unity.ugui@2.6.0 (location: D:\repositories\unity\SampleGameForOneStarMakerFramework\unity\Library\PackageCache\com.unity.ugui@23caec89ae27)
    com.unity.modules.accessibility@1.0.0 (location: D:\repositories\unity\SampleGameForOneStarMakerFramework\unity\Library\PackageCache\com.unity.modules.accessibility)
    com.unity.modules.adaptiveperformance@1.0.0 (location: D:\repositories\unity\SampleGameForOneStarMakerFramework\unity\Library\PackageCache\com.unity.modules.adaptiveperformance)
    com.unity.modules.ai@1.0.0 (location: D:\repositories\unity\SampleGameForOneStarMakerFramework\unity\Library\PackageCache\com.unity.modules.ai)
    com.unity.modules.androidjni@1.0.0 (location: D:\repositories\unity\SampleGameForOneStarMakerFramework\unity\Library\PackageCache\com.unity.modules.androidjni)
    com.unity.modules.animation@1.0.0 (location: D:\repositories\unity\SampleGameForOneStarMakerFramework\unity\Library\PackageCache\com.unity.modules.animation)
    com.unity.modules.assetbundle@1.0.0 (location: D:\repositories\unity\SampleGameForOneStarMakerFramework\unity\Library\PackageCache\com.unity.modules.assetbundle)
    com.unity.modules.audio@1.0.0 (location: D:\repositories\unity\SampleGameForOneStarMakerFramework\unity\Library\PackageCache\com.unity.modules.audio)
    com.unity.modules.cloth@1.0.0 (location: D:\repositories\unity\SampleGameForOneStarMakerFramework\unity\Library\PackageCache\com.unity.modules.cloth)
    com.unity.modules.director@1.0.0 (location: D:\repositories\unity\SampleGameForOneStarMakerFramework\unity\Library\PackageCache\com.unity.modules.director)
    com.unity.modules.imageconversion@1.0.0 (location: D:\repositories\unity\SampleGameForOneStarMakerFramework\unity\Library\PackageCache\com.unity.modules.imageconversion)
    com.unity.modules.imgui@1.0.0 (location: D:\repositories\unity\SampleGameForOneStarMakerFramework\unity\Library\PackageCache\com.unity.modules.imgui)
    com.unity.modules.jsonserialize@1.0.0 (location: D:\repositories\unity\SampleGameForOneStarMakerFramework\unity\Library\PackageCache\com.unity.modules.jsonserialize)
    com.unity.modules.particlesystem@1.0.0 (location: D:\repositories\unity\SampleGameForOneStarMakerFramework\unity\Library\PackageCache\com.unity.modules.particlesystem)
    com.unity.modules.physics@1.0.0 (location: D:\repositories\unity\SampleGameForOneStarMakerFramework\unity\Library\PackageCache\com.unity.modules.physics)
    com.unity.modules.physics2d@1.0.0 (location: D:\repositories\unity\SampleGameForOneStarMakerFramework\unity\Library\PackageCache\com.unity.modules.physics2d)
    com.unity.modules.physicscore2d@1.0.0 (location: D:\repositories\unity\SampleGameForOneStarMakerFramework\unity\Library\PackageCache\com.unity.modules.physicscore2d)
    com.unity.modules.screencapture@1.0.0 (location: D:\repositories\unity\SampleGameForOneStarMakerFramework\unity\Library\PackageCache\com.unity.modules.screencapture)
    com.unity.modules.terrain@1.0.0 (location: D:\repositories\unity\SampleGameForOneStarMakerFramework\unity\Library\PackageCache\com.unity.modules.terrain)
    com.unity.modules.terrainphysics@1.0.0 (location: D:\repositories\unity\SampleGameForOneStarMakerFramework\unity\Library\PackageCache\com.unity.modules.terrainphysics)
    com.unity.modules.tetgen@1.0.0 (location: D:\repositories\unity\SampleGameForOneStarMakerFramework\unity\Library\PackageCache\com.unity.modules.tetgen)
    com.unity.modules.tilemap@1.0.0 (location: D:\repositories\unity\SampleGameForOneStarMakerFramework\unity\Library\PackageCache\com.unity.modules.tilemap)
    com.unity.modules.ui@1.0.0 (location: D:\repositories\unity\SampleGameForOneStarMakerFramework\unity\Library\PackageCache\com.unity.modules.ui)
    com.unity.modules.uielements@1.0.0 (location: D:\repositories\unity\SampleGameForOneStarMakerFramework\unity\Library\PackageCache\com.unity.modules.uielements)
    com.unity.modules.umbra@1.0.0 (location: D:\repositories\unity\SampleGameForOneStarMakerFramework\unity\Library\PackageCache\com.unity.modules.umbra)
    com.unity.modules.unityanalytics@1.0.0 (location: D:\repositories\unity\SampleGameForOneStarMakerFramework\unity\Library\PackageCache\com.unity.modules.unityanalytics)
    com.unity.modules.unitywebrequest@1.0.0 (location: D:\repositories\unity\SampleGameForOneStarMakerFramework\unity\Library\PackageCache\com.unity.modules.unitywebrequest)
    com.unity.modules.unitywebrequestassetbundle@1.0.0 (location: D:\repositories\unity\SampleGameForOneStarMakerFramework\unity\Library\PackageCache\com.unity.modules.unitywebrequestassetbundle)
    com.unity.modules.unitywebrequestaudio@1.0.0 (location: D:\repositories\unity\SampleGameForOneStarMakerFramework\unity\Library\PackageCache\com.unity.modules.unitywebrequestaudio)
    com.unity.modules.unitywebrequesttexture@1.0.0 (location: D:\repositories\unity\SampleGameForOneStarMakerFramework\unity\Library\PackageCache\com.unity.modules.unitywebrequesttexture)
    com.unity.modules.unitywebrequestwww@1.0.0 (location: D:\repositories\unity\SampleGameForOneStarMakerFramework\unity\Library\PackageCache\com.unity.modules.unitywebrequestwww)
    com.unity.modules.vectorgraphics@1.0.0 (location: D:\repositories\unity\SampleGameForOneStarMakerFramework\unity\Library\PackageCache\com.unity.modules.vectorgraphics)
    com.unity.modules.vehicles@1.0.0 (location: D:\repositories\unity\SampleGameForOneStarMakerFramework\unity\Library\PackageCache\com.unity.modules.vehicles)
    com.unity.modules.video@1.0.0 (location: D:\repositories\unity\SampleGameForOneStarMakerFramework\unity\Library\PackageCache\com.unity.modules.video)
    com.unity.modules.wind@1.0.0 (location: D:\repositories\unity\SampleGameForOneStarMakerFramework\unity\Library\PackageCache\com.unity.modules.wind)
    com.unity.modules.xr@1.0.0 (location: D:\repositories\unity\SampleGameForOneStarMakerFramework\unity\Library\PackageCache\com.unity.modules.xr)
    com.unity.modules.subsystems@1.0.0 (location: D:\repositories\unity\SampleGameForOneStarMakerFramework\unity\Library\PackageCache\com.unity.modules.subsystems)
    com.unity.modules.hierarchycore@1.0.0 (location: D:\repositories\unity\SampleGameForOneStarMakerFramework\unity\Library\PackageCache\com.unity.modules.hierarchycore)
    com.unity.ext.nunit@2.1.0 (location: D:\repositories\unity\SampleGameForOneStarMakerFramework\unity\Library\PackageCache\com.unity.ext.nunit@0198eae3b53e)
    com.unity.render-pipelines.core@17.6.0 (location: D:\repositories\unity\SampleGameForOneStarMakerFramework\unity\Library\PackageCache\com.unity.render-pipelines.core@2d66c71e606e)
    com.unity.shadergraph@17.6.0 (location: D:\repositories\unity\SampleGameForOneStarMakerFramework\unity\Library\PackageCache\com.unity.shadergraph@ef6135652377)
    com.unity.render-pipelines.universal-config@17.6.0 (location: D:\repositories\unity\SampleGameForOneStarMakerFramework\unity\Library\PackageCache\com.unity.render-pipelines.universal-config@561422b74439)
    com.unity.burst@2.0.0 (location: D:\repositories\unity\SampleGameForOneStarMakerFramework\unity\Library\PackageCache\com.unity.burst@626e66ab421b)
    com.unity.collections@6.6.0 (location: D:\repositories\unity\SampleGameForOneStarMakerFramework\unity\Library\PackageCache\com.unity.collections@10fff0607388)
    com.unity.mathematics@1.4.0 (location: D:\repositories\unity\SampleGameForOneStarMakerFramework\unity\Library\PackageCache\com.unity.mathematics@8306a64d0cd6)
    com.unity.graph-authoring@1.0.0 (location: D:\repositories\unity\SampleGameForOneStarMakerFramework\unity\Library\PackageCache\com.unity.graph-authoring@cfd2588851ee)
    com.unity.test-framework.performance@6.6.0 (location: D:\repositories\unity\SampleGameForOneStarMakerFramework\unity\Library\PackageCache\com.unity.test-framework.performance@0a60b857a52e)
  Git packages:
    com.annulusgames.lit-motion@https://github.com/annulusgames/LitMotion.git?path=src/LitMotion/Assets/LitMotion (location: D:\repositories\unity\SampleGameForOneStarMakerFramework\unity\Library\PackageCache\com.annulusgames.lit-motion@2317f5d282a9)
    com.cysharp.csprojmodifier@https://github.com/Cysharp/CsprojModifier.git?path=src/CsprojModifier/Assets/CsprojModifier (location: D:\repositories\unity\SampleGameForOneStarMakerFramework\unity\Library\PackageCache\com.cysharp.csprojmodifier@939808655b39)
    com.cysharp.unitask@https://github.com/Cysharp/UniTask.git?path=src/UniTask/Assets/Plugins/UniTask (location: D:\repositories\unity\SampleGameForOneStarMakerFramework\unity\Library\PackageCache\com.cysharp.unitask@360e370345b9)
    com.github-glitchenzo.nugetforunity@https://github.com/GlitchEnzo/NuGetForUnity.git?path=/src/NuGetForUnity (location: D:\repositories\unity\SampleGameForOneStarMakerFramework\unity\Library\PackageCache\com.github-glitchenzo.nugetforunity@1c1553136be4)
[Package Manager] com.unity.analytics is deprecated: This package is deprecated and won't be compatible with future Unity versions. It will only receive critical updates, with no new features or bug fixes. Migrate to Unity Analytics: https://docs.unity.com/en-us/analytics
[Subsystems] No new subsystems found in resolved package list.
[Package Manager] Done registering packages in 0.03 seconds
Assembly reference Packages/com.unity.cinemachine/Editor/Samples/ExposeHDRPInternals/HDRP-Editor-ref.asmref has no target assembly definition
Assembly reference Packages/com.unity.cinemachine/Editor/Samples/ExposeHDRPInternals/HDRP-Editor-ref.asmref has no target assembly definition
Starting: D:\UnityEditor\6000.6.0f1\Editor\Data\Tools\BuildPipeline\bee_backend.exe --ipc --defer-dag-verification --dagfile="Library/Bee/1900b0aEDbg.dag" --continue-on-failure --profile="Library/Bee/backend1.traceevents" ScriptAssemblies
WorkingDir: D:/repositories/unity/SampleGameForOneStarMakerFramework/unity
DisplayProgressbar: Compiling Scripts
ExitCode: 0 Duration: 2s726ms
[1413/1925  0s] ILPP-Configuration Library/ilpp-configuration.nevergeneratedoutput
*** Tundra build success (2.56 seconds), 1 items updated, 1925 evaluated
Total cache size 267210888
Total cache size after purge 267210888, took 00:00:00.8862161
AssetDatabase: script compilation time: 6.725502s
Begin MonoManager ReloadAssembly
Assembly reference Packages/com.unity.cinemachine/Editor/Samples/ExposeHDRPInternals/HDRP-Editor-ref.asmref has no target assembly definition
'Packages/com.unity.render-pipelines.core/Editor/Deprecated.cs' contains partial class of Unity.Object, exactly 1 of the partial classes needs to be in a file with the same filename. This is to know the one that can be referenced from ie. GameObjects
'Packages/com.unity.render-pipelines.core/Editor/Deprecated.cs' contains partial class of Unity.Object, exactly 1 of the partial classes needs to be in a file with the same filename. This is to know the one that can be referenced from ie. GameObjects
'Packages/com.unity.cinemachine/Editor/Editors/CinemachineVirtualCameraBaseEditor.cs' contains partial class of Unity.Object, exactly 1 of the partial classes needs to be in a file with the same filename. This is to know the one that can be referenced from ie. GameObjects
'Packages/com.unity.cinemachine/Editor/Obsolete/CinemachineVirtualCameraBaseEditor.cs' contains partial class of Unity.Object, exactly 1 of the partial classes needs to be in a file with the same filename. This is to know the one that can be referenced from ie. GameObjects
Refreshing native plugins compatible for Editor in 25.26 ms, found 4 plugins.
Native extension for WindowsStandalone target not found
Start HTTP server: port:7800
ScheduleIndexationOnStartup MainProcess:True IndexOnStartup:True
Scripting: successfully reloaded assembly
- Finished resetting the current domain, in  4.267 seconds
Domain Reload Profiling: 9353ms
	BeginReloadAssembly (380ms)
		DisableScriptedObjects (37ms)
		CreateAndSetChildDomain (82ms)
	RebuildCommonClasses (11ms)
	RebuildNativeTypeToScriptingClass (22ms)
	initialDomainReloadingComplete (198ms)
	LoadAllAssembliesAndSetupDomain (4473ms)
		LoadAssemblies (3536ms)
		TypeCache.Refresh (449ms)
			TypeCache.ScanAssembly (423ms)
		AnalyzeDomain (177ms)
			BuildScriptInfoCaches (164ms)
			ResolveRequiredComponents (10ms)
	FinalizeReload (4269ms)
		SetupLoadedEditorAssemblies (0ms)
			LogAssemblyErrors (3ms)
			BeforeProcessingInitializeOnLoad (164ms)
			ProcessInitializeOnLoadAttributes (2985ms)
			ProcessInitializeOnLoadMethodAttributes (183ms)
			AfterProcessingInitializeOnLoad (19ms)
			EditorAssembliesLoaded (3ms)
		AwakeInstancesAfterBackupRestoration (33ms)
Starting new worker id: 0 with log in D:/repositories/unity/SampleGameForOneStarMakerFramework/unity/Logs/AssetImportWorkerHW0.log
Importing 'GUID: d19f4f8a13b6edb48b986a47ec96402e - Path: Packages/com.unity.render-pipelines.core/Runtime/PathTracing/Shaders/LightmapShadowMaskIntegration.urtshader' with importer (ScriptedImporter : Unity.Rendering.LightTransport.Editor:UnityEditor.Rendering.UnifiedRayTracing:UnifiedRTShaderImporter)
Launched and connected shader compiler UnityShaderCompiler.exe after 0.13 seconds

Compiling Ray Tracing Shader "LightmapShadowMaskIntegration.urtshader", keywords = <no keywords>
    finished in 0.84 seconds. Local cache hits 1, remote cache hits 0, compiled 0 platform variants
Imported 'GUID: d19f4f8a13b6edb48b986a47ec96402e' -> (Import Result ID: 'fe33043c6bfd9c75bb4a3035fe73222d') in 2.759 seconds [static and dynamic dependencies]. Details - ImportResultOutputID=89edee6232d5875e05a1590679c0386a DependenciesID=4c94fea06d8b5f6183a77f8c82a2392a StaticDependenciesID=9fd4e9b2e1ad89e7cbffc601eff4d03f 
Importing 'GUID: 737a1597422c12547a8714d76a9406ec - Path: Packages/com.unity.render-pipelines.core/Runtime/PathTracing/Shaders/LightmapGBufferDebug.urtshader' with importer (ScriptedImporter : Unity.Rendering.LightTransport.Editor:UnityEditor.Rendering.UnifiedRayTracing:UnifiedRTShaderImporter)

Compiling Ray Tracing Shader "LightmapGBufferDebug.urtshader", keywords = <no keywords>
    finished in 0.03 seconds. Local cache hits 1, remote cache hits 0, compiled 0 platform variants
Imported 'GUID: 737a1597422c12547a8714d76a9406ec' -> (Import Result ID: '06ed5012f7dd10af3583d22e38be5780') in 0.073 seconds [static and dynamic dependencies]. Details - ImportResultOutputID=faa3d113783f2eee2cf3559f64552a84 DependenciesID=33e41968ca6fd829a26b044723672f7f StaticDependenciesID=b513b01e29d0aa4d28825e4d4fb57fb4 
Importing 'GUID: f32463968f29423cad25aee15a14b9f1 - Path: Packages/com.unity.render-pipelines.core/Runtime/Lighting/SurfaceCache/PunctualLightSampling.urtshader' with importer (ScriptedImporter : Unity.Rendering.LightTransport.Editor:UnityEditor.Rendering.UnifiedRayTracing:UnifiedRTShaderImporter)

Compiling Ray Tracing Shader "PunctualLightSampling.urtshader", keywords = <no keywords>
    finished in 0.02 seconds. Local cache hits 1, remote cache hits 0, compiled 0 platform variants
Imported 'GUID: f32463968f29423cad25aee15a14b9f1' -> (Import Result ID: 'ed553375bce72e645a5653e6672b5ac4') in 0.261 seconds [static and dynamic dependencies]. Details - ImportResultOutputID=91ae791750af1998cd0451bf1ce007ad DependenciesID=fcf6a9a85fd11d69afa57f9b003aa836 StaticDependenciesID=b63d74c4e924df89cb98a36e44fc1845 
Importing 'GUID: 1451d029813b192429211be28181beab - Path: Packages/com.unity.render-pipelines.core/Runtime/PathTracing/Shaders/LightmapNormalIntegration.urtshader' with importer (ScriptedImporter : Unity.Rendering.LightTransport.Editor:UnityEditor.Rendering.UnifiedRayTracing:UnifiedRTShaderImporter)

Compiling Ray Tracing Shader "LightmapNormalIntegration.urtshader", keywords = <no keywords>
    finished in 0.02 seconds. Local cache hits 1, remote cache hits 0, compiled 0 platform variants
Imported 'GUID: 1451d029813b192429211be28181beab' -> (Import Result ID: 'dd05c7650bcd462dc437b146b91ab03b') in 0.044 seconds [static and dynamic dependencies]. Details - ImportResultOutputID=5a2c1cb2f39566d53d1408cb2ec7aa48 DependenciesID=1a34bea025bcef73e7862ed1481fd519 StaticDependenciesID=5afd8eadeec03e368f74c3a5603c453d 
Importing 'GUID: 94a070d33e408384bafc1dea4a565df9 - Path: Packages/com.unity.render-pipelines.core/Editor/Lighting/ProbeVolume/RenderingLayerMask/TraceRenderingLayerMask.urtshader' with importer (ScriptedImporter : Unity.Rendering.LightTransport.Editor:UnityEditor.Rendering.UnifiedRayTracing:UnifiedRTShaderImporter)

Compiling Ray Tracing Shader "TraceRenderingLayerMask.urtshader", keywords = <no keywords>
    finished in 0.03 seconds. Local cache hits 1, remote cache hits 0, compiled 0 platform variants
Imported 'GUID: 94a070d33e408384bafc1dea4a565df9' -> (Import Result ID: '13f5ddba656a6a3cf427e0455a466023') in 0.141 seconds [static and dynamic dependencies]. Details - ImportResultOutputID=2e5beea4f04e0b8272e9434af0dd9836 DependenciesID=09b6f6acc48c5ef6c7c7a90adbace7b2 StaticDependenciesID=25a592d065c9c4788553066128367c57 
Importing 'GUID: 94a39d12848d8d64ca962a72b74e7c50 - Path: Packages/com.unity.render-pipelines.core/Runtime/Lighting/SurfaceCache/Estimation.urtshader' with importer (ScriptedImporter : Unity.Rendering.LightTransport.Editor:UnityEditor.Rendering.UnifiedRayTracing:UnifiedRTShaderImporter)

Compiling Ray Tracing Shader "Estimation.urtshader", keywords = <no keywords>
    finished in 0.01 seconds. Local cache hits 1, remote cache hits 0, compiled 0 platform variants
Imported 'GUID: 94a39d12848d8d64ca962a72b74e7c50' -> (Import Result ID: '290bd6b7022753b79bfd0e9ae53d6a3a') in 0.058 seconds [static and dynamic dependencies]. Details - ImportResultOutputID=36b4d020fc4c1a2b1992512c2712611d DependenciesID=9c4dea406dcdff8b43073090ecbf43e0 StaticDependenciesID=ffb0a11028fb7b99287455d15347e1d8 
Importing 'GUID: f5ba4d424d4566249b3d94cf81a3e916 - Path: Packages/com.unity.render-pipelines.core/Runtime/PathTracing/Shaders/LightmapDirectDirectionalAndEnvironmentIntegration.urtshader' with importer (ScriptedImporter : Unity.Rendering.LightTransport.Editor:UnityEditor.Rendering.UnifiedRayTracing:UnifiedRTShaderImporter)

Compiling Ray Tracing Shader "LightmapDirectDirectionalAndEnvironmentIntegration.urtshader", keywords = <no keywords>
    finished in 0.03 seconds. Local cache hits 1, remote cache hits 0, compiled 0 platform variants
Imported 'GUID: f5ba4d424d4566249b3d94cf81a3e916' -> (Import Result ID: '42d7df1cad2f44be2df5a00b652b0d86') in 0.060 seconds [static and dynamic dependencies]. Details - ImportResultOutputID=691e4e7f2513a5af6101ad01b9cf6845 DependenciesID=32e00c092ec1ee32e4f4dddd515e8db9 StaticDependenciesID=d4bdfd2147f181839dcd88d16b4cc45b 
Importing 'GUID: 7624adbeb148b5c48ab5ab660cc2602a - Path: Packages/com.unity.render-pipelines.core/Runtime/PathTracing/Shaders/LightmapIndirectIntegration.urtshader' with importer (ScriptedImporter : Unity.Rendering.LightTransport.Editor:UnityEditor.Rendering.UnifiedRayTracing:UnifiedRTShaderImporter)

Compiling Ray Tracing Shader "LightmapIndirectIntegration.urtshader", keywords = <no keywords>
    finished in 0.03 seconds. Local cache hits 1, remote cache hits 0, compiled 0 platform variants
Imported 'GUID: 7624adbeb148b5c48ab5ab660cc2602a' -> (Import Result ID: '6878d336f43ac6809cc8af81fb92add0') in 0.094 seconds [static and dynamic dependencies]. Details - ImportResultOutputID=a6b89960c67937ea8e54cc7c793c366f DependenciesID=d1b7a16d16e64424544d1c53ec903ca8 StaticDependenciesID=637eaa30376abb268136eb146f59c034 
Importing 'GUID: 5951703b3d165764c95c653e98350884 - Path: Packages/com.unity.render-pipelines.core/Runtime/PathTracing/Shaders/LightmapDirectBRDFIntegration.urtshader' with importer (ScriptedImporter : Unity.Rendering.LightTransport.Editor:UnityEditor.Rendering.UnifiedRayTracing:UnifiedRTShaderImporter)

Compiling Ray Tracing Shader "LightmapDirectBRDFIntegration.urtshader", keywords = <no keywords>
    finished in 0.02 seconds. Local cache hits 1, remote cache hits 0, compiled 0 platform variants
Imported 'GUID: 5951703b3d165764c95c653e98350884' -> (Import Result ID: '0176119bc59c25e17ed7ec4e456b0703') in 0.068 seconds [static and dynamic dependencies]. Details - ImportResultOutputID=545477c44197fa70b1298755fc52206f DependenciesID=c3a5c12c5bff4eeaa22ccbdd099689d7 StaticDependenciesID=059ad849da4bff5dcc29e3cff7813344 
Importing 'GUID: 99ac6221b6ecd7b479be13e8b9866300 - Path: Packages/com.unity.render-pipelines.core/Tests/Editor/PathTracing/Shaders/TerrainRayMarchingTest.urtshader' with importer (ScriptedImporter : Unity.Rendering.LightTransport.Editor:UnityEditor.Rendering.UnifiedRayTracing:UnifiedRTShaderImporter)

Compiling Ray Tracing Shader "TerrainRayMarchingTest.urtshader", keywords = <no keywords>
    finished in 0.02 seconds. Local cache hits 1, remote cache hits 0, compiled 0 platform variants
Imported 'GUID: 99ac6221b6ecd7b479be13e8b9866300' -> (Import Result ID: 'b83d0803fe6d33a4814be2831bf2dad1') in 0.078 seconds [static and dynamic dependencies]. Details - ImportResultOutputID=e6255e1a732e902591b9d2c4ccdcb710 DependenciesID=d46cce4ead5dd1e6ef0dc799faf6607c StaticDependenciesID=dc53200b7c0c8c0e6f9de4f99348b559 
Importing 'GUID: e9f4de6d1e07fb94f9a60d35b618f724 - Path: Packages/com.unity.render-pipelines.core/Runtime/PathTracing/Shaders/LightmapGBufferIntegration.urtshader' with importer (ScriptedImporter : Unity.Rendering.LightTransport.Editor:UnityEditor.Rendering.UnifiedRayTracing:UnifiedRTShaderImporter)

Compiling Ray Tracing Shader "LightmapGBufferIntegration.urtshader", keywords = <no keywords>
    finished in 0.02 seconds. Local cache hits 1, remote cache hits 0, compiled 0 platform variants
Imported 'GUID: e9f4de6d1e07fb94f9a60d35b618f724' -> (Import Result ID: '1949ff0ac71a1ced6216d9a4a82ccc96') in 0.081 seconds [static and dynamic dependencies]. Details - ImportResultOutputID=f6ee37396277d3b3b15757af4be165d6 DependenciesID=9466c9eeb0ac62af1d101e47ad22f423 StaticDependenciesID=3c625e26646b7228663e0de2b2c1d69b 
Importing 'GUID: 5a2a534753fbdb44e96c3c78b5a6999d - Path: Packages/com.unity.render-pipelines.core/Editor/Lighting/ProbeVolume/DynamicGI/DynamicGISkyOcclusion.urtshader' with importer (ScriptedImporter : Unity.Rendering.LightTransport.Editor:UnityEditor.Rendering.UnifiedRayTracing:UnifiedRTShaderImporter)

Compiling Ray Tracing Shader "DynamicGISkyOcclusion.urtshader", keywords = <no keywords>
    finished in 0.02 seconds. Local cache hits 1, remote cache hits 0, compiled 0 platform variants
Imported 'GUID: 5a2a534753fbdb44e96c3c78b5a6999d' -> (Import Result ID: 'cce50cc141381dfab38813fa3dd7a584') in 0.111 seconds [static and dynamic dependencies]. Details - ImportResultOutputID=f6e09c12f9931b1e58feed01b20c6070 DependenciesID=ecdc81cecc7f9d46a0a9655889a9e1a4 StaticDependenciesID=72ee5fda06862b709c15f6cbb7db6f05 
Importing 'GUID: 5bbebdef5916845478fcef13fa10d89f - Path: Packages/com.unity.render-pipelines.core/Runtime/PathTracing/Shaders/LightmapDirectStochasticLightIntegration.urtshader' with importer (ScriptedImporter : Unity.Rendering.LightTransport.Editor:UnityEditor.Rendering.UnifiedRayTracing:UnifiedRTShaderImporter)

Compiling Ray Tracing Shader "LightmapDirectStochasticLightIntegration.urtshader", keywords = <no keywords>
    finished in 0.03 seconds. Local cache hits 1, remote cache hits 0, compiled 0 platform variants
Imported 'GUID: 5bbebdef5916845478fcef13fa10d89f' -> (Import Result ID: '01e14374236d465014bc8c4da7613cb7') in 0.057 seconds [static and dynamic dependencies]. Details - ImportResultOutputID=2ac34a23da2bca6b950d36f53bcfb3d6 DependenciesID=0f6124b47b62873f6dac4dcb3b62c581 StaticDependenciesID=471ca71b6b19c4611a46691a7356c8a6 
Importing 'GUID: 1c410815c01ce1d4d82c645c0cd45747 - Path: Packages/com.unity.render-pipelines.core/Runtime/PathTracing/Shaders/LightmapAOIntegration.urtshader' with importer (ScriptedImporter : Unity.Rendering.LightTransport.Editor:UnityEditor.Rendering.UnifiedRayTracing:UnifiedRTShaderImporter)

Compiling Ray Tracing Shader "LightmapAOIntegration.urtshader", keywords = <no keywords>
    finished in 0.03 seconds. Local cache hits 1, remote cache hits 0, compiled 0 platform variants
Imported 'GUID: 1c410815c01ce1d4d82c645c0cd45747' -> (Import Result ID: '9ce2a5a15894cae8c7c67d1aa70b5e33') in 0.066 seconds [static and dynamic dependencies]. Details - ImportResultOutputID=d583a7d287d0b6e4dff4e116226550c6 DependenciesID=dcbc4ad7f60f252439614191356c5bbf StaticDependenciesID=219d1b7269d01f2442d424f53e04d073 
Importing 'GUID: 2c32233d92a2d0745930664c087c5c9a - Path: Packages/com.unity.render-pipelines.core/Runtime/PathTracing/Shaders/ProbeIntegrationValidity.urtshader' with importer (ScriptedImporter : Unity.Rendering.LightTransport.Editor:UnityEditor.Rendering.UnifiedRayTracing:UnifiedRTShaderImporter)

Compiling Ray Tracing Shader "ProbeIntegrationValidity.urtshader", keywords = <no keywords>
    finished in 0.03 seconds. Local cache hits 1, remote cache hits 0, compiled 0 platform variants
Imported 'GUID: 2c32233d92a2d0745930664c087c5c9a' -> (Import Result ID: 'e7ad8bae09643d2829e217e0933b875d') in 0.134 seconds [static and dynamic dependencies]. Details - ImportResultOutputID=543e7d1d32e2b4a786c622f4b5296f1f DependenciesID=32631db029d8604e2d8a78ed8e2b4c23 StaticDependenciesID=89ce6b5e76d568c473e42bb2e82d857d 
Importing 'GUID: ace95ac84e213794891b4bd7c9b3c158 - Path: Packages/com.unity.render-pipelines.core/Runtime/PathTracing/Shaders/LightmapValidityIntegration.urtshader' with importer (ScriptedImporter : Unity.Rendering.LightTransport.Editor:UnityEditor.Rendering.UnifiedRayTracing:UnifiedRTShaderImporter)

Compiling Ray Tracing Shader "LightmapValidityIntegration.urtshader", keywords = <no keywords>
    finished in 0.07 seconds. Local cache hits 1, remote cache hits 0, compiled 0 platform variants
Imported 'GUID: ace95ac84e213794891b4bd7c9b3c158' -> (Import Result ID: 'c8dfdcd646c98f61c2d1158f5f0ce865') in 0.132 seconds [static and dynamic dependencies]. Details - ImportResultOutputID=ecfe9fb4b80fe4933ae414d1977ac911 DependenciesID=438f44419251eb9874ddc495941f701b StaticDependenciesID=af3a8789fbe725883be9c99ebb7cf5e2 
Importing 'GUID: 5ecdabd800f05984696f22ba95284516 - Path: Packages/com.unity.render-pipelines.core/Runtime/PathTracing/Shaders/ProbeIntegrationIndirect.urtshader' with importer (ScriptedImporter : Unity.Rendering.LightTransport.Editor:UnityEditor.Rendering.UnifiedRayTracing:UnifiedRTShaderImporter)

Compiling Ray Tracing Shader "ProbeIntegrationIndirect.urtshader", keywords = <no keywords>
    finished in 0.02 seconds. Local cache hits 1, remote cache hits 0, compiled 0 platform variants
Imported 'GUID: 5ecdabd800f05984696f22ba95284516' -> (Import Result ID: '0a81601eca03454ba571cf16a52b2b0e') in 0.088 seconds [static and dynamic dependencies]. Details - ImportResultOutputID=b449761fd19e1980b147bb13176ded63 DependenciesID=f3c07be6312f85f5c4928d5dc9619bb6 StaticDependenciesID=1ad901001e2e557153e1de5753d25220 
Importing 'GUID: 6e0b547bab30a804c8123974120d583f - Path: Packages/com.unity.render-pipelines.core/Tests/Runtime/PathTracing/PathIteratorTest.urtshader' with importer (ScriptedImporter : Unity.Rendering.LightTransport.Editor:UnityEditor.Rendering.UnifiedRayTracing:UnifiedRTShaderImporter)

Compiling Ray Tracing Shader "PathIteratorTest.urtshader", keywords = <no keywords>
    finished in 0.03 seconds. Local cache hits 1, remote cache hits 0, compiled 0 platform variants
Imported 'GUID: 6e0b547bab30a804c8123974120d583f' -> (Import Result ID: 'cd7caee6c6abdfc237704a5724cf1de0') in 0.109 seconds [static and dynamic dependencies]. Details - ImportResultOutputID=c3e8acd749e174ae2af91f3ead6360e1 DependenciesID=2cc21c89101d4b320cf5301948018402 StaticDependenciesID=e24ea404bb4dabe55ffbcaa7b840b299 
Importing 'GUID: de3013e16d99f2746ab1735ec06a660b - Path: Packages/com.unity.render-pipelines.core/Runtime/PathTracing/Shaders/ProbeIntegrationOcclusion.urtshader' with importer (ScriptedImporter : Unity.Rendering.LightTransport.Editor:UnityEditor.Rendering.UnifiedRayTracing:UnifiedRTShaderImporter)

Compiling Ray Tracing Shader "ProbeIntegrationOcclusion.urtshader", keywords = <no keywords>
    finished in 0.02 seconds. Local cache hits 1, remote cache hits 0, compiled 0 platform variants
Imported 'GUID: de3013e16d99f2746ab1735ec06a660b' -> (Import Result ID: 'a070f0b8e128d930fa9d8505684cef33') in 0.053 seconds [static and dynamic dependencies]. Details - ImportResultOutputID=64fa9872f08c552da2d384095fada434 DependenciesID=4864b67be84a4539da1e78c0d8d7e03c StaticDependenciesID=d23a0c4a2896e547ad436f2fd232bb27 
Importing 'GUID: fe7f1a959d1d3f544a208b7e8805e6cd - Path: Packages/com.unity.render-pipelines.core/Runtime/PathTracing/Shaders/ProbeIntegrationDirectDirectionalAndEnvironment.urtshader' with importer (ScriptedImporter : Unity.Rendering.LightTransport.Editor:UnityEditor.Rendering.UnifiedRayTracing:UnifiedRTShaderImporter)

Compiling Ray Tracing Shader "ProbeIntegrationDirectDirectionalAndEnvironment.urtshader", keywords = <no keywords>
    finished in 0.02 seconds. Local cache hits 1, remote cache hits 0, compiled 0 platform variants
Imported 'GUID: fe7f1a959d1d3f544a208b7e8805e6cd' -> (Import Result ID: '976378ffcfe8395cf66c6bcec69ad88a') in 0.071 seconds [static and dynamic dependencies]. Details - ImportResultOutputID=6a6810f26bf114b73b561de3a0695a8d DependenciesID=ccc67856a0fa68b0b53a224f6dbe5c10 StaticDependenciesID=b8525778ccd6bf87644fae631483c773 
Importing 'GUID: 1f9bfe60b4ad75943a5281839c1a4e5c - Path: Packages/com.unity.render-pipelines.core/Runtime/PathTracing/Shaders/ProbeIntegrationDirectStochasticLight.urtshader' with importer (ScriptedImporter : Unity.Rendering.LightTransport.Editor:UnityEditor.Rendering.UnifiedRayTracing:UnifiedRTShaderImporter)

Compiling Ray Tracing Shader "ProbeIntegrationDirectStochasticLight.urtshader", keywords = <no keywords>
    finished in 0.03 seconds. Local cache hits 1, remote cache hits 0, compiled 0 platform variants
Imported 'GUID: 1f9bfe60b4ad75943a5281839c1a4e5c' -> (Import Result ID: '2f5ab43d4435a6d1d7f31c4d302ab5ca') in 0.054 seconds [static and dynamic dependencies]. Details - ImportResultOutputID=33da486ff2a3d20e31157b09dd0a80dd DependenciesID=bb5bdb553310873a3339ef435e406f7b StaticDependenciesID=bb23e9aed0fe8778db1283cad6c57003 
Importing 'GUID: ff2cbab5da58bf04d82c5f34037ed123 - Path: Packages/com.unity.render-pipelines.core/Editor/Lighting/ProbeVolume/VirtualOffset/TraceVirtualOffset.urtshader' with importer (ScriptedImporter : Unity.Rendering.LightTransport.Editor:UnityEditor.Rendering.UnifiedRayTracing:UnifiedRTShaderImporter)

Compiling Ray Tracing Shader "TraceVirtualOffset.urtshader", keywords = <no keywords>
    finished in 0.04 seconds. Local cache hits 1, remote cache hits 0, compiled 0 platform variants
Imported 'GUID: ff2cbab5da58bf04d82c5f34037ed123' -> (Import Result ID: 'cb8d4a54d580777eef255546fe31e727') in 0.119 seconds [static and dynamic dependencies]. Details - ImportResultOutputID=70551f5416e71201a349243861a0974f DependenciesID=6ff31a4487536e5a07e19fd580d7d928 StaticDependenciesID=577fb2ca56f9c9cef1dba593cc7f61b6 
Worker ready: AssetImportWorkerHW0 0
Refreshing native plugins compatible for Editor in 22.33 ms, found 4 plugins.

Asset Pipeline Refresh (id=f782d58e9fa88d843a635ccd0a7b2e50): Total: 27.799 seconds - Initiated by InitialRefreshV2(ForceSynchronousImport)
	(Values over 0.05ms)
	Summary:
		Imports: total=22 (actual=22, local cache=0, cache server=0)
		Asset DB Process Time: managed=10 ms, native=14435 ms
		Asset DB Callback time: managed=371 ms, native=548 ms
		Scripting: domain reloads=1, domain reload time=5312 ms, compile time=6729 ms, other=391 ms
		Project Asset Count: scripts=3594, non-scripts=5070
		Asset File Changes: new=0, changed=0, moved=0, deleted=0
		Scan Filter Count: 0
	InvokePackagesCallback: 112.003ms
	ApplyChangesToAssetFolders: 1.184ms
	Scan: 3205.347ms
	Collect global state as custom dependencies: 80.679ms
	CategorizeScriptCompilationAssets: 1181.517ms
	ProcessAssetsWithTransientArtifactChanges: 196.035ms
	CategorizeAssets: 112.150ms
	CompileScripts: 6728.894ms
	ImportOutOfDateAssets: 9093.239ms (4340.344ms without children)
		ImportManagerImport: 4730.513ms (3.384ms without children)
			UpdateCategorizedAssets: 2.411ms
		ReloadNativeAssets: 0.716ms
		UnloadImportedAssets: 4.642ms
		ReloadImportedAssets: 1.724ms
		EnsureUptoDateAssetsAreRegisteredWithGuidPM: 1.764ms
		ImportSchedulerStart: 15.246ms
	PostProcessAllAssets: 786.652ms
		ComputeShaderImportPostprocess 249.417ms
		RaytracingShaderImportPostprocess 151.681ms
		XRBuildSystem.XRAssetImported 9.656ms
		VCAutoAddAssetPostprocess 1.213ms
		PostProcessCallbackCreateDeferredMaterials 0.091ms
		ShaderAssetModifiedCallback 0.058ms
		MonoPostProcessAllAssets: 371.493ms
			StyleCatalogPostProcessor.OnPostprocessAllAssets 139.837ms
			AssetPostprocessor.OnPostprocessAllAssets 108.193ms
			PackageManagerResolver.OnPostprocessAllAssets 38.999ms
			UniversalRenderPipelineGlobalSettingsPostprocessor.OnPostprocessAllAssets 17.457ms
			BuilderAssetPostprocessor.OnPostprocessAllAssets 5.282ms
			ShaderGraphAssetPostProcessor.OnPostprocessAllAssets 4.982ms
			SyncVS.PostprocessSyncProject 4.537ms
			AddressablesAssetPostProcessor.OnPostprocessAllAssets 3.632ms
			SpriteSlicePostprocessor.OnPostprocessAllAssets 2.992ms
			AssetChangedListener.OnPostprocessAllAssets 2.232ms
			VersionHandlerImpl.OnPostprocessAllAssets 2.173ms
			WindowAssetPostprocessingWatcher.OnPostprocessAllAssets 2.162ms
			NugetAssetPostprocessor.OnPostprocessAllAssets 2.028ms
			SpeedTree9Postprocessor.OnPostprocessAllAssets 2.010ms
			MaterialPostprocessor.OnPostprocessAllAssets 1.631ms
			RetainedModeAssetPostprocessor.OnPostprocessAllAssets 1.260ms
			EditModeScopePostprocessor.OnPostprocessAllAssets 1.134ms
			InputActionJsonNameModifierAssetProcessor.OnPostprocessAllAssets 1.092ms
			InputActionAssetPostprocessor.OnPostprocessAllAssets 1.071ms
			RenderPipelineGlobalSettingsPostprocessor.OnPostprocessAllAssets 0.967ms
			PostProcessor.OnPostprocessAllAssets 0.958ms
			UVCSAssetPostprocessor.OnPostprocessAllAssets 0.712ms
			SpriteEditorTexturePostprocessor.OnPostprocessAllAssets 0.678ms
			ArtifactBrowserPostProcessor.OnPostprocessAllAssets 0.532ms
			TextAssetPostProcessor.OnPostprocessAllAssets 0.488ms
			ShaderReflectionAssetPostProcessor.OnPostprocessAllAssets 0.456ms
			AssetPathToTypes.OnPostprocessAllAssets 0.449ms
			PlayServicesResolver.OnPostprocessAllAssets 0.448ms
			IOSResolver.OnPostprocessAllAssets 0.446ms
			AssetEvents.OnPostprocessAllAssets 0.439ms
			AudioMixerPostprocessor.OnPostprocessAllAssets 0.408ms
			AssetProcessor.OnPostprocessAllAssets 0.388ms
			ConfigAssetsTracker.OnPostprocessAllAssets 0.349ms
			CinemachineSettings.OnPostprocessAllAssets 0.339ms
			TMPro_TexturePostProcessor.OnPostprocessAllAssets 0.323ms
			DomainReloadProcessor.OnPostprocessAllAssets 0.311ms
			AssetPostprocessorProxy.OnPostprocessAllAssets 0.281ms
			ReferencedClipsPostProcessor.OnPostprocessAllAssets 0.268ms
			TerrainToolbarOverlayPostProcessor.OnPostprocessAllAssets 0.239ms
			ProjectSettingsPostprocessor.OnPostprocessAllAssets 0.228ms
			AssetDatabaseCallbacks.OnPostprocessAllAssets 0.215ms
			SamplePostprocessor.OnPostprocessAllAssets 0.189ms
			ThemePostprocessor.OnPostprocessAllAssets 0.181ms
			SpeedTreePostProcessor.OnPostprocessAllAssets 0.174ms
			ScenarioDriftAssetsTracker.OnPostprocessAllAssets 0.167ms
			AssetReloadNotifier.OnPostprocessAllAssets 0.161ms
			AudioContainerPostProcessor.OnPostprocessAllAssets 0.108ms
	PostAssetChangesProfiler: 25.067ms
	UnloadStreamsBegin: 2.458ms
	PersistCurrentRevisions: 0.439ms
	GenerateScriptTypeHashes: 2.904ms
	GenerateScriptTypeSerializationHashes: 5.943ms
	Untracked: 6243.627ms

Application.AssetDatabase Initial Refresh End
Scanning for USB devices : 12.234ms
Initializing Unity extensions:
[MODES] ModeService[none].Initialize
[MODES] ModeService[none].LoadModes
[MODES] Loading mode Default (0) for mode-current-id-SampleGame
Unloading 51 Unused Serialized files (Serialized files now loaded: 0)
Unloading 10878 unused Assets / (12.4 MB). Loaded Objects now: 12092.
Memory consumption went from 0.54 GB to 0.52 GB.
Total: 20.046800 ms (FindLiveObjects: 1.170000 ms CreateObjectMapping: 0.782800 ms MarkObjects: 10.882900 ms  DeleteObjects: 6.866900 ms)

[Project] Loading completed in 55.179 seconds
	Project init time: 				54.095 seconds
		Template init time: 		0.000 seconds
		Package Manager init time: 		4.694 seconds
		Asset Database init time: 		3.246 seconds
		Global illumination init time: 	0.025 seconds
		Assemblies load time: 			3.417 seconds
		Unity extensions init time: 	0.039 seconds
		Asset Database refresh time: 	27.800 seconds
	Scene opening time: 			0.837 seconds
##utp:{"type":"ProjectInfo","version":2,"phase":"Immediate","time":1789734207911,"processId":22680,"projectLoad":55.1791518,"projectInit":54.0950952,"templateInit":0.0,"packageManagerInit":4.6942518,"assetDatabaseInit":3.2458206,"globalIlluminationInit":0.0247553,"assembliesLoad":3.4169146,"unityExtensionsInit":0.0389915,"assetDatabaseRefresh":27.7996374,"sceneOpening":0.8370139}
##utp:{"type":"EditorInfo","version":2,"phase":"Immediate","time":1789734207911,"processId":22680,"editorVersion":"6000.6.0f1 (f7f8ed4d1e24)","branch":"6000.6/respin/6000.6.0f1-fa21a270ab12","buildType":"Release","platform":"Windows"}
[Licensing::Client] Successfully resolved entitlement details
Running tests for ExecutionSettings with details:
targetPlatform = 
playerHeartbeatTimeout = 600
filters[0] = 
   Filter with settings:
   testMode = EditMode
   targetPlatform = 
   testNames = null
   groupNames = ContentDirectory
   categoryNames = null
   assemblyNames = null
ignoreTests = {}
featureFlags = null

UnityEngine.Debug:ExtractStackTraceNoAlloc (byte*,int,string)
UnityEngine.StackTraceUtility:ExtractStackTrace ()
UnityEngine.DebugLogHandler:Internal_Log (UnityEngine.LogType,UnityEngine.LogOption,string,UnityEngine.Object)
UnityEngine.DebugLogHandler:LogFormat (UnityEngine.LogType,UnityEngine.Object,string,object[])
UnityEngine.Logger:Log (UnityEngine.LogType,object)
UnityEngine.Debug:Log (object)
UnityEditor.TestTools.TestRunner.CommandLineTest.Executer:InitializeAndExecuteRun (string[]) (at ./Library/PackageCache/com.unity.test-framework@7a3849e09bd0/UnityEditor.TestRunner/CommandLineTest/Executer.cs:53)
UnityEditor.TestTools.TestRunner.CommandLineTest.TestStarter:InitializeAndExecuteRun () (at ./Library/PackageCache/com.unity.test-framework@7a3849e09bd0/UnityEditor.TestRunner/CommandLineTest/TestStarter.cs:64)
UnityEditor.EditorApplication:Internal_CallUpdateFunctions ()

(Filename: ./Library/PackageCache/com.unity.test-framework@7a3849e09bd0/UnityEditor.TestRunner/CommandLineTest/Executer.cs Line: 53)

Start Indexing on Editor startup
[Indexing] Starting Initial Indexing for Assets
[UnityConnectServicesConfig] config is NOT valid, switching to default
Created GICache directory at C:/Users/void/AppData/LocalLow/Unity/Caches/GiCache. Took: 0.032s, timestamps: [55.182 - 55.214]
[Licensing::Client] Successfully resolved entitlement details
[Licensing::Client] Successfully resolved entitlement details
Unloading 15 Unused Serialized files (Serialized files now loaded: 0)
Unloading 18 unused Assets / (60.2 KB). Loaded Objects now: 12253.
Memory consumption went from 0.54 GB to 0.54 GB.
Total: 22.124800 ms (FindLiveObjects: 0.627800 ms CreateObjectMapping: 0.204700 ms MarkObjects: 20.854000 ms  DeleteObjects: 0.136000 ms)

Executing IPrebuildSetup for: Unity.PerformanceTesting.Editor.TestRunBuilder.
UnityEngine.Debug:ExtractStackTraceNoAlloc (byte*,int,string)
UnityEngine.StackTraceUtility:ExtractStackTrace ()
UnityEngine.DebugLogHandler:Internal_Log (UnityEngine.LogType,UnityEngine.LogOption,string,UnityEngine.Object)
UnityEngine.DebugLogHandler:LogFormat (UnityEngine.LogType,UnityEngine.Object,string,object[])
UnityEngine.Logger:Log (UnityEngine.LogType,object)
UnityEngine.Debug:Log (object)
UnityEditor.TestTools.TestRunner.TestRun.Tasks.BuildActionTaskBase`1/<ExecuteMethods>d__8<UnityEngine.TestTools.IPrebuildSetup>:MoveNext () (at ./Library/PackageCache/com.unity.test-framework@7a3849e09bd0/UnityEditor.TestRunner/TestRun/Tasks/BuildActionTaskBase.cs:48)
UnityEditor.TestTools.TestRunner.TestRun.Tasks.BuildActionTaskBase`1/<Execute>d__7<UnityEngine.TestTools.IPrebuildSetup>:MoveNext () (at ./Library/PackageCache/com.unity.test-framework@7a3849e09bd0/UnityEditor.TestRunner/TestRun/Tasks/BuildActionTaskBase.cs:34)
UnityEditor.TestTools.TestRunner.TestRun.TestJobRunner:ExecuteStep () (at ./Library/PackageCache/com.unity.test-framework@7a3849e09bd0/UnityEditor.TestRunner/TestRun/TestJobRunner.cs:194)
UnityEditor.TestTools.TestRunner.TestRun.TestJobRunner:ExecuteCallback () (at ./Library/PackageCache/com.unity.test-framework@7a3849e09bd0/UnityEditor.TestRunner/TestRun/TestJobRunner.cs:129)
UnityEditor.EditorApplication:Internal_CallUpdateFunctions ()

(Filename: ./Library/PackageCache/com.unity.test-framework@7a3849e09bd0/UnityEditor.TestRunner/TestRun/Tasks/BuildActionTaskBase.cs Line: 48)

Importing 'GUID: ff81fbf575478ac4abbda07092f19b00 - Path: Assets/OneStarMakerGenerated' with importer (DefaultImporter)
Imported 'GUID: ff81fbf575478ac4abbda07092f19b00' -> (Import Result ID: '669e510a36d51957fb2cdbf08ce202dd') in 0.011 seconds [static dependencies only]. Details - ImportResultOutputID=7d60bcc499188669b4e295cbd2d0d5d3 DependenciesID=30983f2d2548fa40b4354e7a68a67261 StaticDependenciesID=1c18d38b8f58be08df11d9b57cdbf269 
Refreshing native plugins compatible for Editor in 23.98 ms, found 4 plugins.
Asset Pipeline Refresh (id=19d484c1bed6e684fbe302567273abe3): Total: 0.221 seconds - Initiated by StopAssetImportingV2(NoUpdateAssetOptions)
Importing 'GUID: 24168888d18aa77498b5fc62f12a19ad - Path: Assets/OneStarMakerGenerated/BS3Tests' with importer (DefaultImporter)
Imported 'GUID: 24168888d18aa77498b5fc62f12a19ad' -> (Import Result ID: '4f1a955a70fc8d8de467ac4e46d66242') in 0.008 seconds [static dependencies only]. Details - ImportResultOutputID=fe73fbcc1e4f182d6ad76049c5ce3ee0 DependenciesID=93893f205a8ae5abbd051f91cfcef1d8 StaticDependenciesID=a90bb3b1a440fc1aabf781ed7bd9a970 
Refreshing native plugins compatible for Editor in 26.67 ms, found 4 plugins.
Asset Pipeline Refresh (id=1ab4c9da1fa10d04a888fe57e6e64963): Total: 0.108 seconds - Initiated by StopAssetImportingV2(NoUpdateAssetOptions)
Importing 'GUID: 2103953dfbf35fd448dfda411543efc6 - Path: Assets/OneStarMakerGenerated/BS3Tests/d60c4e49dbac4c0c853570e4a7599009' with importer (DefaultImporter)
Imported 'GUID: 2103953dfbf35fd448dfda411543efc6' -> (Import Result ID: 'ac147a1e9e668ecfe2fe814ac90ea7c5') in 0.008 seconds [static dependencies only]. Details - ImportResultOutputID=0ac676d100e5f2f20d2125bb8ff3d596 DependenciesID=b2ba5e955c8ebc4c98033ffce6aaaf9c StaticDependenciesID=f98d27903ba98e68c0d392c6e50c1b21 
Refreshing native plugins compatible for Editor in 21.15 ms, found 4 plugins.
Asset Pipeline Refresh (id=ada24aee842121d47bb674b241f5edca): Total: 0.095 seconds - Initiated by StopAssetImportingV2(NoUpdateAssetOptions)
Importing 'GUID: 4c21da5b500b01247874ab12e64e8a73 - Path: Assets/OneStarMakerGenerated/BS3Tests/d60c4e49dbac4c0c853570e4a7599009/Texture.png' with importer (TextureImporter)
Imported 'GUID: 4c21da5b500b01247874ab12e64e8a73' -> (Import Result ID: '803e6f362ed9f1867332fbed10475492') in 0.024 seconds [static and dynamic dependencies]. Details - ImportResultOutputID=3fc8324eac018878c8f7262851a00990 DependenciesID=6490a0bcd9a9bde969d399b996b77286 StaticDependenciesID=a0a65fb0b42f4ba58fe89b93f21cd420 
Refreshing native plugins compatible for Editor in 23.44 ms, found 4 plugins.
Asset Pipeline Refresh (id=dd44324c05f37a342b5b34aa49871206): Total: 0.126 seconds - Initiated by StopAssetImportingV2(NoUpdateAssetOptions)
Importing 'GUID: 1b27797ea0c1bad48890c39b49dc9112 - Path: Assets/OneStarMakerGenerated/BS3Tests/d60c4e49dbac4c0c853570e4a7599009/Shared.mat' with importer (NativeFormatImporter)
Imported 'GUID: 1b27797ea0c1bad48890c39b49dc9112' -> (Import Result ID: '02cd2bce27bcec42f9161066eab9ca49') in 0.002 seconds [static dependencies only]. Details - ImportResultOutputID=1deb31f77d101001e4cbd99925fc4c9f DependenciesID=6b59d2b211e0e066e5c67aca02b36c2a StaticDependenciesID=a6a56d9a82f5163d83965285888535e2 
Refreshing native plugins compatible for Editor in 22.70 ms, found 4 plugins.
Asset Pipeline Refresh (id=0fb1c5b7c3abdba4c9a68330935c5b24): Total: 0.106 seconds - Initiated by StopAssetImportingV2(NoUpdateAssetOptions)
Unloading 3 Unused Serialized files (Serialized files now loaded: 0)
Unloading 85 unused Assets / (75.9 KB). Loaded Objects now: 12251.
Memory consumption went from 0.53 GB to 0.53 GB.
Total: 15.969500 ms (FindLiveObjects: 0.644100 ms CreateObjectMapping: 0.205300 ms MarkObjects: 14.739400 ms  DeleteObjects: 0.071600 ms)

Importing 'GUID: 1b27797ea0c1bad48890c39b49dc9112 - Path: Assets/OneStarMakerGenerated/BS3Tests/d60c4e49dbac4c0c853570e4a7599009/Shared.mat' with importer (NativeFormatImporter)
Imported 'GUID: 1b27797ea0c1bad48890c39b49dc9112' -> (Import Result ID: '3415e78340275203632d5375a4d43538') in 0.002 seconds [static dependencies only]. Details - ImportResultOutputID=1deb31f77d101001e4cbd99925fc4c9f DependenciesID=9bc2ff64f35a0054c7bd224849e2bb3f StaticDependenciesID=849b22120c5254ca0f94097c8bf1b37e 
Refreshing native plugins compatible for Editor in 22.67 ms, found 4 plugins.
Asset Pipeline Refresh (id=2c1f07538d0209347822ec900efb541c): Total: 0.122 seconds - Initiated by StopAssetImportingV2(NoUpdateAssetOptions)
Importing 'GUID: ed824abb4cce39242a21c016ce2fe924 - Path: Assets/OneStarMakerGenerated/BS3Tests/d60c4e49dbac4c0c853570e4a7599009/Scene.unity' with importer (DefaultImporter)
Imported 'GUID: ed824abb4cce39242a21c016ce2fe924' -> (Import Result ID: 'fa33e194525c9c2454ddcc702b7e0533') in 0.039 seconds [static dependencies only]. Details - ImportResultOutputID=3c9ec870e1c17862085d2b936e6ab2bf DependenciesID=2e5c3c29d284b6e438d30da88b3b9f63 StaticDependenciesID=ea530aca6abad36a04d9351fecffab81 
Refreshing native plugins compatible for Editor in 22.56 ms, found 4 plugins.
Asset Pipeline Refresh (id=d58652688ce1bb34abf73448838cef1e): Total: 0.131 seconds - Initiated by StopAssetImportingV2(NoUpdateAssetOptions)
Importing 'GUID: 304c2d732f69a3045b731126da8e321b - Path: Assets/OneStarMakerGenerated/BS3Tests/d60c4e49dbac4c0c853570e4a7599009/High.prefab' with importer (PrefabImporter)
Imported 'GUID: 304c2d732f69a3045b731126da8e321b' -> (Import Result ID: 'daf00c68fec05c019b79f79e35c29101') in 0.011 seconds [static dependencies only]. Details - ImportResultOutputID=91139e063f01d0d9fc426bd70a8ea037 DependenciesID=9a8af9f83ce352349ccc2173cc124934 StaticDependenciesID=a750f4a7658c417be7dd7b18cb3c9113 
Refreshing native plugins compatible for Editor in 24.97 ms, found 4 plugins.
Asset Pipeline Refresh (id=4a7c482a03ae893429fb516c4c91256c): Total: 0.127 seconds - Initiated by StopAssetImportingV2(NoUpdateAssetOptions)
Importing 'GUID: 27f1916990258e54582c7ff6fb968773 - Path: Assets/OneStarMakerGenerated/BS3Tests/d60c4e49dbac4c0c853570e4a7599009/Low.prefab' with importer (PrefabImporter)
Imported 'GUID: 27f1916990258e54582c7ff6fb968773' -> (Import Result ID: 'df9dc94b786868796cae0d7541a4a9c3') in 0.009 seconds [static dependencies only]. Details - ImportResultOutputID=6a3027232c8d756ff2b519fe2daf4377 DependenciesID=53f317e8330fb7e30e17e7c72ef689d3 StaticDependenciesID=905515578af25e2164d93f518ebf6551 
Refreshing native plugins compatible for Editor in 24.66 ms, found 4 plugins.
Asset Pipeline Refresh (id=f9abfd1aa76e746438e811976f9e1554): Total: 0.288 seconds - Initiated by StopAssetImportingV2(NoUpdateAssetOptions)
Importing 'GUID: 34d52a19fffc0864db0aecbdcffa32d7 - Path: Assets/OneStarMakerGenerated/BS3Tests/d60c4e49dbac4c0c853570e4a7599009/Excluded.prefab' with importer (PrefabImporter)
Imported 'GUID: 34d52a19fffc0864db0aecbdcffa32d7' -> (Import Result ID: '6eb75e62a92bb1745d6e1888b32f5f15') in 0.010 seconds [static dependencies only]. Details - ImportResultOutputID=ebfdf2edb390f7c433ed4e15528b37f4 DependenciesID=62d1b1ff7ac85df83458a4fb16a274ed StaticDependenciesID=a2a23c39e7a17292f0af6cd139c20dc4 
Refreshing native plugins compatible for Editor in 23.27 ms, found 4 plugins.
Asset Pipeline Refresh (id=1e08155dc91354549970738b2cb42402): Total: 0.115 seconds - Initiated by StopAssetImportingV2(NoUpdateAssetOptions)
Importing 'GUID: ed824abb4cce39242a21c016ce2fe924 - Path: Assets/OneStarMakerGenerated/BS3Tests/d60c4e49dbac4c0c853570e4a7599009/Scene.unity' with importer (DefaultImporter)
Imported 'GUID: ed824abb4cce39242a21c016ce2fe924' -> (Import Result ID: 'f13778a08dbcdf3b28fbbc29645c6685') in 0.002 seconds [static dependencies only]. Details - ImportResultOutputID=3c9ec870e1c17862085d2b936e6ab2bf DependenciesID=d90f1ace594362df90e00955fcd504d6 StaticDependenciesID=f765f6cdc1daded4513f4a34477fbc2d 
Refreshing native plugins compatible for Editor in 22.61 ms, found 4 plugins.
Asset Pipeline Refresh (id=8b7fdb3bdfcad6249b5e7df6507c5a67): Total: 0.090 seconds - Initiated by StopAssetImportingV2(NoUpdateAssetOptions)
Importing 'GUID: abffcfab4d5cae0449cef93bc0736b6b - Path: Assets/OneStarMakerGenerated/BS2b' with importer (DefaultImporter)
Imported 'GUID: abffcfab4d5cae0449cef93bc0736b6b' -> (Import Result ID: 'dfb3258de91d013b4ec7004b13c96a4e') in 0.008 seconds [static dependencies only]. Details - ImportResultOutputID=594f034605cdbdaab75465ad5b671250 DependenciesID=44cd23b517c8947f649746a834b269a8 StaticDependenciesID=4f878f61d3255deb0f7e2e0d0ced3e63 
Refreshing native plugins compatible for Editor in 26.85 ms, found 4 plugins.
Asset Pipeline Refresh (id=0246748bb467b3f4d8319fa993aa2f4b): Total: 0.103 seconds - Initiated by StopAssetImportingV2(NoUpdateAssetOptions)
Importing 'GUID: ad8e39016c8acac409313ad74e5eb84c - Path: Assets/OneStarMakerGenerated/BS2b/20260918T122334886Z-415f0e6b6e3145c49e25fba929cb7293' with importer (DefaultImporter)
Imported 'GUID: ad8e39016c8acac409313ad74e5eb84c' -> (Import Result ID: 'd49e2389712273b7a23fa50df592a878') in 0.011 seconds [static dependencies only]. Details - ImportResultOutputID=6e0430496c8cf93513b2ac367ac854d0 DependenciesID=6fda2b9e49df9b880e06edc04604a638 StaticDependenciesID=85eb078d7d58a693673ddf7b377e9610 
Refreshing native plugins compatible for Editor in 30.37 ms, found 4 plugins.
Asset Pipeline Refresh (id=a14ef6c1b74db8547bbd5da87d00bd92): Total: 0.117 seconds - Initiated by StopAssetImportingV2(NoUpdateAssetOptions)
Importing 'GUID: efa15f5bc91896444a0e9c23a4e1418b - Path: Assets/OneStarMakerGenerated/BS2b/20260918T122334886Z-415f0e6b6e3145c49e25fba929cb7293/bs2b-owner.marker' with importer (DefaultImporter)
Imported 'GUID: efa15f5bc91896444a0e9c23a4e1418b' -> (Import Result ID: 'b4c3d99ede98333e363ae014e14a3a50') in 0.041 seconds [static dependencies only]. Details - ImportResultOutputID=8137b60d5196d32ea07c2d349dd6e69a DependenciesID=73756d52c8aaedd148da4c900243a6f1 StaticDependenciesID=706337cc21b0f1bf8e98b34fe3c6dc71 
Refreshing native plugins compatible for Editor in 22.34 ms, found 4 plugins.
Asset Pipeline Refresh (id=117953646cddba64f9b96e84a7029d47): Total: 0.166 seconds - Initiated by RefreshV2(NoUpdateAssetOptions)
Importing 'GUID: 245fa261f4f4556498be12eef57c6f5f - Path: Assets/OneStarMakerGenerated/BS2b/20260918T122334886Z-415f0e6b6e3145c49e25fba929cb7293/BuildContentRoot.asset' with importer (NativeFormatImporter)
Imported 'GUID: 245fa261f4f4556498be12eef57c6f5f' -> (Import Result ID: 'b79339211154cfd4a2748019bc7d94c9') in 0.002 seconds [static dependencies only]. Details - ImportResultOutputID=950c1489fee1d083dda991290d91d533 DependenciesID=ebdcadc0433dd21b3de4ecac595621f8 StaticDependenciesID=ce60f3063a6ec22735e328b4a38ac5fc 
Refreshing native plugins compatible for Editor in 24.30 ms, found 4 plugins.
Asset Pipeline Refresh (id=840cf0678f7d40841a2367e67fb77148): Total: 0.095 seconds - Initiated by StopAssetImportingV2(NoUpdateAssetOptions)
Importing 'GUID: 245fa261f4f4556498be12eef57c6f5f - Path: Assets/OneStarMakerGenerated/BS2b/20260918T122334886Z-415f0e6b6e3145c49e25fba929cb7293/BuildContentRoot.asset' with importer (NativeFormatImporter)
Imported 'GUID: 245fa261f4f4556498be12eef57c6f5f' -> (Import Result ID: 'b79339211154cfd4a2748019bc7d94c9') in 0.002 seconds [static dependencies only]. Details - ImportResultOutputID=950c1489fee1d083dda991290d91d533 DependenciesID=ebdcadc0433dd21b3de4ecac595621f8 StaticDependenciesID=ce60f3063a6ec22735e328b4a38ac5fc 
Refreshing native plugins compatible for Editor in 25.87 ms, found 4 plugins.
Asset Pipeline Refresh (id=29598a147cebfdf43a53f089aee4a798): Total: 0.075 seconds - Initiated by StopAssetImportingV2(NoUpdateAssetOptions)
Importing 'GUID: 245fa261f4f4556498be12eef57c6f5f - Path: Assets/OneStarMakerGenerated/BS2b/20260918T122334886Z-415f0e6b6e3145c49e25fba929cb7293/BuildContentRoot.asset' with importer (NativeFormatImporter)
Imported 'GUID: 245fa261f4f4556498be12eef57c6f5f' -> (Import Result ID: 'b79339211154cfd4a2748019bc7d94c9') in 0.002 seconds [static dependencies only]. Details - ImportResultOutputID=950c1489fee1d083dda991290d91d533 DependenciesID=ebdcadc0433dd21b3de4ecac595621f8 StaticDependenciesID=ce60f3063a6ec22735e328b4a38ac5fc 
Refreshing native plugins compatible for Editor in 25.32 ms, found 4 plugins.
Asset Pipeline Refresh (id=b43891351ee1e6d4cad871aa9df90a26): Total: 0.070 seconds - Initiated by StopAssetImportingV2(NoUpdateAssetOptions)
Importing 'GUID: 4b83569d67af61e458304325a23e5dfd - Path: Assets/Settings/PC_RPAsset.asset' with importer (NativeFormatImporter)
Imported 'GUID: 4b83569d67af61e458304325a23e5dfd' -> (Import Result ID: '2fcb55e6f37e916feb23474e154663f8') in 0.002 seconds [static dependencies only]. Details - ImportResultOutputID=eae66dc0e7a749d738136f6c7279b2f0 DependenciesID=d67c03d163a158e1a173c7d4f8dea317 StaticDependenciesID=272ab2bf0d55e49a9c6ca9c634f4d9aa 
Refreshing native plugins compatible for Editor in 24.61 ms, found 4 plugins.
Asset Pipeline Refresh (id=ef93ca619afd27243b5037b5494c6e02): Total: 0.065 seconds - Initiated by StopAssetImportingV2(NoUpdateAssetOptions)
Asset Pipeline Refresh (id=ecea6d15b52a3404d8227498f3864f7d): Total: 0.077 seconds - Initiated by StopAssetImportingV2(NoUpdateAssetOptions)
Opening scene 'Assets/SampleGame/OutGame/Title/Title.unity additively'
Loaded scene 'Assets/SampleGame/OutGame/Title/Title.unity'
	Deserialize:            106.007 ms
	Integration:            0.788 ms
	Integration of assets:  0.163 ms
	Thread Wait Time:       -0.008 ms
	Total Operation Time:   106.950 ms
Pipeline: No RuntimePipelineManager components found in build scenes. Pipeline will be disabled in Player builds.
UnityEngine.Debug:ExtractStackTraceNoAlloc (byte*,int,string)
UnityEngine.StackTraceUtility:ExtractStackTrace ()
UnityEngine.DebugLogHandler:Internal_Log (UnityEngine.LogType,UnityEngine.LogOption,string,UnityEngine.Object)
UnityEngine.DebugLogHandler:LogFormat (UnityEngine.LogType,UnityEngine.Object,string,object[])
UnityEngine.Logger:Log (UnityEngine.LogType,object)
UnityEngine.Debug:LogWarning (object)
Unity.Pipeline.Editor.BuildProcessors.PipelineRuntimeBuildProcessor:OnPreprocessBuild (UnityEditor.Build.BuildCallbackContext) (at ./Library/PackageCache/com.unity.pipeline@f49636739437/Editor/BuildProcessors/PipelineRuntimeBuildProcessor.cs:48)
UnityEditor.Build.BuildPipelineInterfaces:OnBuildPreProcessWithContext (UnityEditor.Build.BuildCallbackContext)
UnityEditor.BuildPipeline:BuildContentDirectoryInternal (UnityEditor.BuildContentDirectoryParameters,UnityEngine.GUID)
UnityEditor.BuildPipeline:BuildContentDirectory (UnityEditor.BuildContentDirectoryParameters)
OneStarMaker.Editor.Build.Content.UnityContentDirectoryAdapter:Build (OneStarMaker.Editor.Build.Content.BuildContentProjectionResult,string,string) (at Assets/OneStarMaker/Scripts/Editor/Build/Content/UnityContentDirectoryAdapter.cs:93)
OneStarMaker.Editor.Build.Content.BuildContentCoordinator:Build (OneStarMaker.Editor.Build.Content.BuildContentRequest) (at Assets/OneStarMaker/Scripts/Editor/Build/Content/BuildContentCoordinator.cs:74)
OneStarMaker.Tests.Editor.Build.BuildContentDirectoryIntegrationTests/<ScenePrefabTextureAndTwoRepresentationsBuildAndMoveAsOneDirectory>d__4:MoveNext () (at Assets/OneStarMaker/Tests/Editor/Build/BuildContentDirectoryIntegrationTests.cs:120)
UnityEngine.TestTools.TestEnumerator/<Execute>d__8:MoveNext () (at ./Library/PackageCache/com.unity.test-framework@7a3849e09bd0/UnityEngine.TestRunner/NUnitExtensions/Attributes/TestEnumerator.cs:52)
UnityEngine.TestTools.EnumerableTestMethodCommand/<ExecuteEnumerableAndRecordExceptions>d__4:MoveNext () (at ./Library/PackageCache/com.unity.test-framework@7a3849e09bd0/UnityEngine.TestRunner/NUnitExtensions/Commands/EnumerableTestMethodCommand.cs:85)
UnityEngine.TestTools.EnumerableTestMethodCommand:AdvanceEnumerator (System.Collections.IEnumerator) (at ./Library/PackageCache/com.unity.test-framework@7a3849e09bd0/UnityEngine.TestRunner/NUnitExtensions/Commands/EnumerableTestMethodCommand.cs:64)
UnityEngine.TestTools.EnumerableTestMethodCommand/<ExecuteEnumerable>d__2:MoveNext () (at ./Library/PackageCache/com.unity.test-framework@7a3849e09bd0/UnityEngine.TestRunner/NUnitExtensions/Commands/EnumerableTestMethodCommand.cs:47)
UnityEngine.TestRunner.NUnitExtensions.Runner.UnityLogCheckDelegatingCommand/<ExecuteEnumerable>d__4:MoveNext () (at ./Library/PackageCache/com.unity.test-framework@7a3849e09bd0/UnityEngine.TestRunner/NUnitExtensions/Runner/UnityLogCheckDelegatingCommand.cs:66)
UnityEngine.TestTools.BeforeAfterTestCommandBase`1/<ExecuteEnumerable>d__16<NUnit.Framework.ITestAction>:MoveNext () (at ./Library/PackageCache/com.unity.test-framework@7a3849e09bd0/UnityEngine.TestRunner/NUnitExtensions/Commands/BeforeAfterTestCommandBase.cs:213)
UnityEngine.TestTools.BeforeAfterTestCommandBase`1/<ExecuteEnumerable>d__16<System.Reflection.MethodInfo>:MoveNext () (at ./Library/PackageCache/com.unity.test-framework@7a3849e09bd0/UnityEngine.TestRunner/NUnitExtensions/Commands/BeforeAfterTestCommandBase.cs:213)
UnityEngine.TestTools.BeforeAfterTestCommandBase`1/<ExecuteEnumerable>d__16<System.Reflection.MethodInfo>:MoveNext () (at ./Library/PackageCache/com.unity.test-framework@7a3849e09bd0/UnityEngine.TestRunner/NUnitExtensions/Commands/BeforeAfterTestCommandBase.cs:213)
UnityEngine.TestTools.BeforeAfterTestCommandBase`1/<ExecuteEnumerable>d__16<UnityEngine.TestTools.IOuterUnityTestAction>:MoveNext () (at ./Library/PackageCache/com.unity.test-framework@7a3849e09bd0/UnityEngine.TestRunner/NUnitExtensions/Commands/BeforeAfterTestCommandBase.cs:213)
UnityEngine.TestTools.RetryCommand/<ExecuteEnumerable>d__2:MoveNext () (at ./Library/PackageCache/com.unity.test-framework@7a3849e09bd0/UnityEngine.TestRunner/NUnitExtensions/Commands/RetryCommand.cs:37)
UnityEngine.TestTools.RepeatCommand/<ExecuteEnumerable>d__2:MoveNext () (at ./Library/PackageCache/com.unity.test-framework@7a3849e09bd0/UnityEngine.TestRunner/NUnitExtensions/Commands/RepeatCommand.cs:36)
UnityEngine.TestTools.IgnoreTestCommand/<ExecuteEnumerable>d__3:MoveNext () (at ./Library/PackageCache/com.unity.test-framework@7a3849e09bd0/UnityEngine.TestRunner/NUnitExtensions/Commands/IgnoreTestCommand.cs:42)
UnityEngine.TestTools.StrictCheckCommand/<ExecuteEnumerable>d__2:MoveNext () (at ./Library/PackageCache/com.unity.test-framework@7a3849e09bd0/UnityEngine.TestRunner/NUnitExtensions/Commands/StrictCheckCommand.cs:29)
UnityEditor.TestTools.TestRunner.EditorEnumeratorTestWorkItem/<PerformWork>d__3:MoveNext () (at ./Library/PackageCache/com.unity.test-framework@7a3849e09bd0/UnityEditor.TestRunner/TestRunner/EditorEnumeratorTestWorkItem.cs:97)
UnityEngine.TestRunner.NUnitExtensions.Runner.CompositeWorkItem/<RunChildren>d__17:MoveNext () (at ./Library/PackageCache/com.unity.test-framework@7a3849e09bd0/UnityEngine.TestRunner/NUnitExtensions/Runner/CompositeWorkItem.cs:209)
UnityEngine.TestRunner.NUnitExtensions.Runner.CompositeWorkItem/<PerformWork>d__13:MoveNext () (at ./Library/PackageCache/com.unity.test-framework@7a3849e09bd0/UnityEngine.TestRunner/NUnitExtensions/Runner/CompositeWorkItem.cs:83)
UnityEngine.TestRunner.NUnitExtensions.Runner.CompositeWorkItem/<RunChildren>d__17:MoveNext () (at ./Library/PackageCache/com.unity.test-framework@7a3849e09bd0/UnityEngine.TestRunner/NUnitExtensions/Runner/CompositeWorkItem.cs:209)
UnityEngine.TestRunner.NUnitExtensions.Runner.CompositeWorkItem/<PerformWork>d__13:MoveNext () (at ./Library/PackageCache/com.unity.test-framework@7a3849e09bd0/UnityEngine.TestRunner/NUnitExtensions/Runner/CompositeWorkItem.cs:83)
UnityEngine.TestRunner.NUnitExtensions.Runner.CompositeWorkItem/<RunChildren>d__17:MoveNext () (at ./Library/PackageCache/com.unity.test-framework@7a3849e09bd0/UnityEngine.TestRunner/NUnitExtensions/Runner/CompositeWorkItem.cs:209)
UnityEngine.TestRunner.NUnitExtensions.Runner.CompositeWorkItem/<PerformWork>d__13:MoveNext () (at ./Library/PackageCache/com.unity.test-framework@7a3849e09bd0/UnityEngine.TestRunner/NUnitExtensions/Runner/CompositeWorkItem.cs:83)
UnityEngine.TestRunner.NUnitExtensions.Runner.CompositeWorkItem/<RunChildren>d__17:MoveNext () (at ./Library/PackageCache/com.unity.test-framework@7a3849e09bd0/UnityEngine.TestRunner/NUnitExtensions/Runner/CompositeWorkItem.cs:209)
UnityEngine.TestRunner.NUnitExtensions.Runner.CompositeWorkItem/<PerformWork>d__13:MoveNext () (at ./Library/PackageCache/com.unity.test-framework@7a3849e09bd0/UnityEngine.TestRunner/NUnitExtensions/Runner/CompositeWorkItem.cs:83)
UnityEngine.TestRunner.NUnitExtensions.Runner.CompositeWorkItem/<RunChildren>d__17:MoveNext () (at ./Library/PackageCache/com.unity.test-framework@7a3849e09bd0/UnityEngine.TestRunner/NUnitExtensions/Runner/CompositeWorkItem.cs:209)
UnityEngine.TestRunner.NUnitExtensions.Runner.CompositeWorkItem/<PerformWork>d__13:MoveNext () (at ./Library/PackageCache/com.unity.test-framework@7a3849e09bd0/UnityEngine.TestRunner/NUnitExtensions/Runner/CompositeWorkItem.cs:83)
UnityEngine.TestRunner.NUnitExtensions.Runner.CompositeWorkItem/<RunChildren>d__17:MoveNext () (at ./Library/PackageCache/com.unity.test-framework@7a3849e09bd0/UnityEngine.TestRunner/NUnitExtensions/Runner/CompositeWorkItem.cs:209)
UnityEngine.TestRunner.NUnitExtensions.Runner.CompositeWorkItem/<PerformWork>d__13:MoveNext () (at ./Library/PackageCache/com.unity.test-framework@7a3849e09bd0/UnityEngine.TestRunner/NUnitExtensions/Runner/CompositeWorkItem.cs:83)
UnityEngine.TestRunner.NUnitExtensions.Runner.CompositeWorkItem/<RunChildren>d__17:MoveNext () (at ./Library/PackageCache/com.unity.test-framework@7a3849e09bd0/UnityEngine.TestRunner/NUnitExtensions/Runner/CompositeWorkItem.cs:209)
UnityEngine.TestRunner.NUnitExtensions.Runner.CompositeWorkItem/<PerformWork>d__13:MoveNext () (at ./Library/PackageCache/com.unity.test-framework@7a3849e09bd0/UnityEngine.TestRunner/NUnitExtensions/Runner/CompositeWorkItem.cs:83)
UnityEditor.TestTools.TestRunner.EditModeRunner:MoveNextAndUpdateYieldObject () (at ./Library/PackageCache/com.unity.test-framework@7a3849e09bd0/UnityEditor.TestRunner/TestRunner/EditModeRunner.cs:180)
UnityEditor.TestTools.TestRunner.EditModeRunner:TestConsumer (UnityEditor.TestTools.TestRunner.TestRunnerStateSerializer) (at ./Library/PackageCache/com.unity.test-framework@7a3849e09bd0/UnityEditor.TestRunner/TestRunner/EditModeRunner.cs:220)
UnityEditor.TestTools.TestRunner.TestRun.Tasks.EditModeRunTask/<Execute>d__1:MoveNext () (at ./Library/PackageCache/com.unity.test-framework@7a3849e09bd0/UnityEditor.TestRunner/TestRun/Tasks/EditModeRunTask.cs:48)
UnityEditor.TestTools.TestRunner.TestRun.TestJobRunner:ExecuteStep () (at ./Library/PackageCache/com.unity.test-framework@7a3849e09bd0/UnityEditor.TestRunner/TestRun/TestJobRunner.cs:194)
UnityEditor.TestTools.TestRunner.TestRun.TestJobRunner:ExecuteCallback () (at ./Library/PackageCache/com.unity.test-framework@7a3849e09bd0/UnityEditor.TestRunner/TestRun/TestJobRunner.cs:129)
UnityEditor.EditorApplication:Internal_CallUpdateFunctions ()

(Filename: ./Library/PackageCache/com.unity.pipeline@f49636739437/Editor/BuildProcessors/PipelineRuntimeBuildProcessor.cs Line: 48)

Importing 'GUID: 4b83569d67af61e458304325a23e5dfd - Path: Assets/Settings/PC_RPAsset.asset' with importer (NativeFormatImporter)
Imported 'GUID: 4b83569d67af61e458304325a23e5dfd' -> (Import Result ID: '2fcb55e6f37e916feb23474e154663f8') in 0.003 seconds [static dependencies only]. Details - ImportResultOutputID=eae66dc0e7a749d738136f6c7279b2f0 DependenciesID=d67c03d163a158e1a173c7d4f8dea317 StaticDependenciesID=272ab2bf0d55e49a9c6ca9c634f4d9aa 
Refreshing native plugins compatible for Editor in 22.84 ms, found 4 plugins.
Asset Pipeline Refresh (id=e22bda4e67d4c2543aa94831e3e9b6d7): Total: 0.065 seconds - Initiated by StopAssetImportingV2(NoUpdateAssetOptions)
Asset Pipeline Refresh (id=7144c94edd40d78459a3294310d828f8): Total: 0.100 seconds - Initiated by RefreshV2(NoUpdateAssetOptions)
[ScriptCompilation] Requested script compilation because: Recompiling all scripts before compiling player scripts because Auto Refresh is disabled.
Starting: D:\UnityEditor\6000.6.0f1\Editor\Data\Tools\BuildPipeline\bee_backend.exe --ipc --defer-dag-verification --dagfile="Library/Bee/1900b0aEDbg.dag" --continue-on-failure --profile="Library/Bee/backend1.traceevents" ScriptAssemblies
WorkingDir: D:/repositories/unity/SampleGameForOneStarMakerFramework/unity
ExitCode: 0 Duration: 1s117ms
[1359/1925  0s] ILPP-Configuration Library/ilpp-configuration.nevergeneratedoutput
*** Tundra build success (1.08 seconds), 1 items updated, 1925 evaluated
Total cache size 267210888
Total cache size after purge 267210888, took 00:00:00.8896796
[ScriptCompilation] Requested script compilation because: Compiling scripts for player
Starting: D:\UnityEditor\6000.6.0f1\Editor\Data\Tools\BuildPipeline\bee_backend.exe --ipc --defer-dag-verification --dagfile="Library/Bee/1900b0aP.dag" --continue-on-failure --profile="Library/Bee/backend1.traceevents" ScriptAssembliesAndTypeDB
WorkingDir: D:/repositories/unity/SampleGameForOneStarMakerFramework/unity
ExitCode: 0 Duration: 3s831ms
[ 411/1248  0s] WriteResponseFile Library/Bee/artifacts/rsp/4747638433968585886.rsp
[ 987/1248  0s] ILPP-Configuration Library/ilpp-configuration.nevergeneratedoutput
[1074/1248  0s] CopyFiles Library/PlayerScriptAssemblies/Unity.Purchasing.AppleMacosStub.dll
[1075/1248  0s] CopyFiles Library/PlayerScriptAssemblies/Unity.AI.Navigation.dll
[1076/1248  0s] CopyFiles Library/PlayerScriptAssemblies/Unity.Services.Core.Internal.dll
[1077/1248  0s] CopyFiles Library/PlayerScriptAssemblies/Unity.RenderPipelines.Universal.Config.Runtime.dll
[1078/1248  0s] CopyFiles Library/PlayerScriptAssemblies/UniTask.dll
[1079/1248  0s] CopyFiles Library/PlayerScriptAssemblies/Unity.Purchasing.SecurityStub.dll
[1080/1248  0s] CopyFiles Library/PlayerScriptAssemblies/Unity.Purchasing.Stores.XboxCloudServices.dll
[1081/1248  0s] CopyFiles Library/PlayerScriptAssemblies/Unity.ScriptableBuildPipeline.dll
[1082/1248  0s] CopyFiles Library/PlayerScriptAssemblies/Unity.Services.Core.dll
[1083/1248  0s] CopyFiles Library/PlayerScriptAssemblies/Domain_Reload.dll
[1084/1248  0s] CopyFiles Library/PlayerScriptAssemblies/Unity.Services.Core.Telemetry.dll
[1085/1248  0s] CopyFiles Library/PlayerScriptAssemblies/UnityEngine.Advertisements.dll
[1086/1248  0s] CopyFiles Library/PlayerScriptAssemblies/Unity.Collections.Tests.CoreCLR.PrivateJobNested.dll
[1087/1248  0s] CopyFiles Library/PlayerScriptAssemblies/Unity.Services.Core.Environments.dll
[1088/1248  0s] CopyFiles Library/PlayerScriptAssemblies/Unity.InternalAPIEngineBridge.RenderPipelines.Core.Runtime.Shared.dll
[1089/1248  0s] CopyFiles Library/PlayerScriptAssemblies/Unity.Burst.dll
[1090/1248  0s] CopyFiles Library/PlayerScriptAssemblies/Unity.InternalAPIEngineBridge.ObjectDispatcher.Runtime.dll
[1091/1248  0s] CopyFiles Library/PlayerScriptAssemblies/Unity.Purchasing.Utilities.dll
[1092/1248  0s] CopyFiles Library/PlayerScriptAssemblies/Unity.RenderPipelines.Universal.Runtime.dll
[1093/1248  0s] CopyFiles Library/PlayerScriptAssemblies/SampleGame.Common.dll
[1094/1248  0s] CopyFiles Library/PlayerScriptAssemblies/SampleGame.DependOnAll.dll
[1095/1248  0s] CopyFiles Library/PlayerScriptAssemblies/UniTask.Linq.dll
[1096/1248  0s] CopyFiles Library/PlayerScriptAssemblies/OneStarMaker.Foundation.dll
[1097/1248  0s] CopyFiles Library/PlayerScriptAssemblies/LitMotion.Extensions.dll
[1098/1248  0s] CopyFiles Library/PlayerScriptAssemblies/Unity.ResourceManager.dll
[1099/1248  0s] CopyFiles Library/PlayerScriptAssemblies/Unity.Services.Core.Device.dll
[1100/1248  0s] CopyFiles Library/PlayerScriptAssemblies/Unity.RenderPipelines.Core.Runtime.dll
[1101/1248  0s] CopyFiles Library/PlayerScriptAssemblies/OneStarMaker.Debug.dll
[1102/1248  0s] CopyFiles Library/PlayerScriptAssemblies/Unity.PathTracing.Runtime.dll
[1103/1248  0s] CopyFiles Library/PlayerScriptAssemblies/Unity.Pipeline.dll
[1104/1248  0s] CopyFiles Library/PlayerScriptAssemblies/OneStarMaker.Runtime.dll
[1105/1248  0s] CopyFiles Library/PlayerScriptAssemblies/Unity.RenderPipelines.Universal.2D.Runtime.dll
[1106/1248  0s] CopyFiles Library/PlayerScriptAssemblies/Unity.Cinemachine.dll
[1107/1248  0s] CopyFiles Library/PlayerScriptAssemblies/Unity.Services.Core.Registration.dll
[1108/1248  0s] CopyFiles Library/PlayerScriptAssemblies/UnityEngine.UI.dll
[1109/1248  0s] CopyFiles Library/PlayerScriptAssemblies/UniTask.Addressables.dll
[1110/1248  0s] CopyFiles Library/PlayerScriptAssemblies/LitMotion.dll
[1111/1248  0s] CopyFiles Library/PlayerScriptAssemblies/Unity.Purchasing.LiveContentAdapterService.dll
[1112/1248  0s] CopyFiles Library/PlayerScriptAssemblies/Unity.Services.Core.Scheduler.dll
[1113/1248  0s] CopyFiles Library/PlayerScriptAssemblies/Unity.Timeline.dll
[1114/1248  0s] CopyFiles Library/PlayerScriptAssemblies/Unity.Addressables.dll
[1115/1248  0s] CopyFiles Library/PlayerScriptAssemblies/Unity.VisualScripting.DocCodeExamples.dll
[1116/1248  0s] CopyFiles Library/PlayerScriptAssemblies/Unity.Splines.dll
[1117/1248  0s] CopyFiles Library/PlayerScriptAssemblies/SampleGame.InGame.dll
[1118/1248  0s] CopyFiles Library/PlayerScriptAssemblies/Unity.UnifiedRayTracing.Runtime.dll
[1119/1248  0s] CopyFiles Library/PlayerScriptAssemblies/Assembly-CSharp.dll
[1120/1248  0s] CopyFiles Library/PlayerScriptAssemblies/Unity.Services.Analytics.dll
[1121/1248  0s] CopyFiles Library/PlayerScriptAssemblies/Unity.RenderPipeline.Universal.ShaderLibrary.dll
[1122/1248  0s] CopyFiles Library/PlayerScriptAssemblies/Unity.Purchasing.SecurityCore.dll
[1123/1248  0s] CopyFiles Library/PlayerScriptAssemblies/Unity.RenderPipelines.ShaderGraph.ShaderGraphLibrary.dll
[1124/1248  0s] CopyFiles Library/PlayerScriptAssemblies/Unity.RenderPipelines.Core.Runtime.Shared.dll
[1125/1248  0s] CopyFiles Library/PlayerScriptAssemblies/Unity.Services.Core.Analytics.dll
[1126/1248  0s] CopyFiles Library/PlayerScriptAssemblies/Unity.Services.Core.Networking.dll
[1127/1248  0s] CopyFiles Library/PlayerScriptAssemblies/Unity.Collections.Tests.CoreCLR.PublicJobPrivateGeneric.dll
[1128/1248  0s] CopyFiles Library/PlayerScriptAssemblies/Unity.Profiling.Core.dll
[1129/1248  0s] CopyFiles Library/PlayerScriptAssemblies/Unity.InputSystem.ForUI.dll
[1130/1248  0s] CopyFiles Library/PlayerScriptAssemblies/Unity.RenderPipelines.GPUDriven.Runtime.dll
[1131/1248  0s] CopyFiles Library/PlayerScriptAssemblies/UnityEngine.SpatialTracking.dll
[1132/1248  0s] CopyFiles Library/PlayerScriptAssemblies/Unity.TextMeshPro.dll
[1133/1248  0s] CopyFiles Library/PlayerScriptAssemblies/Unity.Analytics.DataPrivacy.dll
[1134/1248  0s] CopyFiles Library/PlayerScriptAssemblies/Unity.Purchasing.Codeless.dll
[1135/1248  0s] CopyFiles Library/PlayerScriptAssemblies/Unity.InternalAPIEngineBridge.004.dll
[1136/1248  0s] CopyFiles Library/PlayerScriptAssemblies/Unity.Collections.Tests.CoreCLR.ProtectedJobNested.dll
[1137/1248  0s] CopyFiles Library/PlayerScriptAssemblies/Unity.Mathematics.dll
[1138/1248  0s] CopyFiles Library/PlayerScriptAssemblies/Unity.VisualScripting.State.dll
[1139/1248  0s] CopyFiles Library/PlayerScriptAssemblies/Unity.SurfaceCache.Runtime.dll
[1140/1248  0s] CopyFiles Library/PlayerScriptAssemblies/Unity.Purchasing.dll
[1141/1248  0s] CopyFiles Library/PlayerScriptAssemblies/Unity.Purchasing.WebshopService.dll
[1142/1248  0s] CopyFiles Library/PlayerScriptAssemblies/Unity.VisualScripting.Flow.dll
[1143/1248  0s] CopyFiles Library/PlayerScriptAssemblies/Unity.Purchasing.Stores.dll
[1144/1248  0s] CopyFiles Library/PlayerScriptAssemblies/UnityEngine.XR.LegacyInputHelpers.dll
[1145/1248  0s] CopyFiles Library/PlayerScriptAssemblies/SampleGame.OutGame.dll
[1146/1248  0s] CopyFiles Library/PlayerScriptAssemblies/Unity.Collections.Tests.CoreCLR.InternalJobNestedPrivate.dll
[1147/1248  0s] CopyFiles Library/PlayerScriptAssemblies/Unity.Purchasing.PaymentProviderService.dll
[1148/1248  0s] CopyFiles Library/PlayerScriptAssemblies/Unity.RenderPipelines.Core.ShaderLibrary.dll
[1149/1248  0s] CopyFiles Library/PlayerScriptAssemblies/Unity.Services.Core.Environments.Internal.dll
[1150/1248  0s] CopyFiles Library/PlayerScriptAssemblies/UniTask.DOTween.dll
[1151/1248  0s] CopyFiles Library/PlayerScriptAssemblies/Unity.Services.Core.Components.dll
[1152/1248  0s] CopyFiles Library/PlayerScriptAssemblies/Unity.Collections.dll
[1153/1248  0s] CopyFiles Library/PlayerScriptAssemblies/Unity.RenderPipelines.Universal.Shaders.dll
[1154/1248  0s] CopyFiles Library/PlayerScriptAssemblies/Unity.Purchasing.AppleStub.dll
[1155/1248  0s] CopyFiles Library/PlayerScriptAssemblies/Unity.VisualScripting.Core.dll
[1156/1248  0s] CopyFiles Library/PlayerScriptAssemblies/Unity.Services.Core.Configuration.dll
[1157/1248  0s] CopyFiles Library/PlayerScriptAssemblies/UniTask.TextMeshPro.dll
[1158/1248  0s] CopyFiles Library/PlayerScriptAssemblies/Unity.Services.Core.Threading.dll
[1159/1248  0s] CopyFiles Library/PlayerScriptAssemblies/Unity.InternalAPIEngineBridge.ObjectDispatcher.Runtime.pdb
[1160/1248  0s] CopyFiles Library/PlayerScriptAssemblies/Unity.Burst.pdb
[1161/1248  0s] CopyFiles Library/PlayerScriptAssemblies/Unity.RenderPipelines.Universal.Runtime.pdb
[1162/1248  0s] CopyFiles Library/PlayerScriptAssemblies/Unity.InputSystem.dll
[1163/1248  0s] CopyFiles Library/PlayerScriptAssemblies/UnityEngine.Advertisements.pdb
[1164/1248  0s] CopyFiles Library/PlayerScriptAssemblies/Unity.Services.Core.Telemetry.pdb
[1165/1248  0s] CopyFiles Library/PlayerScriptAssemblies/Unity.Services.Core.pdb
[1166/1248  0s] CopyFiles Library/PlayerScriptAssemblies/SampleGame.Common.pdb
[1167/1248  0s] CopyFiles Library/PlayerScriptAssemblies/SampleGame.DependOnAll.pdb
[1168/1248  0s] CopyFiles Library/PlayerScriptAssemblies/LitMotion.Extensions.pdb
[1169/1248  0s] CopyFiles Library/PlayerScriptAssemblies/Unity.Purchasing.Stores.XboxCloudServices.pdb
[1170/1248  0s] CopyFiles Library/PlayerScriptAssemblies/Unity.RenderPipelines.Core.Runtime.pdb
[1171/1248  0s] CopyFiles Library/PlayerScriptAssemblies/Unity.PathTracing.Runtime.pdb
[1172/1248  0s] CopyFiles Library/PlayerScriptAssemblies/OneStarMaker.Debug.pdb
[1173/1248  0s] CopyFiles Library/PlayerScriptAssemblies/OneStarMaker.Runtime.pdb
[1174/1248  0s] CopyFiles Library/PlayerScriptAssemblies/Unity.RenderPipelines.Universal.Config.Runtime.pdb
[1175/1248  0s] CopyFiles Library/PlayerScriptAssemblies/Unity.Cinemachine.pdb
[1176/1248  0s] CopyFiles Library/PlayerScriptAssemblies/Unity.RenderPipelines.Universal.2D.Runtime.pdb
[1177/1248  0s] CopyFiles Library/PlayerScriptAssemblies/Unity.InternalAPIEngineBridge.RenderPipelines.Core.Runtime.Shared.pdb
[1178/1248  0s] CopyFiles Library/PlayerScriptAssemblies/Unity.Services.Core.Analytics.pdb
[1179/1248  0s] CopyFiles Library/PlayerScriptAssemblies/Unity.Services.Core.Environments.pdb
[1180/1248  0s] CopyFiles Library/PlayerScriptAssemblies/Unity.Timeline.pdb
[1181/1248  0s] CopyFiles Library/PlayerScriptAssemblies/Unity.Purchasing.SecurityStub.pdb
[1182/1248  0s] CopyFiles Library/PlayerScriptAssemblies/Unity.Purchasing.AppleMacosStub.pdb
[1183/1248  0s] CopyFiles Library/PlayerScriptAssemblies/Unity.Splines.pdb
[1184/1248  0s] CopyFiles Library/PlayerScriptAssemblies/Unity.AI.Navigation.pdb
[1185/1248  0s] CopyFiles Library/PlayerScriptAssemblies/Unity.Purchasing.SecurityCore.pdb
[1186/1248  0s] CopyFiles Library/PlayerScriptAssemblies/Unity.Purchasing.pdb
[1187/1248  0s] CopyFiles Library/PlayerScriptAssemblies/Unity.ScriptableBuildPipeline.pdb
[1188/1248  0s] CopyFiles Library/PlayerScriptAssemblies/Unity.Services.Core.Internal.pdb
[1189/1248  0s] CopyFiles Library/PlayerScriptAssemblies/Unity.Addressables.pdb
[1190/1248  0s] CopyFiles Library/PlayerScriptAssemblies/Unity.RenderPipelines.Core.Runtime.Shared.pdb
[1191/1248  0s] CopyFiles Library/PlayerScriptAssemblies/Unity.InternalAPIEngineBridge.004.pdb
[1192/1248  0s] CopyFiles Library/PlayerScriptAssemblies/Unity.UnifiedRayTracing.Runtime.pdb
[1193/1248  0s] CopyFiles Library/PlayerScriptAssemblies/Unity.SurfaceCache.Runtime.pdb
[1194/1248  0s] CopyFiles Library/PlayerScriptAssemblies/Unity.Purchasing.Stores.pdb
[1195/1248  0s] CopyFiles Library/PlayerScriptAssemblies/UniTask.Addressables.pdb
[1196/1248  0s] CopyFiles Library/PlayerScriptAssemblies/Unity.Purchasing.WebshopService.pdb
[1197/1248  0s] CopyFiles Library/PlayerScriptAssemblies/Unity.RenderPipelines.GPUDriven.Runtime.pdb
[1198/1248  0s] CopyFiles Library/PlayerScriptAssemblies/Unity.RenderPipelines.Core.ShaderLibrary.pdb
[1199/1248  0s] CopyFiles Library/PlayerScriptAssemblies/Unity.Services.Analytics.pdb
[1200/1248  0s] CopyFiles Library/PlayerScriptAssemblies/UnityEngine.UI.pdb
[1201/1248  0s] CopyFiles Library/PlayerScriptAssemblies/Unity.Services.Core.Environments.Internal.pdb
[1202/1248  0s] CopyFiles Library/PlayerScriptAssemblies/SampleGame.OutGame.pdb
[1203/1248  0s] CopyFiles Library/PlayerScriptAssemblies/Unity.Services.Core.Networking.pdb
[1204/1248  0s] CopyFiles Library/PlayerScriptAssemblies/UniTask.DOTween.pdb
[1205/1248  0s] CopyFiles Library/PlayerScriptAssemblies/Unity.InputSystem.ForUI.pdb
[1206/1248  0s] CopyFiles Library/PlayerScriptAssemblies/UnityEngine.SpatialTracking.pdb
[1207/1248  0s] CopyFiles Library/PlayerScriptAssemblies/UniTask.Linq.pdb
[1208/1248  0s] CopyFiles Library/PlayerScriptAssemblies/Unity.Collections.Tests.CoreCLR.ProtectedJobNested.pdb
[1209/1248  0s] CopyFiles Library/PlayerScriptAssemblies/Unity.ResourceManager.pdb
[1210/1248  0s] CopyFiles Library/PlayerScriptAssemblies/Unity.Mathematics.pdb
[1211/1248  0s] CopyFiles Library/PlayerScriptAssemblies/Assembly-CSharp.pdb
[1212/1248  0s] CopyFiles Library/PlayerScriptAssemblies/Unity.Services.Core.Registration.pdb
[1213/1248  0s] CopyFiles Library/PlayerScriptAssemblies/Unity.Purchasing.LiveContentAdapterService.pdb
[1214/1248  0s] CopyFiles Library/PlayerScriptAssemblies/UnityEngine.XR.LegacyInputHelpers.pdb
[1215/1248  0s] CopyFiles Library/PlayerScriptAssemblies/SampleGame.InGame.pdb
[1216/1248  0s] CopyFiles Library/PlayerScriptAssemblies/Unity.RenderPipelines.ShaderGraph.ShaderGraphLibrary.pdb
[1217/1248  0s] CopyFiles Library/PlayerScriptAssemblies/LitMotion.pdb
[1218/1248  0s] CopyFiles Library/PlayerScriptAssemblies/Unity.Services.Core.Scheduler.pdb
[1219/1248  0s] CopyFiles Library/PlayerScriptAssemblies/Unity.Purchasing.Codeless.pdb
[1220/1248  0s] CopyFiles Library/PlayerScriptAssemblies/Unity.Collections.pdb
[1221/1248  0s] CopyFiles Library/PlayerScriptAssemblies/Unity.RenderPipelines.Universal.Shaders.pdb
[1222/1248  0s] CopyFiles Library/PlayerScriptAssemblies/Unity.VisualScripting.Flow.pdb
[1223/1248  0s] CopyFiles Library/PlayerScriptAssemblies/Unity.InputSystem.pdb
[1224/1248  0s] CopyFiles Library/PlayerScriptAssemblies/Unity.Services.Core.Configuration.pdb
[1225/1248  0s] CopyFiles Library/PlayerScriptAssemblies/Unity.Purchasing.PaymentProviderService.pdb
[1226/1248  0s] CopyFiles Library/PlayerScriptAssemblies/UniTask.TextMeshPro.pdb
[1227/1248  0s] CopyFiles Library/PlayerScriptAssemblies/Unity.TextMeshPro.pdb
[1228/1248  0s] CopyFiles Library/PlayerScriptAssemblies/Unity.Pipeline.pdb
[1229/1248  0s] CopyFiles Library/PlayerScriptAssemblies/OneStarMaker.Foundation.pdb
[1230/1248  0s] CopyFiles Library/PlayerScriptAssemblies/Unity.Collections.Tests.CoreCLR.PublicJobPrivateGeneric.pdb
[1231/1248  0s] CopyFiles Library/PlayerScriptAssemblies/Domain_Reload.pdb
[1232/1248  0s] CopyFiles Library/PlayerScriptAssemblies/Unity.Collections.Tests.CoreCLR.InternalJobNestedPrivate.pdb
[1233/1248  0s] CopyFiles Library/PlayerScriptAssemblies/UniTask.pdb
[1234/1248  0s] CopyFiles Library/PlayerScriptAssemblies/Unity.Services.Core.Components.pdb
[1235/1248  0s] CopyFiles Library/PlayerScriptAssemblies/Unity.VisualScripting.DocCodeExamples.pdb
[1236/1248  0s] CopyFiles Library/PlayerScriptAssemblies/Unity.RenderPipeline.Universal.ShaderLibrary.pdb
[1237/1248  0s] CopyFiles Library/PlayerScriptAssemblies/Unity.Purchasing.AppleStub.pdb
[1238/1248  0s] CopyFiles Library/PlayerScriptAssemblies/Unity.VisualScripting.Core.pdb
[1239/1248  0s] CopyFiles Library/PlayerScriptAssemblies/Unity.VisualScripting.State.pdb
[1240/1248  0s] CopyFiles Library/PlayerScriptAssemblies/Unity.Purchasing.Utilities.pdb
[1241/1248  0s] CopyFiles Library/PlayerScriptAssemblies/Unity.Profiling.Core.pdb
[1242/1248  0s] CopyFiles Library/PlayerScriptAssemblies/Unity.Services.Core.Threading.pdb
[1243/1248  0s] CopyFiles Library/PlayerScriptAssemblies/Unity.Services.Core.Device.pdb
[1244/1248  0s] CopyFiles Library/PlayerScriptAssemblies/Unity.Analytics.DataPrivacy.pdb
[1245/1248  0s] CopyFiles Library/PlayerScriptAssemblies/Unity.Collections.Tests.CoreCLR.PrivateJobNested.pdb
*** Tundra build success (3.81 seconds), 174 items updated, 1248 evaluated
[Licensing::Client] Successfully resolved entitlement details
[Licensing::Module] License group:
  Id: F4-FHTT-UPW9-SBMJ-JZ5Q-XXXX
  Product: Unity Personal
  Type: ULF
  Expiration: Unlimited
[Licensing::Module] License group:
  Id: 720108-UnityPersXXXX
  Product: Unity Personal
  Type: Assigned
  Expiration: Unlimited
Starting: D:\UnityEditor\6000.6.0f1\Editor\Data\Tools\BuildPipeline\bee_backend.exe --ipc --defer-dag-verification --dagfile="Library/Bee/1900b0aEDbg.dag" --continue-on-failure --profile="Library/Bee/backend1.traceevents" ScriptAssembliesAndTypeDB
WorkingDir: D:/repositories/unity/SampleGameForOneStarMakerFramework/unity
Total cache size 267210888
Total cache size after purge 267210888, took 00:00:01.1067011
ExitCode: 0 Duration: 0s965ms
[ 314/1928  0s] WriteResponseFile Library/Bee/artifacts/rsp/4747638433968585886.rsp
[1445/1928  0s] ILPP-Configuration Library/ilpp-configuration.nevergeneratedoutput
*** Tundra build success (0.92 seconds), 2 items updated, 1928 evaluated
Total cache size 267210888
Total cache size after purge 267210888, took 00:00:00.8917175
Starting new worker id: 1 with log in D:/repositories/unity/SampleGameForOneStarMakerFramework/unity/Logs/AssetImportWorkerHW1.log
[Worker0] Imported GUID: 245fa261f4f4556498be12eef57c6f5f - Path: Assets/OneStarMakerGenerated/BS2b/20260918T122334886Z-415f0e6b6e3145c49e25fba929cb7293/BuildContentRoot.asset - Importer: BuildMetaDataImporter -> (ImportResultId: 'c39cfd0d7a99c5d7f182689cede13401') in 0.0564478 seconds
[Worker0] Imported GUID: 304c2d732f69a3045b731126da8e321b - Path: Assets/OneStarMakerGenerated/BS3Tests/d60c4e49dbac4c0c853570e4a7599009/High.prefab - Importer: BuildMetaDataImporter -> (ImportResultId: 'cbcb6c2d3e3bf9270432c369599df51b') in 0.0180323 seconds
[Worker0] Imported GUID: 4c21da5b500b01247874ab12e64e8a73 - Path: Assets/OneStarMakerGenerated/BS3Tests/d60c4e49dbac4c0c853570e4a7599009/Texture.png - Importer: BuildMetaDataImporter -> (ImportResultId: '670b9209d7d9cf24b416ba03e9b4a563') in 0.0011268 seconds
[Worker0] Imported GUID: 27f1916990258e54582c7ff6fb968773 - Path: Assets/OneStarMakerGenerated/BS3Tests/d60c4e49dbac4c0c853570e4a7599009/Low.prefab - Importer: BuildMetaDataImporter -> (ImportResultId: 'd435ca72a85a41be2b706dbd15647920') in 0.0015618 seconds
[Worker0] Imported GUID: ed824abb4cce39242a21c016ce2fe924 - Path: Assets/OneStarMakerGenerated/BS3Tests/d60c4e49dbac4c0c853570e4a7599009/Scene.unity - Importer: BuildMetaDataImporter -> (ImportResultId: '057f62c98e0ae37c4fd97d7232829447') in 0.3546088 seconds
[Worker0] Imported GUID: 1b27797ea0c1bad48890c39b49dc9112 - Path: Assets/OneStarMakerGenerated/BS3Tests/d60c4e49dbac4c0c853570e4a7599009/Shared.mat - Importer: BuildMetaDataImporter -> (ImportResultId: '5931110babd7c94d7ad1af11ddce7ea3') in 0.0034901 seconds
Importing 'GUID: 61bccc4321e099a0602b3bfefd1eb721 - Path: Library/BuildInstructions/245fa261f4f4556498be12eef57c6f5f.buildinst' with importer (DefaultImporter)
Imported 'GUID: 61bccc4321e099a0602b3bfefd1eb721' -> (Import Result ID: '8456cdf7d98807d57ab0b5f387d5376d') in 0.004 seconds [static dependencies only]. Details - ImportResultOutputID=aa768114cf551dbde279438d99a3bf1d DependenciesID=37072a7e62fbf1865aa3eb3a1ca4b153 StaticDependenciesID=a6797de828a66c4634dab3e6df3cc85e 
Importing 'GUID: c53e59b3ae722139e95a7c45c54a1142 - Path: Library/BuildInstructions/ed824abb4cce39242a21c016ce2fe924.buildinst' with importer (DefaultImporter)
Imported 'GUID: c53e59b3ae722139e95a7c45c54a1142' -> (Import Result ID: '1b5ea50db68d7493342e1fd5d6252b5a') in 0.001 seconds [static dependencies only]. Details - ImportResultOutputID=d19bd9e7257398c6a77ecf73b68d92dd DependenciesID=d04537150e0ef64f0fd670684ab454f4 StaticDependenciesID=1c69d646790bb7505432a5270785a8a1 
Importing 'GUID: 979fb93d6cd008ab0ce7701a3e9179ba - Path: Library/BuildInstructions/6d6dc148a43d64cbfaaacf213b295e46.buildinst' with importer (DefaultImporter)
Imported 'GUID: 979fb93d6cd008ab0ce7701a3e9179ba' -> (Import Result ID: '630719bd8b68179c96a0f0de6f9a7add') in 0.001 seconds [static dependencies only]. Details - ImportResultOutputID=71fb2ce2acd1e8627b8f2f94f93beb01 DependenciesID=a2a733b2e55f12bdf378e242ba5bfbcb StaticDependenciesID=49034c2b7cb1a5a4551012ad70e56446 
Importing 'GUID: 98487c2e698053ebebdaea049583e96b - Path: Library/BuildInstructions/905c4a2e7a0fc3d179173185e7aa3dd5.buildinst' with importer (DefaultImporter)
Imported 'GUID: 98487c2e698053ebebdaea049583e96b' -> (Import Result ID: '159e3cf22c27565129b4885317289ae4') in 0.001 seconds [static dependencies only]. Details - ImportResultOutputID=f88a2a1c9e84b735f503447b91a69f9f DependenciesID=057ca3885f466a163f985b2cd00ac2be StaticDependenciesID=9c92132d88a23f3564325403f069d2ef 
Importing 'GUID: 0ca338be529150617ecc77d1b24e03e0 - Path: Library/BuildInstructions/304c2d732f69a3045b731126da8e321b.buildinst' with importer (DefaultImporter)
Imported 'GUID: 0ca338be529150617ecc77d1b24e03e0' -> (Import Result ID: '1529f83d965e6016f121018a63ecb5e0') in 0.001 seconds [static dependencies only]. Details - ImportResultOutputID=120f7316d0006d52aadf2ad83ba9cf2c DependenciesID=c05d7a24a162791d5b238e709041f7f6 StaticDependenciesID=52952bf5d74c61821543472c47864aba 
Importing 'GUID: 5feebfc8bdc7432ea1f768c7763908ae - Path: Library/BuildInstructions/27f1916990258e54582c7ff6fb968773.buildinst' with importer (DefaultImporter)
Imported 'GUID: 5feebfc8bdc7432ea1f768c7763908ae' -> (Import Result ID: 'ec5f593d69e7b770a83619467bc0143f') in 0.001 seconds [static dependencies only]. Details - ImportResultOutputID=e76d044bcac6eb7b1168c2e0c15faccb DependenciesID=feb21fabb0294695d81056bee1cc4029 StaticDependenciesID=94fa1d2fe0f076522fe8fe38f5cf7dc9 
Refreshing native plugins compatible for Editor in 23.35 ms, found 4 plugins.
Asset Pipeline Refresh (id=6d7ffa470ba3ceb48a1a76df5a1ae3a4): Total: 0.178 seconds - Initiated by RefreshV2(NoUpdateAssetOptions)
Starting new worker id: 2 with log in D:/repositories/unity/SampleGameForOneStarMakerFramework/unity/Logs/AssetImportWorkerHW2.log
[Worker0] Imported GUID: 0ca338be529150617ecc77d1b24e03e0 - Path: Library/BuildInstructions/304c2d732f69a3045b731126da8e321b.buildinst - Importer: BuildInstructionImporter -> (ImportResultId: 'a262aa6345dae83228e28725114b582c') in 0.0038779 seconds
[Worker0] Imported GUID: 61bccc4321e099a0602b3bfefd1eb721 - Path: Library/BuildInstructions/245fa261f4f4556498be12eef57c6f5f.buildinst - Importer: BuildInstructionImporter -> (ImportResultId: '0e1a9086694828e4ee775135b7eaa537') in 0.008264 seconds
[Worker0] Imported GUID: 98487c2e698053ebebdaea049583e96b - Path: Library/BuildInstructions/905c4a2e7a0fc3d179173185e7aa3dd5.buildinst - Importer: BuildInstructionImporter -> (ImportResultId: 'e457d990d9f3b354dc0a58a63459a07e') in 0.002564 seconds
[Worker0] Imported GUID: c53e59b3ae722139e95a7c45c54a1142 - Path: Library/BuildInstructions/ed824abb4cce39242a21c016ce2fe924.buildinst - Importer: BuildInstructionImporter -> (ImportResultId: '66e80ad52690330ae985f27c76439ef5') in 0.230707 seconds
[Worker0] Imported GUID: 979fb93d6cd008ab0ce7701a3e9179ba - Path: Library/BuildInstructions/6d6dc148a43d64cbfaaacf213b295e46.buildinst - Importer: BuildInstructionImporter -> (ImportResultId: '1cb47eed0473df2accd59532a46be779') in 0.0019371 seconds
[Worker0] Imported GUID: 5feebfc8bdc7432ea1f768c7763908ae - Path: Library/BuildInstructions/27f1916990258e54582c7ff6fb968773.buildinst - Importer: BuildInstructionImporter -> (ImportResultId: 'ba950b91c8fc7728b91685f97f75c1c4') in 0.0021297 seconds
-------------------------------------------------------------------------------
Build Report - Content Size Statistics
Serialized File count                     11
Resource file count                        2
Object count                              23
Serialized Files                     491.9 kb	  49.0%
Serialized Files Headers             362.4 kb	  36.1%
Resource data (Texture,Audio...)     512.0 kb	  51.0%
Total build size                    1003.9 kb

Largest Types:
   512.2 kb	  51.0% Cubemap
   125.1 kb	  12.5% Shader

Largest Assets:
   522.5 kb	  52.0% Resources/unity_builtin_extra
   107.2 kb	  10.7% Packages/com.unity.render-pipelines.universal/Shaders/Lit.shader
-------------------------------------------------------------------------------
BuildReport, and other content build meta-data, are written to Library/BuildHistory/20260918-122335Z-e9f2593eUnloading 6 Unused Serialized files (Serialized files now loaded: 0)
Unloading 419 unused Assets / (0.5 MB). Loaded Objects now: 12273.
Memory consumption went from 0.55 GB to 0.55 GB.
Total: 17.954200 ms (FindLiveObjects: 0.739700 ms CreateObjectMapping: 0.262000 ms MarkObjects: 16.176900 ms  DeleteObjects: 0.465500 ms)

SpriteAtlasDatabase::Cleanup
Refreshing native plugins compatible for Editor in 28.19 ms, found 4 plugins.
Asset Pipeline Refresh (id=ac9fa1c502f98d04e95091cab77a716b): Total: 0.127 seconds - Initiated by StopAssetImportingV2(NoUpdateAssetOptions)
Refreshing native plugins compatible for Editor in 32.97 ms, found 4 plugins.
Asset Pipeline Refresh (id=8db45985ad20d2a428822defefe2b9ab): Total: 0.151 seconds - Initiated by StopAssetImportingV2(NoUpdateAssetOptions)
Refreshing native plugins compatible for Editor in 26.05 ms, found 4 plugins.
Asset Pipeline Refresh (id=f4541bce60dbb7e4b92dd5d0692b296b): Total: 0.147 seconds - Initiated by StopAssetImportingV2(NoUpdateAssetOptions)
Importing 'GUID: abffcfab4d5cae0449cef93bc0736b6b - Path: Assets/OneStarMakerGenerated/BS2b' with importer (DefaultImporter)
Imported 'GUID: abffcfab4d5cae0449cef93bc0736b6b' -> (Import Result ID: 'dfb3258de91d013b4ec7004b13c96a4e') in 0.007 seconds [static dependencies only]. Details - ImportResultOutputID=594f034605cdbdaab75465ad5b671250 DependenciesID=44cd23b517c8947f649746a834b269a8 StaticDependenciesID=4f878f61d3255deb0f7e2e0d0ced3e63 
Refreshing native plugins compatible for Editor in 28.23 ms, found 4 plugins.
Asset Pipeline Refresh (id=2858450ce0354c747bb2917b46bda7c4): Total: 0.135 seconds - Initiated by StopAssetImportingV2(NoUpdateAssetOptions)
Importing 'GUID: fb7a22d2e36fbb744b9c59db3a300901 - Path: Assets/OneStarMakerGenerated/BS2b/20260918T122358725Z-ca65dbeace7d4d28995fa81b998b2bd3' with importer (DefaultImporter)
Imported 'GUID: fb7a22d2e36fbb744b9c59db3a300901' -> (Import Result ID: '5206a67dfe131b68ddf01a0d5c9d7216') in 0.012 seconds [static dependencies only]. Details - ImportResultOutputID=365bca8a8d9a46dbd56a626c41c3c83a DependenciesID=2d6bb2eef3b930db0df2351be7000115 StaticDependenciesID=dd952ced2ecb93e0b2c9624ac3ccd4de 
Refreshing native plugins compatible for Editor in 26.60 ms, found 4 plugins.
Asset Pipeline Refresh (id=b17d56b876e801e47acaa1e965ac94a7): Total: 0.115 seconds - Initiated by StopAssetImportingV2(NoUpdateAssetOptions)
Importing 'GUID: e02de96070abe6d4fae6bf186453c19e - Path: Assets/OneStarMakerGenerated/BS2b/20260918T122358725Z-ca65dbeace7d4d28995fa81b998b2bd3/bs2b-owner.marker' with importer (DefaultImporter)
Imported 'GUID: e02de96070abe6d4fae6bf186453c19e' -> (Import Result ID: 'ecef47d63a8df0cf5e6df6ab27c68691') in 0.010 seconds [static dependencies only]. Details - ImportResultOutputID=f2063c354979a2bfc4d4fc3679b45e4b DependenciesID=9e89ccb549b80e8bff677bdc3cfa61f2 StaticDependenciesID=a0dd13a0d20dbbddfa43cf0cb834ec55 
Refreshing native plugins compatible for Editor in 26.90 ms, found 4 plugins.
Asset Pipeline Refresh (id=7824f8a2168cbe042bb5ec071aa63029): Total: 0.123 seconds - Initiated by RefreshV2(NoUpdateAssetOptions)
Importing 'GUID: 87d3eee0ee6679742b0faf493fd3aa03 - Path: Assets/OneStarMakerGenerated/BS2b/20260918T122358725Z-ca65dbeace7d4d28995fa81b998b2bd3/BuildContentRoot.asset' with importer (NativeFormatImporter)
Imported 'GUID: 87d3eee0ee6679742b0faf493fd3aa03' -> (Import Result ID: 'c7fb0ddef8d212bd34a10e4ab2dd59d5') in 0.002 seconds [static dependencies only]. Details - ImportResultOutputID=05afecddec1416771b6e72046960bc41 DependenciesID=dd6f43211b03dc693e97a9ef827e0629 StaticDependenciesID=1136595a39a94f170b3bec3b2584fb47 
Refreshing native plugins compatible for Editor in 23.37 ms, found 4 plugins.
Asset Pipeline Refresh (id=b97a3716065cd694599eced47c04519a): Total: 0.094 seconds - Initiated by StopAssetImportingV2(NoUpdateAssetOptions)
Importing 'GUID: 87d3eee0ee6679742b0faf493fd3aa03 - Path: Assets/OneStarMakerGenerated/BS2b/20260918T122358725Z-ca65dbeace7d4d28995fa81b998b2bd3/BuildContentRoot.asset' with importer (NativeFormatImporter)
Imported 'GUID: 87d3eee0ee6679742b0faf493fd3aa03' -> (Import Result ID: 'c7fb0ddef8d212bd34a10e4ab2dd59d5') in 0.002 seconds [static dependencies only]. Details - ImportResultOutputID=05afecddec1416771b6e72046960bc41 DependenciesID=dd6f43211b03dc693e97a9ef827e0629 StaticDependenciesID=1136595a39a94f170b3bec3b2584fb47 
Refreshing native plugins compatible for Editor in 23.21 ms, found 4 plugins.
Asset Pipeline Refresh (id=ee17d53c621668e4da4b06dd201f50af): Total: 0.073 seconds - Initiated by StopAssetImportingV2(NoUpdateAssetOptions)
Importing 'GUID: 87d3eee0ee6679742b0faf493fd3aa03 - Path: Assets/OneStarMakerGenerated/BS2b/20260918T122358725Z-ca65dbeace7d4d28995fa81b998b2bd3/BuildContentRoot.asset' with importer (NativeFormatImporter)
Imported 'GUID: 87d3eee0ee6679742b0faf493fd3aa03' -> (Import Result ID: 'c7fb0ddef8d212bd34a10e4ab2dd59d5') in 0.002 seconds [static dependencies only]. Details - ImportResultOutputID=05afecddec1416771b6e72046960bc41 DependenciesID=dd6f43211b03dc693e97a9ef827e0629 StaticDependenciesID=1136595a39a94f170b3bec3b2584fb47 
Refreshing native plugins compatible for Editor in 23.80 ms, found 4 plugins.
Asset Pipeline Refresh (id=3784a60180137eb46a8154945ce5fcd0): Total: 0.067 seconds - Initiated by StopAssetImportingV2(NoUpdateAssetOptions)
Importing 'GUID: 4b83569d67af61e458304325a23e5dfd - Path: Assets/Settings/PC_RPAsset.asset' with importer (NativeFormatImporter)
Imported 'GUID: 4b83569d67af61e458304325a23e5dfd' -> (Import Result ID: '2fcb55e6f37e916feb23474e154663f8') in 0.002 seconds [static dependencies only]. Details - ImportResultOutputID=eae66dc0e7a749d738136f6c7279b2f0 DependenciesID=d67c03d163a158e1a173c7d4f8dea317 StaticDependenciesID=272ab2bf0d55e49a9c6ca9c634f4d9aa 
Refreshing native plugins compatible for Editor in 26.07 ms, found 4 plugins.
Asset Pipeline Refresh (id=c664676713ea16144bd3df3fb3104495): Total: 0.077 seconds - Initiated by StopAssetImportingV2(NoUpdateAssetOptions)
Asset Pipeline Refresh (id=1cc4e808d582ce940b2ef26efa79d770): Total: 0.079 seconds - Initiated by StopAssetImportingV2(NoUpdateAssetOptions)
Worker ready: AssetImportWorkerHW1 1
Opening scene 'Assets/SampleGame/OutGame/Title/Title.unity additively'
Pipeline: No RuntimePipelineManager components found in build scenes. Pipeline will be disabled in Player builds.
UnityEngine.Debug:ExtractStackTraceNoAlloc (byte*,int,string)
UnityEngine.StackTraceUtility:ExtractStackTrace ()
UnityEngine.DebugLogHandler:Internal_Log (UnityEngine.LogType,UnityEngine.LogOption,string,UnityEngine.Object)
UnityEngine.DebugLogHandler:LogFormat (UnityEngine.LogType,UnityEngine.Object,string,object[])
UnityEngine.Logger:Log (UnityEngine.LogType,object)
UnityEngine.Debug:LogWarning (object)
Unity.Pipeline.Editor.BuildProcessors.PipelineRuntimeBuildProcessor:OnPreprocessBuild (UnityEditor.Build.BuildCallbackContext) (at ./Library/PackageCache/com.unity.pipeline@f49636739437/Editor/BuildProcessors/PipelineRuntimeBuildProcessor.cs:48)
UnityEditor.Build.BuildPipelineInterfaces:OnBuildPreProcessWithContext (UnityEditor.Build.BuildCallbackContext)
UnityEditor.BuildPipeline:BuildContentDirectoryInternal (UnityEditor.BuildContentDirectoryParameters,UnityEngine.GUID)
UnityEditor.BuildPipeline:BuildContentDirectory (UnityEditor.BuildContentDirectoryParameters)
OneStarMaker.Editor.Build.Content.UnityContentDirectoryAdapter:Build (OneStarMaker.Editor.Build.Content.BuildContentProjectionResult,string,string) (at Assets/OneStarMaker/Scripts/Editor/Build/Content/UnityContentDirectoryAdapter.cs:93)
OneStarMaker.Editor.Build.Content.BuildContentCoordinator:Build (OneStarMaker.Editor.Build.Content.BuildContentRequest) (at Assets/OneStarMaker/Scripts/Editor/Build/Content/BuildContentCoordinator.cs:74)
OneStarMaker.Tests.Editor.Build.BuildContentDirectoryIntegrationTests/<ScenePrefabTextureAndTwoRepresentationsBuildAndMoveAsOneDirectory>d__4:MoveNext () (at Assets/OneStarMaker/Tests/Editor/Build/BuildContentDirectoryIntegrationTests.cs:123)
UnityEngine.TestTools.TestEnumerator/<Execute>d__8:MoveNext () (at ./Library/PackageCache/com.unity.test-framework@7a3849e09bd0/UnityEngine.TestRunner/NUnitExtensions/Attributes/TestEnumerator.cs:52)
UnityEngine.TestTools.EnumerableTestMethodCommand/<ExecuteEnumerableAndRecordExceptions>d__4:MoveNext () (at ./Library/PackageCache/com.unity.test-framework@7a3849e09bd0/UnityEngine.TestRunner/NUnitExtensions/Commands/EnumerableTestMethodCommand.cs:85)
UnityEngine.TestTools.EnumerableTestMethodCommand:AdvanceEnumerator (System.Collections.IEnumerator) (at ./Library/PackageCache/com.unity.test-framework@7a3849e09bd0/UnityEngine.TestRunner/NUnitExtensions/Commands/EnumerableTestMethodCommand.cs:64)
UnityEngine.TestTools.EnumerableTestMethodCommand/<ExecuteEnumerable>d__2:MoveNext () (at ./Library/PackageCache/com.unity.test-framework@7a3849e09bd0/UnityEngine.TestRunner/NUnitExtensions/Commands/EnumerableTestMethodCommand.cs:47)
UnityEngine.TestRunner.NUnitExtensions.Runner.UnityLogCheckDelegatingCommand/<ExecuteEnumerable>d__4:MoveNext () (at ./Library/PackageCache/com.unity.test-framework@7a3849e09bd0/UnityEngine.TestRunner/NUnitExtensions/Runner/UnityLogCheckDelegatingCommand.cs:66)
UnityEngine.TestTools.BeforeAfterTestCommandBase`1/<ExecuteEnumerable>d__16<NUnit.Framework.ITestAction>:MoveNext () (at ./Library/PackageCache/com.unity.test-framework@7a3849e09bd0/UnityEngine.TestRunner/NUnitExtensions/Commands/BeforeAfterTestCommandBase.cs:213)
UnityEngine.TestTools.BeforeAfterTestCommandBase`1/<ExecuteEnumerable>d__16<System.Reflection.MethodInfo>:MoveNext () (at ./Library/PackageCache/com.unity.test-framework@7a3849e09bd0/UnityEngine.TestRunner/NUnitExtensions/Commands/BeforeAfterTestCommandBase.cs:213)
UnityEngine.TestTools.BeforeAfterTestCommandBase`1/<ExecuteEnumerable>d__16<System.Reflection.MethodInfo>:MoveNext () (at ./Library/PackageCache/com.unity.test-framework@7a3849e09bd0/UnityEngine.TestRunner/NUnitExtensions/Commands/BeforeAfterTestCommandBase.cs:213)
UnityEngine.TestTools.BeforeAfterTestCommandBase`1/<ExecuteEnumerable>d__16<UnityEngine.TestTools.IOuterUnityTestAction>:MoveNext () (at ./Library/PackageCache/com.unity.test-framework@7a3849e09bd0/UnityEngine.TestRunner/NUnitExtensions/Commands/BeforeAfterTestCommandBase.cs:213)
UnityEngine.TestTools.RetryCommand/<ExecuteEnumerable>d__2:MoveNext () (at ./Library/PackageCache/com.unity.test-framework@7a3849e09bd0/UnityEngine.TestRunner/NUnitExtensions/Commands/RetryCommand.cs:37)
UnityEngine.TestTools.RepeatCommand/<ExecuteEnumerable>d__2:MoveNext () (at ./Library/PackageCache/com.unity.test-framework@7a3849e09bd0/UnityEngine.TestRunner/NUnitExtensions/Commands/RepeatCommand.cs:36)
UnityEngine.TestTools.IgnoreTestCommand/<ExecuteEnumerable>d__3:MoveNext () (at ./Library/PackageCache/com.unity.test-framework@7a3849e09bd0/UnityEngine.TestRunner/NUnitExtensions/Commands/IgnoreTestCommand.cs:42)
UnityEngine.TestTools.StrictCheckCommand/<ExecuteEnumerable>d__2:MoveNext () (at ./Library/PackageCache/com.unity.test-framework@7a3849e09bd0/UnityEngine.TestRunner/NUnitExtensions/Commands/StrictCheckCommand.cs:29)
UnityEditor.TestTools.TestRunner.EditorEnumeratorTestWorkItem/<PerformWork>d__3:MoveNext () (at ./Library/PackageCache/com.unity.test-framework@7a3849e09bd0/UnityEditor.TestRunner/TestRunner/EditorEnumeratorTestWorkItem.cs:97)
UnityEngine.TestRunner.NUnitExtensions.Runner.CompositeWorkItem/<RunChildren>d__17:MoveNext () (at ./Library/PackageCache/com.unity.test-framework@7a3849e09bd0/UnityEngine.TestRunner/NUnitExtensions/Runner/CompositeWorkItem.cs:209)
UnityEngine.TestRunner.NUnitExtensions.Runner.CompositeWorkItem/<PerformWork>d__13:MoveNext () (at ./Library/PackageCache/com.unity.test-framework@7a3849e09bd0/UnityEngine.TestRunner/NUnitExtensions/Runner/CompositeWorkItem.cs:83)
UnityEngine.TestRunner.NUnitExtensions.Runner.CompositeWorkItem/<RunChildren>d__17:MoveNext () (at ./Library/PackageCache/com.unity.test-framework@7a3849e09bd0/UnityEngine.TestRunner/NUnitExtensions/Runner/CompositeWorkItem.cs:209)
UnityEngine.TestRunner.NUnitExtensions.Runner.CompositeWorkItem/<PerformWork>d__13:MoveNext () (at ./Library/PackageCache/com.unity.test-framework@7a3849e09bd0/UnityEngine.TestRunner/NUnitExtensions/Runner/CompositeWorkItem.cs:83)
UnityEngine.TestRunner.NUnitExtensions.Runner.CompositeWorkItem/<RunChildren>d__17:MoveNext () (at ./Library/PackageCache/com.unity.test-framework@7a3849e09bd0/UnityEngine.TestRunner/NUnitExtensions/Runner/CompositeWorkItem.cs:209)
UnityEngine.TestRunner.NUnitExtensions.Runner.CompositeWorkItem/<PerformWork>d__13:MoveNext () (at ./Library/PackageCache/com.unity.test-framework@7a3849e09bd0/UnityEngine.TestRunner/NUnitExtensions/Runner/CompositeWorkItem.cs:83)
UnityEngine.TestRunner.NUnitExtensions.Runner.CompositeWorkItem/<RunChildren>d__17:MoveNext () (at ./Library/PackageCache/com.unity.test-framework@7a3849e09bd0/UnityEngine.TestRunner/NUnitExtensions/Runner/CompositeWorkItem.cs:209)
UnityEngine.TestRunner.NUnitExtensions.Runner.CompositeWorkItem/<PerformWork>d__13:MoveNext () (at ./Library/PackageCache/com.unity.test-framework@7a3849e09bd0/UnityEngine.TestRunner/NUnitExtensions/Runner/CompositeWorkItem.cs:83)
UnityEngine.TestRunner.NUnitExtensions.Runner.CompositeWorkItem/<RunChildren>d__17:MoveNext () (at ./Library/PackageCache/com.unity.test-framework@7a3849e09bd0/UnityEngine.TestRunner/NUnitExtensions/Runner/CompositeWorkItem.cs:209)
UnityEngine.TestRunner.NUnitExtensions.Runner.CompositeWorkItem/<PerformWork>d__13:MoveNext () (at ./Library/PackageCache/com.unity.test-framework@7a3849e09bd0/UnityEngine.TestRunner/NUnitExtensions/Runner/CompositeWorkItem.cs:83)
UnityEngine.TestRunner.NUnitExtensions.Runner.CompositeWorkItem/<RunChildren>d__17:MoveNext () (at ./Library/PackageCache/com.unity.test-framework@7a3849e09bd0/UnityEngine.TestRunner/NUnitExtensions/Runner/CompositeWorkItem.cs:209)
UnityEngine.TestRunner.NUnitExtensions.Runner.CompositeWorkItem/<PerformWork>d__13:MoveNext () (at ./Library/PackageCache/com.unity.test-framework@7a3849e09bd0/UnityEngine.TestRunner/NUnitExtensions/Runner/CompositeWorkItem.cs:83)
UnityEngine.TestRunner.NUnitExtensions.Runner.CompositeWorkItem/<RunChildren>d__17:MoveNext () (at ./Library/PackageCache/com.unity.test-framework@7a3849e09bd0/UnityEngine.TestRunner/NUnitExtensions/Runner/CompositeWorkItem.cs:209)
UnityEngine.TestRunner.NUnitExtensions.Runner.CompositeWorkItem/<PerformWork>d__13:MoveNext () (at ./Library/PackageCache/com.unity.test-framework@7a3849e09bd0/UnityEngine.TestRunner/NUnitExtensions/Runner/CompositeWorkItem.cs:83)
UnityEditor.TestTools.TestRunner.EditModeRunner:MoveNextAndUpdateYieldObject () (at ./Library/PackageCache/com.unity.test-framework@7a3849e09bd0/UnityEditor.TestRunner/TestRunner/EditModeRunner.cs:180)
UnityEditor.TestTools.TestRunner.EditModeRunner:TestConsumer (UnityEditor.TestTools.TestRunner.TestRunnerStateSerializer) (at ./Library/PackageCache/com.unity.test-framework@7a3849e09bd0/UnityEditor.TestRunner/TestRunner/EditModeRunner.cs:220)
UnityEditor.TestTools.TestRunner.TestRun.Tasks.EditModeRunTask/<Execute>d__1:MoveNext () (at ./Library/PackageCache/com.unity.test-framework@7a3849e09bd0/UnityEditor.TestRunner/TestRun/Tasks/EditModeRunTask.cs:48)
UnityEditor.TestTools.TestRunner.TestRun.TestJobRunner:ExecuteStep () (at ./Library/PackageCache/com.unity.test-framework@7a3849e09bd0/UnityEditor.TestRunner/TestRun/TestJobRunner.cs:194)
UnityEditor.TestTools.TestRunner.TestRun.TestJobRunner:ExecuteCallback () (at ./Library/PackageCache/com.unity.test-framework@7a3849e09bd0/UnityEditor.TestRunner/TestRun/TestJobRunner.cs:129)
UnityEditor.EditorApplication:Internal_CallUpdateFunctions ()

(Filename: ./Library/PackageCache/com.unity.pipeline@f49636739437/Editor/BuildProcessors/PipelineRuntimeBuildProcessor.cs Line: 48)

Importing 'GUID: 4b83569d67af61e458304325a23e5dfd - Path: Assets/Settings/PC_RPAsset.asset' with importer (NativeFormatImporter)
Imported 'GUID: 4b83569d67af61e458304325a23e5dfd' -> (Import Result ID: '2fcb55e6f37e916feb23474e154663f8') in 0.002 seconds [static dependencies only]. Details - ImportResultOutputID=eae66dc0e7a749d738136f6c7279b2f0 DependenciesID=d67c03d163a158e1a173c7d4f8dea317 StaticDependenciesID=272ab2bf0d55e49a9c6ca9c634f4d9aa 
Refreshing native plugins compatible for Editor in 22.12 ms, found 4 plugins.
Asset Pipeline Refresh (id=b6b4cd13c5b1a76438ae06f6213fde2f): Total: 0.063 seconds - Initiated by StopAssetImportingV2(NoUpdateAssetOptions)
[Licensing::Client] Successfully resolved entitlement details
[Licensing::Module] License group:
  Id: F4-FHTT-UPW9-SBMJ-JZ5Q-XXXX
  Product: Unity Personal
  Type: ULF
  Expiration: Unlimited
[Licensing::Module] License group:
  Id: 720108-UnityPersXXXX
  Product: Unity Personal
  Type: Assigned
  Expiration: Unlimited
Asset Pipeline Refresh (id=db5409af4eeaa8342876db11b85fcba4): Total: 0.114 seconds - Initiated by RefreshV2(NoUpdateAssetOptions)
[ScriptCompilation] Requested script compilation because: Recompiling all scripts before compiling player scripts because Auto Refresh is disabled.
Worker ready: AssetImportWorkerHW2 2
Starting: D:\UnityEditor\6000.6.0f1\Editor\Data\Tools\BuildPipeline\bee_backend.exe --ipc --defer-dag-verification --dagfile="Library/Bee/1900b0aEDbg.dag" --continue-on-failure --profile="Library/Bee/backend1.traceevents" ScriptAssemblies
WorkingDir: D:/repositories/unity/SampleGameForOneStarMakerFramework/unity
ExitCode: 0 Duration: 3s151ms
[1392/1925  0s] ILPP-Configuration Library/ilpp-configuration.nevergeneratedoutput
*** Tundra build success (3.12 seconds), 1 items updated, 1925 evaluated
Total cache size 267210888
Total cache size after purge 267210888, took 00:00:00.9553806
[ScriptCompilation] Requested script compilation because: Compiling scripts for player
Starting: D:\UnityEditor\6000.6.0f1\Editor\Data\Tools\BuildPipeline\bee_backend.exe --ipc --defer-dag-verification --dagfile="Library/Bee/1900b0aP.dag" --continue-on-failure --profile="Library/Bee/backend1.traceevents" ScriptAssembliesAndTypeDB
WorkingDir: D:/repositories/unity/SampleGameForOneStarMakerFramework/unity
ExitCode: 0 Duration: 7s409ms
[ 889/1248  0s] WriteResponseFile Library/Bee/artifacts/rsp/4747638433968585886.rsp
[ 987/1248  0s] ILPP-Configuration Library/ilpp-configuration.nevergeneratedoutput
[1074/1248  0s] CopyFiles Library/PlayerScriptAssemblies/Unity.Timeline.dll
[1075/1248  0s] CopyFiles Library/PlayerScriptAssemblies/Unity.RenderPipelines.Core.Runtime.dll
[1076/1248  0s] CopyFiles Library/PlayerScriptAssemblies/Unity.Services.Core.Telemetry.dll
[1077/1248  0s] CopyFiles Library/PlayerScriptAssemblies/Unity.VisualScripting.DocCodeExamples.dll
[1078/1248  0s] CopyFiles Library/PlayerScriptAssemblies/Unity.Burst.dll
[1079/1248  0s] CopyFiles Library/PlayerScriptAssemblies/Unity.RenderPipeline.Universal.ShaderLibrary.dll
[1080/1248  0s] CopyFiles Library/PlayerScriptAssemblies/Unity.Purchasing.Stores.XboxCloudServices.dll
[1081/1248  0s] CopyFiles Library/PlayerScriptAssemblies/LitMotion.Extensions.dll
[1082/1248  0s] CopyFiles Library/PlayerScriptAssemblies/Unity.RenderPipelines.Universal.Config.Runtime.dll
[1083/1248  0s] CopyFiles Library/PlayerScriptAssemblies/SampleGame.DependOnAll.dll
[1084/1248  0s] CopyFiles Library/PlayerScriptAssemblies/Unity.VisualScripting.Core.dll
[1085/1248  0s] CopyFiles Library/PlayerScriptAssemblies/Unity.RenderPipelines.Universal.Runtime.dll
[1086/1248  0s] CopyFiles Library/PlayerScriptAssemblies/Unity.PathTracing.Runtime.dll
[1087/1248  0s] CopyFiles Library/PlayerScriptAssemblies/Unity.Purchasing.AppleMacosStub.dll
[1088/1248  0s] CopyFiles Library/PlayerScriptAssemblies/UniTask.dll
[1089/1248  0s] CopyFiles Library/PlayerScriptAssemblies/SampleGame.Common.dll
[1090/1248  0s] CopyFiles Library/PlayerScriptAssemblies/Unity.Pipeline.dll
[1091/1248  0s] CopyFiles Library/PlayerScriptAssemblies/Unity.Purchasing.AppleStub.dll
[1092/1248  0s] CopyFiles Library/PlayerScriptAssemblies/Unity.RenderPipelines.GPUDriven.Runtime.dll
[1093/1248  0s] CopyFiles Library/PlayerScriptAssemblies/Domain_Reload.dll
[1094/1248  0s] CopyFiles Library/PlayerScriptAssemblies/Unity.Services.Core.dll
[1095/1248  0s] CopyFiles Library/PlayerScriptAssemblies/Unity.RenderPipelines.Core.ShaderLibrary.dll
[1096/1248  0s] CopyFiles Library/PlayerScriptAssemblies/Unity.Services.Core.Components.dll
[1097/1248  0s] CopyFiles Library/PlayerScriptAssemblies/Unity.Services.Core.Scheduler.dll
[1098/1248  0s] CopyFiles Library/PlayerScriptAssemblies/Unity.Cinemachine.dll
[1099/1248  0s] CopyFiles Library/PlayerScriptAssemblies/Unity.InternalAPIEngineBridge.RenderPipelines.Core.Runtime.Shared.dll
[1100/1248  0s] CopyFiles Library/PlayerScriptAssemblies/Unity.Purchasing.LiveContentAdapterService.dll
[1101/1248  0s] CopyFiles Library/PlayerScriptAssemblies/Unity.RenderPipelines.Universal.2D.Runtime.dll
[1102/1248  0s] CopyFiles Library/PlayerScriptAssemblies/Unity.Services.Core.Threading.dll
[1103/1248  0s] CopyFiles Library/PlayerScriptAssemblies/Unity.Purchasing.dll
[1104/1248  0s] CopyFiles Library/PlayerScriptAssemblies/Unity.Purchasing.SecurityStub.dll
[1105/1248  0s] CopyFiles Library/PlayerScriptAssemblies/SampleGame.InGame.dll
[1106/1248  0s] CopyFiles Library/PlayerScriptAssemblies/Unity.Purchasing.SecurityCore.dll
[1107/1248  0s] CopyFiles Library/PlayerScriptAssemblies/Unity.Services.Core.Environments.dll
[1108/1248  0s] CopyFiles Library/PlayerScriptAssemblies/Unity.AI.Navigation.dll
[1109/1248  0s] CopyFiles Library/PlayerScriptAssemblies/Unity.Services.Core.Analytics.dll
[1110/1248  0s] CopyFiles Library/PlayerScriptAssemblies/UnityEngine.Advertisements.dll
[1111/1248  0s] CopyFiles Library/PlayerScriptAssemblies/Unity.Services.Core.Registration.dll
[1112/1248  0s] CopyFiles Library/PlayerScriptAssemblies/Unity.RenderPipelines.Core.Runtime.Shared.dll
[1113/1248  0s] CopyFiles Library/PlayerScriptAssemblies/Unity.Services.Core.Internal.dll
[1114/1248  0s] CopyFiles Library/PlayerScriptAssemblies/UniTask.DOTween.dll
[1115/1248  0s] CopyFiles Library/PlayerScriptAssemblies/Unity.RenderPipelines.Universal.Shaders.dll
[1116/1248  0s] CopyFiles Library/PlayerScriptAssemblies/Unity.Services.Core.Environments.Internal.dll
[1117/1248  0s] CopyFiles Library/PlayerScriptAssemblies/OneStarMaker.Debug.dll
[1118/1248  0s] CopyFiles Library/PlayerScriptAssemblies/OneStarMaker.Runtime.dll
[1119/1248  0s] CopyFiles Library/PlayerScriptAssemblies/Unity.InputSystem.ForUI.dll
[1120/1248  0s] CopyFiles Library/PlayerScriptAssemblies/UnityEngine.XR.LegacyInputHelpers.dll
[1121/1248  0s] CopyFiles Library/PlayerScriptAssemblies/Unity.Collections.dll
[1122/1248  0s] CopyFiles Library/PlayerScriptAssemblies/Unity.Addressables.dll
[1123/1248  0s] CopyFiles Library/PlayerScriptAssemblies/Unity.VisualScripting.Flow.dll
[1124/1248  0s] CopyFiles Library/PlayerScriptAssemblies/Unity.SurfaceCache.Runtime.dll
[1125/1248  0s] CopyFiles Library/PlayerScriptAssemblies/Unity.InternalAPIEngineBridge.ObjectDispatcher.Runtime.dll
[1126/1248  0s] CopyFiles Library/PlayerScriptAssemblies/Unity.UnifiedRayTracing.Runtime.dll
[1127/1248  0s] CopyFiles Library/PlayerScriptAssemblies/Unity.RenderPipelines.ShaderGraph.ShaderGraphLibrary.dll
[1128/1248  0s] CopyFiles Library/PlayerScriptAssemblies/Unity.ScriptableBuildPipeline.dll
[1129/1248  0s] CopyFiles Library/PlayerScriptAssemblies/UnityEngine.UI.dll
[1130/1248  0s] CopyFiles Library/PlayerScriptAssemblies/LitMotion.dll
[1131/1248  0s] CopyFiles Library/PlayerScriptAssemblies/Unity.ResourceManager.dll
[1132/1248  0s] CopyFiles Library/PlayerScriptAssemblies/Unity.Purchasing.Stores.dll
[1133/1248  0s] CopyFiles Library/PlayerScriptAssemblies/Unity.Services.Analytics.dll
[1134/1248  0s] CopyFiles Library/PlayerScriptAssemblies/Unity.Purchasing.WebshopService.dll
[1135/1248  0s] CopyFiles Library/PlayerScriptAssemblies/UnityEngine.SpatialTracking.dll
[1136/1248  0s] CopyFiles Library/PlayerScriptAssemblies/Unity.Purchasing.Codeless.dll
[1137/1248  0s] CopyFiles Library/PlayerScriptAssemblies/SampleGame.OutGame.dll
[1138/1248  0s] CopyFiles Library/PlayerScriptAssemblies/Assembly-CSharp.dll
[1139/1248  0s] CopyFiles Library/PlayerScriptAssemblies/Unity.Collections.Tests.CoreCLR.ProtectedJobNested.dll
[1140/1248  0s] CopyFiles Library/PlayerScriptAssemblies/Unity.Analytics.DataPrivacy.dll
[1141/1248  0s] CopyFiles Library/PlayerScriptAssemblies/Unity.InternalAPIEngineBridge.004.dll
[1142/1248  0s] CopyFiles Library/PlayerScriptAssemblies/Unity.Services.Core.Device.dll
[1143/1248  0s] CopyFiles Library/PlayerScriptAssemblies/Unity.Collections.Tests.CoreCLR.PublicJobPrivateGeneric.dll
[1144/1248  0s] CopyFiles Library/PlayerScriptAssemblies/Unity.Collections.Tests.CoreCLR.InternalJobNestedPrivate.dll
[1145/1248  0s] CopyFiles Library/PlayerScriptAssemblies/Unity.Mathematics.dll
[1146/1248  0s] CopyFiles Library/PlayerScriptAssemblies/Unity.Services.Core.Networking.dll
[1147/1248  0s] CopyFiles Library/PlayerScriptAssemblies/Unity.Splines.dll
[1148/1248  0s] CopyFiles Library/PlayerScriptAssemblies/Unity.Collections.Tests.CoreCLR.PrivateJobNested.dll
[1149/1248  0s] CopyFiles Library/PlayerScriptAssemblies/Unity.InputSystem.dll
[1150/1248  0s] CopyFiles Library/PlayerScriptAssemblies/UniTask.Addressables.dll
[1151/1248  0s] CopyFiles Library/PlayerScriptAssemblies/Unity.Purchasing.Utilities.dll
[1152/1248  0s] CopyFiles Library/PlayerScriptAssemblies/UniTask.TextMeshPro.dll
[1153/1248  0s] CopyFiles Library/PlayerScriptAssemblies/Unity.RenderPipelines.Core.Runtime.pdb
[1154/1248  0s] CopyFiles Library/PlayerScriptAssemblies/Unity.Services.Core.Configuration.dll
[1155/1248  0s] CopyFiles Library/PlayerScriptAssemblies/UnityEngine.Advertisements.pdb
[1156/1248  0s] CopyFiles Library/PlayerScriptAssemblies/Unity.Services.Core.Telemetry.pdb
[1157/1248  0s] CopyFiles Library/PlayerScriptAssemblies/Unity.RenderPipelines.Universal.Config.Runtime.pdb
[1158/1248  0s] CopyFiles Library/PlayerScriptAssemblies/OneStarMaker.Foundation.dll
[1159/1248  0s] CopyFiles Library/PlayerScriptAssemblies/Unity.InternalAPIEngineBridge.ObjectDispatcher.Runtime.pdb
[1160/1248  0s] CopyFiles Library/PlayerScriptAssemblies/Unity.RenderPipelines.Universal.Runtime.pdb
[1161/1248  0s] CopyFiles Library/PlayerScriptAssemblies/Unity.Cinemachine.pdb
[1162/1248  0s] CopyFiles Library/PlayerScriptAssemblies/Unity.Purchasing.Stores.XboxCloudServices.pdb
[1163/1248  0s] CopyFiles Library/PlayerScriptAssemblies/Unity.Services.Core.Environments.pdb
[1164/1248  0s] CopyFiles Library/PlayerScriptAssemblies/Unity.Burst.pdb
[1165/1248  0s] CopyFiles Library/PlayerScriptAssemblies/Unity.Services.Core.pdb
[1166/1248  0s] CopyFiles Library/PlayerScriptAssemblies/Unity.Purchasing.AppleMacosStub.pdb
[1167/1248  0s] CopyFiles Library/PlayerScriptAssemblies/Unity.Purchasing.SecurityStub.pdb
[1168/1248  0s] CopyFiles Library/PlayerScriptAssemblies/Unity.InternalAPIEngineBridge.RenderPipelines.Core.Runtime.Shared.pdb
[1169/1248  0s] CopyFiles Library/PlayerScriptAssemblies/Unity.RenderPipelines.Universal.2D.Runtime.pdb
[1170/1248  0s] CopyFiles Library/PlayerScriptAssemblies/Unity.PathTracing.Runtime.pdb
[1171/1248  0s] CopyFiles Library/PlayerScriptAssemblies/LitMotion.Extensions.pdb
[1172/1248  0s] CopyFiles Library/PlayerScriptAssemblies/Unity.VisualScripting.State.dll
[1173/1248  0s] CopyFiles Library/PlayerScriptAssemblies/Unity.TextMeshPro.dll
[1174/1248  0s] CopyFiles Library/PlayerScriptAssemblies/Unity.Splines.pdb
[1175/1248  0s] CopyFiles Library/PlayerScriptAssemblies/Unity.RenderPipelines.Core.Runtime.Shared.pdb
[1176/1248  0s] CopyFiles Library/PlayerScriptAssemblies/Unity.ScriptableBuildPipeline.pdb
[1177/1248  0s] CopyFiles Library/PlayerScriptAssemblies/Unity.Services.Core.Internal.pdb
[1178/1248  0s] CopyFiles Library/PlayerScriptAssemblies/Unity.Services.Core.Analytics.pdb
[1179/1248  0s] CopyFiles Library/PlayerScriptAssemblies/Unity.Addressables.pdb
[1180/1248  0s] CopyFiles Library/PlayerScriptAssemblies/Unity.Purchasing.SecurityCore.pdb
[1181/1248  0s] CopyFiles Library/PlayerScriptAssemblies/Unity.InternalAPIEngineBridge.004.pdb
[1182/1248  0s] CopyFiles Library/PlayerScriptAssemblies/Unity.RenderPipelines.Core.ShaderLibrary.pdb
[1183/1248  0s] CopyFiles Library/PlayerScriptAssemblies/Unity.AI.Navigation.pdb
[1184/1248  0s] CopyFiles Library/PlayerScriptAssemblies/Unity.Services.Core.Networking.pdb
[1185/1248  0s] CopyFiles Library/PlayerScriptAssemblies/UniTask.Addressables.pdb
[1186/1248  0s] CopyFiles Library/PlayerScriptAssemblies/Unity.SurfaceCache.Runtime.pdb
[1187/1248  0s] CopyFiles Library/PlayerScriptAssemblies/UniTask.DOTween.pdb
[1188/1248  0s] CopyFiles Library/PlayerScriptAssemblies/UniTask.Linq.pdb
[1189/1248  0s] CopyFiles Library/PlayerScriptAssemblies/UnityEngine.UI.pdb
[1190/1248  0s] CopyFiles Library/PlayerScriptAssemblies/Unity.Profiling.Core.dll
[1191/1248  0s] CopyFiles Library/PlayerScriptAssemblies/UniTask.Linq.dll
[1192/1248  0s] CopyFiles Library/PlayerScriptAssemblies/Unity.Purchasing.PaymentProviderService.dll
[1193/1248  0s] CopyFiles Library/PlayerScriptAssemblies/Unity.Services.Analytics.pdb
[1194/1248  0s] CopyFiles Library/PlayerScriptAssemblies/Unity.Purchasing.WebshopService.pdb
[1195/1248  0s] CopyFiles Library/PlayerScriptAssemblies/Unity.UnifiedRayTracing.Runtime.pdb
[1196/1248  0s] CopyFiles Library/PlayerScriptAssemblies/Unity.Purchasing.pdb
[1197/1248  0s] CopyFiles Library/PlayerScriptAssemblies/Unity.InputSystem.ForUI.pdb
[1198/1248  0s] CopyFiles Library/PlayerScriptAssemblies/Unity.Services.Core.Environments.Internal.pdb
[1199/1248  0s] CopyFiles Library/PlayerScriptAssemblies/Unity.ResourceManager.pdb
[1200/1248  0s] CopyFiles Library/PlayerScriptAssemblies/Unity.Pipeline.pdb
[1201/1248  0s] CopyFiles Library/PlayerScriptAssemblies/UnityEngine.XR.LegacyInputHelpers.pdb
[1202/1248  0s] CopyFiles Library/PlayerScriptAssemblies/Unity.Collections.Tests.CoreCLR.ProtectedJobNested.pdb
[1203/1248  0s] CopyFiles Library/PlayerScriptAssemblies/Unity.RenderPipelines.GPUDriven.Runtime.pdb
[1204/1248  0s] CopyFiles Library/PlayerScriptAssemblies/Unity.Services.Core.Registration.pdb
[1205/1248  0s] CopyFiles Library/PlayerScriptAssemblies/Unity.Purchasing.LiveContentAdapterService.pdb
[1206/1248  0s] CopyFiles Library/PlayerScriptAssemblies/UnityEngine.SpatialTracking.pdb
[1207/1248  0s] CopyFiles Library/PlayerScriptAssemblies/Unity.Mathematics.pdb
[1208/1248  0s] CopyFiles Library/PlayerScriptAssemblies/SampleGame.OutGame.pdb
[1209/1248  0s] CopyFiles Library/PlayerScriptAssemblies/LitMotion.pdb
[1210/1248  0s] CopyFiles Library/PlayerScriptAssemblies/Unity.Collections.pdb
[1211/1248  0s] CopyFiles Library/PlayerScriptAssemblies/OneStarMaker.Runtime.pdb
[1212/1248  0s] CopyFiles Library/PlayerScriptAssemblies/SampleGame.Common.pdb
[1213/1248  0s] CopyFiles Library/PlayerScriptAssemblies/UniTask.TextMeshPro.pdb
[1214/1248  0s] CopyFiles Library/PlayerScriptAssemblies/Unity.Services.Core.Scheduler.pdb
[1215/1248  0s] CopyFiles Library/PlayerScriptAssemblies/Unity.RenderPipelines.Universal.Shaders.pdb
[1216/1248  0s] CopyFiles Library/PlayerScriptAssemblies/SampleGame.DependOnAll.pdb
[1217/1248  0s] CopyFiles Library/PlayerScriptAssemblies/OneStarMaker.Debug.pdb
[1218/1248  0s] CopyFiles Library/PlayerScriptAssemblies/Assembly-CSharp.pdb
[1219/1248  0s] CopyFiles Library/PlayerScriptAssemblies/Unity.Timeline.pdb
[1220/1248  0s] CopyFiles Library/PlayerScriptAssemblies/Unity.Services.Core.Configuration.pdb
[1221/1248  0s] CopyFiles Library/PlayerScriptAssemblies/Domain_Reload.pdb
[1222/1248  0s] CopyFiles Library/PlayerScriptAssemblies/Unity.RenderPipeline.Universal.ShaderLibrary.pdb
[1223/1248  0s] CopyFiles Library/PlayerScriptAssemblies/Unity.VisualScripting.Flow.pdb
[1224/1248  0s] CopyFiles Library/PlayerScriptAssemblies/OneStarMaker.Foundation.pdb
[1225/1248  0s] CopyFiles Library/PlayerScriptAssemblies/Unity.Collections.Tests.CoreCLR.InternalJobNestedPrivate.pdb
[1226/1248  0s] CopyFiles Library/PlayerScriptAssemblies/Unity.TextMeshPro.pdb
[1227/1248  0s] CopyFiles Library/PlayerScriptAssemblies/Unity.Purchasing.Codeless.pdb
[1228/1248  0s] CopyFiles Library/PlayerScriptAssemblies/Unity.Collections.Tests.CoreCLR.PrivateJobNested.pdb
[1229/1248  0s] CopyFiles Library/PlayerScriptAssemblies/Unity.Collections.Tests.CoreCLR.PublicJobPrivateGeneric.pdb
[1230/1248  0s] CopyFiles Library/PlayerScriptAssemblies/Unity.Purchasing.PaymentProviderService.pdb
[1231/1248  0s] CopyFiles Library/PlayerScriptAssemblies/Unity.VisualScripting.State.pdb
[1232/1248  0s] CopyFiles Library/PlayerScriptAssemblies/Unity.InputSystem.pdb
[1233/1248  0s] CopyFiles Library/PlayerScriptAssemblies/SampleGame.InGame.pdb
[1234/1248  0s] CopyFiles Library/PlayerScriptAssemblies/Unity.Services.Core.Threading.pdb
[1235/1248  0s] CopyFiles Library/PlayerScriptAssemblies/Unity.RenderPipelines.ShaderGraph.ShaderGraphLibrary.pdb
[1236/1248  0s] CopyFiles Library/PlayerScriptAssemblies/Unity.Purchasing.Stores.pdb
[1237/1248  0s] CopyFiles Library/PlayerScriptAssemblies/Unity.Profiling.Core.pdb
[1238/1248  0s] CopyFiles Library/PlayerScriptAssemblies/Unity.Purchasing.Utilities.pdb
[1239/1248  0s] CopyFiles Library/PlayerScriptAssemblies/Unity.Services.Core.Device.pdb
[1240/1248  0s] CopyFiles Library/PlayerScriptAssemblies/Unity.Services.Core.Components.pdb
[1241/1248  0s] CopyFiles Library/PlayerScriptAssemblies/Unity.VisualScripting.Core.pdb
[1242/1248  0s] CopyFiles Library/PlayerScriptAssemblies/UniTask.pdb
[1243/1248  0s] CopyFiles Library/PlayerScriptAssemblies/Unity.Analytics.DataPrivacy.pdb
[1244/1248  0s] CopyFiles Library/PlayerScriptAssemblies/Unity.Purchasing.AppleStub.pdb
[1245/1248  0s] CopyFiles Library/PlayerScriptAssemblies/Unity.VisualScripting.DocCodeExamples.pdb
*** Tundra build success (6.72 seconds), 174 items updated, 1248 evaluated
Starting: D:\UnityEditor\6000.6.0f1\Editor\Data\Tools\BuildPipeline\bee_backend.exe --ipc --defer-dag-verification --dagfile="Library/Bee/1900b0aEDbg.dag" --continue-on-failure --profile="Library/Bee/backend1.traceevents" ScriptAssembliesAndTypeDB
WorkingDir: D:/repositories/unity/SampleGameForOneStarMakerFramework/unity
Total cache size 267210888
Total cache size after purge 267210888, took 00:00:01.0729727
ExitCode: 0 Duration: 3s527ms
[ 312/1928  0s] WriteResponseFile Library/Bee/artifacts/rsp/4747638433968585886.rsp
[1445/1928  0s] ILPP-Configuration Library/ilpp-configuration.nevergeneratedoutput
*** Tundra build success (3.48 seconds), 2 items updated, 1928 evaluated
Total cache size 267210888
Total cache size after purge 267210888, took 00:00:00.9181726
[Worker0] Imported GUID: 87d3eee0ee6679742b0faf493fd3aa03 - Path: Assets/OneStarMakerGenerated/BS2b/20260918T122358725Z-ca65dbeace7d4d28995fa81b998b2bd3/BuildContentRoot.asset - Importer: BuildMetaDataImporter -> (ImportResultId: 'f786d8e04e367a7a334d02f777e94ff3') in 0.027933 seconds
Importing 'GUID: 5380c2a0706fe378cf7ef5daee027d3c - Path: Library/BuildInstructions/87d3eee0ee6679742b0faf493fd3aa03.buildinst' with importer (DefaultImporter)
Imported 'GUID: 5380c2a0706fe378cf7ef5daee027d3c' -> (Import Result ID: '4034e56a64b59cd2277b12cfed17b6e9') in 0.002 seconds [static dependencies only]. Details - ImportResultOutputID=27dcc15e1caa4b5205bab4743fb00529 DependenciesID=9f29859376711af7933d16e9cd2e6692 StaticDependenciesID=199be9b28a1a70e07133a0fc807a78a5 
Refreshing native plugins compatible for Editor in 23.72 ms, found 4 plugins.

Asset Pipeline Refresh (id=a34cd27401d6cec49b4ef2ba9eac0aa5): Total: 0.869 seconds - Initiated by RefreshV2(NoUpdateAssetOptions)
	(Values over 0.05ms)
	Summary:
		Imports: total=1 (actual=1, local cache=0, cache server=0)
		Asset DB Process Time: managed=0 ms, native=830 ms
		Asset DB Callback time: managed=3 ms, native=33 ms
		Scripting: domain reloads=0, domain reload time=0 ms, compile time=0 ms, other=0 ms
		Project Asset Count: scripts=3599, non-scripts=5085
		Asset File Changes: new=1, changed=1, moved=0, deleted=0
		Scan Filter Count: 0
	ApplyChangesToAssetFolders: 0.133ms
	Scan: 599.325ms
	Collect global state as custom dependencies: 0.555ms
	OnSourceAssetsModified: 0.068ms
	ProcessAssetsWithTransientArtifactChanges: 0.100ms
	CategorizeAssets: 75.312ms
	ImportOutOfDateAssets: 138.052ms (0.465ms without children)
		ImportManagerImport: 135.370ms (0.653ms without children)
		ReloadNativeAssets: 0.665ms
		UnloadImportedAssets: 0.218ms
		EnsureUptoDateAssetsAreRegisteredWithGuidPM: 1.024ms
		ImportSchedulerStart: 0.299ms
	PostProcessAllAssets: 13.102ms
		XRBuildSystem.XRAssetImported 9.451ms
		VersionControlSettings.HiddenFilePostprocess 0.078ms
		MonoPostProcessAllAssets: 3.334ms
			PackageManagerResolver.OnPostprocessAllAssets 0.900ms
			SyncVS.PostprocessSyncProject 0.745ms
			VersionHandlerImpl.OnPostprocessAllAssets 0.245ms
			RenderPipelineGlobalSettingsPostprocessor.OnPostprocessAllAssets 0.171ms
			SpriteEditorTexturePostprocessor.OnPostprocessAllAssets 0.161ms
			AssetPostprocessor.OnPostprocessAllAssets 0.160ms
			ShaderGraphAssetPostProcessor.OnPostprocessAllAssets 0.147ms
			NugetAssetPostprocessor.OnPostprocessAllAssets 0.089ms
			AddressablesAssetPostProcessor.OnPostprocessAllAssets 0.051ms
	PostAssetChangesProfiler: 24.282ms
	GatherAllCurrentPrimaryImportResultRevisions: 0.440ms
	PersistCurrentRevisions: 0.304ms
	Untracked: 16.793ms

[Worker0] Imported GUID: 5380c2a0706fe378cf7ef5daee027d3c - Path: Library/BuildInstructions/87d3eee0ee6679742b0faf493fd3aa03.buildinst - Importer: BuildInstructionImporter -> (ImportResultId: '2490abfcb9483681abb32e4be92914d7') in 0.0069723 seconds
-------------------------------------------------------------------------------
Build Report - Content Size Statistics
Serialized File count                     11
Resource file count                        2
Object count                              23
Serialized Files                     491.9 kb	  49.0%
Serialized Files Headers             362.4 kb	  36.1%
Resource data (Texture,Audio...)     512.0 kb	  51.0%
Total build size                    1003.9 kb

Largest Types:
   512.2 kb	  51.0% Cubemap
   125.1 kb	  12.5% Shader

Largest Assets:
   522.5 kb	  52.0% Resources/unity_builtin_extra
   107.2 kb	  10.7% Packages/com.unity.render-pipelines.universal/Shaders/Lit.shader
-------------------------------------------------------------------------------
BuildReport, and other content build meta-data, are written to Library/BuildHistory/20260918-122359Z-38cc00c3Unloading 1 Unused Serialized files (Serialized files now loaded: 0)
Unloading 259 unused Assets / (83.3 KB). Loaded Objects now: 12273.
Memory consumption went from 0.55 GB to 0.55 GB.
Total: 19.137900 ms (FindLiveObjects: 0.701100 ms CreateObjectMapping: 0.232000 ms MarkObjects: 17.696300 ms  DeleteObjects: 0.158500 ms)

SpriteAtlasDatabase::Cleanup
Refreshing native plugins compatible for Editor in 28.48 ms, found 4 plugins.
Asset Pipeline Refresh (id=7c6d1070fd9360640b7b0e02467a6044): Total: 0.215 seconds - Initiated by StopAssetImportingV2(NoUpdateAssetOptions)
Refreshing native plugins compatible for Editor in 26.35 ms, found 4 plugins.
Asset Pipeline Refresh (id=ee28f321a6e0f09419ab0cb7b69eb0a8): Total: 0.232 seconds - Initiated by StopAssetImportingV2(NoUpdateAssetOptions)
Refreshing native plugins compatible for Editor in 21.78 ms, found 4 plugins.

Asset Pipeline Refresh (id=af5242a8a2a1ed742a50dcc862c1f11d): Total: 0.317 seconds - Initiated by StopAssetImportingV2(NoUpdateAssetOptions)
	(Values over 0.05ms)
	Summary:
		Imports: total=0 (actual=0, local cache=0, cache server=0)
		Asset DB Process Time: managed=0 ms, native=282 ms
		Asset DB Callback time: managed=2 ms, native=31 ms
		Scripting: domain reloads=0, domain reload time=0 ms, compile time=0 ms, other=0 ms
		Project Asset Count: scripts=3597, non-scripts=5083
		Asset File Changes: new=0, changed=0, moved=0, deleted=1
		Scan Filter Count: 3
	ApplyChangesToAssetFolders: 0.201ms
	Scan: 236.816ms
	Collect global state as custom dependencies: 1.256ms
	OnSourceAssetsModified: 0.090ms
	ProcessAssetsWithTransientArtifactChanges: 0.187ms
	CategorizeAssets: 31.820ms
	ImportOutOfDateAssets: 2.331ms (0.320ms without children)
		ReloadNativeAssets: 0.687ms
		UnloadImportedAssets: 0.133ms
		EnsureUptoDateAssetsAreRegisteredWithGuidPM: 0.923ms
		ImportSchedulerStart: 0.266ms
	PostProcessAllAssets: 11.738ms
		XRBuildSystem.XRAssetImported 9.289ms
		MonoPostProcessAllAssets: 2.219ms
			SyncVS.PostprocessSyncProject 0.722ms
			ShaderGraphAssetPostProcessor.OnPostprocessAllAssets 0.325ms
			VersionHandlerImpl.OnPostprocessAllAssets 0.194ms
			RenderPipelineGlobalSettingsPostprocessor.OnPostprocessAllAssets 0.171ms
			AddressablesAssetPostProcessor.OnPostprocessAllAssets 0.079ms
			SpriteEditorTexturePostprocessor.OnPostprocessAllAssets 0.071ms
			AssetPostprocessor.OnPostprocessAllAssets 0.069ms
	PostAssetChangesProfiler: 22.309ms
	GatherAllCurrentPrimaryImportResultRevisions: 0.321ms
	PersistCurrentRevisions: 0.303ms
	Untracked: 6.376ms

Unloading 0 Unused Serialized files (Serialized files now loaded: 0)
Unloading 87 unused Assets / (87.5 KB). Loaded Objects now: 12258.
Memory consumption went from 0.54 GB to 0.54 GB.
Total: 17.002700 ms (FindLiveObjects: 0.691600 ms CreateObjectMapping: 0.343800 ms MarkObjects: 15.209100 ms  DeleteObjects: 0.438600 ms)

Refreshing native plugins compatible for Editor in 21.80 ms, found 4 plugins.

Asset Pipeline Refresh (id=4a68f1c07fbb2dc43bbabf89d4d5201a): Total: 0.349 seconds - Initiated by StopAssetImportingV2(NoUpdateAssetOptions)
	(Values over 0.05ms)
	Summary:
		Imports: total=0 (actual=0, local cache=0, cache server=0)
		Asset DB Process Time: managed=0 ms, native=284 ms
		Asset DB Callback time: managed=3 ms, native=61 ms
		Scripting: domain reloads=0, domain reload time=0 ms, compile time=0 ms, other=0 ms
		Project Asset Count: scripts=3596, non-scripts=5077
		Asset File Changes: new=0, changed=0, moved=0, deleted=7
		Scan Filter Count: 4
	ApplyChangesToAssetFolders: 0.199ms
	Scan: 231.362ms
	Collect global state as custom dependencies: 1.094ms
	OnSourceAssetsModified: 0.135ms
	ProcessAssetsWithTransientArtifactChanges: 0.167ms
	CategorizeAssets: 31.012ms
	ImportOutOfDateAssets: 2.635ms (0.361ms without children)
		ReloadNativeAssets: 0.713ms
		UnloadImportedAssets: 0.191ms
		EnsureUptoDateAssetsAreRegisteredWithGuidPM: 1.108ms
		ImportSchedulerStart: 0.259ms
	PostProcessAllAssets: 42.599ms
		XRBuildSystem.XRAssetImported 39.183ms
		MonoPostProcessAllAssets: 2.985ms
			ShaderGraphAssetPostProcessor.OnPostprocessAllAssets 1.021ms
			SyncVS.PostprocessSyncProject 0.665ms
			VersionHandlerImpl.OnPostprocessAllAssets 0.182ms
			InputActionAssetPostprocessor.OnPostprocessAllAssets 0.133ms
			InputActionJsonNameModifierAssetProcessor.OnPostprocessAllAssets 0.130ms
			RenderPipelineGlobalSettingsPostprocessor.OnPostprocessAllAssets 0.122ms
			AddressablesAssetPostProcessor.OnPostprocessAllAssets 0.106ms
			AssetPostprocessor.OnPostprocessAllAssets 0.073ms
			SpriteEditorTexturePostprocessor.OnPostprocessAllAssets 0.061ms
			AssetChangedListener.OnPostprocessAllAssets 0.054ms
	PostAssetChangesProfiler: 22.359ms
	GatherAllCurrentPrimaryImportResultRevisions: 0.321ms
	PersistCurrentRevisions: 0.380ms
	Untracked: 6.243ms

Entering Playmode with Reload Domain disabled.
If you experience any issues, please disable "Enter Play Mode Options" in Editor Settings
[AppInit] DebugSocket configured. mode=Connect, endpoint=ws://127.0.0.1:5011/debugsocket/, autoStart=True, sendLogs=True, sendTelemetry=True.
UnityEngine.Debug:ExtractStackTraceNoAlloc (byte*,int,string)
UnityEngine.StackTraceUtility:ExtractStackTrace ()
UnityEngine.DebugLogHandler:Internal_Log (UnityEngine.LogType,UnityEngine.LogOption,string,UnityEngine.Object)
UnityEngine.DebugLogHandler:LogFormat (UnityEngine.LogType,UnityEngine.Object,string,object[])
UnityEngine.Logger:Log (UnityEngine.LogType,object)
UnityEngine.Debug:Log (object)
OneStarMaker.Runtime.AbstractApplicationInitializer:LogDebugSocketBootstrapStatus (OneStarMaker.Foundation.Config.AppConfig) (at Assets/OneStarMaker/Scripts/Runtime/Bootstrap/AbstractApplicationInitializer.cs:907)
OneStarMaker.Runtime.AbstractApplicationInitializer:InitializeBeforeSceneLoad () (at Assets/OneStarMaker/Scripts/Runtime/Bootstrap/AbstractApplicationInitializer.cs:202)
OneStarMaker.Runtime.AbstractApplicationInitializer:BootstrapBeforeSceneLoad (OneStarMaker.Runtime.AbstractApplicationInitializer) (at Assets/OneStarMaker/Scripts/Runtime/Bootstrap/AbstractApplicationInitializer.cs:145)
SampleGame.DependOnAll.AppInitializer:Before () (at Assets/SampleGame/DependOnAll/AppInitializer.cs:49)

(Filename: Assets/OneStarMaker/Scripts/Runtime/Bootstrap/AbstractApplicationInitializer.cs Line: 907)

[AppInit] AfterSceneLoad: loading UICommon.
UnityEngine.Debug:ExtractStackTraceNoAlloc (byte*,int,string)
UnityEngine.StackTraceUtility:ExtractStackTrace ()
UnityEngine.DebugLogHandler:Internal_Log (UnityEngine.LogType,UnityEngine.LogOption,string,UnityEngine.Object)
UnityEngine.DebugLogHandler:LogFormat (UnityEngine.LogType,UnityEngine.Object,string,object[])
UnityEngine.Logger:Log (UnityEngine.LogType,object)
UnityEngine.Debug:Log (object)
OneStarMaker.Runtime.AbstractApplicationInitializer/<InitializeAfterSceneLoad>d__28:MoveNext () (at Assets/OneStarMaker/Scripts/Runtime/Bootstrap/AbstractApplicationInitializer.cs:244)
Cysharp.Threading.Tasks.CompilerServices.AsyncUniTaskVoidMethodBuilder:Start<OneStarMaker.Runtime.AbstractApplicationInitializer/<InitializeAfterSceneLoad>d__28> (OneStarMaker.Runtime.AbstractApplicationInitializer/<InitializeAfterSceneLoad>d__28&) (at ./Library/PackageCache/com.cysharp.unitask@360e370345b9/Runtime/CompilerServices/AsyncUniTaskVoidMethodBuilder.cs:110)
OneStarMaker.Runtime.AbstractApplicationInitializer:InitializeAfterSceneLoad ()
OneStarMaker.Runtime.AbstractApplicationInitializer:BootstrapAfterSceneLoad (OneStarMaker.Runtime.AbstractApplicationInitializer) (at Assets/OneStarMaker/Scripts/Runtime/Bootstrap/AbstractApplicationInitializer.cs:160)
SampleGame.DependOnAll.AppInitializer:After () (at Assets/SampleGame/DependOnAll/AppInitializer.cs:62)

(Filename: Assets/OneStarMaker/Scripts/Runtime/Bootstrap/AbstractApplicationInitializer.cs Line: 244)

Loaded scene 'Temp/__Backupscenes/0.backup'
	Deserialize:            0.336 ms
	Integration:            2722.563 ms
	Integration of assets:  0.001 ms
	Thread Wait Time:       0.008 ms
	Total Operation Time:   2722.909 ms
Loaded scene 'Assets/OneStarMaker/Scenes/UISystem/UIScene.unity'
	Deserialize:            194.087 ms
	Integration:            226.662 ms
	Integration of assets:  3.168 ms
	Thread Wait Time:       -0.059 ms
	Total Operation Time:   423.858 ms
[AppInit] AfterSceneLoad: loading SceneResourceMap.
UnityEngine.Debug:ExtractStackTraceNoAlloc (byte*,int,string)
UnityEngine.StackTraceUtility:ExtractStackTrace ()
UnityEngine.DebugLogHandler:Internal_Log (UnityEngine.LogType,UnityEngine.LogOption,string,UnityEngine.Object)
UnityEngine.DebugLogHandler:LogFormat (UnityEngine.LogType,UnityEngine.Object,string,object[])
UnityEngine.Logger:Log (UnityEngine.LogType,object)
UnityEngine.Debug:Log (object)
OneStarMaker.Runtime.AbstractApplicationInitializer/<InitializeAfterSceneLoad>d__28:MoveNext () (at Assets/OneStarMaker/Scripts/Runtime/Bootstrap/AbstractApplicationInitializer.cs:248)
Cysharp.Threading.Tasks.CompilerServices.AsyncUniTaskVoid`1<OneStarMaker.Runtime.AbstractApplicationInitializer/<InitializeAfterSceneLoad>d__28>:Run () (at ./Library/PackageCache/com.cysharp.unitask@360e370345b9/Runtime/CompilerServices/StateMachineRunner.cs:104)
Cysharp.Threading.Tasks.AwaiterActions:Continuation (object) (at ./Library/PackageCache/com.cysharp.unitask@360e370345b9/Runtime/UniTask.cs:25)
Cysharp.Threading.Tasks.UniTaskCompletionSourceCore`1<OneStarMaker.Runtime.UISystem.UICommon>:TrySetResult (OneStarMaker.Runtime.UISystem.UICommon) (at ./Library/PackageCache/com.cysharp.unitask@360e370345b9/Runtime/UniTaskCompletionSource.cs:139)
Cysharp.Threading.Tasks.CompilerServices.AsyncUniTask`2<OneStarMaker.Runtime.AbstractApplicationInitializer/<LoadUICommonAsync>d__30, OneStarMaker.Runtime.UISystem.UICommon>:SetResult (OneStarMaker.Runtime.UISystem.UICommon) (at ./Library/PackageCache/com.cysharp.unitask@360e370345b9/Runtime/CompilerServices/StateMachineRunner.cs:328)
Cysharp.Threading.Tasks.CompilerServices.AsyncUniTaskMethodBuilder`1<OneStarMaker.Runtime.UISystem.UICommon>:SetResult (OneStarMaker.Runtime.UISystem.UICommon) (at ./Library/PackageCache/com.cysharp.unitask@360e370345b9/Runtime/CompilerServices/AsyncUniTaskMethodBuilder.cs:201)
OneStarMaker.Runtime.AbstractApplicationInitializer/<LoadUICommonAsync>d__30:MoveNext () (at Assets/OneStarMaker/Scripts/Runtime/Bootstrap/AbstractApplicationInitializer.cs:449)
Cysharp.Threading.Tasks.CompilerServices.AsyncUniTask`2<OneStarMaker.Runtime.AbstractApplicationInitializer/<LoadUICommonAsync>d__30, OneStarMaker.Runtime.UISystem.UICommon>:Run () (at ./Library/PackageCache/com.cysharp.unitask@360e370345b9/Runtime/CompilerServices/StateMachineRunner.cs:313)
Cysharp.Threading.Tasks.AwaiterActions:Continuation (object) (at ./Library/PackageCache/com.cysharp.unitask@360e370345b9/Runtime/UniTask.cs:25)
Cysharp.Threading.Tasks.UniTaskCompletionSourceCore`1<OneStarMaker.Runtime.AssetManagement.ISceneHandle>:TrySetResult (OneStarMaker.Runtime.AssetManagement.ISceneHandle) (at ./Library/PackageCache/com.cysharp.unitask@360e370345b9/Runtime/UniTaskCompletionSource.cs:139)
Cysharp.Threading.Tasks.CompilerServices.AsyncUniTask`2<OneStarMaker.Runtime.AssetManagement.AssetManagement/<LoadSceneAsync>d__21, OneStarMaker.Runtime.AssetManagement.ISceneHandle>:SetResult (OneStarMaker.Runtime.AssetManagement.ISceneHandle) (at ./Library/PackageCache/com.cysharp.unitask@360e370345b9/Runtime/CompilerServices/StateMachineRunner.cs:328)
Cysharp.Threading.Tasks.CompilerServices.AsyncUniTaskMethodBuilder`1<OneStarMaker.Runtime.AssetManagement.ISceneHandle>:SetResult (OneStarMaker.Runtime.AssetManagement.ISceneHandle) (at ./Library/PackageCache/com.cysharp.unitask@360e370345b9/Runtime/CompilerServices/AsyncUniTaskMethodBuilder.cs:201)
OneStarMaker.Runtime.AssetManagement.AssetManagement/<LoadSceneAsync>d__21:MoveNext () (at Assets/OneStarMaker/Scripts/Runtime/AssetManagement/AssetManagement.cs:122)
Cysharp.Threading.Tasks.CompilerServices.AsyncUniTask`2<OneStarMaker.Runtime.AssetManagement.AssetManagement/<LoadSceneAsync>d__21, OneStarMaker.Runtime.AssetManagement.ISceneHandle>:Run () (at ./Library/PackageCache/com.cysharp.unitask@360e370345b9/Runtime/CompilerServices/StateMachineRunner.cs:313)
Cysharp.Threading.Tasks.AwaiterActions:Continuation (object) (at ./Library/PackageCache/com.cysharp.unitask@360e370345b9/Runtime/UniTask.cs:25)
Cysharp.Threading.Tasks.UniTaskCompletionSourceCore`1<OneStarMaker.Runtime.AssetManagement.Internal.IBackendScene>:TrySetResult (OneStarMaker.Runtime.AssetManagement.Internal.IBackendScene) (at ./Library/PackageCache/com.cysharp.unitask@360e370345b9/Runtime/UniTaskCompletionSource.cs:139)
Cysharp.Threading.Tasks.CompilerServices.AsyncUniTask`2<OneStarMaker.Runtime.AssetManagement.Internal.AddressableBackend/<LoadSceneAsync>d__2, OneStarMaker.Runtime.AssetManagement.Internal.IBackendScene>:SetResult (OneStarMaker.Runtime.AssetManagement.Internal.IBackendScene) (at ./Library/PackageCache/com.cysharp.unitask@360e370345b9/Runtime/CompilerServices/StateMachineRunner.cs:328)
Cysharp.Threading.Tasks.CompilerServices.AsyncUniTaskMethodBuilder`1<OneStarMaker.Runtime.AssetManagement.Internal.IBackendScene>:SetResult (OneStarMaker.Runtime.AssetManagement.Internal.IBackendScene) (at ./Library/PackageCache/com.cysharp.unitask@360e370345b9/Runtime/CompilerServices/AsyncUniTaskMethodBuilder.cs:201)
OneStarMaker.Runtime.AssetManagement.Internal.AddressableBackend/<LoadSceneAsync>d__2:MoveNext () (at Assets/OneStarMaker/Scripts/Runtime/AssetManagement/Internal/AddressableBackend.cs:53)
Cysharp.Threading.Tasks.CompilerServices.AsyncUniTask`2<OneStarMaker.Runtime.AssetManagement.Internal.AddressableBackend/<LoadSceneAsync>d__2, OneStarMaker.Runtime.AssetManagement.Internal.IBackendScene>:Run () (at ./Library/PackageCache/com.cysharp.unitask@360e370345b9/Runtime/CompilerServices/StateMachineRunner.cs:313)
Cysharp.Threading.Tasks.AwaiterActions:Continuation (object) (at ./Library/PackageCache/com.cysharp.unitask@360e370345b9/Runtime/UniTask.cs:25)
Cysharp.Threading.Tasks.UniTaskCompletionSourceCore`1<Cysharp.Threading.Tasks.AsyncUnit>:TrySetResult (Cysharp.Threading.Tasks.AsyncUnit) (at ./Library/PackageCache/com.cysharp.unitask@360e370345b9/Runtime/UniTaskCompletionSource.cs:139)
Cysharp.Threading.Tasks.CompilerServices.AsyncUniTask`1<OneStarMaker.Runtime.AssetManagement.Internal.AddressableBackend/<AwaitHandle>d__6`1<UnityEngine.ResourceManagement.ResourceProviders.SceneInstance>>:SetResult () (at ./Library/PackageCache/com.cysharp.unitask@360e370345b9/Runtime/CompilerServices/StateMachineRunner.cs:204)
Cysharp.Threading.Tasks.CompilerServices.AsyncUniTaskMethodBuilder:SetResult () (at ./Library/PackageCache/com.cysharp.unitask@360e370345b9/Runtime/CompilerServices/AsyncUniTaskMethodBuilder.cs:70)
OneStarMaker.Runtime.AssetManagement.Internal.AddressableBackend/<AwaitHandle>d__6`1<UnityEngine.ResourceManagement.ResourceProviders.SceneInstance>:MoveNext () (at Assets/OneStarMaker/Scripts/Runtime/AssetManagement/Internal/AddressableBackend.cs:105)
Cysharp.Threading.Tasks.CompilerServices.AsyncUniTask`1<OneStarMaker.Runtime.AssetManagement.Internal.AddressableBackend/<AwaitHandle>d__6`1<UnityEngine.ResourceManagement.ResourceProviders.SceneInstance>>:Run () (at ./Library/PackageCache/com.cysharp.unitask@360e370345b9/Runtime/CompilerServices/StateMachineRunner.cs:189)
Cysharp.Threading.Tasks.AwaiterActions:Continuation (object) (at ./Library/PackageCache/com.cysharp.unitask@360e370345b9/Runtime/UniTask.cs:25)
Cysharp.Threading.Tasks.UniTaskCompletionSourceCore`1<UnityEngine.ResourceManagement.ResourceProviders.SceneInstance>:TrySetResult (UnityEngine.ResourceManagement.ResourceProviders.SceneInstance) (at ./Library/PackageCache/com.cysharp.unitask@360e370345b9/Runtime/UniTaskCompletionSource.cs:139)
Cysharp.Threading.Tasks.AddressablesAsyncExtensions/AsyncOperationHandleConfiguredSource`1<UnityEngine.ResourceManagement.ResourceProviders.SceneInstance>:HandleCompleted (UnityEngine.ResourceManagement.AsyncOperations.AsyncOperationHandle`1<UnityEngine.ResourceManagement.ResourceProviders.SceneInstance>) (at ./Library/PackageCache/com.cysharp.unitask@360e370345b9/Runtime/External/Addressables/AddressablesAsyncExtensions.cs:398)
DelegateList`1<UnityEngine.ResourceManagement.AsyncOperations.AsyncOperationHandle`1<UnityEngine.ResourceManagement.ResourceProviders.SceneInstance>>:Invoke (UnityEngine.ResourceManagement.AsyncOperations.AsyncOperationHandle`1<UnityEngine.ResourceManagement.ResourceProviders.SceneInstance>) (at ./Library/PackageCache/com.unity.addressables@42676f2a154e/Runtime/ResourceManager/Util/DelegateList.cs:75)
UnityEngine.ResourceManagement.AsyncOperations.AsyncOperationBase`1<UnityEngine.ResourceManagement.ResourceProviders.SceneInstance>:InvokeCompletionEvent () (at ./Library/PackageCache/com.unity.addressables@42676f2a154e/Runtime/ResourceManager/AsyncOperations/AsyncOperationBase.cs:391)
UnityEngine.ResourceManagement.AsyncOperations.AsyncOperationBase`1<UnityEngine.ResourceManagement.ResourceProviders.SceneInstance>:Complete (UnityEngine.ResourceManagement.ResourceProviders.SceneInstance,bool,System.Exception,bool) (at ./Library/PackageCache/com.unity.addressables@42676f2a154e/Runtime/ResourceManager/AsyncOperations/AsyncOperationBase.cs:494)
UnityEngine.ResourceManagement.AsyncOperations.AsyncOperationBase`1<UnityEngine.ResourceManagement.ResourceProviders.SceneInstance>:Complete (UnityEngine.ResourceManagement.ResourceProviders.SceneInstance,bool,string,bool) (at ./Library/PackageCache/com.unity.addressables@42676f2a154e/Runtime/ResourceManager/AsyncOperations/AsyncOperationBase.cs:447)
UnityEngine.ResourceManagement.AsyncOperations.AsyncOperationBase`1<UnityEngine.ResourceManagement.ResourceProviders.SceneInstance>:Complete (UnityEngine.ResourceManagement.ResourceProviders.SceneInstance,bool,string) (at ./Library/PackageCache/com.unity.addressables@42676f2a154e/Runtime/ResourceManager/AsyncOperations/AsyncOperationBase.cs:431)
UnityEngine.ResourceManagement.ResourceProviders.SceneProvider/SceneOp:UnityEngine.ResourceManagement.IUpdateReceiver.Update (single) (at ./Library/PackageCache/com.unity.addressables@42676f2a154e/Runtime/ResourceManager/ResourceProviders/SceneProvider.cs:208)
UnityEngine.ResourceManagement.AsyncOperations.AsyncOperationBase`1<UnityEngine.ResourceManagement.ResourceProviders.SceneInstance>:UpdateCallback (single) (at ./Library/PackageCache/com.unity.addressables@42676f2a154e/Runtime/ResourceManager/AsyncOperations/AsyncOperationBase.cs:415)
DelegateList`1<single>:Invoke (single) (at ./Library/PackageCache/com.unity.addressables@42676f2a154e/Runtime/ResourceManager/Util/DelegateList.cs:75)
UnityEngine.ResourceManagement.ResourceManager:Update (single) (at ./Library/PackageCache/com.unity.addressables@42676f2a154e/Runtime/ResourceManager/ResourceManager.cs:1109)
MonoBehaviourCallbackHooks:Update () (at ./Library/PackageCache/com.unity.addressables@42676f2a154e/Runtime/ResourceManager/Util/MonoBehaviourCallbackHooks.cs:29)

(Filename: Assets/OneStarMaker/Scripts/Runtime/Bootstrap/AbstractApplicationInitializer.cs Line: 248)

TrimDiskCacheJob: Current cache size 5mb
[AppInit] Starting DebugSocket transport. mode=Connect, endpoint=ws://127.0.0.1:5011/debugsocket/, autoStart=True.
UnityEngine.Debug:ExtractStackTraceNoAlloc (byte*,int,string)
UnityEngine.StackTraceUtility:ExtractStackTrace ()
UnityEngine.DebugLogHandler:Internal_Log (UnityEngine.LogType,UnityEngine.LogOption,string,UnityEngine.Object)
UnityEngine.DebugLogHandler:LogFormat (UnityEngine.LogType,UnityEngine.Object,string,object[])
UnityEngine.Logger:Log (UnityEngine.LogType,object)
UnityEngine.Debug:Log (object)
OneStarMaker.Runtime.AbstractApplicationInitializer/<StartFrameworkServicesAsync>d__39:MoveNext () (at Assets/OneStarMaker/Scripts/Runtime/Bootstrap/AbstractApplicationInitializer.cs:676)
Cysharp.Threading.Tasks.CompilerServices.AsyncUniTaskMethodBuilder:Start<OneStarMaker.Runtime.AbstractApplicationInitializer/<StartFrameworkServicesAsync>d__39> (OneStarMaker.Runtime.AbstractApplicationInitializer/<StartFrameworkServicesAsync>d__39&) (at ./Library/PackageCache/com.cysharp.unitask@360e370345b9/Runtime/CompilerServices/AsyncUniTaskMethodBuilder.cs:111)
OneStarMaker.Runtime.AbstractApplicationInitializer:StartFrameworkServicesAsync (System.Threading.CancellationToken)
OneStarMaker.Runtime.AbstractApplicationInitializer/<InitializeAfterSceneLoad>d__28:MoveNext () (at Assets/OneStarMaker/Scripts/Runtime/Bootstrap/AbstractApplicationInitializer.cs:263)
Cysharp.Threading.Tasks.CompilerServices.AsyncUniTaskVoid`1<OneStarMaker.Runtime.AbstractApplicationInitializer/<InitializeAfterSceneLoad>d__28>:Run () (at ./Library/PackageCache/com.cysharp.unitask@360e370345b9/Runtime/CompilerServices/StateMachineRunner.cs:104)
Cysharp.Threading.Tasks.AwaiterActions:Continuation (object) (at ./Library/PackageCache/com.cysharp.unitask@360e370345b9/Runtime/UniTask.cs:25)
Cysharp.Threading.Tasks.UniTaskCompletionSourceCore`1<OneStarMaker.Runtime.SceneSystem.SceneResourceMap>:TrySetResult (OneStarMaker.Runtime.SceneSystem.SceneResourceMap) (at ./Library/PackageCache/com.cysharp.unitask@360e370345b9/Runtime/UniTaskCompletionSource.cs:139)
Cysharp.Threading.Tasks.CompilerServices.AsyncUniTask`2<OneStarMaker.Runtime.AbstractApplicationInitializer/<LoadSceneResourceMapAsync>d__31, OneStarMaker.Runtime.SceneSystem.SceneResourceMap>:SetResult (OneStarMaker.Runtime.SceneSystem.SceneResourceMap) (at ./Library/PackageCache/com.cysharp.unitask@360e370345b9/Runtime/CompilerServices/StateMachineRunner.cs:328)
Cysharp.Threading.Tasks.CompilerServices.AsyncUniTaskMethodBuilder`1<OneStarMaker.Runtime.SceneSystem.SceneResourceMap>:SetResult (OneStarMaker.Runtime.SceneSystem.SceneResourceMap) (at ./Library/PackageCache/com.cysharp.unitask@360e370345b9/Runtime/CompilerServices/AsyncUniTaskMethodBuilder.cs:201)
OneStarMaker.Runtime.AbstractApplicationInitializer/<LoadSceneResourceMapAsync>d__31:MoveNext () (at Assets/OneStarMaker/Scripts/Runtime/Bootstrap/AbstractApplicationInitializer.cs:460)
Cysharp.Threading.Tasks.CompilerServices.AsyncUniTask`2<OneStarMaker.Runtime.AbstractApplicationInitializer/<LoadSceneResourceMapAsync>d__31, OneStarMaker.Runtime.SceneSystem.SceneResourceMap>:Run () (at ./Library/PackageCache/com.cysharp.unitask@360e370345b9/Runtime/CompilerServices/StateMachineRunner.cs:313)
Cysharp.Threading.Tasks.AwaiterActions:Continuation (object) (at ./Library/PackageCache/com.cysharp.unitask@360e370345b9/Runtime/UniTask.cs:25)
Cysharp.Threading.Tasks.UniTaskCompletionSourceCore`1<OneStarMaker.Runtime.AssetManagement.IAssetHandle`1<OneStarMaker.Runtime.SceneSystem.SceneResourceMap>>:TrySetResult (OneStarMaker.Runtime.AssetManagement.IAssetHandle`1<OneStarMaker.Runtime.SceneSystem.SceneResourceMap>) (at ./Library/PackageCache/com.cysharp.unitask@360e370345b9/Runtime/UniTaskCompletionSource.cs:139)
Cysharp.Threading.Tasks.CompilerServices.AsyncUniTask`2<OneStarMaker.Runtime.AssetManagement.AssetManagement/<LoadAssetAsync>d__19`1<OneStarMaker.Runtime.SceneSystem.SceneResourceMap>, OneStarMaker.Runtime.AssetManagement.IAssetHandle`1<OneStarMaker.Runtime.SceneSystem.SceneResourceMap>>:SetResult (OneStarMaker.Runtime.AssetManagement.IAssetHandle`1<OneStarMaker.Runtime.SceneSystem.SceneResourceMap>) (at ./Library/PackageCache/com.cysharp.unitask@360e370345b9/Runtime/CompilerServices/StateMachineRunner.cs:328)
Cysharp.Threading.Tasks.CompilerServices.AsyncUniTaskMethodBuilder`1<OneStarMaker.Runtime.AssetManagement.IAssetHandle`1<OneStarMaker.Runtime.SceneSystem.SceneResourceMap>>:SetResult (OneStarMaker.Runtime.AssetManagement.IAssetHandle`1<OneStarMaker.Runtime.SceneSystem.SceneResourceMap>) (at ./Library/PackageCache/com.cysharp.unitask@360e370345b9/Runtime/CompilerServices/AsyncUniTaskMethodBuilder.cs:201)
OneStarMaker.Runtime.AssetManagement.AssetManagement/<LoadAssetAsync>d__19`1<OneStarMaker.Runtime.SceneSystem.SceneResourceMap>:MoveNext () (at Assets/OneStarMaker/Scripts/Runtime/AssetManagement/AssetManagement.cs:74)
Cysharp.Threading.Tasks.CompilerServices.AsyncUniTask`2<OneStarMaker.Runtime.AssetManagement.AssetManagement/<LoadAssetAsync>d__19`1<OneStarMaker.Runtime.SceneSystem.SceneResourceMap>, OneStarMaker.Runtime.AssetManagement.IAssetHandle`1<OneStarMaker.Runtime.SceneSystem.SceneResourceMap>>:Run () (at ./Library/PackageCache/com.cysharp.unitask@360e370345b9/Runtime/CompilerServices/StateMachineRunner.cs:313)
Cysharp.Threading.Tasks.AwaiterActions:Continuation (object) (at ./Library/PackageCache/com.cysharp.unitask@360e370345b9/Runtime/UniTask.cs:25)
Cysharp.Threading.Tasks.UniTaskCompletionSourceCore`1<OneStarMaker.Runtime.AssetManagement.Internal.IBackendAsset>:TrySetResult (OneStarMaker.Runtime.AssetManagement.Internal.IBackendAsset) (at ./Library/PackageCache/com.cysharp.unitask@360e370345b9/Runtime/UniTaskCompletionSource.cs:139)
Cysharp.Threading.Tasks.CompilerServices.AsyncUniTask`2<OneStarMaker.Runtime.AssetManagement.AssetManagement/<LoadBackendAssetDedup>d__37`1<OneStarMaker.Runtime.SceneSystem.SceneResourceMap>, OneStarMaker.Runtime.AssetManagement.Internal.IBackendAsset>:SetResult (OneStarMaker.Runtime.AssetManagement.Internal.IBackendAsset) (at ./Library/PackageCache/com.cysharp.unitask@360e370345b9/Runtime/CompilerServices/StateMachineRunner.cs:328)
Cysharp.Threading.Tasks.CompilerServices.AsyncUniTaskMethodBuilder`1<OneStarMaker.Runtime.AssetManagement.Internal.IBackendAsset>:SetResult (OneStarMaker.Runtime.AssetManagement.Internal.IBackendAsset) (at ./Library/PackageCache/com.cysharp.unitask@360e370345b9/Runtime/CompilerServices/AsyncUniTaskMethodBuilder.cs:201)
OneStarMaker.Runtime.AssetManagement.AssetManagement/<LoadBackendAssetDedup>d__37`1<OneStarMaker.Runtime.SceneSystem.SceneResourceMap>:MoveNext () (at Assets/OneStarMaker/Scripts/Runtime/AssetManagement/AssetManagement.cs:344)
Cysharp.Threading.Tasks.CompilerServices.AsyncUniTask`2<OneStarMaker.Runtime.AssetManagement.AssetManagement/<LoadBackendAssetDedup>d__37`1<OneStarMaker.Runtime.SceneSystem.SceneResourceMap>, OneStarMaker.Runtime.AssetManagement.Internal.IBackendAsset>:Run () (at ./Library/PackageCache/com.cysharp.unitask@360e370345b9/Runtime/CompilerServices/StateMachineRunner.cs:313)
Cysharp.Threading.Tasks.AwaiterActions:Continuation (object) (at ./Library/PackageCache/com.cysharp.unitask@360e370345b9/Runtime/UniTask.cs:25)
Cysharp.Threading.Tasks.UniTaskCompletionSourceCore`1<OneStarMaker.Runtime.AssetManagement.Internal.IBackendAsset>:TrySetResult (OneStarMaker.Runtime.AssetManagement.Internal.IBackendAsset) (at ./Library/PackageCache/com.cysharp.unitask@360e370345b9/Runtime/UniTaskCompletionSource.cs:139)
Cysharp.Threading.Tasks.CompilerServices.AsyncUniTask`2<OneStarMaker.Runtime.AssetManagement.Internal.AddressableBackend/<LoadAssetAsync>d__0`1<OneStarMaker.Runtime.SceneSystem.SceneResourceMap>, OneStarMaker.Runtime.AssetManagement.Internal.IBackendAsset>:SetResult (OneStarMaker.Runtime.AssetManagement.Internal.IBackendAsset) (at ./Library/PackageCache/com.cysharp.unitask@360e370345b9/Runtime/CompilerServices/StateMachineRunner.cs:328)
Cysharp.Threading.Tasks.CompilerServices.AsyncUniTaskMethodBuilder`1<OneStarMaker.Runtime.AssetManagement.Internal.IBackendAsset>:SetResult (OneStarMaker.Runtime.AssetManagement.Internal.IBackendAsset) (at ./Library/PackageCache/com.cysharp.unitask@360e370345b9/Runtime/CompilerServices/AsyncUniTaskMethodBuilder.cs:201)
OneStarMaker.Runtime.AssetManagement.Internal.AddressableBackend/<LoadAssetAsync>d__0`1<OneStarMaker.Runtime.SceneSystem.SceneResourceMap>:MoveNext () (at Assets/OneStarMaker/Scripts/Runtime/AssetManagement/Internal/AddressableBackend.cs:26)
Cysharp.Threading.Tasks.CompilerServices.AsyncUniTask`2<OneStarMaker.Runtime.AssetManagement.Internal.AddressableBackend/<LoadAssetAsync>d__0`1<OneStarMaker.Runtime.SceneSystem.SceneResourceMap>, OneStarMaker.Runtime.AssetManagement.Internal.IBackendAsset>:Run () (at ./Library/PackageCache/com.cysharp.unitask@360e370345b9/Runtime/CompilerServices/StateMachineRunner.cs:313)
Cysharp.Threading.Tasks.AwaiterActions:Continuation (object) (at ./Library/PackageCache/com.cysharp.unitask@360e370345b9/Runtime/UniTask.cs:25)
Cysharp.Threading.Tasks.UniTaskCompletionSourceCore`1<Cysharp.Threading.Tasks.AsyncUnit>:TrySetResult (Cysharp.Threading.Tasks.AsyncUnit) (at ./Library/PackageCache/com.cysharp.unitask@360e370345b9/Runtime/UniTaskCompletionSource.cs:139)
Cysharp.Threading.Tasks.CompilerServices.AsyncUniTask`1<OneStarMaker.Runtime.AssetManagement.Internal.AddressableBackend/<AwaitHandle>d__6`1<OneStarMaker.Runtime.SceneSystem.SceneResourceMap>>:SetResult () (at ./Library/PackageCache/com.cysharp.unitask@360e370345b9/Runtime/CompilerServices/StateMachineRunner.cs:204)
Cysharp.Threading.Tasks.CompilerServices.AsyncUniTaskMethodBuilder:SetResult () (at ./Library/PackageCache/com.cysharp.unitask@360e370345b9/Runtime/CompilerServices/AsyncUniTaskMethodBuilder.cs:70)
OneStarMaker.Runtime.AssetManagement.Internal.AddressableBackend/<AwaitHandle>d__6`1<OneStarMaker.Runtime.SceneSystem.SceneResourceMap>:MoveNext () (at Assets/OneStarMaker/Scripts/Runtime/AssetManagement/Internal/AddressableBackend.cs:105)
Cysharp.Threading.Tasks.CompilerServices.AsyncUniTask`1<OneStarMaker.Runtime.AssetManagement.Internal.AddressableBackend/<AwaitHandle>d__6`1<OneStarMaker.Runtime.SceneSystem.SceneResourceMap>>:Run () (at ./Library/PackageCache/com.cysharp.unitask@360e370345b9/Runtime/CompilerServices/StateMachineRunner.cs:189)
Cysharp.Threading.Tasks.AwaiterActions:Continuation (object) (at ./Library/PackageCache/com.cysharp.unitask@360e370345b9/Runtime/UniTask.cs:25)
Cysharp.Threading.Tasks.UniTaskCompletionSourceCore`1<OneStarMaker.Runtime.SceneSystem.SceneResourceMap>:TrySetResult (OneStarMaker.Runtime.SceneSystem.SceneResourceMap) (at ./Library/PackageCache/com.cysharp.unitask@360e370345b9/Runtime/UniTaskCompletionSource.cs:139)
Cysharp.Threading.Tasks.AddressablesAsyncExtensions/AsyncOperationHandleConfiguredSource`1<OneStarMaker.Runtime.SceneSystem.SceneResourceMap>:HandleCompleted (UnityEngine.ResourceManagement.AsyncOperations.AsyncOperationHandle`1<OneStarMaker.Runtime.SceneSystem.SceneResourceMap>) (at ./Library/PackageCache/com.cysharp.unitask@360e370345b9/Runtime/External/Addressables/AddressablesAsyncExtensions.cs:398)
DelegateList`1<UnityEngine.ResourceManagement.AsyncOperations.AsyncOperationHandle`1<OneStarMaker.Runtime.SceneSystem.SceneResourceMap>>:Invoke (UnityEngine.ResourceManagement.AsyncOperations.AsyncOperationHandle`1<OneStarMaker.Runtime.SceneSystem.SceneResourceMap>) (at ./Library/PackageCache/com.unity.addressables@42676f2a154e/Runtime/ResourceManager/Util/DelegateList.cs:75)
UnityEngine.ResourceManagement.AsyncOperations.AsyncOperationBase`1<OneStarMaker.Runtime.SceneSystem.SceneResourceMap>:InvokeCompletionEvent () (at ./Library/PackageCache/com.unity.addressables@42676f2a154e/Runtime/ResourceManager/AsyncOperations/AsyncOperationBase.cs:391)
UnityEngine.ResourceManagement.AsyncOperations.AsyncOperationBase`1<OneStarMaker.Runtime.SceneSystem.SceneResourceMap>:Complete (OneStarMaker.Runtime.SceneSystem.SceneResourceMap,bool,System.Exception,bool) (at ./Library/PackageCache/com.unity.addressables@42676f2a154e/Runtime/ResourceManager/AsyncOperations/AsyncOperationBase.cs:494)
UnityEngine.ResourceManagement.AsyncOperations.ProviderOperation`1<OneStarMaker.Runtime.SceneSystem.SceneResourceMap>:ProviderCompleted<object> (object,bool,System.Exception) (at ./Library/PackageCache/com.unity.addressables@42676f2a154e/Runtime/ResourceManager/AsyncOperations/ProviderOperation.cs:189)
UnityEngine.ResourceManagement.ResourceProviders.ProvideHandle:Complete<object> (object,bool,System.Exception) (at ./Library/PackageCache/com.unity.addressables@42676f2a154e/Runtime/ResourceManager/ResourceProviders/IResourceProvider.cs:146)
UnityEngine.ResourceManagement.ResourceProviders.AssetDatabaseProvider/InternalOp:LoadImmediate () (at ./Library/PackageCache/com.unity.addressables@42676f2a154e/Runtime/ResourceManager/ResourceProviders/AssetDatabaseProvider.cs:130)
System.Reflection.RuntimeMethodInfo:Invoke (object,System.Reflection.BindingFlags,System.Reflection.Binder,object[],System.Globalization.CultureInfo)
System.Reflection.MethodBase:Invoke (object,object[])
System.Delegate:DynamicInvokeImpl (object[])
System.MulticastDelegate:DynamicInvokeImpl (object[])
System.Delegate:DynamicInvoke (object[])
UnityEngine.ResourceManagement.Util.DelayedActionManager/DelegateInfo:Invoke () (at ./Library/PackageCache/com.unity.addressables@42676f2a154e/Runtime/ResourceManager/Util/DelayedActionManager.cs:55)
UnityEngine.ResourceManagement.Util.DelayedActionManager:InternalLateUpdate (single) (at ./Library/PackageCache/com.unity.addressables@42676f2a154e/Runtime/ResourceManager/Util/DelayedActionManager.cs:192)
UnityEngine.ResourceManagement.Util.DelayedActionManager:LateUpdate () (at ./Library/PackageCache/com.unity.addressables@42676f2a154e/Runtime/ResourceManager/Util/DelayedActionManager.cs:171)

(Filename: Assets/OneStarMaker/Scripts/Runtime/Bootstrap/AbstractApplicationInitializer.cs Line: 676)

[DebugSocket] Starting outbound client transport. endpoint=ws://127.0.0.1:5011/debugsocket/
UnityEngine.Debug:ExtractStackTraceNoAlloc (byte*,int,string)
UnityEngine.StackTraceUtility:ExtractStackTrace ()
UnityEngine.DebugLogHandler:Internal_Log (UnityEngine.LogType,UnityEngine.LogOption,string,UnityEngine.Object)
UnityEngine.DebugLogHandler:LogFormat (UnityEngine.LogType,UnityEngine.Object,string,object[])
UnityEngine.Logger:Log (UnityEngine.LogType,object)
UnityEngine.Debug:Log (object)
OneStarMaker.Runtime.DebugSocketServices.DebugSocketTransportHost:StartOutbound (System.Threading.CancellationToken) (at Assets/OneStarMaker/Scripts/Runtime/DebugSocketServices/Transport/DebugSocketTransportHost.cs:51)
OneStarMaker.Runtime.DebugSocketServices.DebugSocketService:StartAsync (System.Threading.CancellationToken) (at Assets/OneStarMaker/Scripts/Runtime/DebugSocketServices/DebugSocketService.cs:238)
OneStarMaker.Runtime.AbstractApplicationInitializer/<StartFrameworkServicesAsync>d__39:MoveNext () (at Assets/OneStarMaker/Scripts/Runtime/Bootstrap/AbstractApplicationInitializer.cs:678)
Cysharp.Threading.Tasks.CompilerServices.AsyncUniTaskMethodBuilder:Start<OneStarMaker.Runtime.AbstractApplicationInitializer/<StartFrameworkServicesAsync>d__39> (OneStarMaker.Runtime.AbstractApplicationInitializer/<StartFrameworkServicesAsync>d__39&) (at ./Library/PackageCache/com.cysharp.unitask@360e370345b9/Runtime/CompilerServices/AsyncUniTaskMethodBuilder.cs:111)
OneStarMaker.Runtime.AbstractApplicationInitializer:StartFrameworkServicesAsync (System.Threading.CancellationToken)
OneStarMaker.Runtime.AbstractApplicationInitializer/<InitializeAfterSceneLoad>d__28:MoveNext () (at Assets/OneStarMaker/Scripts/Runtime/Bootstrap/AbstractApplicationInitializer.cs:263)
Cysharp.Threading.Tasks.CompilerServices.AsyncUniTaskVoid`1<OneStarMaker.Runtime.AbstractApplicationInitializer/<InitializeAfterSceneLoad>d__28>:Run () (at ./Library/PackageCache/com.cysharp.unitask@360e370345b9/Runtime/CompilerServices/StateMachineRunner.cs:104)
Cysharp.Threading.Tasks.AwaiterActions:Continuation (object) (at ./Library/PackageCache/com.cysharp.unitask@360e370345b9/Runtime/UniTask.cs:25)
Cysharp.Threading.Tasks.UniTaskCompletionSourceCore`1<OneStarMaker.Runtime.SceneSystem.SceneResourceMap>:TrySetResult (OneStarMaker.Runtime.SceneSystem.SceneResourceMap) (at ./Library/PackageCache/com.cysharp.unitask@360e370345b9/Runtime/UniTaskCompletionSource.cs:139)
Cysharp.Threading.Tasks.CompilerServices.AsyncUniTask`2<OneStarMaker.Runtime.AbstractApplicationInitializer/<LoadSceneResourceMapAsync>d__31, OneStarMaker.Runtime.SceneSystem.SceneResourceMap>:SetResult (OneStarMaker.Runtime.SceneSystem.SceneResourceMap) (at ./Library/PackageCache/com.cysharp.unitask@360e370345b9/Runtime/CompilerServices/StateMachineRunner.cs:328)
Cysharp.Threading.Tasks.CompilerServices.AsyncUniTaskMethodBuilder`1<OneStarMaker.Runtime.SceneSystem.SceneResourceMap>:SetResult (OneStarMaker.Runtime.SceneSystem.SceneResourceMap) (at ./Library/PackageCache/com.cysharp.unitask@360e370345b9/Runtime/CompilerServices/AsyncUniTaskMethodBuilder.cs:201)
OneStarMaker.Runtime.AbstractApplicationInitializer/<LoadSceneResourceMapAsync>d__31:MoveNext () (at Assets/OneStarMaker/Scripts/Runtime/Bootstrap/AbstractApplicationInitializer.cs:460)
Cysharp.Threading.Tasks.CompilerServices.AsyncUniTask`2<OneStarMaker.Runtime.AbstractApplicationInitializer/<LoadSceneResourceMapAsync>d__31, OneStarMaker.Runtime.SceneSystem.SceneResourceMap>:Run () (at ./Library/PackageCache/com.cysharp.unitask@360e370345b9/Runtime/CompilerServices/StateMachineRunner.cs:313)
Cysharp.Threading.Tasks.AwaiterActions:Continuation (object) (at ./Library/PackageCache/com.cysharp.unitask@360e370345b9/Runtime/UniTask.cs:25)
Cysharp.Threading.Tasks.UniTaskCompletionSourceCore`1<OneStarMaker.Runtime.AssetManagement.IAssetHandle`1<OneStarMaker.Runtime.SceneSystem.SceneResourceMap>>:TrySetResult (OneStarMaker.Runtime.AssetManagement.IAssetHandle`1<OneStarMaker.Runtime.SceneSystem.SceneResourceMap>) (at ./Library/PackageCache/com.cysharp.unitask@360e370345b9/Runtime/UniTaskCompletionSource.cs:139)
Cysharp.Threading.Tasks.CompilerServices.AsyncUniTask`2<OneStarMaker.Runtime.AssetManagement.AssetManagement/<LoadAssetAsync>d__19`1<OneStarMaker.Runtime.SceneSystem.SceneResourceMap>, OneStarMaker.Runtime.AssetManagement.IAssetHandle`1<OneStarMaker.Runtime.SceneSystem.SceneResourceMap>>:SetResult (OneStarMaker.Runtime.AssetManagement.IAssetHandle`1<OneStarMaker.Runtime.SceneSystem.SceneResourceMap>) (at ./Library/PackageCache/com.cysharp.unitask@360e370345b9/Runtime/CompilerServices/StateMachineRunner.cs:328)
Cysharp.Threading.Tasks.CompilerServices.AsyncUniTaskMethodBuilder`1<OneStarMaker.Runtime.AssetManagement.IAssetHandle`1<OneStarMaker.Runtime.SceneSystem.SceneResourceMap>>:SetResult (OneStarMaker.Runtime.AssetManagement.IAssetHandle`1<OneStarMaker.Runtime.SceneSystem.SceneResourceMap>) (at ./Library/PackageCache/com.cysharp.unitask@360e370345b9/Runtime/CompilerServices/AsyncUniTaskMethodBuilder.cs:201)
OneStarMaker.Runtime.AssetManagement.AssetManagement/<LoadAssetAsync>d__19`1<OneStarMaker.Runtime.SceneSystem.SceneResourceMap>:MoveNext () (at Assets/OneStarMaker/Scripts/Runtime/AssetManagement/AssetManagement.cs:74)
Cysharp.Threading.Tasks.CompilerServices.AsyncUniTask`2<OneStarMaker.Runtime.AssetManagement.AssetManagement/<LoadAssetAsync>d__19`1<OneStarMaker.Runtime.SceneSystem.SceneResourceMap>, OneStarMaker.Runtime.AssetManagement.IAssetHandle`1<OneStarMaker.Runtime.SceneSystem.SceneResourceMap>>:Run () (at ./Library/PackageCache/com.cysharp.unitask@360e370345b9/Runtime/CompilerServices/StateMachineRunner.cs:313)
Cysharp.Threading.Tasks.AwaiterActions:Continuation (object) (at ./Library/PackageCache/com.cysharp.unitask@360e370345b9/Runtime/UniTask.cs:25)
Cysharp.Threading.Tasks.UniTaskCompletionSourceCore`1<OneStarMaker.Runtime.AssetManagement.Internal.IBackendAsset>:TrySetResult (OneStarMaker.Runtime.AssetManagement.Internal.IBackendAsset) (at ./Library/PackageCache/com.cysharp.unitask@360e370345b9/Runtime/UniTaskCompletionSource.cs:139)
Cysharp.Threading.Tasks.CompilerServices.AsyncUniTask`2<OneStarMaker.Runtime.AssetManagement.AssetManagement/<LoadBackendAssetDedup>d__37`1<OneStarMaker.Runtime.SceneSystem.SceneResourceMap>, OneStarMaker.Runtime.AssetManagement.Internal.IBackendAsset>:SetResult (OneStarMaker.Runtime.AssetManagement.Internal.IBackendAsset) (at ./Library/PackageCache/com.cysharp.unitask@360e370345b9/Runtime/CompilerServices/StateMachineRunner.cs:328)
Cysharp.Threading.Tasks.CompilerServices.AsyncUniTaskMethodBuilder`1<OneStarMaker.Runtime.AssetManagement.Internal.IBackendAsset>:SetResult (OneStarMaker.Runtime.AssetManagement.Internal.IBackendAsset) (at ./Library/PackageCache/com.cysharp.unitask@360e370345b9/Runtime/CompilerServices/AsyncUniTaskMethodBuilder.cs:201)
OneStarMaker.Runtime.AssetManagement.AssetManagement/<LoadBackendAssetDedup>d__37`1<OneStarMaker.Runtime.SceneSystem.SceneResourceMap>:MoveNext () (at Assets/OneStarMaker/Scripts/Runtime/AssetManagement/AssetManagement.cs:344)
Cysharp.Threading.Tasks.CompilerServices.AsyncUniTask`2<OneStarMaker.Runtime.AssetManagement.AssetManagement/<LoadBackendAssetDedup>d__37`1<OneStarMaker.Runtime.SceneSystem.SceneResourceMap>, OneStarMaker.Runtime.AssetManagement.Internal.IBackendAsset>:Run () (at ./Library/PackageCache/com.cysharp.unitask@360e370345b9/Runtime/CompilerServices/StateMachineRunner.cs:313)
Cysharp.Threading.Tasks.AwaiterActions:Continuation (object) (at ./Library/PackageCache/com.cysharp.unitask@360e370345b9/Runtime/UniTask.cs:25)
Cysharp.Threading.Tasks.UniTaskCompletionSourceCore`1<OneStarMaker.Runtime.AssetManagement.Internal.IBackendAsset>:TrySetResult (OneStarMaker.Runtime.AssetManagement.Internal.IBackendAsset) (at ./Library/PackageCache/com.cysharp.unitask@360e370345b9/Runtime/UniTaskCompletionSource.cs:139)
Cysharp.Threading.Tasks.CompilerServices.AsyncUniTask`2<OneStarMaker.Runtime.AssetManagement.Internal.AddressableBackend/<LoadAssetAsync>d__0`1<OneStarMaker.Runtime.SceneSystem.SceneResourceMap>, OneStarMaker.Runtime.AssetManagement.Internal.IBackendAsset>:SetResult (OneStarMaker.Runtime.AssetManagement.Internal.IBackendAsset) (at ./Library/PackageCache/com.cysharp.unitask@360e370345b9/Runtime/CompilerServices/StateMachineRunner.cs:328)
Cysharp.Threading.Tasks.CompilerServices.AsyncUniTaskMethodBuilder`1<OneStarMaker.Runtime.AssetManagement.Internal.IBackendAsset>:SetResult (OneStarMaker.Runtime.AssetManagement.Internal.IBackendAsset) (at ./Library/PackageCache/com.cysharp.unitask@360e370345b9/Runtime/CompilerServices/AsyncUniTaskMethodBuilder.cs:201)
OneStarMaker.Runtime.AssetManagement.Internal.AddressableBackend/<LoadAssetAsync>d__0`1<OneStarMaker.Runtime.SceneSystem.SceneResourceMap>:MoveNext () (at Assets/OneStarMaker/Scripts/Runtime/AssetManagement/Internal/AddressableBackend.cs:26)
Cysharp.Threading.Tasks.CompilerServices.AsyncUniTask`2<OneStarMaker.Runtime.AssetManagement.Internal.AddressableBackend/<LoadAssetAsync>d__0`1<OneStarMaker.Runtime.SceneSystem.SceneResourceMap>, OneStarMaker.Runtime.AssetManagement.Internal.IBackendAsset>:Run () (at ./Library/PackageCache/com.cysharp.unitask@360e370345b9/Runtime/CompilerServices/StateMachineRunner.cs:313)
Cysharp.Threading.Tasks.AwaiterActions:Continuation (object) (at ./Library/PackageCache/com.cysharp.unitask@360e370345b9/Runtime/UniTask.cs:25)
Cysharp.Threading.Tasks.UniTaskCompletionSourceCore`1<Cysharp.Threading.Tasks.AsyncUnit>:TrySetResult (Cysharp.Threading.Tasks.AsyncUnit) (at ./Library/PackageCache/com.cysharp.unitask@360e370345b9/Runtime/UniTaskCompletionSource.cs:139)
Cysharp.Threading.Tasks.CompilerServices.AsyncUniTask`1<OneStarMaker.Runtime.AssetManagement.Internal.AddressableBackend/<AwaitHandle>d__6`1<OneStarMaker.Runtime.SceneSystem.SceneResourceMap>>:SetResult () (at ./Library/PackageCache/com.cysharp.unitask@360e370345b9/Runtime/CompilerServices/StateMachineRunner.cs:204)
Cysharp.Threading.Tasks.CompilerServices.AsyncUniTaskMethodBuilder:SetResult () (at ./Library/PackageCache/com.cysharp.unitask@360e370345b9/Runtime/CompilerServices/AsyncUniTaskMethodBuilder.cs:70)
OneStarMaker.Runtime.AssetManagement.Internal.AddressableBackend/<AwaitHandle>d__6`1<OneStarMaker.Runtime.SceneSystem.SceneResourceMap>:MoveNext () (at Assets/OneStarMaker/Scripts/Runtime/AssetManagement/Internal/AddressableBackend.cs:105)
Cysharp.Threading.Tasks.CompilerServices.AsyncUniTask`1<OneStarMaker.Runtime.AssetManagement.Internal.AddressableBackend/<AwaitHandle>d__6`1<OneStarMaker.Runtime.SceneSystem.SceneResourceMap>>:Run () (at ./Library/PackageCache/com.cysharp.unitask@360e370345b9/Runtime/CompilerServices/StateMachineRunner.cs:189)
Cysharp.Threading.Tasks.AwaiterActions:Continuation (object) (at ./Library/PackageCache/com.cysharp.unitask@360e370345b9/Runtime/UniTask.cs:25)
Cysharp.Threading.Tasks.UniTaskCompletionSourceCore`1<OneStarMaker.Runtime.SceneSystem.SceneResourceMap>:TrySetResult (OneStarMaker.Runtime.SceneSystem.SceneResourceMap) (at ./Library/PackageCache/com.cysharp.unitask@360e370345b9/Runtime/UniTaskCompletionSource.cs:139)
Cysharp.Threading.Tasks.AddressablesAsyncExtensions/AsyncOperationHandleConfiguredSource`1<OneStarMaker.Runtime.SceneSystem.SceneResourceMap>:HandleCompleted (UnityEngine.ResourceManagement.AsyncOperations.AsyncOperationHandle`1<OneStarMaker.Runtime.SceneSystem.SceneResourceMap>) (at ./Library/PackageCache/com.cysharp.unitask@360e370345b9/Runtime/External/Addressables/AddressablesAsyncExtensions.cs:398)
DelegateList`1<UnityEngine.ResourceManagement.AsyncOperations.AsyncOperationHandle`1<OneStarMaker.Runtime.SceneSystem.SceneResourceMap>>:Invoke (UnityEngine.ResourceManagement.AsyncOperations.AsyncOperationHandle`1<OneStarMaker.Runtime.SceneSystem.SceneResourceMap>) (at ./Library/PackageCache/com.unity.addressables@42676f2a154e/Runtime/ResourceManager/Util/DelegateList.cs:75)
UnityEngine.ResourceManagement.AsyncOperations.AsyncOperationBase`1<OneStarMaker.Runtime.SceneSystem.SceneResourceMap>:InvokeCompletionEvent () (at ./Library/PackageCache/com.unity.addressables@42676f2a154e/Runtime/ResourceManager/AsyncOperations/AsyncOperationBase.cs:391)
UnityEngine.ResourceManagement.AsyncOperations.AsyncOperationBase`1<OneStarMaker.Runtime.SceneSystem.SceneResourceMap>:Complete (OneStarMaker.Runtime.SceneSystem.SceneResourceMap,bool,System.Exception,bool) (at ./Library/PackageCache/com.unity.addressables@42676f2a154e/Runtime/ResourceManager/AsyncOperations/AsyncOperationBase.cs:494)
UnityEngine.ResourceManagement.AsyncOperations.ProviderOperation`1<OneStarMaker.Runtime.SceneSystem.SceneResourceMap>:ProviderCompleted<object> (object,bool,System.Exception) (at ./Library/PackageCache/com.unity.addressables@42676f2a154e/Runtime/ResourceManager/AsyncOperations/ProviderOperation.cs:189)
UnityEngine.ResourceManagement.ResourceProviders.ProvideHandle:Complete<object> (object,bool,System.Exception) (at ./Library/PackageCache/com.unity.addressables@42676f2a154e/Runtime/ResourceManager/ResourceProviders/IResourceProvider.cs:146)
UnityEngine.ResourceManagement.ResourceProviders.AssetDatabaseProvider/InternalOp:LoadImmediate () (at ./Library/PackageCache/com.unity.addressables@42676f2a154e/Runtime/ResourceManager/ResourceProviders/AssetDatabaseProvider.cs:130)
System.Reflection.RuntimeMethodInfo:Invoke (object,System.Reflection.BindingFlags,System.Reflection.Binder,object[],System.Globalization.CultureInfo)
System.Reflection.MethodBase:Invoke (object,object[])
System.Delegate:DynamicInvokeImpl (object[])
System.MulticastDelegate:DynamicInvokeImpl (object[])
System.Delegate:DynamicInvoke (object[])
UnityEngine.ResourceManagement.Util.DelayedActionManager/DelegateInfo:Invoke () (at ./Library/PackageCache/com.unity.addressables@42676f2a154e/Runtime/ResourceManager/Util/DelayedActionManager.cs:55)
UnityEngine.ResourceManagement.Util.DelayedActionManager:InternalLateUpdate (single) (at ./Library/PackageCache/com.unity.addressables@42676f2a154e/Runtime/ResourceManager/Util/DelayedActionManager.cs:192)
UnityEngine.ResourceManagement.Util.DelayedActionManager:LateUpdate () (at ./Library/PackageCache/com.unity.addressables@42676f2a154e/Runtime/ResourceManager/Util/DelayedActionManager.cs:171)

(Filename: Assets/OneStarMaker/Scripts/Runtime/DebugSocketServices/Transport/DebugSocketTransportHost.cs Line: 51)

[DebugSocket] Connecting to DebugStudio server. endpoint=ws://127.0.0.1:5011/debugsocket/
UnityEngine.Debug:ExtractStackTraceNoAlloc (byte*,int,string)
UnityEngine.StackTraceUtility:ExtractStackTrace ()
UnityEngine.DebugLogHandler:Internal_Log (UnityEngine.LogType,UnityEngine.LogOption,string,UnityEngine.Object)
UnityEngine.DebugLogHandler:LogFormat (UnityEngine.LogType,UnityEngine.Object,string,object[])
UnityEngine.Logger:Log (UnityEngine.LogType,object)
UnityEngine.Debug:Log (object)
OneStarMaker.Runtime.DebugSocketServices.DebugSocketTransportHost/<ConnectLoopAsync>d__15:MoveNext () (at Assets/OneStarMaker/Scripts/Runtime/DebugSocketServices/Transport/DebugSocketTransportHost.cs:148)
Cysharp.Threading.Tasks.CompilerServices.AsyncUniTaskMethodBuilder:Start<OneStarMaker.Runtime.DebugSocketServices.DebugSocketTransportHost/<ConnectLoopAsync>d__15> (OneStarMaker.Runtime.DebugSocketServices.DebugSocketTransportHost/<ConnectLoopAsync>d__15&) (at ./Library/PackageCache/com.cysharp.unitask@360e370345b9/Runtime/CompilerServices/AsyncUniTaskMethodBuilder.cs:111)
OneStarMaker.Runtime.DebugSocketServices.DebugSocketTransportHost:ConnectLoopAsync (System.Uri,System.Threading.CancellationToken)
OneStarMaker.Runtime.DebugSocketServices.DebugSocketTransportHost:StartOutbound (System.Threading.CancellationToken) (at Assets/OneStarMaker/Scripts/Runtime/DebugSocketServices/Transport/DebugSocketTransportHost.cs:52)
OneStarMaker.Runtime.DebugSocketServices.DebugSocketService:StartAsync (System.Threading.CancellationToken) (at Assets/OneStarMaker/Scripts/Runtime/DebugSocketServices/DebugSocketService.cs:238)
OneStarMaker.Runtime.AbstractApplicationInitializer/<StartFrameworkServicesAsync>d__39:MoveNext () (at Assets/OneStarMaker/Scripts/Runtime/Bootstrap/AbstractApplicationInitializer.cs:678)
Cysharp.Threading.Tasks.CompilerServices.AsyncUniTaskMethodBuilder:Start<OneStarMaker.Runtime.AbstractApplicationInitializer/<StartFrameworkServicesAsync>d__39> (OneStarMaker.Runtime.AbstractApplicationInitializer/<StartFrameworkServicesAsync>d__39&) (at ./Library/PackageCache/com.cysharp.unitask@360e370345b9/Runtime/CompilerServices/AsyncUniTaskMethodBuilder.cs:111)
OneStarMaker.Runtime.AbstractApplicationInitializer:StartFrameworkServicesAsync (System.Threading.CancellationToken)
OneStarMaker.Runtime.AbstractApplicationInitializer/<InitializeAfterSceneLoad>d__28:MoveNext () (at Assets/OneStarMaker/Scripts/Runtime/Bootstrap/AbstractApplicationInitializer.cs:263)
Cysharp.Threading.Tasks.CompilerServices.AsyncUniTaskVoid`1<OneStarMaker.Runtime.AbstractApplicationInitializer/<InitializeAfterSceneLoad>d__28>:Run () (at ./Library/PackageCache/com.cysharp.unitask@360e370345b9/Runtime/CompilerServices/StateMachineRunner.cs:104)
Cysharp.Threading.Tasks.AwaiterActions:Continuation (object) (at ./Library/PackageCache/com.cysharp.unitask@360e370345b9/Runtime/UniTask.cs:25)
Cysharp.Threading.Tasks.UniTaskCompletionSourceCore`1<OneStarMaker.Runtime.SceneSystem.SceneResourceMap>:TrySetResult (OneStarMaker.Runtime.SceneSystem.SceneResourceMap) (at ./Library/PackageCache/com.cysharp.unitask@360e370345b9/Runtime/UniTaskCompletionSource.cs:139)
Cysharp.Threading.Tasks.CompilerServices.AsyncUniTask`2<OneStarMaker.Runtime.AbstractApplicationInitializer/<LoadSceneResourceMapAsync>d__31, OneStarMaker.Runtime.SceneSystem.SceneResourceMap>:SetResult (OneStarMaker.Runtime.SceneSystem.SceneResourceMap) (at ./Library/PackageCache/com.cysharp.unitask@360e370345b9/Runtime/CompilerServices/StateMachineRunner.cs:328)
Cysharp.Threading.Tasks.CompilerServices.AsyncUniTaskMethodBuilder`1<OneStarMaker.Runtime.SceneSystem.SceneResourceMap>:SetResult (OneStarMaker.Runtime.SceneSystem.SceneResourceMap) (at ./Library/PackageCache/com.cysharp.unitask@360e370345b9/Runtime/CompilerServices/AsyncUniTaskMethodBuilder.cs:201)
OneStarMaker.Runtime.AbstractApplicationInitializer/<LoadSceneResourceMapAsync>d__31:MoveNext () (at Assets/OneStarMaker/Scripts/Runtime/Bootstrap/AbstractApplicationInitializer.cs:460)
Cysharp.Threading.Tasks.CompilerServices.AsyncUniTask`2<OneStarMaker.Runtime.AbstractApplicationInitializer/<LoadSceneResourceMapAsync>d__31, OneStarMaker.Runtime.SceneSystem.SceneResourceMap>:Run () (at ./Library/PackageCache/com.cysharp.unitask@360e370345b9/Runtime/CompilerServices/StateMachineRunner.cs:313)
Cysharp.Threading.Tasks.AwaiterActions:Continuation (object) (at ./Library/PackageCache/com.cysharp.unitask@360e370345b9/Runtime/UniTask.cs:25)
Cysharp.Threading.Tasks.UniTaskCompletionSourceCore`1<OneStarMaker.Runtime.AssetManagement.IAssetHandle`1<OneStarMaker.Runtime.SceneSystem.SceneResourceMap>>:TrySetResult (OneStarMaker.Runtime.AssetManagement.IAssetHandle`1<OneStarMaker.Runtime.SceneSystem.SceneResourceMap>) (at ./Library/PackageCache/com.cysharp.unitask@360e370345b9/Runtime/UniTaskCompletionSource.cs:139)
Cysharp.Threading.Tasks.CompilerServices.AsyncUniTask`2<OneStarMaker.Runtime.AssetManagement.AssetManagement/<LoadAssetAsync>d__19`1<OneStarMaker.Runtime.SceneSystem.SceneResourceMap>, OneStarMaker.Runtime.AssetManagement.IAssetHandle`1<OneStarMaker.Runtime.SceneSystem.SceneResourceMap>>:SetResult (OneStarMaker.Runtime.AssetManagement.IAssetHandle`1<OneStarMaker.Runtime.SceneSystem.SceneResourceMap>) (at ./Library/PackageCache/com.cysharp.unitask@360e370345b9/Runtime/CompilerServices/StateMachineRunner.cs:328)
Cysharp.Threading.Tasks.CompilerServices.AsyncUniTaskMethodBuilder`1<OneStarMaker.Runtime.AssetManagement.IAssetHandle`1<OneStarMaker.Runtime.SceneSystem.SceneResourceMap>>:SetResult (OneStarMaker.Runtime.AssetManagement.IAssetHandle`1<OneStarMaker.Runtime.SceneSystem.SceneResourceMap>) (at ./Library/PackageCache/com.cysharp.unitask@360e370345b9/Runtime/CompilerServices/AsyncUniTaskMethodBuilder.cs:201)
OneStarMaker.Runtime.AssetManagement.AssetManagement/<LoadAssetAsync>d__19`1<OneStarMaker.Runtime.SceneSystem.SceneResourceMap>:MoveNext () (at Assets/OneStarMaker/Scripts/Runtime/AssetManagement/AssetManagement.cs:74)
Cysharp.Threading.Tasks.CompilerServices.AsyncUniTask`2<OneStarMaker.Runtime.AssetManagement.AssetManagement/<LoadAssetAsync>d__19`1<OneStarMaker.Runtime.SceneSystem.SceneResourceMap>, OneStarMaker.Runtime.AssetManagement.IAssetHandle`1<OneStarMaker.Runtime.SceneSystem.SceneResourceMap>>:Run () (at ./Library/PackageCache/com.cysharp.unitask@360e370345b9/Runtime/CompilerServices/StateMachineRunner.cs:313)
Cysharp.Threading.Tasks.AwaiterActions:Continuation (object) (at ./Library/PackageCache/com.cysharp.unitask@360e370345b9/Runtime/UniTask.cs:25)
Cysharp.Threading.Tasks.UniTaskCompletionSourceCore`1<OneStarMaker.Runtime.AssetManagement.Internal.IBackendAsset>:TrySetResult (OneStarMaker.Runtime.AssetManagement.Internal.IBackendAsset) (at ./Library/PackageCache/com.cysharp.unitask@360e370345b9/Runtime/UniTaskCompletionSource.cs:139)
Cysharp.Threading.Tasks.CompilerServices.AsyncUniTask`2<OneStarMaker.Runtime.AssetManagement.AssetManagement/<LoadBackendAssetDedup>d__37`1<OneStarMaker.Runtime.SceneSystem.SceneResourceMap>, OneStarMaker.Runtime.AssetManagement.Internal.IBackendAsset>:SetResult (OneStarMaker.Runtime.AssetManagement.Internal.IBackendAsset) (at ./Library/PackageCache/com.cysharp.unitask@360e370345b9/Runtime/CompilerServices/StateMachineRunner.cs:328)
Cysharp.Threading.Tasks.CompilerServices.AsyncUniTaskMethodBuilder`1<OneStarMaker.Runtime.AssetManagement.Internal.IBackendAsset>:SetResult (OneStarMaker.Runtime.AssetManagement.Internal.IBackendAsset) (at ./Library/PackageCache/com.cysharp.unitask@360e370345b9/Runtime/CompilerServices/AsyncUniTaskMethodBuilder.cs:201)
OneStarMaker.Runtime.AssetManagement.AssetManagement/<LoadBackendAssetDedup>d__37`1<OneStarMaker.Runtime.SceneSystem.SceneResourceMap>:MoveNext () (at Assets/OneStarMaker/Scripts/Runtime/AssetManagement/AssetManagement.cs:344)
Cysharp.Threading.Tasks.CompilerServices.AsyncUniTask`2<OneStarMaker.Runtime.AssetManagement.AssetManagement/<LoadBackendAssetDedup>d__37`1<OneStarMaker.Runtime.SceneSystem.SceneResourceMap>, OneStarMaker.Runtime.AssetManagement.Internal.IBackendAsset>:Run () (at ./Library/PackageCache/com.cysharp.unitask@360e370345b9/Runtime/CompilerServices/StateMachineRunner.cs:313)
Cysharp.Threading.Tasks.AwaiterActions:Continuation (object) (at ./Library/PackageCache/com.cysharp.unitask@360e370345b9/Runtime/UniTask.cs:25)
Cysharp.Threading.Tasks.UniTaskCompletionSourceCore`1<OneStarMaker.Runtime.AssetManagement.Internal.IBackendAsset>:TrySetResult (OneStarMaker.Runtime.AssetManagement.Internal.IBackendAsset) (at ./Library/PackageCache/com.cysharp.unitask@360e370345b9/Runtime/UniTaskCompletionSource.cs:139)
Cysharp.Threading.Tasks.CompilerServices.AsyncUniTask`2<OneStarMaker.Runtime.AssetManagement.Internal.AddressableBackend/<LoadAssetAsync>d__0`1<OneStarMaker.Runtime.SceneSystem.SceneResourceMap>, OneStarMaker.Runtime.AssetManagement.Internal.IBackendAsset>:SetResult (OneStarMaker.Runtime.AssetManagement.Internal.IBackendAsset) (at ./Library/PackageCache/com.cysharp.unitask@360e370345b9/Runtime/CompilerServices/StateMachineRunner.cs:328)
Cysharp.Threading.Tasks.CompilerServices.AsyncUniTaskMethodBuilder`1<OneStarMaker.Runtime.AssetManagement.Internal.IBackendAsset>:SetResult (OneStarMaker.Runtime.AssetManagement.Internal.IBackendAsset) (at ./Library/PackageCache/com.cysharp.unitask@360e370345b9/Runtime/CompilerServices/AsyncUniTaskMethodBuilder.cs:201)
OneStarMaker.Runtime.AssetManagement.Internal.AddressableBackend/<LoadAssetAsync>d__0`1<OneStarMaker.Runtime.SceneSystem.SceneResourceMap>:MoveNext () (at Assets/OneStarMaker/Scripts/Runtime/AssetManagement/Internal/AddressableBackend.cs:26)
Cysharp.Threading.Tasks.CompilerServices.AsyncUniTask`2<OneStarMaker.Runtime.AssetManagement.Internal.AddressableBackend/<LoadAssetAsync>d__0`1<OneStarMaker.Runtime.SceneSystem.SceneResourceMap>, OneStarMaker.Runtime.AssetManagement.Internal.IBackendAsset>:Run () (at ./Library/PackageCache/com.cysharp.unitask@360e370345b9/Runtime/CompilerServices/StateMachineRunner.cs:313)
Cysharp.Threading.Tasks.AwaiterActions:Continuation (object) (at ./Library/PackageCache/com.cysharp.unitask@360e370345b9/Runtime/UniTask.cs:25)
Cysharp.Threading.Tasks.UniTaskCompletionSourceCore`1<Cysharp.Threading.Tasks.AsyncUnit>:TrySetResult (Cysharp.Threading.Tasks.AsyncUnit) (at ./Library/PackageCache/com.cysharp.unitask@360e370345b9/Runtime/UniTaskCompletionSource.cs:139)
Cysharp.Threading.Tasks.CompilerServices.AsyncUniTask`1<OneStarMaker.Runtime.AssetManagement.Internal.AddressableBackend/<AwaitHandle>d__6`1<OneStarMaker.Runtime.SceneSystem.SceneResourceMap>>:SetResult () (at ./Library/PackageCache/com.cysharp.unitask@360e370345b9/Runtime/CompilerServices/StateMachineRunner.cs:204)
Cysharp.Threading.Tasks.CompilerServices.AsyncUniTaskMethodBuilder:SetResult () (at ./Library/PackageCache/com.cysharp.unitask@360e370345b9/Runtime/CompilerServices/AsyncUniTaskMethodBuilder.cs:70)
OneStarMaker.Runtime.AssetManagement.Internal.AddressableBackend/<AwaitHandle>d__6`1<OneStarMaker.Runtime.SceneSystem.SceneResourceMap>:MoveNext () (at Assets/OneStarMaker/Scripts/Runtime/AssetManagement/Internal/AddressableBackend.cs:105)
Cysharp.Threading.Tasks.CompilerServices.AsyncUniTask`1<OneStarMaker.Runtime.AssetManagement.Internal.AddressableBackend/<AwaitHandle>d__6`1<OneStarMaker.Runtime.SceneSystem.SceneResourceMap>>:Run () (at ./Library/PackageCache/com.cysharp.unitask@360e370345b9/Runtime/CompilerServices/StateMachineRunner.cs:189)
Cysharp.Threading.Tasks.AwaiterActions:Continuation (object) (at ./Library/PackageCache/com.cysharp.unitask@360e370345b9/Runtime/UniTask.cs:25)
Cysharp.Threading.Tasks.UniTaskCompletionSourceCore`1<OneStarMaker.Runtime.SceneSystem.SceneResourceMap>:TrySetResult (OneStarMaker.Runtime.SceneSystem.SceneResourceMap) (at ./Library/PackageCache/com.cysharp.unitask@360e370345b9/Runtime/UniTaskCompletionSource.cs:139)
Cysharp.Threading.Tasks.AddressablesAsyncExtensions/AsyncOperationHandleConfiguredSource`1<OneStarMaker.Runtime.SceneSystem.SceneResourceMap>:HandleCompleted (UnityEngine.ResourceManagement.AsyncOperations.AsyncOperationHandle`1<OneStarMaker.Runtime.SceneSystem.SceneResourceMap>) (at ./Library/PackageCache/com.cysharp.unitask@360e370345b9/Runtime/External/Addressables/AddressablesAsyncExtensions.cs:398)
DelegateList`1<UnityEngine.ResourceManagement.AsyncOperations.AsyncOperationHandle`1<OneStarMaker.Runtime.SceneSystem.SceneResourceMap>>:Invoke (UnityEngine.ResourceManagement.AsyncOperations.AsyncOperationHandle`1<OneStarMaker.Runtime.SceneSystem.SceneResourceMap>) (at ./Library/PackageCache/com.unity.addressables@42676f2a154e/Runtime/ResourceManager/Util/DelegateList.cs:75)
UnityEngine.ResourceManagement.AsyncOperations.AsyncOperationBase`1<OneStarMaker.Runtime.SceneSystem.SceneResourceMap>:InvokeCompletionEvent () (at ./Library/PackageCache/com.unity.addressables@42676f2a154e/Runtime/ResourceManager/AsyncOperations/AsyncOperationBase.cs:391)
UnityEngine.ResourceManagement.AsyncOperations.AsyncOperationBase`1<OneStarMaker.Runtime.SceneSystem.SceneResourceMap>:Complete (OneStarMaker.Runtime.SceneSystem.SceneResourceMap,bool,System.Exception,bool) (at ./Library/PackageCache/com.unity.addressables@42676f2a154e/Runtime/ResourceManager/AsyncOperations/AsyncOperationBase.cs:494)
UnityEngine.ResourceManagement.AsyncOperations.ProviderOperation`1<OneStarMaker.Runtime.SceneSystem.SceneResourceMap>:ProviderCompleted<object> (object,bool,System.Exception) (at ./Library/PackageCache/com.unity.addressables@42676f2a154e/Runtime/ResourceManager/AsyncOperations/ProviderOperation.cs:189)
UnityEngine.ResourceManagement.ResourceProviders.ProvideHandle:Complete<object> (object,bool,System.Exception) (at ./Library/PackageCache/com.unity.addressables@42676f2a154e/Runtime/ResourceManager/ResourceProviders/IResourceProvider.cs:146)
UnityEngine.ResourceManagement.ResourceProviders.AssetDatabaseProvider/InternalOp:LoadImmediate () (at ./Library/PackageCache/com.unity.addressables@42676f2a154e/Runtime/ResourceManager/ResourceProviders/AssetDatabaseProvider.cs:130)
System.Reflection.RuntimeMethodInfo:Invoke (object,System.Reflection.BindingFlags,System.Reflection.Binder,object[],System.Globalization.CultureInfo)
System.Reflection.MethodBase:Invoke (object,object[])
System.Delegate:DynamicInvokeImpl (object[])
System.MulticastDelegate:DynamicInvokeImpl (object[])
System.Delegate:DynamicInvoke (object[])
UnityEngine.ResourceManagement.Util.DelayedActionManager/DelegateInfo:Invoke () (at ./Library/PackageCache/com.unity.addressables@42676f2a154e/Runtime/ResourceManager/Util/DelayedActionManager.cs:55)
UnityEngine.ResourceManagement.Util.DelayedActionManager:InternalLateUpdate (single) (at ./Library/PackageCache/com.unity.addressables@42676f2a154e/Runtime/ResourceManager/Util/DelayedActionManager.cs:192)
UnityEngine.ResourceManagement.Util.DelayedActionManager:LateUpdate () (at ./Library/PackageCache/com.unity.addressables@42676f2a154e/Runtime/ResourceManager/Util/DelayedActionManager.cs:171)

(Filename: Assets/OneStarMaker/Scripts/Runtime/DebugSocketServices/Transport/DebugSocketTransportHost.cs Line: 148)

[AppInit] DebugSocket transport start sequence finished. mode=Connect, isRunning=True.
UnityEngine.Debug:ExtractStackTraceNoAlloc (byte*,int,string)
UnityEngine.StackTraceUtility:ExtractStackTrace ()
UnityEngine.DebugLogHandler:Internal_Log (UnityEngine.LogType,UnityEngine.LogOption,string,UnityEngine.Object)
UnityEngine.DebugLogHandler:LogFormat (UnityEngine.LogType,UnityEngine.Object,string,object[])
UnityEngine.Logger:Log (UnityEngine.LogType,object)
UnityEngine.Debug:Log (object)
OneStarMaker.Runtime.AbstractApplicationInitializer/<StartFrameworkServicesAsync>d__39:MoveNext () (at Assets/OneStarMaker/Scripts/Runtime/Bootstrap/AbstractApplicationInitializer.cs:679)
Cysharp.Threading.Tasks.CompilerServices.AsyncUniTaskMethodBuilder:Start<OneStarMaker.Runtime.AbstractApplicationInitializer/<StartFrameworkServicesAsync>d__39> (OneStarMaker.Runtime.AbstractApplicationInitializer/<StartFrameworkServicesAsync>d__39&) (at ./Library/PackageCache/com.cysharp.unitask@360e370345b9/Runtime/CompilerServices/AsyncUniTaskMethodBuilder.cs:111)
OneStarMaker.Runtime.AbstractApplicationInitializer:StartFrameworkServicesAsync (System.Threading.CancellationToken)
OneStarMaker.Runtime.AbstractApplicationInitializer/<InitializeAfterSceneLoad>d__28:MoveNext () (at Assets/OneStarMaker/Scripts/Runtime/Bootstrap/AbstractApplicationInitializer.cs:263)
Cysharp.Threading.Tasks.CompilerServices.AsyncUniTaskVoid`1<OneStarMaker.Runtime.AbstractApplicationInitializer/<InitializeAfterSceneLoad>d__28>:Run () (at ./Library/PackageCache/com.cysharp.unitask@360e370345b9/Runtime/CompilerServices/StateMachineRunner.cs:104)
Cysharp.Threading.Tasks.AwaiterActions:Continuation (object) (at ./Library/PackageCache/com.cysharp.unitask@360e370345b9/Runtime/UniTask.cs:25)
Cysharp.Threading.Tasks.UniTaskCompletionSourceCore`1<OneStarMaker.Runtime.SceneSystem.SceneResourceMap>:TrySetResult (OneStarMaker.Runtime.SceneSystem.SceneResourceMap) (at ./Library/PackageCache/com.cysharp.unitask@360e370345b9/Runtime/UniTaskCompletionSource.cs:139)
Cysharp.Threading.Tasks.CompilerServices.AsyncUniTask`2<OneStarMaker.Runtime.AbstractApplicationInitializer/<LoadSceneResourceMapAsync>d__31, OneStarMaker.Runtime.SceneSystem.SceneResourceMap>:SetResult (OneStarMaker.Runtime.SceneSystem.SceneResourceMap) (at ./Library/PackageCache/com.cysharp.unitask@360e370345b9/Runtime/CompilerServices/StateMachineRunner.cs:328)
Cysharp.Threading.Tasks.CompilerServices.AsyncUniTaskMethodBuilder`1<OneStarMaker.Runtime.SceneSystem.SceneResourceMap>:SetResult (OneStarMaker.Runtime.SceneSystem.SceneResourceMap) (at ./Library/PackageCache/com.cysharp.unitask@360e370345b9/Runtime/CompilerServices/AsyncUniTaskMethodBuilder.cs:201)
OneStarMaker.Runtime.AbstractApplicationInitializer/<LoadSceneResourceMapAsync>d__31:MoveNext () (at Assets/OneStarMaker/Scripts/Runtime/Bootstrap/AbstractApplicationInitializer.cs:460)
Cysharp.Threading.Tasks.CompilerServices.AsyncUniTask`2<OneStarMaker.Runtime.AbstractApplicationInitializer/<LoadSceneResourceMapAsync>d__31, OneStarMaker.Runtime.SceneSystem.SceneResourceMap>:Run () (at ./Library/PackageCache/com.cysharp.unitask@360e370345b9/Runtime/CompilerServices/StateMachineRunner.cs:313)
Cysharp.Threading.Tasks.AwaiterActions:Continuation (object) (at ./Library/PackageCache/com.cysharp.unitask@360e370345b9/Runtime/UniTask.cs:25)
Cysharp.Threading.Tasks.UniTaskCompletionSourceCore`1<OneStarMaker.Runtime.AssetManagement.IAssetHandle`1<OneStarMaker.Runtime.SceneSystem.SceneResourceMap>>:TrySetResult (OneStarMaker.Runtime.AssetManagement.IAssetHandle`1<OneStarMaker.Runtime.SceneSystem.SceneResourceMap>) (at ./Library/PackageCache/com.cysharp.unitask@360e370345b9/Runtime/UniTaskCompletionSource.cs:139)
Cysharp.Threading.Tasks.CompilerServices.AsyncUniTask`2<OneStarMaker.Runtime.AssetManagement.AssetManagement/<LoadAssetAsync>d__19`1<OneStarMaker.Runtime.SceneSystem.SceneResourceMap>, OneStarMaker.Runtime.AssetManagement.IAssetHandle`1<OneStarMaker.Runtime.SceneSystem.SceneResourceMap>>:SetResult (OneStarMaker.Runtime.AssetManagement.IAssetHandle`1<OneStarMaker.Runtime.SceneSystem.SceneResourceMap>) (at ./Library/PackageCache/com.cysharp.unitask@360e370345b9/Runtime/CompilerServices/StateMachineRunner.cs:328)
Cysharp.Threading.Tasks.CompilerServices.AsyncUniTaskMethodBuilder`1<OneStarMaker.Runtime.AssetManagement.IAssetHandle`1<OneStarMaker.Runtime.SceneSystem.SceneResourceMap>>:SetResult (OneStarMaker.Runtime.AssetManagement.IAssetHandle`1<OneStarMaker.Runtime.SceneSystem.SceneResourceMap>) (at ./Library/PackageCache/com.cysharp.unitask@360e370345b9/Runtime/CompilerServices/AsyncUniTaskMethodBuilder.cs:201)
OneStarMaker.Runtime.AssetManagement.AssetManagement/<LoadAssetAsync>d__19`1<OneStarMaker.Runtime.SceneSystem.SceneResourceMap>:MoveNext () (at Assets/OneStarMaker/Scripts/Runtime/AssetManagement/AssetManagement.cs:74)
Cysharp.Threading.Tasks.CompilerServices.AsyncUniTask`2<OneStarMaker.Runtime.AssetManagement.AssetManagement/<LoadAssetAsync>d__19`1<OneStarMaker.Runtime.SceneSystem.SceneResourceMap>, OneStarMaker.Runtime.AssetManagement.IAssetHandle`1<OneStarMaker.Runtime.SceneSystem.SceneResourceMap>>:Run () (at ./Library/PackageCache/com.cysharp.unitask@360e370345b9/Runtime/CompilerServices/StateMachineRunner.cs:313)
Cysharp.Threading.Tasks.AwaiterActions:Continuation (object) (at ./Library/PackageCache/com.cysharp.unitask@360e370345b9/Runtime/UniTask.cs:25)
Cysharp.Threading.Tasks.UniTaskCompletionSourceCore`1<OneStarMaker.Runtime.AssetManagement.Internal.IBackendAsset>:TrySetResult (OneStarMaker.Runtime.AssetManagement.Internal.IBackendAsset) (at ./Library/PackageCache/com.cysharp.unitask@360e370345b9/Runtime/UniTaskCompletionSource.cs:139)
Cysharp.Threading.Tasks.CompilerServices.AsyncUniTask`2<OneStarMaker.Runtime.AssetManagement.AssetManagement/<LoadBackendAssetDedup>d__37`1<OneStarMaker.Runtime.SceneSystem.SceneResourceMap>, OneStarMaker.Runtime.AssetManagement.Internal.IBackendAsset>:SetResult (OneStarMaker.Runtime.AssetManagement.Internal.IBackendAsset) (at ./Library/PackageCache/com.cysharp.unitask@360e370345b9/Runtime/CompilerServices/StateMachineRunner.cs:328)
Cysharp.Threading.Tasks.CompilerServices.AsyncUniTaskMethodBuilder`1<OneStarMaker.Runtime.AssetManagement.Internal.IBackendAsset>:SetResult (OneStarMaker.Runtime.AssetManagement.Internal.IBackendAsset) (at ./Library/PackageCache/com.cysharp.unitask@360e370345b9/Runtime/CompilerServices/AsyncUniTaskMethodBuilder.cs:201)
OneStarMaker.Runtime.AssetManagement.AssetManagement/<LoadBackendAssetDedup>d__37`1<OneStarMaker.Runtime.SceneSystem.SceneResourceMap>:MoveNext () (at Assets/OneStarMaker/Scripts/Runtime/AssetManagement/AssetManagement.cs:344)
Cysharp.Threading.Tasks.CompilerServices.AsyncUniTask`2<OneStarMaker.Runtime.AssetManagement.AssetManagement/<LoadBackendAssetDedup>d__37`1<OneStarMaker.Runtime.SceneSystem.SceneResourceMap>, OneStarMaker.Runtime.AssetManagement.Internal.IBackendAsset>:Run () (at ./Library/PackageCache/com.cysharp.unitask@360e370345b9/Runtime/CompilerServices/StateMachineRunner.cs:313)
Cysharp.Threading.Tasks.AwaiterActions:Continuation (object) (at ./Library/PackageCache/com.cysharp.unitask@360e370345b9/Runtime/UniTask.cs:25)
Cysharp.Threading.Tasks.UniTaskCompletionSourceCore`1<OneStarMaker.Runtime.AssetManagement.Internal.IBackendAsset>:TrySetResult (OneStarMaker.Runtime.AssetManagement.Internal.IBackendAsset) (at ./Library/PackageCache/com.cysharp.unitask@360e370345b9/Runtime/UniTaskCompletionSource.cs:139)
Cysharp.Threading.Tasks.CompilerServices.AsyncUniTask`2<OneStarMaker.Runtime.AssetManagement.Internal.AddressableBackend/<LoadAssetAsync>d__0`1<OneStarMaker.Runtime.SceneSystem.SceneResourceMap>, OneStarMaker.Runtime.AssetManagement.Internal.IBackendAsset>:SetResult (OneStarMaker.Runtime.AssetManagement.Internal.IBackendAsset) (at ./Library/PackageCache/com.cysharp.unitask@360e370345b9/Runtime/CompilerServices/StateMachineRunner.cs:328)
Cysharp.Threading.Tasks.CompilerServices.AsyncUniTaskMethodBuilder`1<OneStarMaker.Runtime.AssetManagement.Internal.IBackendAsset>:SetResult (OneStarMaker.Runtime.AssetManagement.Internal.IBackendAsset) (at ./Library/PackageCache/com.cysharp.unitask@360e370345b9/Runtime/CompilerServices/AsyncUniTaskMethodBuilder.cs:201)
OneStarMaker.Runtime.AssetManagement.Internal.AddressableBackend/<LoadAssetAsync>d__0`1<OneStarMaker.Runtime.SceneSystem.SceneResourceMap>:MoveNext () (at Assets/OneStarMaker/Scripts/Runtime/AssetManagement/Internal/AddressableBackend.cs:26)
Cysharp.Threading.Tasks.CompilerServices.AsyncUniTask`2<OneStarMaker.Runtime.AssetManagement.Internal.AddressableBackend/<LoadAssetAsync>d__0`1<OneStarMaker.Runtime.SceneSystem.SceneResourceMap>, OneStarMaker.Runtime.AssetManagement.Internal.IBackendAsset>:Run () (at ./Library/PackageCache/com.cysharp.unitask@360e370345b9/Runtime/CompilerServices/StateMachineRunner.cs:313)
Cysharp.Threading.Tasks.AwaiterActions:Continuation (object) (at ./Library/PackageCache/com.cysharp.unitask@360e370345b9/Runtime/UniTask.cs:25)
Cysharp.Threading.Tasks.UniTaskCompletionSourceCore`1<Cysharp.Threading.Tasks.AsyncUnit>:TrySetResult (Cysharp.Threading.Tasks.AsyncUnit) (at ./Library/PackageCache/com.cysharp.unitask@360e370345b9/Runtime/UniTaskCompletionSource.cs:139)
Cysharp.Threading.Tasks.CompilerServices.AsyncUniTask`1<OneStarMaker.Runtime.AssetManagement.Internal.AddressableBackend/<AwaitHandle>d__6`1<OneStarMaker.Runtime.SceneSystem.SceneResourceMap>>:SetResult () (at ./Library/PackageCache/com.cysharp.unitask@360e370345b9/Runtime/CompilerServices/StateMachineRunner.cs:204)
Cysharp.Threading.Tasks.CompilerServices.AsyncUniTaskMethodBuilder:SetResult () (at ./Library/PackageCache/com.cysharp.unitask@360e370345b9/Runtime/CompilerServices/AsyncUniTaskMethodBuilder.cs:70)
OneStarMaker.Runtime.AssetManagement.Internal.AddressableBackend/<AwaitHandle>d__6`1<OneStarMaker.Runtime.SceneSystem.SceneResourceMap>:MoveNext () (at Assets/OneStarMaker/Scripts/Runtime/AssetManagement/Internal/AddressableBackend.cs:105)
Cysharp.Threading.Tasks.CompilerServices.AsyncUniTask`1<OneStarMaker.Runtime.AssetManagement.Internal.AddressableBackend/<AwaitHandle>d__6`1<OneStarMaker.Runtime.SceneSystem.SceneResourceMap>>:Run () (at ./Library/PackageCache/com.cysharp.unitask@360e370345b9/Runtime/CompilerServices/StateMachineRunner.cs:189)
Cysharp.Threading.Tasks.AwaiterActions:Continuation (object) (at ./Library/PackageCache/com.cysharp.unitask@360e370345b9/Runtime/UniTask.cs:25)
Cysharp.Threading.Tasks.UniTaskCompletionSourceCore`1<OneStarMaker.Runtime.SceneSystem.SceneResourceMap>:TrySetResult (OneStarMaker.Runtime.SceneSystem.SceneResourceMap) (at ./Library/PackageCache/com.cysharp.unitask@360e370345b9/Runtime/UniTaskCompletionSource.cs:139)
Cysharp.Threading.Tasks.AddressablesAsyncExtensions/AsyncOperationHandleConfiguredSource`1<OneStarMaker.Runtime.SceneSystem.SceneResourceMap>:HandleCompleted (UnityEngine.ResourceManagement.AsyncOperations.AsyncOperationHandle`1<OneStarMaker.Runtime.SceneSystem.SceneResourceMap>) (at ./Library/PackageCache/com.cysharp.unitask@360e370345b9/Runtime/External/Addressables/AddressablesAsyncExtensions.cs:398)
DelegateList`1<UnityEngine.ResourceManagement.AsyncOperations.AsyncOperationHandle`1<OneStarMaker.Runtime.SceneSystem.SceneResourceMap>>:Invoke (UnityEngine.ResourceManagement.AsyncOperations.AsyncOperationHandle`1<OneStarMaker.Runtime.SceneSystem.SceneResourceMap>) (at ./Library/PackageCache/com.unity.addressables@42676f2a154e/Runtime/ResourceManager/Util/DelegateList.cs:75)
UnityEngine.ResourceManagement.AsyncOperations.AsyncOperationBase`1<OneStarMaker.Runtime.SceneSystem.SceneResourceMap>:InvokeCompletionEvent () (at ./Library/PackageCache/com.unity.addressables@42676f2a154e/Runtime/ResourceManager/AsyncOperations/AsyncOperationBase.cs:391)
UnityEngine.ResourceManagement.AsyncOperations.AsyncOperationBase`1<OneStarMaker.Runtime.SceneSystem.SceneResourceMap>:Complete (OneStarMaker.Runtime.SceneSystem.SceneResourceMap,bool,System.Exception,bool) (at ./Library/PackageCache/com.unity.addressables@42676f2a154e/Runtime/ResourceManager/AsyncOperations/AsyncOperationBase.cs:494)
UnityEngine.ResourceManagement.AsyncOperations.ProviderOperation`1<OneStarMaker.Runtime.SceneSystem.SceneResourceMap>:ProviderCompleted<object> (object,bool,System.Exception) (at ./Library/PackageCache/com.unity.addressables@42676f2a154e/Runtime/ResourceManager/AsyncOperations/ProviderOperation.cs:189)
UnityEngine.ResourceManagement.ResourceProviders.ProvideHandle:Complete<object> (object,bool,System.Exception) (at ./Library/PackageCache/com.unity.addressables@42676f2a154e/Runtime/ResourceManager/ResourceProviders/IResourceProvider.cs:146)
UnityEngine.ResourceManagement.ResourceProviders.AssetDatabaseProvider/InternalOp:LoadImmediate () (at ./Library/PackageCache/com.unity.addressables@42676f2a154e/Runtime/ResourceManager/ResourceProviders/AssetDatabaseProvider.cs:130)
System.Reflection.RuntimeMethodInfo:Invoke (object,System.Reflection.BindingFlags,System.Reflection.Binder,object[],System.Globalization.CultureInfo)
System.Reflection.MethodBase:Invoke (object,object[])
System.Delegate:DynamicInvokeImpl (object[])
System.MulticastDelegate:DynamicInvokeImpl (object[])
System.Delegate:DynamicInvoke (object[])
UnityEngine.ResourceManagement.Util.DelayedActionManager/DelegateInfo:Invoke () (at ./Library/PackageCache/com.unity.addressables@42676f2a154e/Runtime/ResourceManager/Util/DelayedActionManager.cs:55)
UnityEngine.ResourceManagement.Util.DelayedActionManager:InternalLateUpdate (single) (at ./Library/PackageCache/com.unity.addressables@42676f2a154e/Runtime/ResourceManager/Util/DelayedActionManager.cs:192)
UnityEngine.ResourceManagement.Util.DelayedActionManager:LateUpdate () (at ./Library/PackageCache/com.unity.addressables@42676f2a154e/Runtime/ResourceManager/Util/DelayedActionManager.cs:171)

(Filename: Assets/OneStarMaker/Scripts/Runtime/Bootstrap/AbstractApplicationInitializer.cs Line: 679)

[AppInit] SceneResourceMap に未登録のシーンをスキップ: 
UnityEngine.Debug:ExtractStackTraceNoAlloc (byte*,int,string)
UnityEngine.StackTraceUtility:ExtractStackTrace ()
UnityEngine.DebugLogHandler:Internal_Log (UnityEngine.LogType,UnityEngine.LogOption,string,UnityEngine.Object)
UnityEngine.DebugLogHandler:LogFormat (UnityEngine.LogType,UnityEngine.Object,string,object[])
UnityEngine.Logger:Log (UnityEngine.LogType,object)
UnityEngine.Debug:Log (object)
OneStarMaker.Runtime.AbstractApplicationInitializer/<RegisterAlreadyLoadedScenes>d__37:MoveNext () (at Assets/OneStarMaker/Scripts/Runtime/Bootstrap/AbstractApplicationInitializer.cs:637)
Cysharp.Threading.Tasks.CompilerServices.AsyncUniTaskMethodBuilder:Start<OneStarMaker.Runtime.AbstractApplicationInitializer/<RegisterAlreadyLoadedScenes>d__37> (OneStarMaker.Runtime.AbstractApplicationInitializer/<RegisterAlreadyLoadedScenes>d__37&) (at ./Library/PackageCache/com.cysharp.unitask@360e370345b9/Runtime/CompilerServices/AsyncUniTaskMethodBuilder.cs:111)
OneStarMaker.Runtime.AbstractApplicationInitializer:RegisterAlreadyLoadedScenes (System.Threading.CancellationToken)
OneStarMaker.Runtime.AbstractApplicationInitializer/<InitializeAfterSceneLoad>d__28:MoveNext () (at Assets/OneStarMaker/Scripts/Runtime/Bootstrap/AbstractApplicationInitializer.cs:323)
Cysharp.Threading.Tasks.CompilerServices.AsyncUniTaskVoid`1<OneStarMaker.Runtime.AbstractApplicationInitializer/<InitializeAfterSceneLoad>d__28>:Run () (at ./Library/PackageCache/com.cysharp.unitask@360e370345b9/Runtime/CompilerServices/StateMachineRunner.cs:104)
Cysharp.Threading.Tasks.AwaiterActions:Continuation (object) (at ./Library/PackageCache/com.cysharp.unitask@360e370345b9/Runtime/UniTask.cs:25)
Cysharp.Threading.Tasks.UniTaskCompletionSourceCore`1<OneStarMaker.Runtime.SceneSystem.SceneResourceMap>:TrySetResult (OneStarMaker.Runtime.SceneSystem.SceneResourceMap) (at ./Library/PackageCache/com.cysharp.unitask@360e370345b9/Runtime/UniTaskCompletionSource.cs:139)
Cysharp.Threading.Tasks.CompilerServices.AsyncUniTask`2<OneStarMaker.Runtime.AbstractApplicationInitializer/<LoadSceneResourceMapAsync>d__31, OneStarMaker.Runtime.SceneSystem.SceneResourceMap>:SetResult (OneStarMaker.Runtime.SceneSystem.SceneResourceMap) (at ./Library/PackageCache/com.cysharp.unitask@360e370345b9/Runtime/CompilerServices/StateMachineRunner.cs:328)
Cysharp.Threading.Tasks.CompilerServices.AsyncUniTaskMethodBuilder`1<OneStarMaker.Runtime.SceneSystem.SceneResourceMap>:SetResult (OneStarMaker.Runtime.SceneSystem.SceneResourceMap) (at ./Library/PackageCache/com.cysharp.unitask@360e370345b9/Runtime/CompilerServices/AsyncUniTaskMethodBuilder.cs:201)
OneStarMaker.Runtime.AbstractApplicationInitializer/<LoadSceneResourceMapAsync>d__31:MoveNext () (at Assets/OneStarMaker/Scripts/Runtime/Bootstrap/AbstractApplicationInitializer.cs:460)
Cysharp.Threading.Tasks.CompilerServices.AsyncUniTask`2<OneStarMaker.Runtime.AbstractApplicationInitializer/<LoadSceneResourceMapAsync>d__31, OneStarMaker.Runtime.SceneSystem.SceneResourceMap>:Run () (at ./Library/PackageCache/com.cysharp.unitask@360e370345b9/Runtime/CompilerServices/StateMachineRunner.cs:313)
Cysharp.Threading.Tasks.AwaiterActions:Continuation (object) (at ./Library/PackageCache/com.cysharp.unitask@360e370345b9/Runtime/UniTask.cs:25)
Cysharp.Threading.Tasks.UniTaskCompletionSourceCore`1<OneStarMaker.Runtime.AssetManagement.IAssetHandle`1<OneStarMaker.Runtime.SceneSystem.SceneResourceMap>>:TrySetResult (OneStarMaker.Runtime.AssetManagement.IAssetHandle`1<OneStarMaker.Runtime.SceneSystem.SceneResourceMap>) (at ./Library/PackageCache/com.cysharp.unitask@360e370345b9/Runtime/UniTaskCompletionSource.cs:139)
Cysharp.Threading.Tasks.CompilerServices.AsyncUniTask`2<OneStarMaker.Runtime.AssetManagement.AssetManagement/<LoadAssetAsync>d__19`1<OneStarMaker.Runtime.SceneSystem.SceneResourceMap>, OneStarMaker.Runtime.AssetManagement.IAssetHandle`1<OneStarMaker.Runtime.SceneSystem.SceneResourceMap>>:SetResult (OneStarMaker.Runtime.AssetManagement.IAssetHandle`1<OneStarMaker.Runtime.SceneSystem.SceneResourceMap>) (at ./Library/PackageCache/com.cysharp.unitask@360e370345b9/Runtime/CompilerServices/StateMachineRunner.cs:328)
Cysharp.Threading.Tasks.CompilerServices.AsyncUniTaskMethodBuilder`1<OneStarMaker.Runtime.AssetManagement.IAssetHandle`1<OneStarMaker.Runtime.SceneSystem.SceneResourceMap>>:SetResult (OneStarMaker.Runtime.AssetManagement.IAssetHandle`1<OneStarMaker.Runtime.SceneSystem.SceneResourceMap>) (at ./Library/PackageCache/com.cysharp.unitask@360e370345b9/Runtime/CompilerServices/AsyncUniTaskMethodBuilder.cs:201)
OneStarMaker.Runtime.AssetManagement.AssetManagement/<LoadAssetAsync>d__19`1<OneStarMaker.Runtime.SceneSystem.SceneResourceMap>:MoveNext () (at Assets/OneStarMaker/Scripts/Runtime/AssetManagement/AssetManagement.cs:74)
Cysharp.Threading.Tasks.CompilerServices.AsyncUniTask`2<OneStarMaker.Runtime.AssetManagement.AssetManagement/<LoadAssetAsync>d__19`1<OneStarMaker.Runtime.SceneSystem.SceneResourceMap>, OneStarMaker.Runtime.AssetManagement.IAssetHandle`1<OneStarMaker.Runtime.SceneSystem.SceneResourceMap>>:Run () (at ./Library/PackageCache/com.cysharp.unitask@360e370345b9/Runtime/CompilerServices/StateMachineRunner.cs:313)
Cysharp.Threading.Tasks.AwaiterActions:Continuation (object) (at ./Library/PackageCache/com.cysharp.unitask@360e370345b9/Runtime/UniTask.cs:25)
Cysharp.Threading.Tasks.UniTaskCompletionSourceCore`1<OneStarMaker.Runtime.AssetManagement.Internal.IBackendAsset>:TrySetResult (OneStarMaker.Runtime.AssetManagement.Internal.IBackendAsset) (at ./Library/PackageCache/com.cysharp.unitask@360e370345b9/Runtime/UniTaskCompletionSource.cs:139)
Cysharp.Threading.Tasks.CompilerServices.AsyncUniTask`2<OneStarMaker.Runtime.AssetManagement.AssetManagement/<LoadBackendAssetDedup>d__37`1<OneStarMaker.Runtime.SceneSystem.SceneResourceMap>, OneStarMaker.Runtime.AssetManagement.Internal.IBackendAsset>:SetResult (OneStarMaker.Runtime.AssetManagement.Internal.IBackendAsset) (at ./Library/PackageCache/com.cysharp.unitask@360e370345b9/Runtime/CompilerServices/StateMachineRunner.cs:328)
Cysharp.Threading.Tasks.CompilerServices.AsyncUniTaskMethodBuilder`1<OneStarMaker.Runtime.AssetManagement.Internal.IBackendAsset>:SetResult (OneStarMaker.Runtime.AssetManagement.Internal.IBackendAsset) (at ./Library/PackageCache/com.cysharp.unitask@360e370345b9/Runtime/CompilerServices/AsyncUniTaskMethodBuilder.cs:201)
OneStarMaker.Runtime.AssetManagement.AssetManagement/<LoadBackendAssetDedup>d__37`1<OneStarMaker.Runtime.SceneSystem.SceneResourceMap>:MoveNext () (at Assets/OneStarMaker/Scripts/Runtime/AssetManagement/AssetManagement.cs:344)
Cysharp.Threading.Tasks.CompilerServices.AsyncUniTask`2<OneStarMaker.Runtime.AssetManagement.AssetManagement/<LoadBackendAssetDedup>d__37`1<OneStarMaker.Runtime.SceneSystem.SceneResourceMap>, OneStarMaker.Runtime.AssetManagement.Internal.IBackendAsset>:Run () (at ./Library/PackageCache/com.cysharp.unitask@360e370345b9/Runtime/CompilerServices/StateMachineRunner.cs:313)
Cysharp.Threading.Tasks.AwaiterActions:Continuation (object) (at ./Library/PackageCache/com.cysharp.unitask@360e370345b9/Runtime/UniTask.cs:25)
Cysharp.Threading.Tasks.UniTaskCompletionSourceCore`1<OneStarMaker.Runtime.AssetManagement.Internal.IBackendAsset>:TrySetResult (OneStarMaker.Runtime.AssetManagement.Internal.IBackendAsset) (at ./Library/PackageCache/com.cysharp.unitask@360e370345b9/Runtime/UniTaskCompletionSource.cs:139)
Cysharp.Threading.Tasks.CompilerServices.AsyncUniTask`2<OneStarMaker.Runtime.AssetManagement.Internal.AddressableBackend/<LoadAssetAsync>d__0`1<OneStarMaker.Runtime.SceneSystem.SceneResourceMap>, OneStarMaker.Runtime.AssetManagement.Internal.IBackendAsset>:SetResult (OneStarMaker.Runtime.AssetManagement.Internal.IBackendAsset) (at ./Library/PackageCache/com.cysharp.unitask@360e370345b9/Runtime/CompilerServices/StateMachineRunner.cs:328)
Cysharp.Threading.Tasks.CompilerServices.AsyncUniTaskMethodBuilder`1<OneStarMaker.Runtime.AssetManagement.Internal.IBackendAsset>:SetResult (OneStarMaker.Runtime.AssetManagement.Internal.IBackendAsset) (at ./Library/PackageCache/com.cysharp.unitask@360e370345b9/Runtime/CompilerServices/AsyncUniTaskMethodBuilder.cs:201)
OneStarMaker.Runtime.AssetManagement.Internal.AddressableBackend/<LoadAssetAsync>d__0`1<OneStarMaker.Runtime.SceneSystem.SceneResourceMap>:MoveNext () (at Assets/OneStarMaker/Scripts/Runtime/AssetManagement/Internal/AddressableBackend.cs:26)
Cysharp.Threading.Tasks.CompilerServices.AsyncUniTask`2<OneStarMaker.Runtime.AssetManagement.Internal.AddressableBackend/<LoadAssetAsync>d__0`1<OneStarMaker.Runtime.SceneSystem.SceneResourceMap>, OneStarMaker.Runtime.AssetManagement.Internal.IBackendAsset>:Run () (at ./Library/PackageCache/com.cysharp.unitask@360e370345b9/Runtime/CompilerServices/StateMachineRunner.cs:313)
Cysharp.Threading.Tasks.AwaiterActions:Continuation (object) (at ./Library/PackageCache/com.cysharp.unitask@360e370345b9/Runtime/UniTask.cs:25)
Cysharp.Threading.Tasks.UniTaskCompletionSourceCore`1<Cysharp.Threading.Tasks.AsyncUnit>:TrySetResult (Cysharp.Threading.Tasks.AsyncUnit) (at ./Library/PackageCache/com.cysharp.unitask@360e370345b9/Runtime/UniTaskCompletionSource.cs:139)
Cysharp.Threading.Tasks.CompilerServices.AsyncUniTask`1<OneStarMaker.Runtime.AssetManagement.Internal.AddressableBackend/<AwaitHandle>d__6`1<OneStarMaker.Runtime.SceneSystem.SceneResourceMap>>:SetResult () (at ./Library/PackageCache/com.cysharp.unitask@360e370345b9/Runtime/CompilerServices/StateMachineRunner.cs:204)
Cysharp.Threading.Tasks.CompilerServices.AsyncUniTaskMethodBuilder:SetResult () (at ./Library/PackageCache/com.cysharp.unitask@360e370345b9/Runtime/CompilerServices/AsyncUniTaskMethodBuilder.cs:70)
OneStarMaker.Runtime.AssetManagement.Internal.AddressableBackend/<AwaitHandle>d__6`1<OneStarMaker.Runtime.SceneSystem.SceneResourceMap>:MoveNext () (at Assets/OneStarMaker/Scripts/Runtime/AssetManagement/Internal/AddressableBackend.cs:105)
Cysharp.Threading.Tasks.CompilerServices.AsyncUniTask`1<OneStarMaker.Runtime.AssetManagement.Internal.AddressableBackend/<AwaitHandle>d__6`1<OneStarMaker.Runtime.SceneSystem.SceneResourceMap>>:Run () (at ./Library/PackageCache/com.cysharp.unitask@360e370345b9/Runtime/CompilerServices/StateMachineRunner.cs:189)
Cysharp.Threading.Tasks.AwaiterActions:Continuation (object) (at ./Library/PackageCache/com.cysharp.unitask@360e370345b9/Runtime/UniTask.cs:25)
Cysharp.Threading.Tasks.UniTaskCompletionSourceCore`1<OneStarMaker.Runtime.SceneSystem.SceneResourceMap>:TrySetResult (OneStarMaker.Runtime.SceneSystem.SceneResourceMap) (at ./Library/PackageCache/com.cysharp.unitask@360e370345b9/Runtime/UniTaskCompletionSource.cs:139)
Cysharp.Threading.Tasks.AddressablesAsyncExtensions/AsyncOperationHandleConfiguredSource`1<OneStarMaker.Runtime.SceneSystem.SceneResourceMap>:HandleCompleted (UnityEngine.ResourceManagement.AsyncOperations.AsyncOperationHandle`1<OneStarMaker.Runtime.SceneSystem.SceneResourceMap>) (at ./Library/PackageCache/com.cysharp.unitask@360e370345b9/Runtime/External/Addressables/AddressablesAsyncExtensions.cs:398)
DelegateList`1<UnityEngine.ResourceManagement.AsyncOperations.AsyncOperationHandle`1<OneStarMaker.Runtime.SceneSystem.SceneResourceMap>>:Invoke (UnityEngine.ResourceManagement.AsyncOperations.AsyncOperationHandle`1<OneStarMaker.Runtime.SceneSystem.SceneResourceMap>) (at ./Library/PackageCache/com.unity.addressables@42676f2a154e/Runtime/ResourceManager/Util/DelegateList.cs:75)
UnityEngine.ResourceManagement.AsyncOperations.AsyncOperationBase`1<OneStarMaker.Runtime.SceneSystem.SceneResourceMap>:InvokeCompletionEvent () (at ./Library/PackageCache/com.unity.addressables@42676f2a154e/Runtime/ResourceManager/AsyncOperations/AsyncOperationBase.cs:391)
UnityEngine.ResourceManagement.AsyncOperations.AsyncOperationBase`1<OneStarMaker.Runtime.SceneSystem.SceneResourceMap>:Complete (OneStarMaker.Runtime.SceneSystem.SceneResourceMap,bool,System.Exception,bool) (at ./Library/PackageCache/com.unity.addressables@42676f2a154e/Runtime/ResourceManager/AsyncOperations/AsyncOperationBase.cs:494)
UnityEngine.ResourceManagement.AsyncOperations.ProviderOperation`1<OneStarMaker.Runtime.SceneSystem.SceneResourceMap>:ProviderCompleted<object> (object,bool,System.Exception) (at ./Library/PackageCache/com.unity.addressables@42676f2a154e/Runtime/ResourceManager/AsyncOperations/ProviderOperation.cs:189)
UnityEngine.ResourceManagement.ResourceProviders.ProvideHandle:Complete<object> (object,bool,System.Exception) (at ./Library/PackageCache/com.unity.addressables@42676f2a154e/Runtime/ResourceManager/ResourceProviders/IResourceProvider.cs:146)
UnityEngine.ResourceManagement.ResourceProviders.AssetDatabaseProvider/InternalOp:LoadImmediate () (at ./Library/PackageCache/com.unity.addressables@42676f2a154e/Runtime/ResourceManager/ResourceProviders/AssetDatabaseProvider.cs:130)
System.Reflection.RuntimeMethodInfo:Invoke (object,System.Reflection.BindingFlags,System.Reflection.Binder,object[],System.Globalization.CultureInfo)
System.Reflection.MethodBase:Invoke (object,object[])
System.Delegate:DynamicInvokeImpl (object[])
System.MulticastDelegate:DynamicInvokeImpl (object[])
System.Delegate:DynamicInvoke (object[])
UnityEngine.ResourceManagement.Util.DelayedActionManager/DelegateInfo:Invoke () (at ./Library/PackageCache/com.unity.addressables@42676f2a154e/Runtime/ResourceManager/Util/DelayedActionManager.cs:55)
UnityEngine.ResourceManagement.Util.DelayedActionManager:InternalLateUpdate (single) (at ./Library/PackageCache/com.unity.addressables@42676f2a154e/Runtime/ResourceManager/Util/DelayedActionManager.cs:192)
UnityEngine.ResourceManagement.Util.DelayedActionManager:LateUpdate () (at ./Library/PackageCache/com.unity.addressables@42676f2a154e/Runtime/ResourceManager/Util/DelayedActionManager.cs:171)

(Filename: Assets/OneStarMaker/Scripts/Runtime/Bootstrap/AbstractApplicationInitializer.cs Line: 637)

[AppInit] SceneResourceMap に未登録のシーンをスキップ: UIScene
UnityEngine.Debug:ExtractStackTraceNoAlloc (byte*,int,string)
UnityEngine.StackTraceUtility:ExtractStackTrace ()
UnityEngine.DebugLogHandler:Internal_Log (UnityEngine.LogType,UnityEngine.LogOption,string,UnityEngine.Object)
UnityEngine.DebugLogHandler:LogFormat (UnityEngine.LogType,UnityEngine.Object,string,object[])
UnityEngine.Logger:Log (UnityEngine.LogType,object)
UnityEngine.Debug:Log (object)
OneStarMaker.Runtime.AbstractApplicationInitializer/<RegisterAlreadyLoadedScenes>d__37:MoveNext () (at Assets/OneStarMaker/Scripts/Runtime/Bootstrap/AbstractApplicationInitializer.cs:637)
Cysharp.Threading.Tasks.CompilerServices.AsyncUniTaskMethodBuilder:Start<OneStarMaker.Runtime.AbstractApplicationInitializer/<RegisterAlreadyLoadedScenes>d__37> (OneStarMaker.Runtime.AbstractApplicationInitializer/<RegisterAlreadyLoadedScenes>d__37&) (at ./Library/PackageCache/com.cysharp.unitask@360e370345b9/Runtime/CompilerServices/AsyncUniTaskMethodBuilder.cs:111)
OneStarMaker.Runtime.AbstractApplicationInitializer:RegisterAlreadyLoadedScenes (System.Threading.CancellationToken)
OneStarMaker.Runtime.AbstractApplicationInitializer/<InitializeAfterSceneLoad>d__28:MoveNext () (at Assets/OneStarMaker/Scripts/Runtime/Bootstrap/AbstractApplicationInitializer.cs:323)
Cysharp.Threading.Tasks.CompilerServices.AsyncUniTaskVoid`1<OneStarMaker.Runtime.AbstractApplicationInitializer/<InitializeAfterSceneLoad>d__28>:Run () (at ./Library/PackageCache/com.cysharp.unitask@360e370345b9/Runtime/CompilerServices/StateMachineRunner.cs:104)
Cysharp.Threading.Tasks.AwaiterActions:Continuation (object) (at ./Library/PackageCache/com.cysharp.unitask@360e370345b9/Runtime/UniTask.cs:25)
Cysharp.Threading.Tasks.UniTaskCompletionSourceCore`1<OneStarMaker.Runtime.SceneSystem.SceneResourceMap>:TrySetResult (OneStarMaker.Runtime.SceneSystem.SceneResourceMap) (at ./Library/PackageCache/com.cysharp.unitask@360e370345b9/Runtime/UniTaskCompletionSource.cs:139)
Cysharp.Threading.Tasks.CompilerServices.AsyncUniTask`2<OneStarMaker.Runtime.AbstractApplicationInitializer/<LoadSceneResourceMapAsync>d__31, OneStarMaker.Runtime.SceneSystem.SceneResourceMap>:SetResult (OneStarMaker.Runtime.SceneSystem.SceneResourceMap) (at ./Library/PackageCache/com.cysharp.unitask@360e370345b9/Runtime/CompilerServices/StateMachineRunner.cs:328)
Cysharp.Threading.Tasks.CompilerServices.AsyncUniTaskMethodBuilder`1<OneStarMaker.Runtime.SceneSystem.SceneResourceMap>:SetResult (OneStarMaker.Runtime.SceneSystem.SceneResourceMap) (at ./Library/PackageCache/com.cysharp.unitask@360e370345b9/Runtime/CompilerServices/AsyncUniTaskMethodBuilder.cs:201)
OneStarMaker.Runtime.AbstractApplicationInitializer/<LoadSceneResourceMapAsync>d__31:MoveNext () (at Assets/OneStarMaker/Scripts/Runtime/Bootstrap/AbstractApplicationInitializer.cs:460)
Cysharp.Threading.Tasks.CompilerServices.AsyncUniTask`2<OneStarMaker.Runtime.AbstractApplicationInitializer/<LoadSceneResourceMapAsync>d__31, OneStarMaker.Runtime.SceneSystem.SceneResourceMap>:Run () (at ./Library/PackageCache/com.cysharp.unitask@360e370345b9/Runtime/CompilerServices/StateMachineRunner.cs:313)
Cysharp.Threading.Tasks.AwaiterActions:Continuation (object) (at ./Library/PackageCache/com.cysharp.unitask@360e370345b9/Runtime/UniTask.cs:25)
Cysharp.Threading.Tasks.UniTaskCompletionSourceCore`1<OneStarMaker.Runtime.AssetManagement.IAssetHandle`1<OneStarMaker.Runtime.SceneSystem.SceneResourceMap>>:TrySetResult (OneStarMaker.Runtime.AssetManagement.IAssetHandle`1<OneStarMaker.Runtime.SceneSystem.SceneResourceMap>) (at ./Library/PackageCache/com.cysharp.unitask@360e370345b9/Runtime/UniTaskCompletionSource.cs:139)
Cysharp.Threading.Tasks.CompilerServices.AsyncUniTask`2<OneStarMaker.Runtime.AssetManagement.AssetManagement/<LoadAssetAsync>d__19`1<OneStarMaker.Runtime.SceneSystem.SceneResourceMap>, OneStarMaker.Runtime.AssetManagement.IAssetHandle`1<OneStarMaker.Runtime.SceneSystem.SceneResourceMap>>:SetResult (OneStarMaker.Runtime.AssetManagement.IAssetHandle`1<OneStarMaker.Runtime.SceneSystem.SceneResourceMap>) (at ./Library/PackageCache/com.cysharp.unitask@360e370345b9/Runtime/CompilerServices/StateMachineRunner.cs:328)
Cysharp.Threading.Tasks.CompilerServices.AsyncUniTaskMethodBuilder`1<OneStarMaker.Runtime.AssetManagement.IAssetHandle`1<OneStarMaker.Runtime.SceneSystem.SceneResourceMap>>:SetResult (OneStarMaker.Runtime.AssetManagement.IAssetHandle`1<OneStarMaker.Runtime.SceneSystem.SceneResourceMap>) (at ./Library/PackageCache/com.cysharp.unitask@360e370345b9/Runtime/CompilerServices/AsyncUniTaskMethodBuilder.cs:201)
OneStarMaker.Runtime.AssetManagement.AssetManagement/<LoadAssetAsync>d__19`1<OneStarMaker.Runtime.SceneSystem.SceneResourceMap>:MoveNext () (at Assets/OneStarMaker/Scripts/Runtime/AssetManagement/AssetManagement.cs:74)
Cysharp.Threading.Tasks.CompilerServices.AsyncUniTask`2<OneStarMaker.Runtime.AssetManagement.AssetManagement/<LoadAssetAsync>d__19`1<OneStarMaker.Runtime.SceneSystem.SceneResourceMap>, OneStarMaker.Runtime.AssetManagement.IAssetHandle`1<OneStarMaker.Runtime.SceneSystem.SceneResourceMap>>:Run () (at ./Library/PackageCache/com.cysharp.unitask@360e370345b9/Runtime/CompilerServices/StateMachineRunner.cs:313)
Cysharp.Threading.Tasks.AwaiterActions:Continuation (object) (at ./Library/PackageCache/com.cysharp.unitask@360e370345b9/Runtime/UniTask.cs:25)
Cysharp.Threading.Tasks.UniTaskCompletionSourceCore`1<OneStarMaker.Runtime.AssetManagement.Internal.IBackendAsset>:TrySetResult (OneStarMaker.Runtime.AssetManagement.Internal.IBackendAsset) (at ./Library/PackageCache/com.cysharp.unitask@360e370345b9/Runtime/UniTaskCompletionSource.cs:139)
Cysharp.Threading.Tasks.CompilerServices.AsyncUniTask`2<OneStarMaker.Runtime.AssetManagement.AssetManagement/<LoadBackendAssetDedup>d__37`1<OneStarMaker.Runtime.SceneSystem.SceneResourceMap>, OneStarMaker.Runtime.AssetManagement.Internal.IBackendAsset>:SetResult (OneStarMaker.Runtime.AssetManagement.Internal.IBackendAsset) (at ./Library/PackageCache/com.cysharp.unitask@360e370345b9/Runtime/CompilerServices/StateMachineRunner.cs:328)
Cysharp.Threading.Tasks.CompilerServices.AsyncUniTaskMethodBuilder`1<OneStarMaker.Runtime.AssetManagement.Internal.IBackendAsset>:SetResult (OneStarMaker.Runtime.AssetManagement.Internal.IBackendAsset) (at ./Library/PackageCache/com.cysharp.unitask@360e370345b9/Runtime/CompilerServices/AsyncUniTaskMethodBuilder.cs:201)
OneStarMaker.Runtime.AssetManagement.AssetManagement/<LoadBackendAssetDedup>d__37`1<OneStarMaker.Runtime.SceneSystem.SceneResourceMap>:MoveNext () (at Assets/OneStarMaker/Scripts/Runtime/AssetManagement/AssetManagement.cs:344)
Cysharp.Threading.Tasks.CompilerServices.AsyncUniTask`2<OneStarMaker.Runtime.AssetManagement.AssetManagement/<LoadBackendAssetDedup>d__37`1<OneStarMaker.Runtime.SceneSystem.SceneResourceMap>, OneStarMaker.Runtime.AssetManagement.Internal.IBackendAsset>:Run () (at ./Library/PackageCache/com.cysharp.unitask@360e370345b9/Runtime/CompilerServices/StateMachineRunner.cs:313)
Cysharp.Threading.Tasks.AwaiterActions:Continuation (object) (at ./Library/PackageCache/com.cysharp.unitask@360e370345b9/Runtime/UniTask.cs:25)
Cysharp.Threading.Tasks.UniTaskCompletionSourceCore`1<OneStarMaker.Runtime.AssetManagement.Internal.IBackendAsset>:TrySetResult (OneStarMaker.Runtime.AssetManagement.Internal.IBackendAsset) (at ./Library/PackageCache/com.cysharp.unitask@360e370345b9/Runtime/UniTaskCompletionSource.cs:139)
Cysharp.Threading.Tasks.CompilerServices.AsyncUniTask`2<OneStarMaker.Runtime.AssetManagement.Internal.AddressableBackend/<LoadAssetAsync>d__0`1<OneStarMaker.Runtime.SceneSystem.SceneResourceMap>, OneStarMaker.Runtime.AssetManagement.Internal.IBackendAsset>:SetResult (OneStarMaker.Runtime.AssetManagement.Internal.IBackendAsset) (at ./Library/PackageCache/com.cysharp.unitask@360e370345b9/Runtime/CompilerServices/StateMachineRunner.cs:328)
Cysharp.Threading.Tasks.CompilerServices.AsyncUniTaskMethodBuilder`1<OneStarMaker.Runtime.AssetManagement.Internal.IBackendAsset>:SetResult (OneStarMaker.Runtime.AssetManagement.Internal.IBackendAsset) (at ./Library/PackageCache/com.cysharp.unitask@360e370345b9/Runtime/CompilerServices/AsyncUniTaskMethodBuilder.cs:201)
OneStarMaker.Runtime.AssetManagement.Internal.AddressableBackend/<LoadAssetAsync>d__0`1<OneStarMaker.Runtime.SceneSystem.SceneResourceMap>:MoveNext () (at Assets/OneStarMaker/Scripts/Runtime/AssetManagement/Internal/AddressableBackend.cs:26)
Cysharp.Threading.Tasks.CompilerServices.AsyncUniTask`2<OneStarMaker.Runtime.AssetManagement.Internal.AddressableBackend/<LoadAssetAsync>d__0`1<OneStarMaker.Runtime.SceneSystem.SceneResourceMap>, OneStarMaker.Runtime.AssetManagement.Internal.IBackendAsset>:Run () (at ./Library/PackageCache/com.cysharp.unitask@360e370345b9/Runtime/CompilerServices/StateMachineRunner.cs:313)
Cysharp.Threading.Tasks.AwaiterActions:Continuation (object) (at ./Library/PackageCache/com.cysharp.unitask@360e370345b9/Runtime/UniTask.cs:25)
Cysharp.Threading.Tasks.UniTaskCompletionSourceCore`1<Cysharp.Threading.Tasks.AsyncUnit>:TrySetResult (Cysharp.Threading.Tasks.AsyncUnit) (at ./Library/PackageCache/com.cysharp.unitask@360e370345b9/Runtime/UniTaskCompletionSource.cs:139)
Cysharp.Threading.Tasks.CompilerServices.AsyncUniTask`1<OneStarMaker.Runtime.AssetManagement.Internal.AddressableBackend/<AwaitHandle>d__6`1<OneStarMaker.Runtime.SceneSystem.SceneResourceMap>>:SetResult () (at ./Library/PackageCache/com.cysharp.unitask@360e370345b9/Runtime/CompilerServices/StateMachineRunner.cs:204)
Cysharp.Threading.Tasks.CompilerServices.AsyncUniTaskMethodBuilder:SetResult () (at ./Library/PackageCache/com.cysharp.unitask@360e370345b9/Runtime/CompilerServices/AsyncUniTaskMethodBuilder.cs:70)
OneStarMaker.Runtime.AssetManagement.Internal.AddressableBackend/<AwaitHandle>d__6`1<OneStarMaker.Runtime.SceneSystem.SceneResourceMap>:MoveNext () (at Assets/OneStarMaker/Scripts/Runtime/AssetManagement/Internal/AddressableBackend.cs:105)
Cysharp.Threading.Tasks.CompilerServices.AsyncUniTask`1<OneStarMaker.Runtime.AssetManagement.Internal.AddressableBackend/<AwaitHandle>d__6`1<OneStarMaker.Runtime.SceneSystem.SceneResourceMap>>:Run () (at ./Library/PackageCache/com.cysharp.unitask@360e370345b9/Runtime/CompilerServices/StateMachineRunner.cs:189)
Cysharp.Threading.Tasks.AwaiterActions:Continuation (object) (at ./Library/PackageCache/com.cysharp.unitask@360e370345b9/Runtime/UniTask.cs:25)
Cysharp.Threading.Tasks.UniTaskCompletionSourceCore`1<OneStarMaker.Runtime.SceneSystem.SceneResourceMap>:TrySetResult (OneStarMaker.Runtime.SceneSystem.SceneResourceMap) (at ./Library/PackageCache/com.cysharp.unitask@360e370345b9/Runtime/UniTaskCompletionSource.cs:139)
Cysharp.Threading.Tasks.AddressablesAsyncExtensions/AsyncOperationHandleConfiguredSource`1<OneStarMaker.Runtime.SceneSystem.SceneResourceMap>:HandleCompleted (UnityEngine.ResourceManagement.AsyncOperations.AsyncOperationHandle`1<OneStarMaker.Runtime.SceneSystem.SceneResourceMap>) (at ./Library/PackageCache/com.cysharp.unitask@360e370345b9/Runtime/External/Addressables/AddressablesAsyncExtensions.cs:398)
DelegateList`1<UnityEngine.ResourceManagement.AsyncOperations.AsyncOperationHandle`1<OneStarMaker.Runtime.SceneSystem.SceneResourceMap>>:Invoke (UnityEngine.ResourceManagement.AsyncOperations.AsyncOperationHandle`1<OneStarMaker.Runtime.SceneSystem.SceneResourceMap>) (at ./Library/PackageCache/com.unity.addressables@42676f2a154e/Runtime/ResourceManager/Util/DelegateList.cs:75)
UnityEngine.ResourceManagement.AsyncOperations.AsyncOperationBase`1<OneStarMaker.Runtime.SceneSystem.SceneResourceMap>:InvokeCompletionEvent () (at ./Library/PackageCache/com.unity.addressables@42676f2a154e/Runtime/ResourceManager/AsyncOperations/AsyncOperationBase.cs:391)
UnityEngine.ResourceManagement.AsyncOperations.AsyncOperationBase`1<OneStarMaker.Runtime.SceneSystem.SceneResourceMap>:Complete (OneStarMaker.Runtime.SceneSystem.SceneResourceMap,bool,System.Exception,bool) (at ./Library/PackageCache/com.unity.addressables@42676f2a154e/Runtime/ResourceManager/AsyncOperations/AsyncOperationBase.cs:494)
UnityEngine.ResourceManagement.AsyncOperations.ProviderOperation`1<OneStarMaker.Runtime.SceneSystem.SceneResourceMap>:ProviderCompleted<object> (object,bool,System.Exception) (at ./Library/PackageCache/com.unity.addressables@42676f2a154e/Runtime/ResourceManager/AsyncOperations/ProviderOperation.cs:189)
UnityEngine.ResourceManagement.ResourceProviders.ProvideHandle:Complete<object> (object,bool,System.Exception) (at ./Library/PackageCache/com.unity.addressables@42676f2a154e/Runtime/ResourceManager/ResourceProviders/IResourceProvider.cs:146)
UnityEngine.ResourceManagement.ResourceProviders.AssetDatabaseProvider/InternalOp:LoadImmediate () (at ./Library/PackageCache/com.unity.addressables@42676f2a154e/Runtime/ResourceManager/ResourceProviders/AssetDatabaseProvider.cs:130)
System.Reflection.RuntimeMethodInfo:Invoke (object,System.Reflection.BindingFlags,System.Reflection.Binder,object[],System.Globalization.CultureInfo)
System.Reflection.MethodBase:Invoke (object,object[])
System.Delegate:DynamicInvokeImpl (object[])
System.MulticastDelegate:DynamicInvokeImpl (object[])
System.Delegate:DynamicInvoke (object[])
UnityEngine.ResourceManagement.Util.DelayedActionManager/DelegateInfo:Invoke () (at ./Library/PackageCache/com.unity.addressables@42676f2a154e/Runtime/ResourceManager/Util/DelayedActionManager.cs:55)
UnityEngine.ResourceManagement.Util.DelayedActionManager:InternalLateUpdate (single) (at ./Library/PackageCache/com.unity.addressables@42676f2a154e/Runtime/ResourceManager/Util/DelayedActionManager.cs:192)
UnityEngine.ResourceManagement.Util.DelayedActionManager:LateUpdate () (at ./Library/PackageCache/com.unity.addressables@42676f2a154e/Runtime/ResourceManager/Util/DelayedActionManager.cs:171)

(Filename: Assets/OneStarMaker/Scripts/Runtime/Bootstrap/AbstractApplicationInitializer.cs Line: 637)

Unloading 17 Unused Serialized files (Serialized files now loaded: 0)
Loaded scene 'Temp/__Backupscenes/0.backup'
	Deserialize:            0.339 ms
	Integration:            30.396 ms
	Integration of assets:  0.001 ms
	Thread Wait Time:       0.013 ms
	Total Operation Time:   30.749 ms
Unloading 118 unused Assets / (34.0 MB). Loaded Objects now: 12283.
Memory consumption went from 0.72 GB to 0.69 GB.
Total: 34.541200 ms (FindLiveObjects: 0.644500 ms CreateObjectMapping: 0.226100 ms MarkObjects: 32.005400 ms  DeleteObjects: 1.363200 ms)

[DebugSocket] Failed to connect to DebugStudio server. endpoint=ws://127.0.0.1:5011/debugsocket/, detail=Unable to connect to the remote server
UnityEngine.Debug:ExtractStackTraceNoAlloc (byte*,int,string)
UnityEngine.StackTraceUtility:ExtractStackTrace ()
UnityEngine.DebugLogHandler:Internal_Log (UnityEngine.LogType,UnityEngine.LogOption,string,UnityEngine.Object)
UnityEngine.DebugLogHandler:LogFormat (UnityEngine.LogType,UnityEngine.Object,string,object[])
UnityEngine.Logger:Log (UnityEngine.LogType,object)
UnityEngine.Debug:LogWarning (object)
OneStarMaker.Runtime.DebugSocketServices.DebugSocketTransportHost/<ConnectLoopAsync>d__15:MoveNext () (at Assets/OneStarMaker/Scripts/Runtime/DebugSocketServices/Transport/DebugSocketTransportHost.cs:176)
Cysharp.Threading.Tasks.CompilerServices.AsyncUniTask`1<OneStarMaker.Runtime.DebugSocketServices.DebugSocketTransportHost/<ConnectLoopAsync>d__15>:Run () (at ./Library/PackageCache/com.cysharp.unitask@360e370345b9/Runtime/CompilerServices/StateMachineRunner.cs:189)
Cysharp.Threading.Tasks.AwaiterActions:Continuation (object) (at ./Library/PackageCache/com.cysharp.unitask@360e370345b9/Runtime/UniTask.cs:25)
Cysharp.Threading.Tasks.UniTaskCompletionSource:TrySignalCompletion (Cysharp.Threading.Tasks.UniTaskStatus) (at ./Library/PackageCache/com.cysharp.unitask@360e370345b9/Runtime/UniTaskCompletionSource.cs:721)
Cysharp.Threading.Tasks.UniTaskCompletionSource:TrySetException (System.Exception) (at ./Library/PackageCache/com.cysharp.unitask@360e370345b9/Runtime/UniTaskCompletionSource.cs:635)
Cysharp.Threading.Tasks.UniTaskExtensions/<>c:<AsUniTask>b__33_0 (System.Threading.Tasks.Task,object) (at ./Library/PackageCache/com.cysharp.unitask@360e370345b9/Runtime/UniTaskExtensions.cs:61)
System.Threading.Tasks.ContinuationTaskFromTask:InnerInvoke ()
System.Threading.Tasks.Task:Execute ()
System.Threading.Tasks.Task:ExecutionContextCallback (object)
System.Threading.ExecutionContext:RunInternal (System.Threading.ExecutionContext,System.Threading.ContextCallback,object,bool)
System.Threading.ExecutionContext:Run (System.Threading.ExecutionContext,System.Threading.ContextCallback,object,bool)
System.Threading.Tasks.Task:ExecuteWithThreadLocal (System.Threading.Tasks.Task&)
System.Threading.Tasks.Task:ExecuteEntry (bool)
System.Threading.Tasks.SynchronizationContextTaskScheduler/<>c:<.cctor>b__8_0 (object)
UnityEngine.UnitySynchronizationContext/WorkRequest:Invoke ()
UnityEngine.UnitySynchronizationContext:Exec ()
UnityEngine.UnitySynchronizationContext:ExecuteTasks ()

(Filename: Assets/OneStarMaker/Scripts/Runtime/DebugSocketServices/Transport/DebugSocketTransportHost.cs Line: 176)

Refreshing native plugins compatible for Editor in 20.60 ms, found 4 plugins.
Asset Pipeline Refresh (id=68f9745385760e846af9e64fc8f36cae): Total: 0.228 seconds - Initiated by StopAssetImportingV2(NoUpdateAssetOptions)
Refreshing native plugins compatible for Editor in 21.98 ms, found 4 plugins.
Asset Pipeline Refresh (id=2e13555bf9554a44884bb0bdd4809f2d): Total: 0.095 seconds - Initiated by StopAssetImportingV2(NoUpdateAssetOptions)
Saving results to: C:/Users/void/AppData/LocalLow/DefaultCompany/SampleGame\TestResults.xml
Saving results to: D:\repositories\unity\SampleGameForOneStarMakerFramework\TestResults\results-ContentDirectory-20260918-212231.xml
Executing IPostBuildCleanup for: Unity.PerformanceTesting.Editor.TestRunBuilder.
UnityEngine.Debug:ExtractStackTraceNoAlloc (byte*,int,string)
UnityEngine.StackTraceUtility:ExtractStackTrace ()
UnityEngine.DebugLogHandler:Internal_Log (UnityEngine.LogType,UnityEngine.LogOption,string,UnityEngine.Object)
UnityEngine.DebugLogHandler:LogFormat (UnityEngine.LogType,UnityEngine.Object,string,object[])
UnityEngine.Logger:Log (UnityEngine.LogType,object)
UnityEngine.Debug:Log (object)
UnityEditor.TestTools.TestRunner.TestRun.Tasks.BuildActionTaskBase`1/<ExecuteMethods>d__8<UnityEngine.TestTools.IPostBuildCleanup>:MoveNext () (at ./Library/PackageCache/com.unity.test-framework@7a3849e09bd0/UnityEditor.TestRunner/TestRun/Tasks/BuildActionTaskBase.cs:48)
UnityEditor.TestTools.TestRunner.TestRun.Tasks.BuildActionTaskBase`1/<Execute>d__7<UnityEngine.TestTools.IPostBuildCleanup>:MoveNext () (at ./Library/PackageCache/com.unity.test-framework@7a3849e09bd0/UnityEditor.TestRunner/TestRun/Tasks/BuildActionTaskBase.cs:34)
UnityEditor.TestTools.TestRunner.TestRun.TestJobRunner:ExecuteStep () (at ./Library/PackageCache/com.unity.test-framework@7a3849e09bd0/UnityEditor.TestRunner/TestRun/TestJobRunner.cs:194)
UnityEditor.TestTools.TestRunner.TestRun.TestJobRunner:ExecuteCallback () (at ./Library/PackageCache/com.unity.test-framework@7a3849e09bd0/UnityEditor.TestRunner/TestRun/TestJobRunner.cs:129)
UnityEditor.EditorApplication:Internal_CallUpdateFunctions ()

(Filename: ./Library/PackageCache/com.unity.test-framework@7a3849e09bd0/UnityEditor.TestRunner/TestRun/Tasks/BuildActionTaskBase.cs Line: 48)

Unloading 1 Unused Serialized files (Serialized files now loaded: 0)
Unloading 83 unused Assets / (82.5 KB). Loaded Objects now: 12285.
Memory consumption went from 0.68 GB to 0.68 GB.
Total: 34.831400 ms (FindLiveObjects: 0.623600 ms CreateObjectMapping: 0.308700 ms MarkObjects: 32.598800 ms  DeleteObjects: 0.947400 ms)

DisplayProgressbar: Undo
Files generated by test without cleanup.
    Found 7 new files.
    Library/BuildInstructions/245fa261f4f4556498be12eef57c6f5f.buildinst
    Library/BuildInstructions/87d3eee0ee6679742b0faf493fd3aa03.buildinst
    Library/BuildInstructions/ed824abb4cce39242a21c016ce2fe924.buildinst
    Library/BuildInstructions/6d6dc148a43d64cbfaaacf213b295e46.buildinst
    Library/BuildInstructions/905c4a2e7a0fc3d179173185e7aa3dd5.buildinst
    Library/BuildInstructions/304c2d732f69a3045b731126da8e321b.buildinst
    Library/BuildInstructions/27f1916990258e54582c7ff6fb968773.buildinst
UnityEngine.Debug:ExtractStackTraceNoAlloc (byte*,int,string)
UnityEngine.StackTraceUtility:ExtractStackTrace ()
UnityEngine.DebugLogHandler:Internal_Log (UnityEngine.LogType,UnityEngine.LogOption,string,UnityEngine.Object)
UnityEngine.DebugLogHandler:LogFormat (UnityEngine.LogType,UnityEngine.Object,string,object[])
UnityEngine.Logger:Log (UnityEngine.LogType,object)
UnityEngine.Debug:LogWarning (object)
UnityEditor.TestTools.TestRunner.TestRun.Tasks.CleanupVerificationTask:LogWarningForFilesIfAny (string[],bool) (at ./Library/PackageCache/com.unity.test-framework@7a3849e09bd0/UnityEditor.TestRunner/TestRun/Tasks/CleanupVerificationTask.cs:55)
UnityEditor.TestTools.TestRunner.TestRun.Tasks.CleanupVerificationTask/<Execute>d__3:MoveNext () (at ./Library/PackageCache/com.unity.test-framework@7a3849e09bd0/UnityEditor.TestRunner/TestRun/Tasks/CleanupVerificationTask.cs:27)
UnityEditor.TestTools.TestRunner.TestRun.TestJobRunner:ExecuteStep () (at ./Library/PackageCache/com.unity.test-framework@7a3849e09bd0/UnityEditor.TestRunner/TestRun/TestJobRunner.cs:194)
UnityEditor.TestTools.TestRunner.TestRun.TestJobRunner:ExecuteCallback () (at ./Library/PackageCache/com.unity.test-framework@7a3849e09bd0/UnityEditor.TestRunner/TestRun/TestJobRunner.cs:129)
UnityEditor.EditorApplication:Internal_CallUpdateFunctions ()

(Filename: ./Library/PackageCache/com.unity.test-framework@7a3849e09bd0/UnityEditor.TestRunner/TestRun/Tasks/CleanupVerificationTask.cs Line: 55)

Test run completed. Exiting with code 0 (Ok). Run completed.
UnityEngine.Debug:ExtractStackTraceNoAlloc (byte*,int,string)
UnityEngine.StackTraceUtility:ExtractStackTrace ()
UnityEngine.DebugLogHandler:Internal_Log (UnityEngine.LogType,UnityEngine.LogOption,string,UnityEngine.Object)
UnityEngine.DebugLogHandler:LogFormat (UnityEngine.LogType,UnityEngine.Object,string,object[])
UnityEngine.Logger:Log (UnityEngine.LogType,object)
UnityEngine.Debug:Log (object)
UnityEditor.TestTools.TestRunner.CommandLineTest.Executer:ExitApplication (UnityEditor.TestTools.TestRunner.CommandLineTest.Executer/ReturnCodes,string) (at ./Library/PackageCache/com.unity.test-framework@7a3849e09bd0/UnityEditor.TestRunner/CommandLineTest/Executer.cs:81)
UnityEditor.TestTools.TestRunner.CommandLineTest.Executer:ExitIfRunIsCompleted () (at ./Library/PackageCache/com.unity.test-framework@7a3849e09bd0/UnityEditor.TestRunner/CommandLineTest/Executer.cs:74)
UnityEditor.EditorApplication:Internal_CallUpdateFunctions ()

(Filename: ./Library/PackageCache/com.unity.test-framework@7a3849e09bd0/UnityEditor.TestRunner/CommandLineTest/Executer.cs Line: 81)

MonoPathRemapper: Attempts to remap: 358519; Successful remaps: 37210
Serialized file version minimum: 22, current 23
Pipeline Server stopped
[Physics::Module] Cleanup current backend.
[Physics::Module] Id: 0xf2b8ea05
Input System module state changed to: ShutdownInProgress.
Input Polling Thread exited.
Input System module state changed to: Shutdown.
[Licensing::IpcConnector] LicenseClient-void-notifications channel disconnected successfully.
[Licensing::IpcConnector] LicenseClient-void channel disconnected successfully.
Lingering sessions upon destruction of worker manager
Unity Data Store service was successfully shut down
UDS shutting down local client system
AcceleratorClientConnectionCallback - disconnected - :0
Cleanup mono
CodeReloadManager destroyed
Checking for leaked weakptr:
  Found no leaked weakptrs.
[Package Manager] Server process was shutdown
##utp:{"type":"MemoryLeaks","version":2,"phase":"Immediate","time":1789734291400,"processId":22680,"allocatedMemory":21512687,"memoryLabels":[{"Default":313220},{"Permanent":15516},{"NewDelete":75407},{"Thread":4197944},{"Manager":34917},{"VertexData":56},{"Geometry":816},{"Texture":24},{"Shader":857736},{"Material":24},{"GfxDevice":56040},{"Animation":952},{"Audio":408},{"FreeType":8},{"FontEngine":736},{"Physics":1970},{"Physics2D":16},{"Serialization":33152},{"Input":42840},{"JobScheduler":256},{"TextLib":336},{"Mono":48},{"MonoCode":64},{"ScriptingNativeRuntime":1430680},{"BaseObject":49968},{"Resource":1208},{"Renderer":2376},{"Transform":4685},{"File":84955},{"WebCam":616},{"Culling":32},{"Terrain":11442},{"Wind":24},{"STL":40},{"String":1742129},{"StaticString":3808},{"Utility":2674806},{"Curl":2478},{"PoolAlloc":2264},{"AI":80},{"TypeTree":14869},{"ScriptManager":12640},{"CodeReload":448},{"RuntimeInitializeOnLoadManager":64},{"Sprites":102},{"SpriteAtlas":120},{"GI":7816},{"Director":8296},{"CloudService":288},{"WebRequest":552},{"VR":49650},{"SceneManager":608},{"Video":208},{"LazyScriptCache":32},{"Camera":729},{"Secure":2377},{"SerializationCache":9256},{"APIUpdating":10320},{"Subsystems":336},{"VirtualTexturing":57888},{"StaticSafetyDebugInfo":278528},{"Analytics":464},{"Hierarchy":1188},{"UIElements":40},{"CoreStats":14456},{"Identifiers":7152},{"Gui":128},{"EditorUtility":161163},{"VersionControl":8},{"Undo":931},{"AssetDatabase":9170090},{"AssetImporter":40},{"EditorGi":328},{"UnityConnect":40465},{"Upm":1912},{"UpmDiagnostics":8},{"AssetCompliance":96},{"DrivenProperties":72},{"LocalIPC":210},{"ProfilerEditor":9746},{"CoreBusinessMetrics":3202},{"Windowing":456},{"Licensing":1264},{"AssetReference":32},{"IPCStream":32}]}
