VBCSCompilerPreWarmer: pre-warm launched (dotnet PID 1384)
VBCSCompiler prewarm took 8.94 ms
[Licensing::Module] Trying to connect to existing licensing client channel...
Built from '6000.6/respin/6000.6.0f1-fa21a270ab12' branch; Version is '6000.6.0f1 (f7f8ed4d1e24) revision 16251117'; Using compiler version '194234433'; Build Type 'Release'
[Licensing::IpcConnector] Channel LicenseClient-void doesn't exist
OS: 'Windows 11  (10.0.26200) Core' Language: 'ja' Physical Memory: 16316 MB
BatchMode: 1, IsHumanControllingUs: 0, StartBugReporterOnCrash: 0, Is64bit: 1
System  architecture: x64
Process architecture: x64
Date: 2026-09-18T13:51:50Z
[Licensing::Module] Successfully launched the LicensingClient (PId: 28712)

COMMAND LINE ARGUMENTS:
D:\UnityEditor\6000.6.0f1\Editor\Unity.exe
-batchmode
-projectPath
D:\repositories\unity\SampleGameForOneStarMakerFramework\unity
-runTests
-testPlatform
EditMode
-testResults
D:\repositories\unity\SampleGameForOneStarMakerFramework\TestResults\results-ContentDirectory-20260918-225149.xml
-logFile
D:\repositories\unity\SampleGameForOneStarMakerFramework\TestResults\unity-ContentDirectory-20260918-225149.log
-testFilter
ContentDirectory
Successfully changed project path to: D:\repositories\unity\SampleGameForOneStarMakerFramework\unity
D:/repositories/unity/SampleGameForOneStarMakerFramework/unity
[UnityMemory] Configuration Parameters - Can be set up in boot.config
    "memorysetup-temp-allocator-size-gi-baking-worker=262144"
    "memorysetup-temp-allocator-size-gi-baking-worker=262144"
    "memorysetup-temp-allocator-size-gi-baking-worker=262144"
    "memorysetup-temp-allocator-size-gi-baking-worker=262144"
    "memorysetup-temp-allocator-size-gi-baking-worker=262144"
    "memorysetup-temp-allocator-size-nav-mesh-worker=65536"
    "memorysetup-temp-allocator-size-audio-worker=65536"
    "memorysetup-temp-allocator-size-cloud-worker=32768"
    "memorysetup-temp-allocator-size-gfx=262144"
    "memorysetup-remapper-allocator-initial-capacity=32768"
    "memorysetup-temp-allocator-size-preload-manager=33554432"
    "memorysetup-allocator-temp-initial-block-size-main=262144"
    "memorysetup-allocator-temp-initial-block-size-worker=262144"
    "memorysetup-temp-allocator-size-job-worker=262144"
    "memorysetup-temp-allocator-size-background-worker=32768"
    "memorysetup-bucket-allocator-granularity=16"
    "memorysetup-bucket-allocator-bucket-count=8"
    "memorysetup-bucket-allocator-block-size=33554432"
    "memorysetup-bucket-allocator-block-count=8"
    "memorysetup-main-allocator-block-size=16777216"
    "memorysetup-thread-allocator-block-size=16777216"
    "memorysetup-main-allocator-mimalloc-enabled=1"
    "memorysetup-gfx-main-allocator-block-size=16777216"
    "memorysetup-gfx-thread-allocator-block-size=16777216"
    "memorysetup-cache-allocator-block-size=4194304"
    "memorysetup-typetree-allocator-block-size=2097152"
    "memorysetup-profiler-bucket-allocator-granularity=16"
    "memorysetup-profiler-bucket-allocator-bucket-count=8"
    "memorysetup-profiler-bucket-allocator-block-size=33554432"
    "memorysetup-profiler-bucket-allocator-block-count=8"
    "memorysetup-profiler-allocator-block-size=16777216"
    "memorysetup-profiler-editor-allocator-block-size=1048576"
    "memorysetup-temp-allocator-size-main=16777216"
    "memorysetup-job-temp-allocator-block-size=2097152"
    "memorysetup-job-temp-allocator-block-size-background=1048576"
    "memorysetup-job-temp-allocator-reduction-small-platforms=262144"
Logging is directed to a specific file, skipping project log.
Player connection [4320]  Target information:

Player connection [4320]  * "[IP] 192.168.1.9 [Port] 55504 [Flags] 2 [Guid] 3450123377 [EditorId] 3450123377 [Version] 1048832 [Id] WindowsEditor(7,DESKTOP-U4E3PM1) [Debug] 1 [PackageName] WindowsEditor [ProjectName] Editor" 

Player connection [4320] Host joined multi-casting on [225.0.0.222:54997]...
Player connection [4320] Host joined alternative multi-casting on [225.0.0.222:34997]...
Input System module state changed to: Initialized.
[Physics::Module] Initialized fallback backend.
[Physics::Module] Id: 0xdecafbad
[Package Manager] Connected to IPC stream "Upm-11412" after 0.3 seconds.
[Licensing::Module] Licensing is not yet initialized.
[Licensing::IpcConnector] Successfully connected to: "LicenseClient-void" at "2026-09-18T13:51:50.6304609Z"
[Licensing::Client] Code 10 while verifying Licensing Client signature (process Id: 28712, path: "D:/UnityEditor/6000.6.0f1/Editor/Data/Resources/Licensing/Client/Unity.Licensing.Client.exe")
[Licensing::Module] LicensingClient has failed validation; ignoring
[Licensing::Client] Handshaking with LicensingClient:
  Version:                 1.18.3+d7ffd15
  Session Id:              31af4efa14ed44ea9dca33b2d230f9f8
  Correlation Id:          5895c4685566ece596fe1fd2e77b443c
  External correlation Id: 5597511590251694951
  Machine Id:              ALR1Ic4uZ9EdQzr0pucorcGNQXM=
[Licensing::Module] Successfully connected to LicensingClient on channel: "LicenseClient-void" (connect: 0.57s, validation: 0.07s, handshake: 0.05s)
[Licensing::IpcConnector] Successfully connected to: "LicenseClient-void-notifications" at "2026-09-18T13:51:50.7552815Z"
[Licensing::Module] Connected to LicensingClient (PId: 28712, launch time: 0.01, total connection time: 0.69s)
[Licensing::Module] Error: Access token is unavailable; failed to update
[Licensing::Client] Successfully resolved entitlement details
[Licensing::Module] License group:
  Id: F4-FHTT-UPW9-SBMJ-JZ5Q-XXXX
  Product: Unity Personal
  Type: ULF
  Expiration: Unlimited
[Licensing::Module] License group:
  Id: 720108-UnityPersXXXX
  Product: Unity Personal
  Type: Assigned
  Expiration: Unlimited
[Licensing::Client] Successfully updated license, isAsync: True, time: 0.01
[Licensing::Module] Licensing Background thread has ended after 0.74s
[Licensing::Module] Licensing is initialized (took 0.23s).
[Licensing::Client] Successfully resolved entitlement details
[Licensing::Module] License group:
  Id: F4-FHTT-UPW9-SBMJ-JZ5Q-XXXX
  Product: Unity Personal
  Type: ULF
  Expiration: Unlimited
[Licensing::Module] License group:
  Id: 720108-UnityPersXXXX
  Product: Unity Personal
  Type: Assigned
  Expiration: Unlimited
Library Redirect Path: Library/
Launching Unity Data Store - D:/UnityEditor/6000.6.0f1/Editor/Data/Tools/Unity.DataStore.exe 
Unity Data Store artifact dir = Library/DataStore, working dir = D:/repositories/unity/SampleGameForOneStarMakerFramework/unity[Physics::Module] Selected backend.
[Physics::Module] Name: PhysX
[Physics::Module] Id: 0xf2b8ea05
[Physics::Module] SDK Version: 4.1.2
[Physics::Module] Integration Version: 1.0.0
[Physics::Module] Threading Mode: Multi-Threaded
Unity Data Store running and initialised
Refreshing native plugins compatible for Editor in 5.09 ms, found 0 plugins.
Initialize engine version: 6000.6.0f1 (f7f8ed4d1e24)
[EntityIdStore] init: VM path (explicit commit), pageSize=4096, blockCount=1048576, entitiesPerBlock=256, slots reserved=4294967296 bytes
[Subsystems] Discovering subsystems at path D:/UnityEditor/6000.6.0f1/Editor/Data/Resources/UnitySubsystems
[Subsystems] Discovering subsystems at path D:/repositories/unity/SampleGameForOneStarMakerFramework/unity/Assets
GfxDevice: creating device client; kGfxThreadingModeNonThreaded
Direct3D:
    Version:  Direct3D 11.0 [level 11.1]
    Renderer: NVIDIA GeForce RTX 2070 SUPER (ID=0x1e84)
    Vendor:   NVIDIA
    VRAM:     7989 MB
    Driver:   32.0.16.1088
Initialize mono
Mono path[0] = 'D:/UnityEditor/6000.6.0f1/Editor/Data/Managed'
Mono path[1] = 'D:/UnityEditor/6000.6.0f1/Editor/Data/BCLExtensions/runtime/netstandard2.1'
Mono path[2] = 'D:/UnityEditor/6000.6.0f1/Editor/Data/MonoBleedingEdge/lib/mono/unityjit-win32'
Mono config path = 'D:/UnityEditor/6000.6.0f1/Editor/Data/MonoBleedingEdge/etc'
Using monoOptions --debugger-agent=transport=dt_socket,embedding=1,server=y,suspend=n,address=127.0.0.1:56412
CodeReloadManager initialized
ImportWorker Server TCP listen port: 0
AcceleratorClientConnectionCallback - disconnected - :0
Begin MonoManager ReloadAssembly
Registering precompiled unity dll's ...
Register platform support module: D:/UnityEditor/6000.6.0f1/Editor/Data/PlaybackEngines/WindowsStandaloneSupport/UnityEditor.WindowsStandalone.Extensions.dll
Registered in 0.004269 seconds.
Native extension for WindowsStandalone target not found
Package Manager log level set to [2]
ScheduleIndexationOnStartup MainProcess:False IndexOnStartup:True
Scripting: successfully reloaded assembly
- Finished resetting the current domain, in  0.931 seconds
Domain Reload Profiling: 1655ms
	BeginReloadAssembly (185ms)
	RebuildCommonClasses (6ms)
	RebuildNativeTypeToScriptingClass (21ms)
	initialDomainReloadingComplete (104ms)
	LoadAllAssembliesAndSetupDomain (406ms)
		LoadAssemblies (174ms)
		TypeCache.Refresh (266ms)
			TypeCache.ScanAssembly (248ms)
		AnalyzeDomain (1ms)
	FinalizeReload (932ms)
		SetupLoadedEditorAssemblies (0ms)
			LogAssemblyErrors (3ms)
			InitializePlatformSupportModulesInManaged (3ms)
			BeforeProcessingInitializeOnLoad (146ms)
			ProcessInitializeOnLoadAttributes (173ms)
			ProcessInitializeOnLoadMethodAttributes (293ms)
[Licensing::Client] Successfully resolved entitlement details
[Licensing::Module] License group:
  Id: F4-FHTT-UPW9-SBMJ-JZ5Q-XXXX
  Product: Unity Personal
  Type: ULF
  Expiration: Unlimited
[Licensing::Module] License group:
  Id: 720108-UnityPersXXXX
  Product: Unity Personal
  Type: Assigned
  Expiration: Unlimited
Application.AssetDatabase Initial Refresh Start
[Package Manager] Restoring resolved packages state from cache
[Licensing::Client] Successfully resolved entitlement details
[Package Manager] Registered 80 packages:
  Packages from [https://packages.unity.com]:
    com.unity.addressables@2.11.2 (location: D:\repositories\unity\SampleGameForOneStarMakerFramework\unity\Library\PackageCache\com.unity.addressables@42676f2a154e)
    com.unity.ads@4.19.0 (location: D:\repositories\unity\SampleGameForOneStarMakerFramework\unity\Library\PackageCache\com.unity.ads@dbd68e7e78e9)
    com.unity.ai.navigation@2.0.14 (location: D:\repositories\unity\SampleGameForOneStarMakerFramework\unity\Library\PackageCache\com.unity.ai.navigation@134dd6a3b97b)
    com.unity.analytics@3.8.2 (location: D:\repositories\unity\SampleGameForOneStarMakerFramework\unity\Library\PackageCache\com.unity.analytics@c9d14a6bdec6)
    com.unity.collab-proxy@2.13.6 (location: D:\repositories\unity\SampleGameForOneStarMakerFramework\unity\Library\PackageCache\com.unity.collab-proxy@4628d2ba6ea4)
    com.unity.ide.rider@3.0.39 (location: D:\repositories\unity\SampleGameForOneStarMakerFramework\unity\Library\PackageCache\com.unity.ide.rider@4504839d03f7)
    com.unity.ide.visualstudio@2.0.26 (location: D:\repositories\unity\SampleGameForOneStarMakerFramework\unity\Library\PackageCache\com.unity.ide.visualstudio@a99d56dec63f)
    com.unity.inputsystem@1.20.0 (location: D:\repositories\unity\SampleGameForOneStarMakerFramework\unity\Library\PackageCache\com.unity.inputsystem@7a4e1a2a8194)
    com.unity.pipeline@0.4.0-exp.1 (location: D:\repositories\unity\SampleGameForOneStarMakerFramework\unity\Library\PackageCache\com.unity.pipeline@f49636739437)
    com.unity.project-auditor-rules@1.0.3 (location: D:\repositories\unity\SampleGameForOneStarMakerFramework\unity\Library\PackageCache\com.unity.project-auditor-rules@1fa74fdf90ed)
    com.unity.purchasing@5.4.2 (location: D:\repositories\unity\SampleGameForOneStarMakerFramework\unity\Library\PackageCache\com.unity.purchasing@290a16a9a099)
    com.unity.visualscripting@1.9.12 (location: D:\repositories\unity\SampleGameForOneStarMakerFramework\unity\Library\PackageCache\com.unity.visualscripting@4edfcc09512f)
    com.unity.xr.legacyinputhelpers@3.0.1 (location: D:\repositories\unity\SampleGameForOneStarMakerFramework\unity\Library\PackageCache\com.unity.xr.legacyinputhelpers@3f62d634f63b)
    com.unity.services.core@1.18.0 (location: D:\repositories\unity\SampleGameForOneStarMakerFramework\unity\Library\PackageCache\com.unity.services.core@3464cb68d709)
    com.unity.nuget.mono-cecil@1.11.6 (location: D:\repositories\unity\SampleGameForOneStarMakerFramework\unity\Library\PackageCache\com.unity.nuget.mono-cecil@ecb9724e46ff)
    com.unity.nuget.newtonsoft-json@3.2.2 (location: D:\repositories\unity\SampleGameForOneStarMakerFramework\unity\Library\PackageCache\com.unity.nuget.newtonsoft-json@4dfd81071c64)
    com.unity.splines@2.9.0 (location: D:\repositories\unity\SampleGameForOneStarMakerFramework\unity\Library\PackageCache\com.unity.splines@e6e1d5900acc)
    com.unity.services.analytics@6.3.0 (location: D:\repositories\unity\SampleGameForOneStarMakerFramework\unity\Library\PackageCache\com.unity.services.analytics@cde4e6cf92f9)
    com.unity.profiling.core@1.0.3 (location: D:\repositories\unity\SampleGameForOneStarMakerFramework\unity\Library\PackageCache\com.unity.profiling.core@8a49f7027d06)
    com.unity.scriptablebuildpipeline@3.0.3 (location: D:\repositories\unity\SampleGameForOneStarMakerFramework\unity\Library\PackageCache\com.unity.scriptablebuildpipeline@61526b33bf2c)
    com.unity.searcher@4.9.5 (location: D:\repositories\unity\SampleGameForOneStarMakerFramework\unity\Library\PackageCache\com.unity.searcher@a463122f2c00)
    com.unity.settings-manager@2.1.1 (location: D:\repositories\unity\SampleGameForOneStarMakerFramework\unity\Library\PackageCache\com.unity.settings-manager@0b8638c5ce86)
  Built-in packages:
    com.unity.2d.sprite@1.0.0 (location: D:\repositories\unity\SampleGameForOneStarMakerFramework\unity\Library\PackageCache\com.unity.2d.sprite@947350d67f82)
    com.unity.2d.tilemap@1.0.0 (location: D:\repositories\unity\SampleGameForOneStarMakerFramework\unity\Library\PackageCache\com.unity.2d.tilemap@639ca1d99254)
    com.unity.cinemachine@6.6.0 (location: D:\repositories\unity\SampleGameForOneStarMakerFramework\unity\Library\PackageCache\com.unity.cinemachine@f53aa49b3acc)
    com.unity.multiplayer.center@2.0.1 (location: D:\repositories\unity\SampleGameForOneStarMakerFramework\unity\Library\PackageCache\com.unity.multiplayer.center@549886182930)
    com.unity.render-pipelines.universal@17.6.0 (location: D:\repositories\unity\SampleGameForOneStarMakerFramework\unity\Library\PackageCache\com.unity.render-pipelines.universal@8457e85b8184)
    com.unity.test-framework@1.8.0 (location: D:\repositories\unity\SampleGameForOneStarMakerFramework\unity\Library\PackageCache\com.unity.test-framework@7a3849e09bd0)
    com.unity.timeline@6.6.0 (location: D:\repositories\unity\SampleGameForOneStarMakerFramework\unity\Library\PackageCache\com.unity.timeline@281d5f7e7d7d)
    com.unity.ugui@2.6.0 (location: D:\repositories\unity\SampleGameForOneStarMakerFramework\unity\Library\PackageCache\com.unity.ugui@23caec89ae27)
    com.unity.modules.accessibility@1.0.0 (location: D:\repositories\unity\SampleGameForOneStarMakerFramework\unity\Library\PackageCache\com.unity.modules.accessibility)
    com.unity.modules.adaptiveperformance@1.0.0 (location: D:\repositories\unity\SampleGameForOneStarMakerFramework\unity\Library\PackageCache\com.unity.modules.adaptiveperformance)
    com.unity.modules.ai@1.0.0 (location: D:\repositories\unity\SampleGameForOneStarMakerFramework\unity\Library\PackageCache\com.unity.modules.ai)
    com.unity.modules.androidjni@1.0.0 (location: D:\repositories\unity\SampleGameForOneStarMakerFramework\unity\Library\PackageCache\com.unity.modules.androidjni)
    com.unity.modules.animation@1.0.0 (location: D:\repositories\unity\SampleGameForOneStarMakerFramework\unity\Library\PackageCache\com.unity.modules.animation)
    com.unity.modules.assetbundle@1.0.0 (location: D:\repositories\unity\SampleGameForOneStarMakerFramework\unity\Library\PackageCache\com.unity.modules.assetbundle)
    com.unity.modules.audio@1.0.0 (location: D:\repositories\unity\SampleGameForOneStarMakerFramework\unity\Library\PackageCache\com.unity.modules.audio)
    com.unity.modules.cloth@1.0.0 (location: D:\repositories\unity\SampleGameForOneStarMakerFramework\unity\Library\PackageCache\com.unity.modules.cloth)
    com.unity.modules.director@1.0.0 (location: D:\repositories\unity\SampleGameForOneStarMakerFramework\unity\Library\PackageCache\com.unity.modules.director)
    com.unity.modules.imageconversion@1.0.0 (location: D:\repositories\unity\SampleGameForOneStarMakerFramework\unity\Library\PackageCache\com.unity.modules.imageconversion)
    com.unity.modules.imgui@1.0.0 (location: D:\repositories\unity\SampleGameForOneStarMakerFramework\unity\Library\PackageCache\com.unity.modules.imgui)
    com.unity.modules.jsonserialize@1.0.0 (location: D:\repositories\unity\SampleGameForOneStarMakerFramework\unity\Library\PackageCache\com.unity.modules.jsonserialize)
    com.unity.modules.particlesystem@1.0.0 (location: D:\repositories\unity\SampleGameForOneStarMakerFramework\unity\Library\PackageCache\com.unity.modules.particlesystem)
    com.unity.modules.physics@1.0.0 (location: D:\repositories\unity\SampleGameForOneStarMakerFramework\unity\Library\PackageCache\com.unity.modules.physics)
    com.unity.modules.physics2d@1.0.0 (location: D:\repositories\unity\SampleGameForOneStarMakerFramework\unity\Library\PackageCache\com.unity.modules.physics2d)
    com.unity.modules.physicscore2d@1.0.0 (location: D:\repositories\unity\SampleGameForOneStarMakerFramework\unity\Library\PackageCache\com.unity.modules.physicscore2d)
    com.unity.modules.screencapture@1.0.0 (location: D:\repositories\unity\SampleGameForOneStarMakerFramework\unity\Library\PackageCache\com.unity.modules.screencapture)
    com.unity.modules.terrain@1.0.0 (location: D:\repositories\unity\SampleGameForOneStarMakerFramework\unity\Library\PackageCache\com.unity.modules.terrain)
    com.unity.modules.terrainphysics@1.0.0 (location: D:\repositories\unity\SampleGameForOneStarMakerFramework\unity\Library\PackageCache\com.unity.modules.terrainphysics)
    com.unity.modules.tetgen@1.0.0 (location: D:\repositories\unity\SampleGameForOneStarMakerFramework\unity\Library\PackageCache\com.unity.modules.tetgen)
    com.unity.modules.tilemap@1.0.0 (location: D:\repositories\unity\SampleGameForOneStarMakerFramework\unity\Library\PackageCache\com.unity.modules.tilemap)
    com.unity.modules.ui@1.0.0 (location: D:\repositories\unity\SampleGameForOneStarMakerFramework\unity\Library\PackageCache\com.unity.modules.ui)
    com.unity.modules.uielements@1.0.0 (location: D:\repositories\unity\SampleGameForOneStarMakerFramework\unity\Library\PackageCache\com.unity.modules.uielements)
    com.unity.modules.umbra@1.0.0 (location: D:\repositories\unity\SampleGameForOneStarMakerFramework\unity\Library\PackageCache\com.unity.modules.umbra)
    com.unity.modules.unityanalytics@1.0.0 (location: D:\repositories\unity\SampleGameForOneStarMakerFramework\unity\Library\PackageCache\com.unity.modules.unityanalytics)
    com.unity.modules.unitywebrequest@1.0.0 (location: D:\repositories\unity\SampleGameForOneStarMakerFramework\unity\Library\PackageCache\com.unity.modules.unitywebrequest)
    com.unity.modules.unitywebrequestassetbundle@1.0.0 (location: D:\repositories\unity\SampleGameForOneStarMakerFramework\unity\Library\PackageCache\com.unity.modules.unitywebrequestassetbundle)
    com.unity.modules.unitywebrequestaudio@1.0.0 (location: D:\repositories\unity\SampleGameForOneStarMakerFramework\unity\Library\PackageCache\com.unity.modules.unitywebrequestaudio)
    com.unity.modules.unitywebrequesttexture@1.0.0 (location: D:\repositories\unity\SampleGameForOneStarMakerFramework\unity\Library\PackageCache\com.unity.modules.unitywebrequesttexture)
    com.unity.modules.unitywebrequestwww@1.0.0 (location: D:\repositories\unity\SampleGameForOneStarMakerFramework\unity\Library\PackageCache\com.unity.modules.unitywebrequestwww)
    com.unity.modules.vectorgraphics@1.0.0 (location: D:\repositories\unity\SampleGameForOneStarMakerFramework\unity\Library\PackageCache\com.unity.modules.vectorgraphics)
    com.unity.modules.vehicles@1.0.0 (location: D:\repositories\unity\SampleGameForOneStarMakerFramework\unity\Library\PackageCache\com.unity.modules.vehicles)
    com.unity.modules.video@1.0.0 (location: D:\repositories\unity\SampleGameForOneStarMakerFramework\unity\Library\PackageCache\com.unity.modules.video)
    com.unity.modules.wind@1.0.0 (location: D:\repositories\unity\SampleGameForOneStarMakerFramework\unity\Library\PackageCache\com.unity.modules.wind)
    com.unity.modules.xr@1.0.0 (location: D:\repositories\unity\SampleGameForOneStarMakerFramework\unity\Library\PackageCache\com.unity.modules.xr)
    com.unity.modules.subsystems@1.0.0 (location: D:\repositories\unity\SampleGameForOneStarMakerFramework\unity\Library\PackageCache\com.unity.modules.subsystems)
    com.unity.modules.hierarchycore@1.0.0 (location: D:\repositories\unity\SampleGameForOneStarMakerFramework\unity\Library\PackageCache\com.unity.modules.hierarchycore)
    com.unity.ext.nunit@2.1.0 (location: D:\repositories\unity\SampleGameForOneStarMakerFramework\unity\Library\PackageCache\com.unity.ext.nunit@0198eae3b53e)
    com.unity.render-pipelines.core@17.6.0 (location: D:\repositories\unity\SampleGameForOneStarMakerFramework\unity\Library\PackageCache\com.unity.render-pipelines.core@2d66c71e606e)
    com.unity.shadergraph@17.6.0 (location: D:\repositories\unity\SampleGameForOneStarMakerFramework\unity\Library\PackageCache\com.unity.shadergraph@ef6135652377)
    com.unity.render-pipelines.universal-config@17.6.0 (location: D:\repositories\unity\SampleGameForOneStarMakerFramework\unity\Library\PackageCache\com.unity.render-pipelines.universal-config@561422b74439)
    com.unity.burst@2.0.0 (location: D:\repositories\unity\SampleGameForOneStarMakerFramework\unity\Library\PackageCache\com.unity.burst@626e66ab421b)
    com.unity.collections@6.6.0 (location: D:\repositories\unity\SampleGameForOneStarMakerFramework\unity\Library\PackageCache\com.unity.collections@10fff0607388)
    com.unity.mathematics@1.4.0 (location: D:\repositories\unity\SampleGameForOneStarMakerFramework\unity\Library\PackageCache\com.unity.mathematics@8306a64d0cd6)
    com.unity.graph-authoring@1.0.0 (location: D:\repositories\unity\SampleGameForOneStarMakerFramework\unity\Library\PackageCache\com.unity.graph-authoring@cfd2588851ee)
    com.unity.test-framework.performance@6.6.0 (location: D:\repositories\unity\SampleGameForOneStarMakerFramework\unity\Library\PackageCache\com.unity.test-framework.performance@0a60b857a52e)
  Git packages:
    com.annulusgames.lit-motion@https://github.com/annulusgames/LitMotion.git?path=src/LitMotion/Assets/LitMotion (location: D:\repositories\unity\SampleGameForOneStarMakerFramework\unity\Library\PackageCache\com.annulusgames.lit-motion@2317f5d282a9)
    com.cysharp.csprojmodifier@https://github.com/Cysharp/CsprojModifier.git?path=src/CsprojModifier/Assets/CsprojModifier (location: D:\repositories\unity\SampleGameForOneStarMakerFramework\unity\Library\PackageCache\com.cysharp.csprojmodifier@939808655b39)
    com.cysharp.unitask@https://github.com/Cysharp/UniTask.git?path=src/UniTask/Assets/Plugins/UniTask (location: D:\repositories\unity\SampleGameForOneStarMakerFramework\unity\Library\PackageCache\com.cysharp.unitask@360e370345b9)
    com.github-glitchenzo.nugetforunity@https://github.com/GlitchEnzo/NuGetForUnity.git?path=/src/NuGetForUnity (location: D:\repositories\unity\SampleGameForOneStarMakerFramework\unity\Library\PackageCache\com.github-glitchenzo.nugetforunity@1c1553136be4)
[Package Manager] com.unity.analytics is deprecated: This package is deprecated and won't be compatible with future Unity versions. It will only receive critical updates, with no new features or bug fixes. Migrate to Unity Analytics: https://docs.unity.com/en-us/analytics
[Subsystems] No new subsystems found in resolved package list.
[Package Manager] Done registering packages in 0.03 seconds
Assembly reference Packages/com.unity.cinemachine/Editor/Samples/ExposeHDRPInternals/HDRP-Editor-ref.asmref has no target assembly definition
Assembly reference Packages/com.unity.cinemachine/Editor/Samples/ExposeHDRPInternals/HDRP-Editor-ref.asmref has no target assembly definition
Starting: D:\UnityEditor\6000.6.0f1\Editor\Data\Tools\BuildPipeline\bee_backend.exe --ipc --defer-dag-verification --dagfile="Library/Bee/1900b0aEDbg.dag" --continue-on-failure --profile="Library/Bee/backend1.traceevents" ScriptAssemblies
WorkingDir: D:/repositories/unity/SampleGameForOneStarMakerFramework/unity
ExitCode: 0 Duration: 1s0ms
[1444/1925  0s] ILPP-Configuration Library/ilpp-configuration.nevergeneratedoutput
*** Tundra build success (0.96 seconds), 1 items updated, 1925 evaluated
DisplayProgressbar: Compiling Scripts
Total cache size 267210888
Total cache size after purge 267210888, took 00:00:00.8928861
AssetDatabase: script compilation time: 4.256051s
Begin MonoManager ReloadAssembly
Assembly reference Packages/com.unity.cinemachine/Editor/Samples/ExposeHDRPInternals/HDRP-Editor-ref.asmref has no target assembly definition
'Packages/com.unity.render-pipelines.core/Editor/Deprecated.cs' contains partial class of Unity.Object, exactly 1 of the partial classes needs to be in a file with the same filename. This is to know the one that can be referenced from ie. GameObjects
'Packages/com.unity.render-pipelines.core/Editor/Deprecated.cs' contains partial class of Unity.Object, exactly 1 of the partial classes needs to be in a file with the same filename. This is to know the one that can be referenced from ie. GameObjects
'Packages/com.unity.cinemachine/Editor/Editors/CinemachineVirtualCameraBaseEditor.cs' contains partial class of Unity.Object, exactly 1 of the partial classes needs to be in a file with the same filename. This is to know the one that can be referenced from ie. GameObjects
'Packages/com.unity.cinemachine/Editor/Obsolete/CinemachineVirtualCameraBaseEditor.cs' contains partial class of Unity.Object, exactly 1 of the partial classes needs to be in a file with the same filename. This is to know the one that can be referenced from ie. GameObjects
Refreshing native plugins compatible for Editor in 27.12 ms, found 4 plugins.
Native extension for WindowsStandalone target not found
Start HTTP server: port:7800
ScheduleIndexationOnStartup MainProcess:True IndexOnStartup:True
Scripting: successfully reloaded assembly
- Finished resetting the current domain, in  2.652 seconds
Domain Reload Profiling: 7475ms
	BeginReloadAssembly (335ms)
		DisableScriptedObjects (32ms)
		CreateAndSetChildDomain (53ms)
	RebuildCommonClasses (12ms)
	RebuildNativeTypeToScriptingClass (22ms)
	initialDomainReloadingComplete (185ms)
	LoadAllAssembliesAndSetupDomain (4268ms)
		LoadAssemblies (3258ms)
		TypeCache.Refresh (456ms)
			TypeCache.ScanAssembly (429ms)
		AnalyzeDomain (202ms)
			BuildScriptInfoCaches (189ms)
			ResolveRequiredComponents (11ms)
	FinalizeReload (2653ms)
		SetupLoadedEditorAssemblies (0ms)
			LogAssemblyErrors (4ms)
			BeforeProcessingInitializeOnLoad (169ms)
			ProcessInitializeOnLoadAttributes (1745ms)
			ProcessInitializeOnLoadMethodAttributes (173ms)
			AfterProcessingInitializeOnLoad (19ms)
			EditorAssembliesLoaded (3ms)
		AwakeInstancesAfterBackupRestoration (31ms)
Starting new worker id: 0 with log in D:/repositories/unity/SampleGameForOneStarMakerFramework/unity/Logs/AssetImportWorkerHW0.log

Asset Pipeline Refresh (id=58e89b9fca5cc54429d438a1ed4a58e5): Total: 13.920 seconds - Initiated by InitialRefreshV2(ForceSynchronousImport)
	(Values over 0.05ms)
	Summary:
		Imports: total=0 (actual=0, local cache=0, cache server=0)
		Asset DB Process Time: managed=0 ms, native=4130 ms
		Asset DB Callback time: managed=55 ms, native=36 ms
		Scripting: domain reloads=1, domain reload time=5043 ms, compile time=4259 ms, other=395 ms
		Project Asset Count: scripts=3594, non-scripts=5105
		Asset File Changes: new=0, changed=0, moved=0, deleted=0
		Scan Filter Count: 0
	InvokePackagesCallback: 40.228ms
	ApplyChangesToAssetFolders: 1.067ms
	Scan: 294.537ms
	Collect global state as custom dependencies: 24.145ms
	CategorizeScriptCompilationAssets: 138.899ms
	ProcessAssetsWithTransientArtifactChanges: 194.141ms
	CategorizeAssets: 108.972ms
	CompileScripts: 4259.344ms
	ImportOutOfDateAssets: 2746.305ms (2726.166ms without children)
		ReloadNativeAssets: 0.687ms
		UnloadImportedAssets: 4.199ms
		EnsureUptoDateAssetsAreRegisteredWithGuidPM: 1.864ms
		ImportSchedulerStart: 13.385ms
	PostProcessAllAssets: 55.101ms
		MonoPostProcessAllAssets: 55.007ms
			UniversalRenderPipelineGlobalSettingsPostprocessor.OnPostprocessAllAssets 26.383ms
			SyncVS.PostprocessSyncProject 5.037ms
			WindowAssetPostprocessingWatcher.OnPostprocessAllAssets 2.352ms
			SpeedTree9Postprocessor.OnPostprocessAllAssets 2.205ms
			RenderPipelineGlobalSettingsPostprocessor.OnPostprocessAllAssets 1.055ms
			EditModeScopePostprocessor.OnPostprocessAllAssets 1.008ms
			ShaderReflectionAssetPostProcessor.OnPostprocessAllAssets 0.519ms
			DomainReloadProcessor.OnPostprocessAllAssets 0.383ms
			InputActionAssetPostprocessor.OnPostprocessAllAssets 0.361ms
			CinemachineSettings.OnPostprocessAllAssets 0.344ms
			AssetDatabaseCallbacks.OnPostprocessAllAssets 0.292ms
			TerrainToolbarOverlayPostProcessor.OnPostprocessAllAssets 0.260ms
			ReferencedClipsPostProcessor.OnPostprocessAllAssets 0.234ms
			AssetPostprocessorProxy.OnPostprocessAllAssets 0.223ms
			ProjectSettingsPostprocessor.OnPostprocessAllAssets 0.172ms
	UnloadStreamsBegin: 2.106ms
	PersistCurrentRevisions: 0.216ms
	GenerateScriptTypeHashes: 2.351ms
	GenerateScriptTypeSerializationHashes: 4.571ms
	Untracked: 6029.239ms

Application.AssetDatabase Initial Refresh End
Launched and connected shader compiler UnityShaderCompiler.exe after 0.01 seconds
Scanning for USB devices : 12.163ms
Initializing Unity extensions:
Worker ready: AssetImportWorkerHW0 0
[MODES] ModeService[none].Initialize
[MODES] ModeService[none].LoadModes
[MODES] Loading mode Default (0) for mode-current-id-SampleGame
Unloading 29 Unused Serialized files (Serialized files now loaded: 0)
Unloading 10818 unused Assets / (10.1 MB). Loaded Objects now: 12087.
Memory consumption went from 0.52 GB to 0.51 GB.
Total: 20.465800 ms (FindLiveObjects: 1.268400 ms CreateObjectMapping: 0.676000 ms MarkObjects: 11.883800 ms  DeleteObjects: 6.314400 ms)

[Project] Loading completed in 21.087 seconds
	Project init time: 				20.586 seconds
		Template init time: 		0.000 seconds
		Package Manager init time: 		0.513 seconds
		Asset Database init time: 		0.343 seconds
		Global illumination init time: 	0.003 seconds
		Assemblies load time: 			1.747 seconds
		Unity extensions init time: 	0.035 seconds
		Asset Database refresh time: 	13.922 seconds
	Scene opening time: 			0.273 seconds
##utp:{"type":"ProjectInfo","version":2,"phase":"Immediate","time":1789739531120,"processId":11412,"projectLoad":21.0866301,"projectInit":20.5856948,"templateInit":0.0,"packageManagerInit":0.5127512,"assetDatabaseInit":0.3433342,"globalIlluminationInit":0.0027279,"assembliesLoad":1.7471131,"unityExtensionsInit":0.0354977,"assetDatabaseRefresh":13.9218021,"sceneOpening":0.2729593}
##utp:{"type":"EditorInfo","version":2,"phase":"Immediate","time":1789739531120,"processId":11412,"editorVersion":"6000.6.0f1 (f7f8ed4d1e24)","branch":"6000.6/respin/6000.6.0f1-fa21a270ab12","buildType":"Release","platform":"Windows"}
[Licensing::Client] Successfully resolved entitlement details
Running tests for ExecutionSettings with details:
targetPlatform = 
playerHeartbeatTimeout = 600
filters[0] = 
   Filter with settings:
   testMode = EditMode
   targetPlatform = 
   testNames = null
   groupNames = ContentDirectory
   categoryNames = null
   assemblyNames = null
ignoreTests = {}
featureFlags = null

UnityEngine.Debug:ExtractStackTraceNoAlloc (byte*,int,string)
UnityEngine.StackTraceUtility:ExtractStackTrace ()
UnityEngine.DebugLogHandler:Internal_Log (UnityEngine.LogType,UnityEngine.LogOption,string,UnityEngine.Object)
UnityEngine.DebugLogHandler:LogFormat (UnityEngine.LogType,UnityEngine.Object,string,object[])
UnityEngine.Logger:Log (UnityEngine.LogType,object)
UnityEngine.Debug:Log (object)
UnityEditor.TestTools.TestRunner.CommandLineTest.Executer:InitializeAndExecuteRun (string[]) (at ./Library/PackageCache/com.unity.test-framework@7a3849e09bd0/UnityEditor.TestRunner/CommandLineTest/Executer.cs:53)
UnityEditor.TestTools.TestRunner.CommandLineTest.TestStarter:InitializeAndExecuteRun () (at ./Library/PackageCache/com.unity.test-framework@7a3849e09bd0/UnityEditor.TestRunner/CommandLineTest/TestStarter.cs:64)
UnityEditor.EditorApplication:Internal_CallUpdateFunctions ()

(Filename: ./Library/PackageCache/com.unity.test-framework@7a3849e09bd0/UnityEditor.TestRunner/CommandLineTest/Executer.cs Line: 53)

Start Indexing on Editor startup
[Indexing] Starting Initial Indexing for Assets
[UnityConnectServicesConfig] config is NOT valid, switching to default
Created GICache directory at C:/Users/void/AppData/LocalLow/Unity/Caches/GiCache. Took: 0.034s, timestamps: [21.090 - 21.124]
[Licensing::Client] Successfully resolved entitlement details
[Licensing::Client] Successfully resolved entitlement details
Unloading 15 Unused Serialized files (Serialized files now loaded: 0)
Unloading 18 unused Assets / (148.3 KB). Loaded Objects now: 12250.
Memory consumption went from 0.54 GB to 0.54 GB.
Total: 15.138600 ms (FindLiveObjects: 0.588700 ms CreateObjectMapping: 0.210500 ms MarkObjects: 13.933600 ms  DeleteObjects: 0.105400 ms)

Executing IPrebuildSetup for: Unity.PerformanceTesting.Editor.TestRunBuilder.
UnityEngine.Debug:ExtractStackTraceNoAlloc (byte*,int,string)
UnityEngine.StackTraceUtility:ExtractStackTrace ()
UnityEngine.DebugLogHandler:Internal_Log (UnityEngine.LogType,UnityEngine.LogOption,string,UnityEngine.Object)
UnityEngine.DebugLogHandler:LogFormat (UnityEngine.LogType,UnityEngine.Object,string,object[])
UnityEngine.Logger:Log (UnityEngine.LogType,object)
UnityEngine.Debug:Log (object)
UnityEditor.TestTools.TestRunner.TestRun.Tasks.BuildActionTaskBase`1/<ExecuteMethods>d__8<UnityEngine.TestTools.IPrebuildSetup>:MoveNext () (at ./Library/PackageCache/com.unity.test-framework@7a3849e09bd0/UnityEditor.TestRunner/TestRun/Tasks/BuildActionTaskBase.cs:48)
UnityEditor.TestTools.TestRunner.TestRun.Tasks.BuildActionTaskBase`1/<Execute>d__7<UnityEngine.TestTools.IPrebuildSetup>:MoveNext () (at ./Library/PackageCache/com.unity.test-framework@7a3849e09bd0/UnityEditor.TestRunner/TestRun/Tasks/BuildActionTaskBase.cs:34)
UnityEditor.TestTools.TestRunner.TestRun.TestJobRunner:ExecuteStep () (at ./Library/PackageCache/com.unity.test-framework@7a3849e09bd0/UnityEditor.TestRunner/TestRun/TestJobRunner.cs:194)
UnityEditor.TestTools.TestRunner.TestRun.TestJobRunner:ExecuteCallback () (at ./Library/PackageCache/com.unity.test-framework@7a3849e09bd0/UnityEditor.TestRunner/TestRun/TestJobRunner.cs:129)
UnityEditor.EditorApplication:Internal_CallUpdateFunctions ()

(Filename: ./Library/PackageCache/com.unity.test-framework@7a3849e09bd0/UnityEditor.TestRunner/TestRun/Tasks/BuildActionTaskBase.cs Line: 48)

Importing 'GUID: ec47dc235bc263d4e8974a1938bb941e - Path: Assets/OneStarMakerGenerated' with importer (DefaultImporter)
Imported 'GUID: ec47dc235bc263d4e8974a1938bb941e' -> (Import Result ID: 'eed191ddf0e19d6512e6514aa1a0600c') in 0.018 seconds [static dependencies only]. Details - ImportResultOutputID=68e71254d9b4ae6262ef8ff4a537ef3e DependenciesID=ba11a9f5a4387a126344f9d19ae3327c StaticDependenciesID=62f0e18fcf296328db68787b0c91117d 
Refreshing native plugins compatible for Editor in 24.90 ms, found 4 plugins.

Asset Pipeline Refresh (id=72c6208f15104454b84ed8c133b22d96): Total: 0.481 seconds - Initiated by StopAssetImportingV2(NoUpdateAssetOptions)
	(Values over 0.05ms)
	Summary:
		Imports: total=1 (actual=1, local cache=0, cache server=0)
		Asset DB Process Time: managed=4 ms, native=150 ms
		Asset DB Callback time: managed=260 ms, native=65 ms
		Scripting: domain reloads=0, domain reload time=0 ms, compile time=0 ms, other=0 ms
		Project Asset Count: scripts=3595, non-scripts=5105
		Asset File Changes: new=1, changed=1, moved=0, deleted=0
		Scan Filter Count: 2
	ApplyChangesToAssetFolders: 0.195ms
	Scan: 37.110ms
	Collect global state as custom dependencies: 1.359ms
	OnSourceAssetsModified: 0.810ms
	ProcessAssetsWithTransientArtifactChanges: 0.132ms
	CategorizeAssets: 69.452ms
	ImportOutOfDateAssets: 22.386ms (0.363ms without children)
		ImportManagerImport: 19.983ms (1.403ms without children)
		ReloadNativeAssets: 0.667ms
		UnloadImportedAssets: 0.157ms
		EnsureUptoDateAssetsAreRegisteredWithGuidPM: 0.983ms
		ImportSchedulerStart: 0.230ms
	PostProcessAllAssets: 298.298ms
		XRBuildSystem.XRAssetImported 39.886ms
		VersionControlSettings.HiddenFilePostprocess 0.076ms
		MonoPostProcessAllAssets: 257.635ms
			AssetPostprocessor.OnPostprocessAllAssets 161.710ms
			StyleCatalogPostProcessor.OnPostprocessAllAssets 62.039ms
			BuilderAssetPostprocessor.OnPostprocessAllAssets 4.904ms
			AddressablesAssetPostProcessor.OnPostprocessAllAssets 3.587ms
			SpriteSlicePostprocessor.OnPostprocessAllAssets 3.430ms
			VersionHandlerImpl.OnPostprocessAllAssets 1.905ms
			PackageManagerResolver.OnPostprocessAllAssets 1.835ms
			ShaderGraphAssetPostProcessor.OnPostprocessAllAssets 1.718ms
			RetainedModeAssetPostprocessor.OnPostprocessAllAssets 1.312ms
			NugetAssetPostprocessor.OnPostprocessAllAssets 1.063ms
			ArtifactBrowserPostProcessor.OnPostprocessAllAssets 1.018ms
			SyncVS.PostprocessSyncProject 0.917ms
			SpriteEditorTexturePostprocessor.OnPostprocessAllAssets 0.857ms
			IOSResolver.OnPostprocessAllAssets 0.682ms
			MaterialPostprocessor.OnPostprocessAllAssets 0.641ms
			TMPro_TexturePostProcessor.OnPostprocessAllAssets 0.550ms
			UVCSAssetPostprocessor.OnPostprocessAllAssets 0.514ms
			PlayServicesResolver.OnPostprocessAllAssets 0.476ms
			TextAssetPostProcessor.OnPostprocessAllAssets 0.471ms
			AssetEvents.OnPostprocessAllAssets 0.439ms
			AssetProcessor.OnPostprocessAllAssets 0.430ms
			AudioMixerPostprocessor.OnPostprocessAllAssets 0.411ms
			InputActionJsonNameModifierAssetProcessor.OnPostprocessAllAssets 0.386ms
			AssetPathToTypes.OnPostprocessAllAssets 0.386ms
			PostProcessor.OnPostprocessAllAssets 0.301ms
			AssetChangedListener.OnPostprocessAllAssets 0.272ms
			ThemePostprocessor.OnPostprocessAllAssets 0.266ms
			ConfigAssetsTracker.OnPostprocessAllAssets 0.236ms
			SamplePostprocessor.OnPostprocessAllAssets 0.202ms
			SpeedTreePostProcessor.OnPostprocessAllAssets 0.186ms
			RenderPipelineGlobalSettingsPostprocessor.OnPostprocessAllAssets 0.175ms
			InputActionAssetPostprocessor.OnPostprocessAllAssets 0.168ms
			ScenarioDriftAssetsTracker.OnPostprocessAllAssets 0.167ms
			AssetReloadNotifier.OnPostprocessAllAssets 0.127ms
			AudioContainerPostProcessor.OnPostprocessAllAssets 0.114ms
	PostAssetChangesProfiler: 26.974ms
	GatherAllCurrentPrimaryImportResultRevisions: 0.308ms
	PersistCurrentRevisions: 0.299ms
	Untracked: 9.988ms

Importing 'GUID: 86044827c0bf7b94cb4761e7dd3d56d9 - Path: Assets/OneStarMakerGenerated/BS3Tests' with importer (DefaultImporter)
Imported 'GUID: 86044827c0bf7b94cb4761e7dd3d56d9' -> (Import Result ID: 'ca4eefa293a5036db41079ba1b205870') in 0.009 seconds [static dependencies only]. Details - ImportResultOutputID=b072802b82f8f601f5e616758bc486e3 DependenciesID=e88b392918b87cee38b61b0d4f074462 StaticDependenciesID=b9b972aa03a2d38e344ba1c373973892 
Refreshing native plugins compatible for Editor in 21.74 ms, found 4 plugins.
Asset Pipeline Refresh (id=6af9b7f237d33e642a71e839674063bd): Total: 0.108 seconds - Initiated by StopAssetImportingV2(NoUpdateAssetOptions)
Importing 'GUID: 3ad99b34152af0d43b2daafbd2e2d8d7 - Path: Assets/OneStarMakerGenerated/BS3Tests/1be9d31507164ded909884279eaa421b' with importer (DefaultImporter)
Imported 'GUID: 3ad99b34152af0d43b2daafbd2e2d8d7' -> (Import Result ID: '3649a323fafb620f5bb30ec6d2605f21') in 0.010 seconds [static dependencies only]. Details - ImportResultOutputID=3d21a066a0539cdd51ea167e16f40b14 DependenciesID=c303dbdb2c1e3a755734471cdb0292dd StaticDependenciesID=357f13f9e6ddd0722f81fdf26ca9719e 
Refreshing native plugins compatible for Editor in 24.39 ms, found 4 plugins.
Asset Pipeline Refresh (id=10de891424ddc9e4882686e4792d0c82): Total: 0.101 seconds - Initiated by StopAssetImportingV2(NoUpdateAssetOptions)
Importing 'GUID: 13c8257969680fb44b706ba8b60ebfa5 - Path: Assets/OneStarMakerGenerated/BS3Tests/1be9d31507164ded909884279eaa421b/Texture.png' with importer (TextureImporter)
Imported 'GUID: 13c8257969680fb44b706ba8b60ebfa5' -> (Import Result ID: '8720f75b08b9ecc5cd172a6d30965cc2') in 0.031 seconds [static and dynamic dependencies]. Details - ImportResultOutputID=00a4fee3359703a5b597af3a6b14d695 DependenciesID=07db1bd7985462c2bab0e6d3a6eb7c8c StaticDependenciesID=36e1dbd307183d976e75e853bdb94c1b 
Refreshing native plugins compatible for Editor in 27.94 ms, found 4 plugins.
Asset Pipeline Refresh (id=78e9d8a4e30943c408f4abcd6fd93b60): Total: 0.141 seconds - Initiated by StopAssetImportingV2(NoUpdateAssetOptions)
Importing 'GUID: 842c4a0d3ed78e34bb06fe10b82d5123 - Path: Assets/OneStarMakerGenerated/BS3Tests/1be9d31507164ded909884279eaa421b/Shared.mat' with importer (NativeFormatImporter)
Imported 'GUID: 842c4a0d3ed78e34bb06fe10b82d5123' -> (Import Result ID: '49687a1291adbf613610b01f78e1a854') in 0.002 seconds [static dependencies only]. Details - ImportResultOutputID=1489170b510fa0e391fe3d30cc6bebca DependenciesID=ef41a9d09eea701e4c98a4374d64ca3f StaticDependenciesID=5e3373f7500dba195e5db63de6bc7505 
Refreshing native plugins compatible for Editor in 25.32 ms, found 4 plugins.
Asset Pipeline Refresh (id=8a7433e0a8fd86c4287cfb752ec5d6e2): Total: 0.123 seconds - Initiated by StopAssetImportingV2(NoUpdateAssetOptions)
Unloading 3 Unused Serialized files (Serialized files now loaded: 0)
Unloading 85 unused Assets / (65.6 KB). Loaded Objects now: 12251.
Memory consumption went from 0.55 GB to 0.55 GB.
Total: 14.869600 ms (FindLiveObjects: 0.540700 ms CreateObjectMapping: 0.220800 ms MarkObjects: 13.711500 ms  DeleteObjects: 0.080400 ms)

Importing 'GUID: 842c4a0d3ed78e34bb06fe10b82d5123 - Path: Assets/OneStarMakerGenerated/BS3Tests/1be9d31507164ded909884279eaa421b/Shared.mat' with importer (NativeFormatImporter)
Imported 'GUID: 842c4a0d3ed78e34bb06fe10b82d5123' -> (Import Result ID: 'b12685b72fb99a08db401eafedf7cbbe') in 0.002 seconds [static dependencies only]. Details - ImportResultOutputID=1489170b510fa0e391fe3d30cc6bebca DependenciesID=51f1836917e89bbed30910d3a8593e28 StaticDependenciesID=fe8c202094b76730286440cd81166049 
Refreshing native plugins compatible for Editor in 24.30 ms, found 4 plugins.
Asset Pipeline Refresh (id=5084fcf1d53e4564b8a7a16b4167b223): Total: 0.137 seconds - Initiated by StopAssetImportingV2(NoUpdateAssetOptions)
Importing 'GUID: 6f03e53a980585f4e98eec7b6633dab8 - Path: Assets/OneStarMakerGenerated/BS3Tests/1be9d31507164ded909884279eaa421b/Scene.unity' with importer (DefaultImporter)
Imported 'GUID: 6f03e53a980585f4e98eec7b6633dab8' -> (Import Result ID: '8ffd4cd62d4a03b1c3d7bd5dc650e84c') in 0.002 seconds [static dependencies only]. Details - ImportResultOutputID=18d6ce04948766ae7d69b6dcf831c67e DependenciesID=e43fc4e8e1e120ded80fd8e40bcfaf52 StaticDependenciesID=fe31e1abc4680b7f608a5ec3017f264f 
Refreshing native plugins compatible for Editor in 23.45 ms, found 4 plugins.
Asset Pipeline Refresh (id=a7fe4f851c306904ca33e2ea5fb19588): Total: 0.095 seconds - Initiated by StopAssetImportingV2(NoUpdateAssetOptions)
Importing 'GUID: d5ec1391b4b8799438c1715ded87a3b7 - Path: Assets/OneStarMakerGenerated/BS3Tests/1be9d31507164ded909884279eaa421b/High.prefab' with importer (PrefabImporter)
Imported 'GUID: d5ec1391b4b8799438c1715ded87a3b7' -> (Import Result ID: '184bc648147af496269c26d39df97416') in 0.011 seconds [static dependencies only]. Details - ImportResultOutputID=c04b5865bc7b408c7befd844ff3cf0bc DependenciesID=5a735fbbff939d4ccd06f9da29bb62bb StaticDependenciesID=23a70e56dbfd2178bd2b52f8abf2202d 
Refreshing native plugins compatible for Editor in 27.21 ms, found 4 plugins.
Asset Pipeline Refresh (id=8e90acdf4a65f2948a0ccb51d77e38f0): Total: 0.132 seconds - Initiated by StopAssetImportingV2(NoUpdateAssetOptions)
Importing 'GUID: c3945d5604def9f43beae5f93d7deb97 - Path: Assets/OneStarMakerGenerated/BS3Tests/1be9d31507164ded909884279eaa421b/Low.prefab' with importer (PrefabImporter)
Imported 'GUID: c3945d5604def9f43beae5f93d7deb97' -> (Import Result ID: '65e5a6c7ae7bf1dd60a9f18bab53ae9b') in 0.019 seconds [static dependencies only]. Details - ImportResultOutputID=0c5f611c062965b65a46bdb5f1a27cfd DependenciesID=c07429d3ed2e07d973d98c30de814186 StaticDependenciesID=a3b4ef3389ceeadbbe8721780bceffa1 
Refreshing native plugins compatible for Editor in 22.51 ms, found 4 plugins.
Asset Pipeline Refresh (id=d71a86241cad6d448b841d9f4235d370): Total: 0.115 seconds - Initiated by StopAssetImportingV2(NoUpdateAssetOptions)
Importing 'GUID: bbc0ca35b9ebbc545b375f015eba8acc - Path: Assets/OneStarMakerGenerated/BS3Tests/1be9d31507164ded909884279eaa421b/Excluded.prefab' with importer (PrefabImporter)
Imported 'GUID: bbc0ca35b9ebbc545b375f015eba8acc' -> (Import Result ID: 'b3ff2e90c9eaba0b83b087025a4a56b4') in 0.012 seconds [static dependencies only]. Details - ImportResultOutputID=decb1492136d59446ade06d2cc49f168 DependenciesID=149401650fb9058b5bbb3e828f95adeb StaticDependenciesID=03c7264a5a4624588cf942c8891caf6a 
Refreshing native plugins compatible for Editor in 21.80 ms, found 4 plugins.
Asset Pipeline Refresh (id=a4ec3dc1b3d790340a1898f52f2b7743): Total: 0.103 seconds - Initiated by StopAssetImportingV2(NoUpdateAssetOptions)
Importing 'GUID: 6f03e53a980585f4e98eec7b6633dab8 - Path: Assets/OneStarMakerGenerated/BS3Tests/1be9d31507164ded909884279eaa421b/Scene.unity' with importer (DefaultImporter)
Imported 'GUID: 6f03e53a980585f4e98eec7b6633dab8' -> (Import Result ID: 'a54fcbe20fd4b211cf5227acf6138caa') in 0.001 seconds [static dependencies only]. Details - ImportResultOutputID=18d6ce04948766ae7d69b6dcf831c67e DependenciesID=fab38a1793ae15a691bec90c7a650164 StaticDependenciesID=385af633e4bed52d6fba3ec4be6b5f70 
Refreshing native plugins compatible for Editor in 22.68 ms, found 4 plugins.
Asset Pipeline Refresh (id=38bcb4c3455b1f142abf7e4e341ae70d): Total: 0.089 seconds - Initiated by StopAssetImportingV2(NoUpdateAssetOptions)
Importing 'GUID: 29a34471417da7a4ebd9d645900571b7 - Path: Assets/OneStarMakerGenerated/BS2b' with importer (DefaultImporter)
Imported 'GUID: 29a34471417da7a4ebd9d645900571b7' -> (Import Result ID: '0a9e2d4dc6825d52c24f629d813069b6') in 0.009 seconds [static dependencies only]. Details - ImportResultOutputID=71aa7d8fba12186f3204938597d57817 DependenciesID=70a51705d2ae5680df6d36ef705fd8ec StaticDependenciesID=8860faee2aa6f63c15b57e40e03ae3b1 
Refreshing native plugins compatible for Editor in 22.37 ms, found 4 plugins.
Asset Pipeline Refresh (id=3610b2b491addd245b76c7993062d783): Total: 0.096 seconds - Initiated by StopAssetImportingV2(NoUpdateAssetOptions)
Importing 'GUID: 4f31fbf151f254b49bb590e5f9686a9a - Path: Assets/OneStarMakerGenerated/BS2b/20260918T135216365Z-7e413271e6984563a56fbfd49da043cb' with importer (DefaultImporter)
Imported 'GUID: 4f31fbf151f254b49bb590e5f9686a9a' -> (Import Result ID: 'ec140608312431d2a7918b2e4547f2b2') in 0.008 seconds [static dependencies only]. Details - ImportResultOutputID=a284407ef21096506785a2b2b676ec08 DependenciesID=3bedab8758c06c0d58ee8c4eb0f37087 StaticDependenciesID=128f20a9f608fe0644ed62ff6fdd3216 
Refreshing native plugins compatible for Editor in 22.36 ms, found 4 plugins.
Asset Pipeline Refresh (id=ff8e43f688bc0a741926048f31382856): Total: 0.093 seconds - Initiated by StopAssetImportingV2(NoUpdateAssetOptions)
Importing 'GUID: 99285e001fecba14aabd9e64260b5237 - Path: Assets/OneStarMakerGenerated/BS2b/20260918T135216365Z-7e413271e6984563a56fbfd49da043cb/bs2b-owner.marker' with importer (DefaultImporter)
Imported 'GUID: 99285e001fecba14aabd9e64260b5237' -> (Import Result ID: '4eef4e799a2e14b309261bb334af20ec') in 0.048 seconds [static dependencies only]. Details - ImportResultOutputID=b821e32b39677630d8ad761267e9839d DependenciesID=46a3a13f6d44b0e6cf4206c2e0fac4ae StaticDependenciesID=01419214cf5c566c3429db5434b7e584 
Refreshing native plugins compatible for Editor in 23.95 ms, found 4 plugins.
Asset Pipeline Refresh (id=0a42867255176004f847c24c4eb163d5): Total: 0.160 seconds - Initiated by RefreshV2(NoUpdateAssetOptions)
Importing 'GUID: b4f67871606440b42ab55921af91cfe1 - Path: Assets/OneStarMakerGenerated/BS2b/20260918T135216365Z-7e413271e6984563a56fbfd49da043cb/BuildContentRoot.asset' with importer (NativeFormatImporter)
Imported 'GUID: b4f67871606440b42ab55921af91cfe1' -> (Import Result ID: '965578fd8fe38e17bbc3825120da3c75') in 0.002 seconds [static dependencies only]. Details - ImportResultOutputID=d6747c46c894fdb8b795de8d41cf0bc1 DependenciesID=358e3c87b3f6f2d20804be3d3a3e889c StaticDependenciesID=91647ed841149c914e142684ed633dc1 
Refreshing native plugins compatible for Editor in 23.70 ms, found 4 plugins.
Asset Pipeline Refresh (id=17b6539dddf3d9d439a3c295bcca3a53): Total: 0.101 seconds - Initiated by StopAssetImportingV2(NoUpdateAssetOptions)
Importing 'GUID: b4f67871606440b42ab55921af91cfe1 - Path: Assets/OneStarMakerGenerated/BS2b/20260918T135216365Z-7e413271e6984563a56fbfd49da043cb/BuildContentRoot.asset' with importer (NativeFormatImporter)
Imported 'GUID: b4f67871606440b42ab55921af91cfe1' -> (Import Result ID: '965578fd8fe38e17bbc3825120da3c75') in 0.002 seconds [static dependencies only]. Details - ImportResultOutputID=d6747c46c894fdb8b795de8d41cf0bc1 DependenciesID=358e3c87b3f6f2d20804be3d3a3e889c StaticDependenciesID=91647ed841149c914e142684ed633dc1 
Refreshing native plugins compatible for Editor in 22.56 ms, found 4 plugins.
Asset Pipeline Refresh (id=14fb68b4f6fa36940abac81c756d70ea): Total: 0.073 seconds - Initiated by StopAssetImportingV2(NoUpdateAssetOptions)
Importing 'GUID: b4f67871606440b42ab55921af91cfe1 - Path: Assets/OneStarMakerGenerated/BS2b/20260918T135216365Z-7e413271e6984563a56fbfd49da043cb/BuildContentRoot.asset' with importer (NativeFormatImporter)
Imported 'GUID: b4f67871606440b42ab55921af91cfe1' -> (Import Result ID: '965578fd8fe38e17bbc3825120da3c75') in 0.002 seconds [static dependencies only]. Details - ImportResultOutputID=d6747c46c894fdb8b795de8d41cf0bc1 DependenciesID=358e3c87b3f6f2d20804be3d3a3e889c StaticDependenciesID=91647ed841149c914e142684ed633dc1 
Refreshing native plugins compatible for Editor in 22.77 ms, found 4 plugins.
Asset Pipeline Refresh (id=827f147107fc48c458677378f28e951d): Total: 0.070 seconds - Initiated by StopAssetImportingV2(NoUpdateAssetOptions)
Importing 'GUID: 4b83569d67af61e458304325a23e5dfd - Path: Assets/Settings/PC_RPAsset.asset' with importer (NativeFormatImporter)
Imported 'GUID: 4b83569d67af61e458304325a23e5dfd' -> (Import Result ID: '2fcb55e6f37e916feb23474e154663f8') in 0.002 seconds [static dependencies only]. Details - ImportResultOutputID=eae66dc0e7a749d738136f6c7279b2f0 DependenciesID=d67c03d163a158e1a173c7d4f8dea317 StaticDependenciesID=272ab2bf0d55e49a9c6ca9c634f4d9aa 
Refreshing native plugins compatible for Editor in 23.10 ms, found 4 plugins.
Asset Pipeline Refresh (id=bc051fd1cd6b8284a92aa4eb48b1e2c9): Total: 0.068 seconds - Initiated by StopAssetImportingV2(NoUpdateAssetOptions)
Asset Pipeline Refresh (id=30688862b7e2a994ca96aa191a089ea3): Total: 0.071 seconds - Initiated by StopAssetImportingV2(NoUpdateAssetOptions)
Opening scene 'Assets/SampleGame/OutGame/Title/Title.unity additively'
Loaded scene 'Assets/SampleGame/OutGame/Title/Title.unity'
	Deserialize:            61.770 ms
	Integration:            0.832 ms
	Integration of assets:  0.153 ms
	Thread Wait Time:       0.008 ms
	Total Operation Time:   62.763 ms
Pipeline: No RuntimePipelineManager components found in build scenes. Pipeline will be disabled in Player builds.
UnityEngine.Debug:ExtractStackTraceNoAlloc (byte*,int,string)
UnityEngine.StackTraceUtility:ExtractStackTrace ()
UnityEngine.DebugLogHandler:Internal_Log (UnityEngine.LogType,UnityEngine.LogOption,string,UnityEngine.Object)
UnityEngine.DebugLogHandler:LogFormat (UnityEngine.LogType,UnityEngine.Object,string,object[])
UnityEngine.Logger:Log (UnityEngine.LogType,object)
UnityEngine.Debug:LogWarning (object)
Unity.Pipeline.Editor.BuildProcessors.PipelineRuntimeBuildProcessor:OnPreprocessBuild (UnityEditor.Build.BuildCallbackContext) (at ./Library/PackageCache/com.unity.pipeline@f49636739437/Editor/BuildProcessors/PipelineRuntimeBuildProcessor.cs:48)
UnityEditor.Build.BuildPipelineInterfaces:OnBuildPreProcessWithContext (UnityEditor.Build.BuildCallbackContext)
UnityEditor.BuildPipeline:BuildContentDirectoryInternal (UnityEditor.BuildContentDirectoryParameters,UnityEngine.GUID)
UnityEditor.BuildPipeline:BuildContentDirectory (UnityEditor.BuildContentDirectoryParameters)
OneStarMaker.Editor.Build.Content.UnityContentDirectoryAdapter:Build (OneStarMaker.Editor.Build.Content.BuildContentProjectionResult,string,string) (at Assets/OneStarMaker/Scripts/Editor/Build/Content/UnityContentDirectoryAdapter.cs:93)
OneStarMaker.Editor.Build.Content.BuildContentCoordinator:Build (OneStarMaker.Editor.Build.Content.BuildContentRequest) (at Assets/OneStarMaker/Scripts/Editor/Build/Content/BuildContentCoordinator.cs:74)
OneStarMaker.Tests.Editor.Build.BuildContentDirectoryIntegrationTests/<ScenePrefabTextureAndTwoRepresentationsBuildAndMoveAsOneDirectory>d__4:MoveNext () (at Assets/OneStarMaker/Tests/Editor/Build/BuildContentDirectoryIntegrationTests.cs:120)
UnityEngine.TestTools.TestEnumerator/<Execute>d__8:MoveNext () (at ./Library/PackageCache/com.unity.test-framework@7a3849e09bd0/UnityEngine.TestRunner/NUnitExtensions/Attributes/TestEnumerator.cs:52)
UnityEngine.TestTools.EnumerableTestMethodCommand/<ExecuteEnumerableAndRecordExceptions>d__4:MoveNext () (at ./Library/PackageCache/com.unity.test-framework@7a3849e09bd0/UnityEngine.TestRunner/NUnitExtensions/Commands/EnumerableTestMethodCommand.cs:85)
UnityEngine.TestTools.EnumerableTestMethodCommand:AdvanceEnumerator (System.Collections.IEnumerator) (at ./Library/PackageCache/com.unity.test-framework@7a3849e09bd0/UnityEngine.TestRunner/NUnitExtensions/Commands/EnumerableTestMethodCommand.cs:64)
UnityEngine.TestTools.EnumerableTestMethodCommand/<ExecuteEnumerable>d__2:MoveNext () (at ./Library/PackageCache/com.unity.test-framework@7a3849e09bd0/UnityEngine.TestRunner/NUnitExtensions/Commands/EnumerableTestMethodCommand.cs:47)
UnityEngine.TestRunner.NUnitExtensions.Runner.UnityLogCheckDelegatingCommand/<ExecuteEnumerable>d__4:MoveNext () (at ./Library/PackageCache/com.unity.test-framework@7a3849e09bd0/UnityEngine.TestRunner/NUnitExtensions/Runner/UnityLogCheckDelegatingCommand.cs:66)
UnityEngine.TestTools.BeforeAfterTestCommandBase`1/<ExecuteEnumerable>d__16<NUnit.Framework.ITestAction>:MoveNext () (at ./Library/PackageCache/com.unity.test-framework@7a3849e09bd0/UnityEngine.TestRunner/NUnitExtensions/Commands/BeforeAfterTestCommandBase.cs:213)
UnityEngine.TestTools.BeforeAfterTestCommandBase`1/<ExecuteEnumerable>d__16<System.Reflection.MethodInfo>:MoveNext () (at ./Library/PackageCache/com.unity.test-framework@7a3849e09bd0/UnityEngine.TestRunner/NUnitExtensions/Commands/BeforeAfterTestCommandBase.cs:213)
UnityEngine.TestTools.BeforeAfterTestCommandBase`1/<ExecuteEnumerable>d__16<System.Reflection.MethodInfo>:MoveNext () (at ./Library/PackageCache/com.unity.test-framework@7a3849e09bd0/UnityEngine.TestRunner/NUnitExtensions/Commands/BeforeAfterTestCommandBase.cs:213)
UnityEngine.TestTools.BeforeAfterTestCommandBase`1/<ExecuteEnumerable>d__16<UnityEngine.TestTools.IOuterUnityTestAction>:MoveNext () (at ./Library/PackageCache/com.unity.test-framework@7a3849e09bd0/UnityEngine.TestRunner/NUnitExtensions/Commands/BeforeAfterTestCommandBase.cs:213)
UnityEngine.TestTools.RetryCommand/<ExecuteEnumerable>d__2:MoveNext () (at ./Library/PackageCache/com.unity.test-framework@7a3849e09bd0/UnityEngine.TestRunner/NUnitExtensions/Commands/RetryCommand.cs:37)
UnityEngine.TestTools.RepeatCommand/<ExecuteEnumerable>d__2:MoveNext () (at ./Library/PackageCache/com.unity.test-framework@7a3849e09bd0/UnityEngine.TestRunner/NUnitExtensions/Commands/RepeatCommand.cs:36)
UnityEngine.TestTools.IgnoreTestCommand/<ExecuteEnumerable>d__3:MoveNext () (at ./Library/PackageCache/com.unity.test-framework@7a3849e09bd0/UnityEngine.TestRunner/NUnitExtensions/Commands/IgnoreTestCommand.cs:42)
UnityEngine.TestTools.StrictCheckCommand/<ExecuteEnumerable>d__2:MoveNext () (at ./Library/PackageCache/com.unity.test-framework@7a3849e09bd0/UnityEngine.TestRunner/NUnitExtensions/Commands/StrictCheckCommand.cs:29)
UnityEditor.TestTools.TestRunner.EditorEnumeratorTestWorkItem/<PerformWork>d__3:MoveNext () (at ./Library/PackageCache/com.unity.test-framework@7a3849e09bd0/UnityEditor.TestRunner/TestRunner/EditorEnumeratorTestWorkItem.cs:97)
UnityEngine.TestRunner.NUnitExtensions.Runner.CompositeWorkItem/<RunChildren>d__17:MoveNext () (at ./Library/PackageCache/com.unity.test-framework@7a3849e09bd0/UnityEngine.TestRunner/NUnitExtensions/Runner/CompositeWorkItem.cs:209)
UnityEngine.TestRunner.NUnitExtensions.Runner.CompositeWorkItem/<PerformWork>d__13:MoveNext () (at ./Library/PackageCache/com.unity.test-framework@7a3849e09bd0/UnityEngine.TestRunner/NUnitExtensions/Runner/CompositeWorkItem.cs:83)
UnityEngine.TestRunner.NUnitExtensions.Runner.CompositeWorkItem/<RunChildren>d__17:MoveNext () (at ./Library/PackageCache/com.unity.test-framework@7a3849e09bd0/UnityEngine.TestRunner/NUnitExtensions/Runner/CompositeWorkItem.cs:209)
UnityEngine.TestRunner.NUnitExtensions.Runner.CompositeWorkItem/<PerformWork>d__13:MoveNext () (at ./Library/PackageCache/com.unity.test-framework@7a3849e09bd0/UnityEngine.TestRunner/NUnitExtensions/Runner/CompositeWorkItem.cs:83)
UnityEngine.TestRunner.NUnitExtensions.Runner.CompositeWorkItem/<RunChildren>d__17:MoveNext () (at ./Library/PackageCache/com.unity.test-framework@7a3849e09bd0/UnityEngine.TestRunner/NUnitExtensions/Runner/CompositeWorkItem.cs:209)
UnityEngine.TestRunner.NUnitExtensions.Runner.CompositeWorkItem/<PerformWork>d__13:MoveNext () (at ./Library/PackageCache/com.unity.test-framework@7a3849e09bd0/UnityEngine.TestRunner/NUnitExtensions/Runner/CompositeWorkItem.cs:83)
UnityEngine.TestRunner.NUnitExtensions.Runner.CompositeWorkItem/<RunChildren>d__17:MoveNext () (at ./Library/PackageCache/com.unity.test-framework@7a3849e09bd0/UnityEngine.TestRunner/NUnitExtensions/Runner/CompositeWorkItem.cs:209)
UnityEngine.TestRunner.NUnitExtensions.Runner.CompositeWorkItem/<PerformWork>d__13:MoveNext () (at ./Library/PackageCache/com.unity.test-framework@7a3849e09bd0/UnityEngine.TestRunner/NUnitExtensions/Runner/CompositeWorkItem.cs:83)
UnityEngine.TestRunner.NUnitExtensions.Runner.CompositeWorkItem/<RunChildren>d__17:MoveNext () (at ./Library/PackageCache/com.unity.test-framework@7a3849e09bd0/UnityEngine.TestRunner/NUnitExtensions/Runner/CompositeWorkItem.cs:209)
UnityEngine.TestRunner.NUnitExtensions.Runner.CompositeWorkItem/<PerformWork>d__13:MoveNext () (at ./Library/PackageCache/com.unity.test-framework@7a3849e09bd0/UnityEngine.TestRunner/NUnitExtensions/Runner/CompositeWorkItem.cs:83)
UnityEngine.TestRunner.NUnitExtensions.Runner.CompositeWorkItem/<RunChildren>d__17:MoveNext () (at ./Library/PackageCache/com.unity.test-framework@7a3849e09bd0/UnityEngine.TestRunner/NUnitExtensions/Runner/CompositeWorkItem.cs:209)
UnityEngine.TestRunner.NUnitExtensions.Runner.CompositeWorkItem/<PerformWork>d__13:MoveNext () (at ./Library/PackageCache/com.unity.test-framework@7a3849e09bd0/UnityEngine.TestRunner/NUnitExtensions/Runner/CompositeWorkItem.cs:83)
UnityEngine.TestRunner.NUnitExtensions.Runner.CompositeWorkItem/<RunChildren>d__17:MoveNext () (at ./Library/PackageCache/com.unity.test-framework@7a3849e09bd0/UnityEngine.TestRunner/NUnitExtensions/Runner/CompositeWorkItem.cs:209)
UnityEngine.TestRunner.NUnitExtensions.Runner.CompositeWorkItem/<PerformWork>d__13:MoveNext () (at ./Library/PackageCache/com.unity.test-framework@7a3849e09bd0/UnityEngine.TestRunner/NUnitExtensions/Runner/CompositeWorkItem.cs:83)
UnityEditor.TestTools.TestRunner.EditModeRunner:MoveNextAndUpdateYieldObject () (at ./Library/PackageCache/com.unity.test-framework@7a3849e09bd0/UnityEditor.TestRunner/TestRunner/EditModeRunner.cs:180)
UnityEditor.TestTools.TestRunner.EditModeRunner:TestConsumer (UnityEditor.TestTools.TestRunner.TestRunnerStateSerializer) (at ./Library/PackageCache/com.unity.test-framework@7a3849e09bd0/UnityEditor.TestRunner/TestRunner/EditModeRunner.cs:220)
UnityEditor.TestTools.TestRunner.TestRun.Tasks.EditModeRunTask/<Execute>d__1:MoveNext () (at ./Library/PackageCache/com.unity.test-framework@7a3849e09bd0/UnityEditor.TestRunner/TestRun/Tasks/EditModeRunTask.cs:48)
UnityEditor.TestTools.TestRunner.TestRun.TestJobRunner:ExecuteStep () (at ./Library/PackageCache/com.unity.test-framework@7a3849e09bd0/UnityEditor.TestRunner/TestRun/TestJobRunner.cs:194)
UnityEditor.TestTools.TestRunner.TestRun.TestJobRunner:ExecuteCallback () (at ./Library/PackageCache/com.unity.test-framework@7a3849e09bd0/UnityEditor.TestRunner/TestRun/TestJobRunner.cs:129)
UnityEditor.EditorApplication:Internal_CallUpdateFunctions ()

(Filename: ./Library/PackageCache/com.unity.pipeline@f49636739437/Editor/BuildProcessors/PipelineRuntimeBuildProcessor.cs Line: 48)

Importing 'GUID: 4b83569d67af61e458304325a23e5dfd - Path: Assets/Settings/PC_RPAsset.asset' with importer (NativeFormatImporter)
Imported 'GUID: 4b83569d67af61e458304325a23e5dfd' -> (Import Result ID: '2fcb55e6f37e916feb23474e154663f8') in 0.002 seconds [static dependencies only]. Details - ImportResultOutputID=eae66dc0e7a749d738136f6c7279b2f0 DependenciesID=d67c03d163a158e1a173c7d4f8dea317 StaticDependenciesID=272ab2bf0d55e49a9c6ca9c634f4d9aa 
Refreshing native plugins compatible for Editor in 20.78 ms, found 4 plugins.
Asset Pipeline Refresh (id=7e2776fb14ae9a941bee5320672adb68): Total: 0.058 seconds - Initiated by StopAssetImportingV2(NoUpdateAssetOptions)
Asset Pipeline Refresh (id=7650681acd616d64c9da75e13636f20a): Total: 0.093 seconds - Initiated by RefreshV2(NoUpdateAssetOptions)
[ScriptCompilation] Requested script compilation because: Recompiling all scripts before compiling player scripts because Auto Refresh is disabled.
Starting: D:\UnityEditor\6000.6.0f1\Editor\Data\Tools\BuildPipeline\bee_backend.exe --ipc --defer-dag-verification --dagfile="Library/Bee/1900b0aEDbg.dag" --continue-on-failure --profile="Library/Bee/backend1.traceevents" ScriptAssemblies
WorkingDir: D:/repositories/unity/SampleGameForOneStarMakerFramework/unity
ExitCode: 0 Duration: 1s53ms
[1421/1925  0s] ILPP-Configuration Library/ilpp-configuration.nevergeneratedoutput
*** Tundra build success (1.02 seconds), 1 items updated, 1925 evaluated
Total cache size 267210888
Total cache size after purge 267210888, took 00:00:00.8705004
[ScriptCompilation] Requested script compilation because: Compiling scripts for player
Starting: D:\UnityEditor\6000.6.0f1\Editor\Data\Tools\BuildPipeline\bee_backend.exe --ipc --defer-dag-verification --dagfile="Library/Bee/1900b0aP.dag" --continue-on-failure --profile="Library/Bee/backend1.traceevents" ScriptAssembliesAndTypeDB
WorkingDir: D:/repositories/unity/SampleGameForOneStarMakerFramework/unity
ExitCode: 0 Duration: 4s696ms
[ 525/1248  0s] WriteResponseFile Library/Bee/artifacts/rsp/4747638433968585886.rsp
[ 987/1248  0s] ILPP-Configuration Library/ilpp-configuration.nevergeneratedoutput
[1074/1248  0s] CopyFiles Library/PlayerScriptAssemblies/Unity.VisualScripting.State.dll
[1075/1248  0s] CopyFiles Library/PlayerScriptAssemblies/Unity.Services.Core.Telemetry.dll
[1076/1248  0s] CopyFiles Library/PlayerScriptAssemblies/Unity.Burst.dll
[1077/1248  0s] CopyFiles Library/PlayerScriptAssemblies/Unity.RenderPipelines.Core.Runtime.dll
[1078/1248  0s] CopyFiles Library/PlayerScriptAssemblies/Unity.RenderPipelines.Universal.Runtime.dll
[1079/1248  0s] CopyFiles Library/PlayerScriptAssemblies/Unity.InternalAPIEngineBridge.RenderPipelines.Core.Runtime.Shared.dll
[1080/1248  0s] CopyFiles Library/PlayerScriptAssemblies/Unity.Services.Core.dll
[1081/1248  0s] CopyFiles Library/PlayerScriptAssemblies/Unity.Services.Core.Internal.dll
[1082/1248  0s] CopyFiles Library/PlayerScriptAssemblies/Unity.RenderPipelines.ShaderGraph.ShaderGraphLibrary.dll
[1083/1248  0s] CopyFiles Library/PlayerScriptAssemblies/UnityEngine.Advertisements.dll
[1084/1248  0s] CopyFiles Library/PlayerScriptAssemblies/Unity.Purchasing.dll
[1085/1248  0s] CopyFiles Library/PlayerScriptAssemblies/Unity.Purchasing.AppleMacosStub.dll
[1086/1248  0s] CopyFiles Library/PlayerScriptAssemblies/Unity.Services.Core.Environments.dll
[1087/1248  0s] CopyFiles Library/PlayerScriptAssemblies/Unity.Purchasing.Stores.XboxCloudServices.dll
[1088/1248  0s] CopyFiles Library/PlayerScriptAssemblies/Unity.Purchasing.SecurityCore.dll
[1089/1248  0s] CopyFiles Library/PlayerScriptAssemblies/SampleGame.Common.dll
[1090/1248  0s] CopyFiles Library/PlayerScriptAssemblies/LitMotion.Extensions.dll
[1091/1248  0s] CopyFiles Library/PlayerScriptAssemblies/Unity.Purchasing.SecurityStub.dll
[1092/1248  0s] CopyFiles Library/PlayerScriptAssemblies/Unity.Profiling.Core.dll
[1093/1248  0s] CopyFiles Library/PlayerScriptAssemblies/SampleGame.OutGame.dll
[1094/1248  0s] CopyFiles Library/PlayerScriptAssemblies/Unity.Collections.Tests.CoreCLR.PrivateJobNested.dll
[1095/1248  0s] CopyFiles Library/PlayerScriptAssemblies/Unity.Splines.dll
[1096/1248  0s] CopyFiles Library/PlayerScriptAssemblies/Unity.InternalAPIEngineBridge.ObjectDispatcher.Runtime.dll
[1097/1248  0s] CopyFiles Library/PlayerScriptAssemblies/Unity.RenderPipelines.Universal.Config.Runtime.dll
[1098/1248  0s] CopyFiles Library/PlayerScriptAssemblies/Unity.PathTracing.Runtime.dll
[1099/1248  0s] CopyFiles Library/PlayerScriptAssemblies/Unity.Services.Core.Analytics.dll
[1100/1248  0s] CopyFiles Library/PlayerScriptAssemblies/Unity.Timeline.dll
[1101/1248  0s] CopyFiles Library/PlayerScriptAssemblies/OneStarMaker.Debug.dll
[1102/1248  0s] CopyFiles Library/PlayerScriptAssemblies/SampleGame.DependOnAll.dll
[1103/1248  0s] CopyFiles Library/PlayerScriptAssemblies/OneStarMaker.Runtime.dll
[1104/1248  0s] CopyFiles Library/PlayerScriptAssemblies/Unity.SurfaceCache.Runtime.dll
[1105/1248  0s] CopyFiles Library/PlayerScriptAssemblies/Unity.Services.Core.Scheduler.dll
[1106/1248  0s] CopyFiles Library/PlayerScriptAssemblies/UniTask.Addressables.dll
[1107/1248  0s] CopyFiles Library/PlayerScriptAssemblies/Unity.RenderPipelines.Universal.2D.Runtime.dll
[1108/1248  0s] CopyFiles Library/PlayerScriptAssemblies/Unity.VisualScripting.DocCodeExamples.dll
[1109/1248  0s] CopyFiles Library/PlayerScriptAssemblies/Unity.InternalAPIEngineBridge.004.dll
[1110/1248  0s] CopyFiles Library/PlayerScriptAssemblies/Unity.AI.Navigation.dll
[1111/1248  0s] CopyFiles Library/PlayerScriptAssemblies/Unity.Cinemachine.dll
[1112/1248  0s] CopyFiles Library/PlayerScriptAssemblies/Unity.Purchasing.WebshopService.dll
[1113/1248  0s] CopyFiles Library/PlayerScriptAssemblies/OneStarMaker.Foundation.dll
[1114/1248  0s] CopyFiles Library/PlayerScriptAssemblies/Unity.Services.Core.Environments.Internal.dll
[1115/1248  0s] CopyFiles Library/PlayerScriptAssemblies/Unity.Collections.dll
[1116/1248  0s] CopyFiles Library/PlayerScriptAssemblies/Unity.InputSystem.ForUI.dll
[1117/1248  0s] CopyFiles Library/PlayerScriptAssemblies/Unity.Collections.Tests.CoreCLR.PublicJobPrivateGeneric.dll
[1118/1248  0s] CopyFiles Library/PlayerScriptAssemblies/Unity.RenderPipelines.GPUDriven.Runtime.dll
[1119/1248  0s] CopyFiles Library/PlayerScriptAssemblies/LitMotion.dll
[1120/1248  0s] CopyFiles Library/PlayerScriptAssemblies/Unity.ResourceManager.dll
[1121/1248  0s] CopyFiles Library/PlayerScriptAssemblies/Domain_Reload.dll
[1122/1248  0s] CopyFiles Library/PlayerScriptAssemblies/Unity.Addressables.dll
[1123/1248  0s] CopyFiles Library/PlayerScriptAssemblies/Unity.Services.Core.Registration.dll
[1124/1248  0s] CopyFiles Library/PlayerScriptAssemblies/UniTask.Linq.dll
[1125/1248  0s] CopyFiles Library/PlayerScriptAssemblies/Unity.Mathematics.dll
[1126/1248  0s] CopyFiles Library/PlayerScriptAssemblies/Unity.UnifiedRayTracing.Runtime.dll
[1127/1248  0s] CopyFiles Library/PlayerScriptAssemblies/Unity.Services.Analytics.dll
[1128/1248  0s] CopyFiles Library/PlayerScriptAssemblies/UnityEngine.UI.dll
[1129/1248  0s] CopyFiles Library/PlayerScriptAssemblies/Unity.VisualScripting.Flow.dll
[1130/1248  0s] CopyFiles Library/PlayerScriptAssemblies/Unity.Purchasing.Stores.dll
[1131/1248  0s] CopyFiles Library/PlayerScriptAssemblies/Unity.VisualScripting.Core.dll
[1132/1248  0s] CopyFiles Library/PlayerScriptAssemblies/Unity.RenderPipelines.Core.ShaderLibrary.dll
[1133/1248  0s] CopyFiles Library/PlayerScriptAssemblies/UniTask.dll
[1134/1248  0s] CopyFiles Library/PlayerScriptAssemblies/Unity.ScriptableBuildPipeline.dll
[1135/1248  0s] CopyFiles Library/PlayerScriptAssemblies/Unity.Analytics.DataPrivacy.dll
[1136/1248  0s] CopyFiles Library/PlayerScriptAssemblies/Unity.Services.Core.Device.dll
[1137/1248  0s] CopyFiles Library/PlayerScriptAssemblies/Unity.Pipeline.dll
[1138/1248  0s] CopyFiles Library/PlayerScriptAssemblies/Unity.RenderPipeline.Universal.ShaderLibrary.dll
[1139/1248  0s] CopyFiles Library/PlayerScriptAssemblies/Unity.Services.Core.Threading.dll
[1140/1248  0s] CopyFiles Library/PlayerScriptAssemblies/Unity.Collections.Tests.CoreCLR.InternalJobNestedPrivate.dll
[1141/1248  0s] CopyFiles Library/PlayerScriptAssemblies/Unity.Services.Core.Networking.dll
[1142/1248  0s] CopyFiles Library/PlayerScriptAssemblies/Unity.Services.Core.Components.dll
[1143/1248  0s] CopyFiles Library/PlayerScriptAssemblies/Unity.Purchasing.PaymentProviderService.dll
[1144/1248  0s] CopyFiles Library/PlayerScriptAssemblies/Unity.InputSystem.dll
[1145/1248  0s] CopyFiles Library/PlayerScriptAssemblies/UniTask.TextMeshPro.dll
[1146/1248  0s] CopyFiles Library/PlayerScriptAssemblies/Unity.Purchasing.LiveContentAdapterService.dll
[1147/1248  0s] CopyFiles Library/PlayerScriptAssemblies/Unity.Burst.pdb
[1148/1248  0s] CopyFiles Library/PlayerScriptAssemblies/Unity.RenderPipelines.Universal.Runtime.pdb
[1149/1248  0s] CopyFiles Library/PlayerScriptAssemblies/Unity.Purchasing.Utilities.dll
[1150/1248  0s] CopyFiles Library/PlayerScriptAssemblies/Unity.InternalAPIEngineBridge.ObjectDispatcher.Runtime.pdb
[1151/1248  0s] CopyFiles Library/PlayerScriptAssemblies/Unity.RenderPipelines.Core.Runtime.Shared.dll
[1152/1248  0s] CopyFiles Library/PlayerScriptAssemblies/UniTask.DOTween.dll
[1153/1248  0s] CopyFiles Library/PlayerScriptAssemblies/UnityEngine.SpatialTracking.dll
[1154/1248  0s] CopyFiles Library/PlayerScriptAssemblies/Unity.Services.Core.Configuration.dll
[1155/1248  0s] CopyFiles Library/PlayerScriptAssemblies/Unity.Services.Core.Telemetry.pdb
[1156/1248  0s] CopyFiles Library/PlayerScriptAssemblies/Unity.Purchasing.Codeless.dll
[1157/1248  0s] CopyFiles Library/PlayerScriptAssemblies/UnityEngine.XR.LegacyInputHelpers.dll
[1158/1248  0s] CopyFiles Library/PlayerScriptAssemblies/UnityEngine.Advertisements.pdb
[1159/1248  0s] CopyFiles Library/PlayerScriptAssemblies/Unity.Services.Core.pdb
[1160/1248  0s] CopyFiles Library/PlayerScriptAssemblies/Unity.RenderPipelines.Universal.Shaders.dll
[1161/1248  0s] CopyFiles Library/PlayerScriptAssemblies/OneStarMaker.Debug.pdb
[1162/1248  0s] CopyFiles Library/PlayerScriptAssemblies/SampleGame.DependOnAll.pdb
[1163/1248  0s] CopyFiles Library/PlayerScriptAssemblies/SampleGame.Common.pdb
[1164/1248  0s] CopyFiles Library/PlayerScriptAssemblies/Assembly-CSharp.dll
[1165/1248  0s] CopyFiles Library/PlayerScriptAssemblies/SampleGame.InGame.dll
[1166/1248  0s] CopyFiles Library/PlayerScriptAssemblies/Unity.RenderPipelines.Core.Runtime.pdb
[1167/1248  0s] CopyFiles Library/PlayerScriptAssemblies/Unity.Cinemachine.pdb
[1168/1248  0s] CopyFiles Library/PlayerScriptAssemblies/Unity.RenderPipelines.Universal.2D.Runtime.pdb
[1169/1248  0s] CopyFiles Library/PlayerScriptAssemblies/Unity.PathTracing.Runtime.pdb
[1170/1248  0s] CopyFiles Library/PlayerScriptAssemblies/Unity.Services.Core.Environments.pdb
[1171/1248  0s] CopyFiles Library/PlayerScriptAssemblies/LitMotion.Extensions.pdb
[1172/1248  0s] CopyFiles Library/PlayerScriptAssemblies/Unity.TextMeshPro.dll
[1173/1248  0s] CopyFiles Library/PlayerScriptAssemblies/Unity.Purchasing.AppleStub.dll
[1174/1248  0s] CopyFiles Library/PlayerScriptAssemblies/Unity.Splines.pdb
[1175/1248  0s] CopyFiles Library/PlayerScriptAssemblies/Unity.Addressables.pdb
[1176/1248  0s] CopyFiles Library/PlayerScriptAssemblies/Unity.Purchasing.pdb
[1177/1248  0s] CopyFiles Library/PlayerScriptAssemblies/Unity.InternalAPIEngineBridge.RenderPipelines.Core.Runtime.Shared.pdb
[1178/1248  0s] CopyFiles Library/PlayerScriptAssemblies/Unity.RenderPipelines.Core.Runtime.Shared.pdb
[1179/1248  0s] CopyFiles Library/PlayerScriptAssemblies/Unity.ScriptableBuildPipeline.pdb
[1180/1248  0s] CopyFiles Library/PlayerScriptAssemblies/Unity.InternalAPIEngineBridge.004.pdb
[1181/1248  0s] CopyFiles Library/PlayerScriptAssemblies/Unity.Purchasing.Stores.XboxCloudServices.pdb
[1182/1248  0s] CopyFiles Library/PlayerScriptAssemblies/Unity.RenderPipelines.Universal.Config.Runtime.pdb
[1183/1248  0s] CopyFiles Library/PlayerScriptAssemblies/Unity.Services.Core.Internal.pdb
[1184/1248  0s] CopyFiles Library/PlayerScriptAssemblies/Unity.RenderPipelines.Core.ShaderLibrary.pdb
[1185/1248  0s] CopyFiles Library/PlayerScriptAssemblies/UniTask.DOTween.pdb
[1186/1248  0s] CopyFiles Library/PlayerScriptAssemblies/UnityEngine.SpatialTracking.pdb
[1187/1248  0s] CopyFiles Library/PlayerScriptAssemblies/Unity.Timeline.pdb
[1188/1248  0s] CopyFiles Library/PlayerScriptAssemblies/Unity.Services.Core.Analytics.pdb
[1189/1248  0s] CopyFiles Library/PlayerScriptAssemblies/Unity.Purchasing.SecurityStub.pdb
[1190/1248  0s] CopyFiles Library/PlayerScriptAssemblies/Unity.SurfaceCache.Runtime.pdb
[1191/1248  0s] CopyFiles Library/PlayerScriptAssemblies/Unity.Purchasing.AppleMacosStub.pdb
[1192/1248  0s] CopyFiles Library/PlayerScriptAssemblies/OneStarMaker.Runtime.pdb
[1193/1248  0s] CopyFiles Library/PlayerScriptAssemblies/Unity.UnifiedRayTracing.Runtime.pdb
[1194/1248  0s] CopyFiles Library/PlayerScriptAssemblies/Unity.Purchasing.SecurityCore.pdb
[1195/1248  0s] CopyFiles Library/PlayerScriptAssemblies/Unity.AI.Navigation.pdb
[1196/1248  0s] CopyFiles Library/PlayerScriptAssemblies/Unity.Collections.Tests.CoreCLR.ProtectedJobNested.dll
[1197/1248  0s] CopyFiles Library/PlayerScriptAssemblies/UnityEngine.UI.pdb
[1198/1248  0s] CopyFiles Library/PlayerScriptAssemblies/Unity.Services.Core.Networking.pdb
[1199/1248  0s] CopyFiles Library/PlayerScriptAssemblies/Unity.ResourceManager.pdb
[1200/1248  0s] CopyFiles Library/PlayerScriptAssemblies/UniTask.Linq.pdb
[1201/1248  0s] CopyFiles Library/PlayerScriptAssemblies/Unity.RenderPipelines.GPUDriven.Runtime.pdb
[1202/1248  0s] CopyFiles Library/PlayerScriptAssemblies/Unity.InputSystem.ForUI.pdb
[1203/1248  0s] CopyFiles Library/PlayerScriptAssemblies/Unity.Collections.pdb
[1204/1248  0s] CopyFiles Library/PlayerScriptAssemblies/UnityEngine.XR.LegacyInputHelpers.pdb
[1205/1248  0s] CopyFiles Library/PlayerScriptAssemblies/Unity.RenderPipelines.ShaderGraph.ShaderGraphLibrary.pdb
[1206/1248  0s] CopyFiles Library/PlayerScriptAssemblies/Unity.Mathematics.pdb
[1207/1248  0s] CopyFiles Library/PlayerScriptAssemblies/Unity.RenderPipelines.Universal.Shaders.pdb
[1208/1248  0s] CopyFiles Library/PlayerScriptAssemblies/Unity.Purchasing.PaymentProviderService.pdb
[1209/1248  0s] CopyFiles Library/PlayerScriptAssemblies/Unity.Services.Core.Environments.Internal.pdb
[1210/1248  0s] CopyFiles Library/PlayerScriptAssemblies/UniTask.TextMeshPro.pdb
[1211/1248  0s] CopyFiles Library/PlayerScriptAssemblies/UniTask.Addressables.pdb
[1212/1248  0s] CopyFiles Library/PlayerScriptAssemblies/Unity.VisualScripting.Flow.pdb
[1213/1248  0s] CopyFiles Library/PlayerScriptAssemblies/Unity.Pipeline.pdb
[1214/1248  0s] CopyFiles Library/PlayerScriptAssemblies/Unity.Purchasing.Codeless.pdb
[1215/1248  0s] CopyFiles Library/PlayerScriptAssemblies/OneStarMaker.Foundation.pdb
[1216/1248  0s] CopyFiles Library/PlayerScriptAssemblies/Unity.TextMeshPro.pdb
[1217/1248  0s] CopyFiles Library/PlayerScriptAssemblies/Unity.Services.Analytics.pdb
[1218/1248  0s] CopyFiles Library/PlayerScriptAssemblies/Unity.Purchasing.WebshopService.pdb
[1219/1248  0s] CopyFiles Library/PlayerScriptAssemblies/Unity.InputSystem.pdb
[1220/1248  0s] CopyFiles Library/PlayerScriptAssemblies/LitMotion.pdb
[1221/1248  0s] CopyFiles Library/PlayerScriptAssemblies/Unity.Collections.Tests.CoreCLR.ProtectedJobNested.pdb
[1222/1248  0s] CopyFiles Library/PlayerScriptAssemblies/Unity.Purchasing.LiveContentAdapterService.pdb
[1223/1248  0s] CopyFiles Library/PlayerScriptAssemblies/Unity.VisualScripting.DocCodeExamples.pdb
[1224/1248  0s] CopyFiles Library/PlayerScriptAssemblies/Unity.Collections.Tests.CoreCLR.InternalJobNestedPrivate.pdb
[1225/1248  0s] CopyFiles Library/PlayerScriptAssemblies/Unity.Services.Core.Registration.pdb
[1226/1248  0s] CopyFiles Library/PlayerScriptAssemblies/Unity.Purchasing.Utilities.pdb
[1227/1248  0s] CopyFiles Library/PlayerScriptAssemblies/Unity.Services.Core.Device.pdb
[1228/1248  0s] CopyFiles Library/PlayerScriptAssemblies/Unity.VisualScripting.State.pdb
[1229/1248  0s] CopyFiles Library/PlayerScriptAssemblies/Domain_Reload.pdb
[1230/1248  0s] CopyFiles Library/PlayerScriptAssemblies/Unity.RenderPipeline.Universal.ShaderLibrary.pdb
[1231/1248  0s] CopyFiles Library/PlayerScriptAssemblies/Unity.Services.Core.Threading.pdb
[1232/1248  0s] CopyFiles Library/PlayerScriptAssemblies/Unity.Analytics.DataPrivacy.pdb
[1233/1248  0s] CopyFiles Library/PlayerScriptAssemblies/Unity.Profiling.Core.pdb
[1234/1248  0s] CopyFiles Library/PlayerScriptAssemblies/Unity.Services.Core.Components.pdb
[1235/1248  0s] CopyFiles Library/PlayerScriptAssemblies/Unity.Services.Core.Configuration.pdb
[1236/1248  0s] CopyFiles Library/PlayerScriptAssemblies/Unity.Collections.Tests.CoreCLR.PrivateJobNested.pdb
[1237/1248  0s] CopyFiles Library/PlayerScriptAssemblies/UniTask.pdb
[1238/1248  0s] CopyFiles Library/PlayerScriptAssemblies/Unity.VisualScripting.Core.pdb
[1239/1248  0s] CopyFiles Library/PlayerScriptAssemblies/Unity.Services.Core.Scheduler.pdb
[1240/1248  0s] CopyFiles Library/PlayerScriptAssemblies/Unity.Collections.Tests.CoreCLR.PublicJobPrivateGeneric.pdb
[1241/1248  0s] CopyFiles Library/PlayerScriptAssemblies/Unity.Purchasing.AppleStub.pdb
[1242/1248  0s] CopyFiles Library/PlayerScriptAssemblies/Unity.Purchasing.Stores.pdb
[1243/1248  0s] CopyFiles Library/PlayerScriptAssemblies/SampleGame.InGame.pdb
[1244/1248  0s] CopyFiles Library/PlayerScriptAssemblies/Assembly-CSharp.pdb
[1245/1248  0s] CopyFiles Library/PlayerScriptAssemblies/SampleGame.OutGame.pdb
*** Tundra build success (4.67 seconds), 174 items updated, 1248 evaluated
Starting: D:\UnityEditor\6000.6.0f1\Editor\Data\Tools\BuildPipeline\bee_backend.exe --ipc --defer-dag-verification --dagfile="Library/Bee/1900b0aEDbg.dag" --continue-on-failure --profile="Library/Bee/backend1.traceevents" ScriptAssembliesAndTypeDB
WorkingDir: D:/repositories/unity/SampleGameForOneStarMakerFramework/unity
Total cache size 267210888
Total cache size after purge 267210888, took 00:00:01.1977242
ExitCode: 0 Duration: 1s7ms
[ 318/1928  0s] WriteResponseFile Library/Bee/artifacts/rsp/4747638433968585886.rsp
[1445/1928  0s] ILPP-Configuration Library/ilpp-configuration.nevergeneratedoutput
*** Tundra build success (0.98 seconds), 2 items updated, 1928 evaluated
Total cache size 267210888
Total cache size after purge 267210888, took 00:00:00.8764892
Starting new worker id: 1 with log in D:/repositories/unity/SampleGameForOneStarMakerFramework/unity/Logs/AssetImportWorkerHW1.log
[Worker0] Imported GUID: b4f67871606440b42ab55921af91cfe1 - Path: Assets/OneStarMakerGenerated/BS2b/20260918T135216365Z-7e413271e6984563a56fbfd49da043cb/BuildContentRoot.asset - Importer: BuildMetaDataImporter -> (ImportResultId: '5d896cb8499cfc760303f10d20d6e6d5') in 0.0316788 seconds
[Worker0] Imported GUID: d5ec1391b4b8799438c1715ded87a3b7 - Path: Assets/OneStarMakerGenerated/BS3Tests/1be9d31507164ded909884279eaa421b/High.prefab - Importer: BuildMetaDataImporter -> (ImportResultId: '8282860e96727d99ef5df3fd7f3c3055') in 0.0052065 seconds
[Worker0] Imported GUID: 13c8257969680fb44b706ba8b60ebfa5 - Path: Assets/OneStarMakerGenerated/BS3Tests/1be9d31507164ded909884279eaa421b/Texture.png - Importer: BuildMetaDataImporter -> (ImportResultId: '0cc83b7b6994e1573b904613f799c3b5') in 0.0011158 seconds
[Worker0] Imported GUID: c3945d5604def9f43beae5f93d7deb97 - Path: Assets/OneStarMakerGenerated/BS3Tests/1be9d31507164ded909884279eaa421b/Low.prefab - Importer: BuildMetaDataImporter -> (ImportResultId: '76561290518c109ffb3f4b312a1398a3') in 0.0015992 seconds
[Worker0] Imported GUID: 6f03e53a980585f4e98eec7b6633dab8 - Path: Assets/OneStarMakerGenerated/BS3Tests/1be9d31507164ded909884279eaa421b/Scene.unity - Importer: BuildMetaDataImporter -> (ImportResultId: 'b16aeec0e3d11cb3fdb1002bdc96d8cb') in 0.3491443 seconds
[Worker0] Imported GUID: 842c4a0d3ed78e34bb06fe10b82d5123 - Path: Assets/OneStarMakerGenerated/BS3Tests/1be9d31507164ded909884279eaa421b/Shared.mat - Importer: BuildMetaDataImporter -> (ImportResultId: '0d9e726e28b74aad30b6cf538e100bd0') in 0.0036363 seconds
Importing 'GUID: 60da387d8d3c062f6a0ae35a2e4a9f79 - Path: Library/BuildInstructions/b4f67871606440b42ab55921af91cfe1.buildinst' with importer (DefaultImporter)
Imported 'GUID: 60da387d8d3c062f6a0ae35a2e4a9f79' -> (Import Result ID: 'b3f4b401b0f94c6b122ba56535b4bd54') in 0.004 seconds [static dependencies only]. Details - ImportResultOutputID=f96f7f243c56f9b97c17982b7a400385 DependenciesID=2dcd2078e18a8569767ab77c98f7dbb6 StaticDependenciesID=488ae5f0854ab6c8fa3efa45b7111d49 
Importing 'GUID: a4a8d99222e3024d3a25f6a0793f8d4d - Path: Library/BuildInstructions/bd8ff0e5d389a5f332086a5057e99080.buildinst' with importer (DefaultImporter)
Imported 'GUID: a4a8d99222e3024d3a25f6a0793f8d4d' -> (Import Result ID: '848ff8ecc72dc72a437d0a253fbb5322') in 0.001 seconds [static dependencies only]. Details - ImportResultOutputID=e331a366f2e21c3952231ef7ac7a209b DependenciesID=c23d2c19f6a350564dae954a0759e8e6 StaticDependenciesID=891733f3c197e0da1244c483e2d3fedc 
Importing 'GUID: 2649af5d6b1cdd18b598f97edb391d7a - Path: Library/BuildInstructions/6f03e53a980585f4e98eec7b6633dab8.buildinst' with importer (DefaultImporter)
Imported 'GUID: 2649af5d6b1cdd18b598f97edb391d7a' -> (Import Result ID: '8388f538e8f04a3dcb13561382e17592') in 0.001 seconds [static dependencies only]. Details - ImportResultOutputID=7d15dd6600d4d4e11899babc6b442db8 DependenciesID=d3d13d22e8725a5ede44fb707b7571fb StaticDependenciesID=cd4664624ef0deb779c7a552b202314f 
Importing 'GUID: 9725b03042deb956bd164f5fe0c7ee8c - Path: Library/BuildInstructions/d5ec1391b4b8799438c1715ded87a3b7.buildinst' with importer (DefaultImporter)
Imported 'GUID: 9725b03042deb956bd164f5fe0c7ee8c' -> (Import Result ID: '9883f146533ba68871bd2b2fa037e66f') in 0.001 seconds [static dependencies only]. Details - ImportResultOutputID=438f366221870ab904227753906877a0 DependenciesID=d71a95335a291d0a290d0206e0728c85 StaticDependenciesID=4d70554bc560d79714fde284e4f4ab88 
Importing 'GUID: 6c21ba054de195558b8a36ed6e07571a - Path: Library/BuildInstructions/c3945d5604def9f43beae5f93d7deb97.buildinst' with importer (DefaultImporter)
Imported 'GUID: 6c21ba054de195558b8a36ed6e07571a' -> (Import Result ID: 'ce941cee5783d2a7f71dd8a666735ab9') in 0.001 seconds [static dependencies only]. Details - ImportResultOutputID=3a9fddb4222d8dfe4b7c923a3c0338c1 DependenciesID=53088f57a729d18823031206ffcbc2f9 StaticDependenciesID=dceaecadb03aa4429c8b3dafa15feec5 
Importing 'GUID: bca35aae5a598348145b9870709b0d04 - Path: Library/BuildInstructions/e16fec68b41f99fdeecc4b90e5538907.buildinst' with importer (DefaultImporter)
Imported 'GUID: bca35aae5a598348145b9870709b0d04' -> (Import Result ID: '125320633be965a690444d38041b7d73') in 0.001 seconds [static dependencies only]. Details - ImportResultOutputID=04c894d2154a77fb4650838e6fcafed3 DependenciesID=838fb3b3638a2f91b821485a254f203d StaticDependenciesID=893ac0beed05c70bb123193c48f4cc82 
Refreshing native plugins compatible for Editor in 20.88 ms, found 4 plugins.
Asset Pipeline Refresh (id=41ab289b0466daf4c975f58a8799478d): Total: 0.172 seconds - Initiated by RefreshV2(NoUpdateAssetOptions)
Starting new worker id: 2 with log in D:/repositories/unity/SampleGameForOneStarMakerFramework/unity/Logs/AssetImportWorkerHW2.log
[Worker0] Imported GUID: a4a8d99222e3024d3a25f6a0793f8d4d - Path: Library/BuildInstructions/bd8ff0e5d389a5f332086a5057e99080.buildinst - Importer: BuildInstructionImporter -> (ImportResultId: '9cf5ab91a9f235af0044cc13404090ee') in 0.0115395 seconds
[Worker0] Imported GUID: 6c21ba054de195558b8a36ed6e07571a - Path: Library/BuildInstructions/c3945d5604def9f43beae5f93d7deb97.buildinst - Importer: BuildInstructionImporter -> (ImportResultId: '517139f9b52272de5c67bf4ba87d1a28') in 0.002108 seconds
[Worker0] Imported GUID: bca35aae5a598348145b9870709b0d04 - Path: Library/BuildInstructions/e16fec68b41f99fdeecc4b90e5538907.buildinst - Importer: BuildInstructionImporter -> (ImportResultId: 'd352dcab6952bb59755809754f1fe58d') in 0.0019349 seconds
[Worker0] Imported GUID: 60da387d8d3c062f6a0ae35a2e4a9f79 - Path: Library/BuildInstructions/b4f67871606440b42ab55921af91cfe1.buildinst - Importer: BuildInstructionImporter -> (ImportResultId: 'd6fe37e77300cfdc40c9cdf1ed42906f') in 0.0077262 seconds
[Worker0] Imported GUID: 2649af5d6b1cdd18b598f97edb391d7a - Path: Library/BuildInstructions/6f03e53a980585f4e98eec7b6633dab8.buildinst - Importer: BuildInstructionImporter -> (ImportResultId: 'd4f6ebaa7d9f62d79fd08b9c19cb5327') in 0.2301473 seconds
[Worker0] Imported GUID: 9725b03042deb956bd164f5fe0c7ee8c - Path: Library/BuildInstructions/d5ec1391b4b8799438c1715ded87a3b7.buildinst - Importer: BuildInstructionImporter -> (ImportResultId: '6b70c1519edd523020700c1f66ec7d5e') in 0.0018758 seconds
-------------------------------------------------------------------------------
Build Report - Content Size Statistics
Serialized File count                     11
Resource file count                        2
Object count                              23
Serialized Files                     491.9 kb	  49.0%
Serialized Files Headers             362.4 kb	  36.1%
Resource data (Texture,Audio...)     512.0 kb	  51.0%
Total build size                    1003.9 kb

Largest Types:
   512.2 kb	  51.0% Cubemap
   125.1 kb	  12.5% Shader

Largest Assets:
   522.5 kb	  52.0% Resources/unity_builtin_extra
   107.2 kb	  10.7% Packages/com.unity.render-pipelines.universal/Shaders/Lit.shader
-------------------------------------------------------------------------------
BuildReport, and other content build meta-data, are written to Library/BuildHistory/20260918-135216Z-944ac6c1Unloading 6 Unused Serialized files (Serialized files now loaded: 0)
Unloading 419 unused Assets / (0.5 MB). Loaded Objects now: 12273.
Memory consumption went from 0.55 GB to 0.55 GB.
Total: 18.938400 ms (FindLiveObjects: 0.779100 ms CreateObjectMapping: 0.248200 ms MarkObjects: 17.147400 ms  DeleteObjects: 0.456100 ms)

SpriteAtlasDatabase::Cleanup
Refreshing native plugins compatible for Editor in 23.92 ms, found 4 plugins.
Asset Pipeline Refresh (id=80e76cf84f7b19c4fac57c6ab066cc98): Total: 0.124 seconds - Initiated by StopAssetImportingV2(NoUpdateAssetOptions)
Refreshing native plugins compatible for Editor in 22.05 ms, found 4 plugins.
Asset Pipeline Refresh (id=73ae642ebc86f2d41adada48dd32a8c6): Total: 0.107 seconds - Initiated by StopAssetImportingV2(NoUpdateAssetOptions)
Refreshing native plugins compatible for Editor in 32.58 ms, found 4 plugins.
Asset Pipeline Refresh (id=427a7273abe8a254889f29a373699a2f): Total: 0.128 seconds - Initiated by StopAssetImportingV2(NoUpdateAssetOptions)
Importing 'GUID: 29a34471417da7a4ebd9d645900571b7 - Path: Assets/OneStarMakerGenerated/BS2b' with importer (DefaultImporter)
Imported 'GUID: 29a34471417da7a4ebd9d645900571b7' -> (Import Result ID: '0a9e2d4dc6825d52c24f629d813069b6') in 0.004 seconds [static dependencies only]. Details - ImportResultOutputID=71aa7d8fba12186f3204938597d57817 DependenciesID=70a51705d2ae5680df6d36ef705fd8ec StaticDependenciesID=8860faee2aa6f63c15b57e40e03ae3b1 
Refreshing native plugins compatible for Editor in 26.50 ms, found 4 plugins.
Asset Pipeline Refresh (id=5ba630ff47948824db61832570518b45): Total: 0.127 seconds - Initiated by StopAssetImportingV2(NoUpdateAssetOptions)
Importing 'GUID: 2e143aa90d097364189faec2612200c8 - Path: Assets/OneStarMakerGenerated/BS2b/20260918T135241431Z-e7f17a09786a4a89bda1b4a112464e20' with importer (DefaultImporter)
Imported 'GUID: 2e143aa90d097364189faec2612200c8' -> (Import Result ID: '3d2112bb16e27f546c0509cdd57918f7') in 0.009 seconds [static dependencies only]. Details - ImportResultOutputID=02f1bf4e8c3f428159acd441384141eb DependenciesID=3683b4efb4d586adff4799f2b77e46ae StaticDependenciesID=8e52408642ea9f75533de94608b21cfc 
Refreshing native plugins compatible for Editor in 24.82 ms, found 4 plugins.
Asset Pipeline Refresh (id=380e5d75b20cdca4d87cb4d0b28969c4): Total: 0.104 seconds - Initiated by StopAssetImportingV2(NoUpdateAssetOptions)
Importing 'GUID: d402f6fc2fa7a984294f5cab31d0c266 - Path: Assets/OneStarMakerGenerated/BS2b/20260918T135241431Z-e7f17a09786a4a89bda1b4a112464e20/bs2b-owner.marker' with importer (DefaultImporter)
Imported 'GUID: d402f6fc2fa7a984294f5cab31d0c266' -> (Import Result ID: 'cd72f9b79b87b06a70686a471b4a273b') in 0.010 seconds [static dependencies only]. Details - ImportResultOutputID=6fb98801563f2861eb5e57ae551ef94a DependenciesID=6857e58793f9d562f838046347b4e535 StaticDependenciesID=81b7d25160de7b80e401dcbb4a4efa2a 
Refreshing native plugins compatible for Editor in 25.21 ms, found 4 plugins.
Asset Pipeline Refresh (id=d5c525a59ee733b45970c98bce2756d5): Total: 0.111 seconds - Initiated by RefreshV2(NoUpdateAssetOptions)
Importing 'GUID: 7590afa64fa91a24c962e789d5594646 - Path: Assets/OneStarMakerGenerated/BS2b/20260918T135241431Z-e7f17a09786a4a89bda1b4a112464e20/BuildContentRoot.asset' with importer (NativeFormatImporter)
Imported 'GUID: 7590afa64fa91a24c962e789d5594646' -> (Import Result ID: '0d8842ba21ac9c841d4eac2bd1630819') in 0.002 seconds [static dependencies only]. Details - ImportResultOutputID=a46fc166bda62e09ab43acc1859afc1b DependenciesID=61f2c6243f074d28c41961e42646698f StaticDependenciesID=c12dcdd86afc6b69cbfcc834ee4713d4 
Refreshing native plugins compatible for Editor in 24.61 ms, found 4 plugins.
Asset Pipeline Refresh (id=a28cc7b04ebbf7441acd2c70b003f5a0): Total: 0.195 seconds - Initiated by StopAssetImportingV2(NoUpdateAssetOptions)
Importing 'GUID: 7590afa64fa91a24c962e789d5594646 - Path: Assets/OneStarMakerGenerated/BS2b/20260918T135241431Z-e7f17a09786a4a89bda1b4a112464e20/BuildContentRoot.asset' with importer (NativeFormatImporter)
Imported 'GUID: 7590afa64fa91a24c962e789d5594646' -> (Import Result ID: '0d8842ba21ac9c841d4eac2bd1630819') in 0.002 seconds [static dependencies only]. Details - ImportResultOutputID=a46fc166bda62e09ab43acc1859afc1b DependenciesID=61f2c6243f074d28c41961e42646698f StaticDependenciesID=c12dcdd86afc6b69cbfcc834ee4713d4 
Refreshing native plugins compatible for Editor in 23.31 ms, found 4 plugins.
Asset Pipeline Refresh (id=adb2e1731e8179e4f9938a498edb0b4d): Total: 0.064 seconds - Initiated by StopAssetImportingV2(NoUpdateAssetOptions)
Importing 'GUID: 7590afa64fa91a24c962e789d5594646 - Path: Assets/OneStarMakerGenerated/BS2b/20260918T135241431Z-e7f17a09786a4a89bda1b4a112464e20/BuildContentRoot.asset' with importer (NativeFormatImporter)
Imported 'GUID: 7590afa64fa91a24c962e789d5594646' -> (Import Result ID: '0d8842ba21ac9c841d4eac2bd1630819') in 0.002 seconds [static dependencies only]. Details - ImportResultOutputID=a46fc166bda62e09ab43acc1859afc1b DependenciesID=61f2c6243f074d28c41961e42646698f StaticDependenciesID=c12dcdd86afc6b69cbfcc834ee4713d4 
Refreshing native plugins compatible for Editor in 22.40 ms, found 4 plugins.
Asset Pipeline Refresh (id=b9304fb4db67758409dcb6ed569e9545): Total: 0.064 seconds - Initiated by StopAssetImportingV2(NoUpdateAssetOptions)
Importing 'GUID: 4b83569d67af61e458304325a23e5dfd - Path: Assets/Settings/PC_RPAsset.asset' with importer (NativeFormatImporter)
Imported 'GUID: 4b83569d67af61e458304325a23e5dfd' -> (Import Result ID: '2fcb55e6f37e916feb23474e154663f8') in 0.002 seconds [static dependencies only]. Details - ImportResultOutputID=eae66dc0e7a749d738136f6c7279b2f0 DependenciesID=d67c03d163a158e1a173c7d4f8dea317 StaticDependenciesID=272ab2bf0d55e49a9c6ca9c634f4d9aa 
Refreshing native plugins compatible for Editor in 27.78 ms, found 4 plugins.
Asset Pipeline Refresh (id=cf8817f8c835b6d4dbc7269ad8ea0b7c): Total: 0.079 seconds - Initiated by StopAssetImportingV2(NoUpdateAssetOptions)
Asset Pipeline Refresh (id=e8938aea88cab99488269394c996c4ff): Total: 0.080 seconds - Initiated by StopAssetImportingV2(NoUpdateAssetOptions)
Worker ready: AssetImportWorkerHW1 1
Opening scene 'Assets/SampleGame/OutGame/Title/Title.unity additively'
Pipeline: No RuntimePipelineManager components found in build scenes. Pipeline will be disabled in Player builds.
UnityEngine.Debug:ExtractStackTraceNoAlloc (byte*,int,string)
UnityEngine.StackTraceUtility:ExtractStackTrace ()
UnityEngine.DebugLogHandler:Internal_Log (UnityEngine.LogType,UnityEngine.LogOption,string,UnityEngine.Object)
UnityEngine.DebugLogHandler:LogFormat (UnityEngine.LogType,UnityEngine.Object,string,object[])
UnityEngine.Logger:Log (UnityEngine.LogType,object)
UnityEngine.Debug:LogWarning (object)
Unity.Pipeline.Editor.BuildProcessors.PipelineRuntimeBuildProcessor:OnPreprocessBuild (UnityEditor.Build.BuildCallbackContext) (at ./Library/PackageCache/com.unity.pipeline@f49636739437/Editor/BuildProcessors/PipelineRuntimeBuildProcessor.cs:48)
UnityEditor.Build.BuildPipelineInterfaces:OnBuildPreProcessWithContext (UnityEditor.Build.BuildCallbackContext)
UnityEditor.BuildPipeline:BuildContentDirectoryInternal (UnityEditor.BuildContentDirectoryParameters,UnityEngine.GUID)
UnityEditor.BuildPipeline:BuildContentDirectory (UnityEditor.BuildContentDirectoryParameters)
OneStarMaker.Editor.Build.Content.UnityContentDirectoryAdapter:Build (OneStarMaker.Editor.Build.Content.BuildContentProjectionResult,string,string) (at Assets/OneStarMaker/Scripts/Editor/Build/Content/UnityContentDirectoryAdapter.cs:93)
OneStarMaker.Editor.Build.Content.BuildContentCoordinator:Build (OneStarMaker.Editor.Build.Content.BuildContentRequest) (at Assets/OneStarMaker/Scripts/Editor/Build/Content/BuildContentCoordinator.cs:74)
OneStarMaker.Tests.Editor.Build.BuildContentDirectoryIntegrationTests/<ScenePrefabTextureAndTwoRepresentationsBuildAndMoveAsOneDirectory>d__4:MoveNext () (at Assets/OneStarMaker/Tests/Editor/Build/BuildContentDirectoryIntegrationTests.cs:123)
UnityEngine.TestTools.TestEnumerator/<Execute>d__8:MoveNext () (at ./Library/PackageCache/com.unity.test-framework@7a3849e09bd0/UnityEngine.TestRunner/NUnitExtensions/Attributes/TestEnumerator.cs:52)
UnityEngine.TestTools.EnumerableTestMethodCommand/<ExecuteEnumerableAndRecordExceptions>d__4:MoveNext () (at ./Library/PackageCache/com.unity.test-framework@7a3849e09bd0/UnityEngine.TestRunner/NUnitExtensions/Commands/EnumerableTestMethodCommand.cs:85)
UnityEngine.TestTools.EnumerableTestMethodCommand:AdvanceEnumerator (System.Collections.IEnumerator) (at ./Library/PackageCache/com.unity.test-framework@7a3849e09bd0/UnityEngine.TestRunner/NUnitExtensions/Commands/EnumerableTestMethodCommand.cs:64)
UnityEngine.TestTools.EnumerableTestMethodCommand/<ExecuteEnumerable>d__2:MoveNext () (at ./Library/PackageCache/com.unity.test-framework@7a3849e09bd0/UnityEngine.TestRunner/NUnitExtensions/Commands/EnumerableTestMethodCommand.cs:47)
UnityEngine.TestRunner.NUnitExtensions.Runner.UnityLogCheckDelegatingCommand/<ExecuteEnumerable>d__4:MoveNext () (at ./Library/PackageCache/com.unity.test-framework@7a3849e09bd0/UnityEngine.TestRunner/NUnitExtensions/Runner/UnityLogCheckDelegatingCommand.cs:66)
UnityEngine.TestTools.BeforeAfterTestCommandBase`1/<ExecuteEnumerable>d__16<NUnit.Framework.ITestAction>:MoveNext () (at ./Library/PackageCache/com.unity.test-framework@7a3849e09bd0/UnityEngine.TestRunner/NUnitExtensions/Commands/BeforeAfterTestCommandBase.cs:213)
UnityEngine.TestTools.BeforeAfterTestCommandBase`1/<ExecuteEnumerable>d__16<System.Reflection.MethodInfo>:MoveNext () (at ./Library/PackageCache/com.unity.test-framework@7a3849e09bd0/UnityEngine.TestRunner/NUnitExtensions/Commands/BeforeAfterTestCommandBase.cs:213)
UnityEngine.TestTools.BeforeAfterTestCommandBase`1/<ExecuteEnumerable>d__16<System.Reflection.MethodInfo>:MoveNext () (at ./Library/PackageCache/com.unity.test-framework@7a3849e09bd0/UnityEngine.TestRunner/NUnitExtensions/Commands/BeforeAfterTestCommandBase.cs:213)
UnityEngine.TestTools.BeforeAfterTestCommandBase`1/<ExecuteEnumerable>d__16<UnityEngine.TestTools.IOuterUnityTestAction>:MoveNext () (at ./Library/PackageCache/com.unity.test-framework@7a3849e09bd0/UnityEngine.TestRunner/NUnitExtensions/Commands/BeforeAfterTestCommandBase.cs:213)
UnityEngine.TestTools.RetryCommand/<ExecuteEnumerable>d__2:MoveNext () (at ./Library/PackageCache/com.unity.test-framework@7a3849e09bd0/UnityEngine.TestRunner/NUnitExtensions/Commands/RetryCommand.cs:37)
UnityEngine.TestTools.RepeatCommand/<ExecuteEnumerable>d__2:MoveNext () (at ./Library/PackageCache/com.unity.test-framework@7a3849e09bd0/UnityEngine.TestRunner/NUnitExtensions/Commands/RepeatCommand.cs:36)
UnityEngine.TestTools.IgnoreTestCommand/<ExecuteEnumerable>d__3:MoveNext () (at ./Library/PackageCache/com.unity.test-framework@7a3849e09bd0/UnityEngine.TestRunner/NUnitExtensions/Commands/IgnoreTestCommand.cs:42)
UnityEngine.TestTools.StrictCheckCommand/<ExecuteEnumerable>d__2:MoveNext () (at ./Library/PackageCache/com.unity.test-framework@7a3849e09bd0/UnityEngine.TestRunner/NUnitExtensions/Commands/StrictCheckCommand.cs:29)
UnityEditor.TestTools.TestRunner.EditorEnumeratorTestWorkItem/<PerformWork>d__3:MoveNext () (at ./Library/PackageCache/com.unity.test-framework@7a3849e09bd0/UnityEditor.TestRunner/TestRunner/EditorEnumeratorTestWorkItem.cs:97)
UnityEngine.TestRunner.NUnitExtensions.Runner.CompositeWorkItem/<RunChildren>d__17:MoveNext () (at ./Library/PackageCache/com.unity.test-framework@7a3849e09bd0/UnityEngine.TestRunner/NUnitExtensions/Runner/CompositeWorkItem.cs:209)
UnityEngine.TestRunner.NUnitExtensions.Runner.CompositeWorkItem/<PerformWork>d__13:MoveNext () (at ./Library/PackageCache/com.unity.test-framework@7a3849e09bd0/UnityEngine.TestRunner/NUnitExtensions/Runner/CompositeWorkItem.cs:83)
UnityEngine.TestRunner.NUnitExtensions.Runner.CompositeWorkItem/<RunChildren>d__17:MoveNext () (at ./Library/PackageCache/com.unity.test-framework@7a3849e09bd0/UnityEngine.TestRunner/NUnitExtensions/Runner/CompositeWorkItem.cs:209)
UnityEngine.TestRunner.NUnitExtensions.Runner.CompositeWorkItem/<PerformWork>d__13:MoveNext () (at ./Library/PackageCache/com.unity.test-framework@7a3849e09bd0/UnityEngine.TestRunner/NUnitExtensions/Runner/CompositeWorkItem.cs:83)
UnityEngine.TestRunner.NUnitExtensions.Runner.CompositeWorkItem/<RunChildren>d__17:MoveNext () (at ./Library/PackageCache/com.unity.test-framework@7a3849e09bd0/UnityEngine.TestRunner/NUnitExtensions/Runner/CompositeWorkItem.cs:209)
UnityEngine.TestRunner.NUnitExtensions.Runner.CompositeWorkItem/<PerformWork>d__13:MoveNext () (at ./Library/PackageCache/com.unity.test-framework@7a3849e09bd0/UnityEngine.TestRunner/NUnitExtensions/Runner/CompositeWorkItem.cs:83)
UnityEngine.TestRunner.NUnitExtensions.Runner.CompositeWorkItem/<RunChildren>d__17:MoveNext () (at ./Library/PackageCache/com.unity.test-framework@7a3849e09bd0/UnityEngine.TestRunner/NUnitExtensions/Runner/CompositeWorkItem.cs:209)
UnityEngine.TestRunner.NUnitExtensions.Runner.CompositeWorkItem/<PerformWork>d__13:MoveNext () (at ./Library/PackageCache/com.unity.test-framework@7a3849e09bd0/UnityEngine.TestRunner/NUnitExtensions/Runner/CompositeWorkItem.cs:83)
UnityEngine.TestRunner.NUnitExtensions.Runner.CompositeWorkItem/<RunChildren>d__17:MoveNext () (at ./Library/PackageCache/com.unity.test-framework@7a3849e09bd0/UnityEngine.TestRunner/NUnitExtensions/Runner/CompositeWorkItem.cs:209)
UnityEngine.TestRunner.NUnitExtensions.Runner.CompositeWorkItem/<PerformWork>d__13:MoveNext () (at ./Library/PackageCache/com.unity.test-framework@7a3849e09bd0/UnityEngine.TestRunner/NUnitExtensions/Runner/CompositeWorkItem.cs:83)
UnityEngine.TestRunner.NUnitExtensions.Runner.CompositeWorkItem/<RunChildren>d__17:MoveNext () (at ./Library/PackageCache/com.unity.test-framework@7a3849e09bd0/UnityEngine.TestRunner/NUnitExtensions/Runner/CompositeWorkItem.cs:209)
UnityEngine.TestRunner.NUnitExtensions.Runner.CompositeWorkItem/<PerformWork>d__13:MoveNext () (at ./Library/PackageCache/com.unity.test-framework@7a3849e09bd0/UnityEngine.TestRunner/NUnitExtensions/Runner/CompositeWorkItem.cs:83)
UnityEngine.TestRunner.NUnitExtensions.Runner.CompositeWorkItem/<RunChildren>d__17:MoveNext () (at ./Library/PackageCache/com.unity.test-framework@7a3849e09bd0/UnityEngine.TestRunner/NUnitExtensions/Runner/CompositeWorkItem.cs:209)
UnityEngine.TestRunner.NUnitExtensions.Runner.CompositeWorkItem/<PerformWork>d__13:MoveNext () (at ./Library/PackageCache/com.unity.test-framework@7a3849e09bd0/UnityEngine.TestRunner/NUnitExtensions/Runner/CompositeWorkItem.cs:83)
UnityEditor.TestTools.TestRunner.EditModeRunner:MoveNextAndUpdateYieldObject () (at ./Library/PackageCache/com.unity.test-framework@7a3849e09bd0/UnityEditor.TestRunner/TestRunner/EditModeRunner.cs:180)
UnityEditor.TestTools.TestRunner.EditModeRunner:TestConsumer (UnityEditor.TestTools.TestRunner.TestRunnerStateSerializer) (at ./Library/PackageCache/com.unity.test-framework@7a3849e09bd0/UnityEditor.TestRunner/TestRunner/EditModeRunner.cs:220)
UnityEditor.TestTools.TestRunner.TestRun.Tasks.EditModeRunTask/<Execute>d__1:MoveNext () (at ./Library/PackageCache/com.unity.test-framework@7a3849e09bd0/UnityEditor.TestRunner/TestRun/Tasks/EditModeRunTask.cs:48)
UnityEditor.TestTools.TestRunner.TestRun.TestJobRunner:ExecuteStep () (at ./Library/PackageCache/com.unity.test-framework@7a3849e09bd0/UnityEditor.TestRunner/TestRun/TestJobRunner.cs:194)
UnityEditor.TestTools.TestRunner.TestRun.TestJobRunner:ExecuteCallback () (at ./Library/PackageCache/com.unity.test-framework@7a3849e09bd0/UnityEditor.TestRunner/TestRun/TestJobRunner.cs:129)
UnityEditor.EditorApplication:Internal_CallUpdateFunctions ()

(Filename: ./Library/PackageCache/com.unity.pipeline@f49636739437/Editor/BuildProcessors/PipelineRuntimeBuildProcessor.cs Line: 48)

Importing 'GUID: 4b83569d67af61e458304325a23e5dfd - Path: Assets/Settings/PC_RPAsset.asset' with importer (NativeFormatImporter)
Imported 'GUID: 4b83569d67af61e458304325a23e5dfd' -> (Import Result ID: '2fcb55e6f37e916feb23474e154663f8') in 0.002 seconds [static dependencies only]. Details - ImportResultOutputID=eae66dc0e7a749d738136f6c7279b2f0 DependenciesID=d67c03d163a158e1a173c7d4f8dea317 StaticDependenciesID=272ab2bf0d55e49a9c6ca9c634f4d9aa 
Refreshing native plugins compatible for Editor in 22.65 ms, found 4 plugins.
Asset Pipeline Refresh (id=bcd1dae555cbcd94b810785d46e595f1): Total: 0.064 seconds - Initiated by StopAssetImportingV2(NoUpdateAssetOptions)
Asset Pipeline Refresh (id=6083a7a8b594ec841a1b13892f863d85): Total: 0.104 seconds - Initiated by RefreshV2(NoUpdateAssetOptions)
[ScriptCompilation] Requested script compilation because: Recompiling all scripts before compiling player scripts because Auto Refresh is disabled.
Worker ready: AssetImportWorkerHW2 2
Starting: D:\UnityEditor\6000.6.0f1\Editor\Data\Tools\BuildPipeline\bee_backend.exe --ipc --defer-dag-verification --dagfile="Library/Bee/1900b0aEDbg.dag" --continue-on-failure --profile="Library/Bee/backend1.traceevents" ScriptAssemblies
WorkingDir: D:/repositories/unity/SampleGameForOneStarMakerFramework/unity
ExitCode: 0 Duration: 1s98ms
[1444/1925  0s] ILPP-Configuration Library/ilpp-configuration.nevergeneratedoutput
*** Tundra build success (1.03 seconds), 1 items updated, 1925 evaluated
Total cache size 267210888
Total cache size after purge 267210888, took 00:00:00.9098671
[ScriptCompilation] Requested script compilation because: Compiling scripts for player
Starting: D:\UnityEditor\6000.6.0f1\Editor\Data\Tools\BuildPipeline\bee_backend.exe --ipc --defer-dag-verification --dagfile="Library/Bee/1900b0aP.dag" --continue-on-failure --profile="Library/Bee/backend1.traceevents" ScriptAssembliesAndTypeDB
WorkingDir: D:/repositories/unity/SampleGameForOneStarMakerFramework/unity
ExitCode: 0 Duration: 4s745ms
[ 442/1248  0s] WriteResponseFile Library/Bee/artifacts/rsp/4747638433968585886.rsp
[ 987/1248  0s] ILPP-Configuration Library/ilpp-configuration.nevergeneratedoutput
[1074/1248  0s] CopyFiles Library/PlayerScriptAssemblies/Unity.Purchasing.SecurityCore.dll
[1075/1248  0s] CopyFiles Library/PlayerScriptAssemblies/Unity.Purchasing.dll
[1076/1248  0s] CopyFiles Library/PlayerScriptAssemblies/Unity.SurfaceCache.Runtime.dll
[1077/1248  0s] CopyFiles Library/PlayerScriptAssemblies/Unity.Purchasing.Stores.XboxCloudServices.dll
[1078/1248  0s] CopyFiles Library/PlayerScriptAssemblies/Domain_Reload.dll
[1079/1248  0s] CopyFiles Library/PlayerScriptAssemblies/Unity.Purchasing.SecurityStub.dll
[1080/1248  0s] CopyFiles Library/PlayerScriptAssemblies/Unity.RenderPipelines.Universal.Config.Runtime.dll
[1081/1248  0s] CopyFiles Library/PlayerScriptAssemblies/Unity.Cinemachine.dll
[1082/1248  0s] CopyFiles Library/PlayerScriptAssemblies/Unity.Services.Core.Telemetry.dll
[1083/1248  0s] CopyFiles Library/PlayerScriptAssemblies/Unity.Purchasing.Utilities.dll
[1084/1248  0s] CopyFiles Library/PlayerScriptAssemblies/Unity.Services.Core.dll
[1085/1248  0s] CopyFiles Library/PlayerScriptAssemblies/UnityEngine.Advertisements.dll
[1086/1248  0s] CopyFiles Library/PlayerScriptAssemblies/UnityEngine.XR.LegacyInputHelpers.dll
[1087/1248  0s] CopyFiles Library/PlayerScriptAssemblies/Unity.Services.Core.Environments.dll
[1088/1248  0s] CopyFiles Library/PlayerScriptAssemblies/Unity.Collections.dll
[1089/1248  0s] CopyFiles Library/PlayerScriptAssemblies/Unity.Burst.dll
[1090/1248  0s] CopyFiles Library/PlayerScriptAssemblies/Unity.RenderPipelines.Universal.Runtime.dll
[1091/1248  0s] CopyFiles Library/PlayerScriptAssemblies/Unity.InternalAPIEngineBridge.ObjectDispatcher.Runtime.dll
[1092/1248  0s] CopyFiles Library/PlayerScriptAssemblies/Unity.TextMeshPro.dll
[1093/1248  0s] CopyFiles Library/PlayerScriptAssemblies/Unity.Services.Core.Components.dll
[1094/1248  0s] CopyFiles Library/PlayerScriptAssemblies/LitMotion.Extensions.dll
[1095/1248  0s] CopyFiles Library/PlayerScriptAssemblies/UnityEngine.SpatialTracking.dll
[1096/1248  0s] CopyFiles Library/PlayerScriptAssemblies/Unity.Purchasing.Codeless.dll
[1097/1248  0s] CopyFiles Library/PlayerScriptAssemblies/Assembly-CSharp.dll
[1098/1248  0s] CopyFiles Library/PlayerScriptAssemblies/Unity.Services.Core.Device.dll
[1099/1248  0s] CopyFiles Library/PlayerScriptAssemblies/SampleGame.DependOnAll.dll
[1100/1248  0s] CopyFiles Library/PlayerScriptAssemblies/Unity.PathTracing.Runtime.dll
[1101/1248  0s] CopyFiles Library/PlayerScriptAssemblies/Unity.Collections.Tests.CoreCLR.PrivateJobNested.dll
[1102/1248  0s] CopyFiles Library/PlayerScriptAssemblies/SampleGame.Common.dll
[1103/1248  0s] CopyFiles Library/PlayerScriptAssemblies/Unity.RenderPipelines.Core.Runtime.dll
[1104/1248  0s] CopyFiles Library/PlayerScriptAssemblies/Unity.RenderPipelines.Universal.2D.Runtime.dll
[1105/1248  0s] CopyFiles Library/PlayerScriptAssemblies/OneStarMaker.Debug.dll
[1106/1248  0s] CopyFiles Library/PlayerScriptAssemblies/Unity.Purchasing.AppleMacosStub.dll
[1107/1248  0s] CopyFiles Library/PlayerScriptAssemblies/Unity.RenderPipelines.ShaderGraph.ShaderGraphLibrary.dll
[1108/1248  0s] CopyFiles Library/PlayerScriptAssemblies/Unity.VisualScripting.Flow.dll
[1109/1248  0s] CopyFiles Library/PlayerScriptAssemblies/Unity.RenderPipelines.Core.ShaderLibrary.dll
[1110/1248  0s] CopyFiles Library/PlayerScriptAssemblies/Unity.Services.Core.Networking.dll
[1111/1248  0s] CopyFiles Library/PlayerScriptAssemblies/OneStarMaker.Runtime.dll
[1112/1248  0s] CopyFiles Library/PlayerScriptAssemblies/Unity.Timeline.dll
[1113/1248  0s] CopyFiles Library/PlayerScriptAssemblies/Unity.InternalAPIEngineBridge.RenderPipelines.Core.Runtime.Shared.dll
[1114/1248  0s] CopyFiles Library/PlayerScriptAssemblies/Unity.Services.Core.Internal.dll
[1115/1248  0s] CopyFiles Library/PlayerScriptAssemblies/Unity.ScriptableBuildPipeline.dll
[1116/1248  0s] CopyFiles Library/PlayerScriptAssemblies/Unity.Services.Core.Scheduler.dll
[1117/1248  0s] CopyFiles Library/PlayerScriptAssemblies/Unity.InternalAPIEngineBridge.004.dll
[1118/1248  0s] CopyFiles Library/PlayerScriptAssemblies/Unity.Services.Core.Configuration.dll
[1119/1248  0s] CopyFiles Library/PlayerScriptAssemblies/Unity.Services.Analytics.dll
[1120/1248  0s] CopyFiles Library/PlayerScriptAssemblies/Unity.ResourceManager.dll
[1121/1248  0s] CopyFiles Library/PlayerScriptAssemblies/UniTask.dll
[1122/1248  0s] CopyFiles Library/PlayerScriptAssemblies/Unity.RenderPipelines.Core.Runtime.Shared.dll
[1123/1248  0s] CopyFiles Library/PlayerScriptAssemblies/Unity.Addressables.dll
[1124/1248  0s] CopyFiles Library/PlayerScriptAssemblies/Unity.UnifiedRayTracing.Runtime.dll
[1125/1248  0s] CopyFiles Library/PlayerScriptAssemblies/Unity.AI.Navigation.dll
[1126/1248  0s] CopyFiles Library/PlayerScriptAssemblies/Unity.Splines.dll
[1127/1248  0s] CopyFiles Library/PlayerScriptAssemblies/Unity.RenderPipelines.GPUDriven.Runtime.dll
[1128/1248  0s] CopyFiles Library/PlayerScriptAssemblies/Unity.VisualScripting.DocCodeExamples.dll
[1129/1248  0s] CopyFiles Library/PlayerScriptAssemblies/UniTask.DOTween.dll
[1130/1248  0s] CopyFiles Library/PlayerScriptAssemblies/Unity.Purchasing.WebshopService.dll
[1131/1248  0s] CopyFiles Library/PlayerScriptAssemblies/Unity.Services.Core.Analytics.dll
[1132/1248  0s] CopyFiles Library/PlayerScriptAssemblies/Unity.Collections.Tests.CoreCLR.ProtectedJobNested.dll
[1133/1248  0s] CopyFiles Library/PlayerScriptAssemblies/Unity.VisualScripting.State.dll
[1134/1248  0s] CopyFiles Library/PlayerScriptAssemblies/UnityEngine.UI.dll
[1135/1248  0s] CopyFiles Library/PlayerScriptAssemblies/Unity.Mathematics.dll
[1136/1248  0s] CopyFiles Library/PlayerScriptAssemblies/Unity.RenderPipelines.Universal.Shaders.dll
[1137/1248  0s] CopyFiles Library/PlayerScriptAssemblies/UniTask.TextMeshPro.dll
[1138/1248  0s] CopyFiles Library/PlayerScriptAssemblies/LitMotion.dll
[1139/1248  0s] CopyFiles Library/PlayerScriptAssemblies/Unity.Collections.Tests.CoreCLR.InternalJobNestedPrivate.dll
[1140/1248  0s] CopyFiles Library/PlayerScriptAssemblies/Unity.Collections.Tests.CoreCLR.PublicJobPrivateGeneric.dll
[1141/1248  0s] CopyFiles Library/PlayerScriptAssemblies/Unity.VisualScripting.Core.dll
[1142/1248  0s] CopyFiles Library/PlayerScriptAssemblies/Unity.Services.Core.Registration.dll
[1143/1248  0s] CopyFiles Library/PlayerScriptAssemblies/UniTask.Linq.dll
[1144/1248  0s] CopyFiles Library/PlayerScriptAssemblies/Unity.Pipeline.dll
[1145/1248  0s] CopyFiles Library/PlayerScriptAssemblies/Unity.Purchasing.LiveContentAdapterService.dll
[1146/1248  0s] CopyFiles Library/PlayerScriptAssemblies/Unity.Profiling.Core.dll
[1147/1248  0s] CopyFiles Library/PlayerScriptAssemblies/Unity.Analytics.DataPrivacy.dll
[1148/1248  0s] CopyFiles Library/PlayerScriptAssemblies/Unity.RenderPipeline.Universal.ShaderLibrary.dll
[1149/1248  0s] CopyFiles Library/PlayerScriptAssemblies/SampleGame.OutGame.dll
[1150/1248  0s] CopyFiles Library/PlayerScriptAssemblies/Unity.InputSystem.ForUI.dll
[1151/1248  0s] CopyFiles Library/PlayerScriptAssemblies/Unity.Services.Core.Environments.Internal.dll
[1152/1248  0s] CopyFiles Library/PlayerScriptAssemblies/Unity.InputSystem.dll
[1153/1248  0s] CopyFiles Library/PlayerScriptAssemblies/UniTask.Addressables.dll
[1154/1248  0s] CopyFiles Library/PlayerScriptAssemblies/SampleGame.InGame.dll
[1155/1248  0s] CopyFiles Library/PlayerScriptAssemblies/OneStarMaker.Foundation.dll
[1156/1248  0s] CopyFiles Library/PlayerScriptAssemblies/Unity.Purchasing.AppleStub.dll
[1157/1248  0s] CopyFiles Library/PlayerScriptAssemblies/Unity.Purchasing.PaymentProviderService.dll
[1158/1248  0s] CopyFiles Library/PlayerScriptAssemblies/Unity.Services.Core.Threading.dll
[1159/1248  0s] CopyFiles Library/PlayerScriptAssemblies/Unity.Purchasing.Stores.dll
[1160/1248  0s] CopyFiles Library/PlayerScriptAssemblies/Unity.Burst.pdb
[1161/1248  0s] CopyFiles Library/PlayerScriptAssemblies/Unity.RenderPipelines.Universal.Runtime.pdb
[1162/1248  0s] CopyFiles Library/PlayerScriptAssemblies/Unity.InternalAPIEngineBridge.ObjectDispatcher.Runtime.pdb
[1163/1248  0s] CopyFiles Library/PlayerScriptAssemblies/UnityEngine.Advertisements.pdb
[1164/1248  0s] CopyFiles Library/PlayerScriptAssemblies/Unity.Services.Core.pdb
[1165/1248  0s] CopyFiles Library/PlayerScriptAssemblies/LitMotion.Extensions.pdb
[1166/1248  0s] CopyFiles Library/PlayerScriptAssemblies/Unity.RenderPipelines.Core.Runtime.pdb
[1167/1248  0s] CopyFiles Library/PlayerScriptAssemblies/Unity.RenderPipelines.Universal.Config.Runtime.pdb
[1168/1248  0s] CopyFiles Library/PlayerScriptAssemblies/Unity.Services.Core.Telemetry.pdb
[1169/1248  0s] CopyFiles Library/PlayerScriptAssemblies/SampleGame.DependOnAll.pdb
[1170/1248  0s] CopyFiles Library/PlayerScriptAssemblies/Unity.Cinemachine.pdb
[1171/1248  0s] CopyFiles Library/PlayerScriptAssemblies/Unity.Purchasing.Stores.XboxCloudServices.pdb
[1172/1248  0s] CopyFiles Library/PlayerScriptAssemblies/Unity.PathTracing.Runtime.pdb
[1173/1248  0s] CopyFiles Library/PlayerScriptAssemblies/SampleGame.Common.pdb
[1174/1248  0s] CopyFiles Library/PlayerScriptAssemblies/Unity.RenderPipelines.Universal.2D.Runtime.pdb
[1175/1248  0s] CopyFiles Library/PlayerScriptAssemblies/Unity.Purchasing.pdb
[1176/1248  0s] CopyFiles Library/PlayerScriptAssemblies/OneStarMaker.Debug.pdb
[1177/1248  0s] CopyFiles Library/PlayerScriptAssemblies/Unity.Purchasing.AppleMacosStub.pdb
[1178/1248  0s] CopyFiles Library/PlayerScriptAssemblies/Unity.Services.Core.Environments.pdb
[1179/1248  0s] CopyFiles Library/PlayerScriptAssemblies/OneStarMaker.Runtime.pdb
[1180/1248  0s] CopyFiles Library/PlayerScriptAssemblies/Unity.Timeline.pdb
[1181/1248  0s] CopyFiles Library/PlayerScriptAssemblies/Unity.InternalAPIEngineBridge.RenderPipelines.Core.Runtime.Shared.pdb
[1182/1248  0s] CopyFiles Library/PlayerScriptAssemblies/Unity.Purchasing.SecurityStub.pdb
[1183/1248  0s] CopyFiles Library/PlayerScriptAssemblies/Unity.Services.Analytics.pdb
[1184/1248  0s] CopyFiles Library/PlayerScriptAssemblies/Unity.RenderPipelines.Core.Runtime.Shared.pdb
[1185/1248  0s] CopyFiles Library/PlayerScriptAssemblies/Unity.AI.Navigation.pdb
[1186/1248  0s] CopyFiles Library/PlayerScriptAssemblies/Unity.UnifiedRayTracing.Runtime.pdb
[1187/1248  0s] CopyFiles Library/PlayerScriptAssemblies/Unity.Splines.pdb
[1188/1248  0s] CopyFiles Library/PlayerScriptAssemblies/Unity.Purchasing.SecurityCore.pdb
[1189/1248  0s] CopyFiles Library/PlayerScriptAssemblies/Unity.Services.Core.Analytics.pdb
[1190/1248  0s] CopyFiles Library/PlayerScriptAssemblies/Unity.ScriptableBuildPipeline.pdb
[1191/1248  0s] CopyFiles Library/PlayerScriptAssemblies/Unity.SurfaceCache.Runtime.pdb
[1192/1248  0s] CopyFiles Library/PlayerScriptAssemblies/Unity.Services.Core.Internal.pdb
[1193/1248  0s] CopyFiles Library/PlayerScriptAssemblies/Unity.Collections.Tests.CoreCLR.InternalJobNestedPrivate.pdb
[1194/1248  0s] CopyFiles Library/PlayerScriptAssemblies/Unity.Addressables.pdb
[1195/1248  0s] CopyFiles Library/PlayerScriptAssemblies/Unity.InternalAPIEngineBridge.004.pdb
[1196/1248  0s] CopyFiles Library/PlayerScriptAssemblies/Unity.RenderPipelines.Core.ShaderLibrary.pdb
[1197/1248  0s] CopyFiles Library/PlayerScriptAssemblies/Unity.Purchasing.WebshopService.pdb
[1198/1248  0s] CopyFiles Library/PlayerScriptAssemblies/UnityEngine.UI.pdb
[1199/1248  0s] CopyFiles Library/PlayerScriptAssemblies/SampleGame.OutGame.pdb
[1200/1248  0s] CopyFiles Library/PlayerScriptAssemblies/Unity.Services.Core.Environments.Internal.pdb
[1201/1248  0s] CopyFiles Library/PlayerScriptAssemblies/UniTask.Addressables.pdb
[1202/1248  0s] CopyFiles Library/PlayerScriptAssemblies/Unity.Services.Core.Networking.pdb
[1203/1248  0s] CopyFiles Library/PlayerScriptAssemblies/Unity.InputSystem.ForUI.pdb
[1204/1248  0s] CopyFiles Library/PlayerScriptAssemblies/Unity.RenderPipelines.GPUDriven.Runtime.pdb
[1205/1248  0s] CopyFiles Library/PlayerScriptAssemblies/UniTask.DOTween.pdb
[1206/1248  0s] CopyFiles Library/PlayerScriptAssemblies/UnityEngine.SpatialTracking.pdb
[1207/1248  0s] CopyFiles Library/PlayerScriptAssemblies/Unity.Collections.Tests.CoreCLR.ProtectedJobNested.pdb
[1208/1248  0s] CopyFiles Library/PlayerScriptAssemblies/Assembly-CSharp.pdb
[1209/1248  0s] CopyFiles Library/PlayerScriptAssemblies/Unity.Mathematics.pdb
[1210/1248  0s] CopyFiles Library/PlayerScriptAssemblies/LitMotion.pdb
[1211/1248  0s] CopyFiles Library/PlayerScriptAssemblies/Unity.ResourceManager.pdb
[1212/1248  0s] CopyFiles Library/PlayerScriptAssemblies/UnityEngine.XR.LegacyInputHelpers.pdb
[1213/1248  0s] CopyFiles Library/PlayerScriptAssemblies/Unity.Services.Core.Scheduler.pdb
[1214/1248  0s] CopyFiles Library/PlayerScriptAssemblies/UniTask.Linq.pdb
[1215/1248  0s] CopyFiles Library/PlayerScriptAssemblies/Unity.Services.Core.Registration.pdb
[1216/1248  0s] CopyFiles Library/PlayerScriptAssemblies/Unity.Purchasing.LiveContentAdapterService.pdb
[1217/1248  0s] CopyFiles Library/PlayerScriptAssemblies/Unity.VisualScripting.Flow.pdb
[1218/1248  0s] CopyFiles Library/PlayerScriptAssemblies/Unity.Collections.pdb
[1219/1248  0s] CopyFiles Library/PlayerScriptAssemblies/Unity.Services.Core.Configuration.pdb
[1220/1248  0s] CopyFiles Library/PlayerScriptAssemblies/Unity.Collections.Tests.CoreCLR.PublicJobPrivateGeneric.pdb
[1221/1248  0s] CopyFiles Library/PlayerScriptAssemblies/SampleGame.InGame.pdb
[1222/1248  0s] CopyFiles Library/PlayerScriptAssemblies/OneStarMaker.Foundation.pdb
[1223/1248  0s] CopyFiles Library/PlayerScriptAssemblies/Unity.Purchasing.PaymentProviderService.pdb
[1224/1248  0s] CopyFiles Library/PlayerScriptAssemblies/Unity.VisualScripting.DocCodeExamples.pdb
[1225/1248  0s] CopyFiles Library/PlayerScriptAssemblies/Unity.InputSystem.pdb
[1226/1248  0s] CopyFiles Library/PlayerScriptAssemblies/Unity.TextMeshPro.pdb
[1227/1248  0s] CopyFiles Library/PlayerScriptAssemblies/Unity.RenderPipelines.Universal.Shaders.pdb
[1228/1248  0s] CopyFiles Library/PlayerScriptAssemblies/Unity.Purchasing.Codeless.pdb
[1229/1248  0s] CopyFiles Library/PlayerScriptAssemblies/UniTask.TextMeshPro.pdb
[1230/1248  0s] CopyFiles Library/PlayerScriptAssemblies/Unity.Pipeline.pdb
[1231/1248  0s] CopyFiles Library/PlayerScriptAssemblies/Unity.RenderPipelines.ShaderGraph.ShaderGraphLibrary.pdb
[1232/1248  0s] CopyFiles Library/PlayerScriptAssemblies/Unity.Profiling.Core.pdb
[1233/1248  0s] CopyFiles Library/PlayerScriptAssemblies/Domain_Reload.pdb
[1234/1248  0s] CopyFiles Library/PlayerScriptAssemblies/Unity.VisualScripting.State.pdb
[1235/1248  0s] CopyFiles Library/PlayerScriptAssemblies/Unity.RenderPipeline.Universal.ShaderLibrary.pdb
[1236/1248  0s] CopyFiles Library/PlayerScriptAssemblies/UniTask.pdb
[1237/1248  0s] CopyFiles Library/PlayerScriptAssemblies/Unity.VisualScripting.Core.pdb
[1238/1248  0s] CopyFiles Library/PlayerScriptAssemblies/Unity.Purchasing.AppleStub.pdb
[1239/1248  0s] CopyFiles Library/PlayerScriptAssemblies/Unity.Analytics.DataPrivacy.pdb
[1240/1248  0s] CopyFiles Library/PlayerScriptAssemblies/Unity.Purchasing.Stores.pdb
[1241/1248  0s] CopyFiles Library/PlayerScriptAssemblies/Unity.Purchasing.Utilities.pdb
[1242/1248  0s] CopyFiles Library/PlayerScriptAssemblies/Unity.Services.Core.Components.pdb
[1243/1248  0s] CopyFiles Library/PlayerScriptAssemblies/Unity.Services.Core.Threading.pdb
[1244/1248  0s] CopyFiles Library/PlayerScriptAssemblies/Unity.Collections.Tests.CoreCLR.PrivateJobNested.pdb
[1245/1248  0s] CopyFiles Library/PlayerScriptAssemblies/Unity.Services.Core.Device.pdb
*** Tundra build success (4.57 seconds), 174 items updated, 1248 evaluated
[Licensing::Client] Successfully resolved entitlement details
[Licensing::Module] License group:
  Id: F4-FHTT-UPW9-SBMJ-JZ5Q-XXXX
  Product: Unity Personal
  Type: ULF
  Expiration: Unlimited
[Licensing::Module] License group:
  Id: 720108-UnityPersXXXX
  Product: Unity Personal
  Type: Assigned
  Expiration: Unlimited
Starting: D:\UnityEditor\6000.6.0f1\Editor\Data\Tools\BuildPipeline\bee_backend.exe --ipc --defer-dag-verification --dagfile="Library/Bee/1900b0aEDbg.dag" --continue-on-failure --profile="Library/Bee/backend1.traceevents" ScriptAssembliesAndTypeDB
WorkingDir: D:/repositories/unity/SampleGameForOneStarMakerFramework/unity
Total cache size 267210888
Total cache size after purge 267210888, took 00:00:01.0628582
ExitCode: 0 Duration: 2s362ms
[ 310/1928  0s] WriteResponseFile Library/Bee/artifacts/rsp/4747638433968585886.rsp
[1445/1928  0s] ILPP-Configuration Library/ilpp-configuration.nevergeneratedoutput
*** Tundra build success (2.22 seconds), 2 items updated, 1928 evaluated
Total cache size 267210888
Total cache size after purge 267210888, took 00:00:00.8563362
[Worker2] Imported GUID: 7590afa64fa91a24c962e789d5594646 - Path: Assets/OneStarMakerGenerated/BS2b/20260918T135241431Z-e7f17a09786a4a89bda1b4a112464e20/BuildContentRoot.asset - Importer: BuildMetaDataImporter -> (ImportResultId: '01fd408a16d87aad494391808efd878a') in 0.0306939 seconds
Importing 'GUID: 591fca8e23abac71848828f430a64f16 - Path: Library/BuildInstructions/7590afa64fa91a24c962e789d5594646.buildinst' with importer (DefaultImporter)
Imported 'GUID: 591fca8e23abac71848828f430a64f16' -> (Import Result ID: '2ff1b9c6ea89eae0da13e732ad5bb8e6') in 0.001 seconds [static dependencies only]. Details - ImportResultOutputID=ddc1ed8d68183c18e37e47f648ed5c18 DependenciesID=434545b928f56a64be8a018e965f381c StaticDependenciesID=82ae1eaa9dfe1eafa57da66038ce61cf 
Refreshing native plugins compatible for Editor in 21.92 ms, found 4 plugins.
Asset Pipeline Refresh (id=05ea255a6da3f1044b217efe3bf60808): Total: 0.217 seconds - Initiated by RefreshV2(NoUpdateAssetOptions)
[Worker2] Imported GUID: 591fca8e23abac71848828f430a64f16 - Path: Library/BuildInstructions/7590afa64fa91a24c962e789d5594646.buildinst - Importer: BuildInstructionImporter -> (ImportResultId: 'e60574e524573f474cc579ebb57aba4f') in 0.0126524 seconds
-------------------------------------------------------------------------------
Build Report - Content Size Statistics
Serialized File count                     11
Resource file count                        2
Object count                              23
Serialized Files                     491.9 kb	  49.0%
Serialized Files Headers             362.4 kb	  36.1%
Resource data (Texture,Audio...)     512.0 kb	  51.0%
Total build size                    1003.9 kb

Largest Types:
   512.2 kb	  51.0% Cubemap
   125.1 kb	  12.5% Shader

Largest Assets:
   522.5 kb	  52.0% Resources/unity_builtin_extra
   107.2 kb	  10.7% Packages/com.unity.render-pipelines.universal/Shaders/Lit.shader
-------------------------------------------------------------------------------
BuildReport, and other content build meta-data, are written to Library/BuildHistory/20260918-135242Z-bc1c7d99Unloading 1 Unused Serialized files (Serialized files now loaded: 0)
Unloading 259 unused Assets / (53.0 KB). Loaded Objects now: 12273.
Memory consumption went from 0.54 GB to 0.54 GB.
Total: 27.229000 ms (FindLiveObjects: 0.870200 ms CreateObjectMapping: 0.312400 ms MarkObjects: 25.216500 ms  DeleteObjects: 0.380800 ms)

SpriteAtlasDatabase::Cleanup
Refreshing native plugins compatible for Editor in 21.93 ms, found 4 plugins.
Asset Pipeline Refresh (id=a42ed81064b2d3d4096ad6c5a896680d): Total: 0.147 seconds - Initiated by StopAssetImportingV2(NoUpdateAssetOptions)
Refreshing native plugins compatible for Editor in 22.70 ms, found 4 plugins.
Asset Pipeline Refresh (id=24959452452d3394fb99869732d21eab): Total: 0.112 seconds - Initiated by StopAssetImportingV2(NoUpdateAssetOptions)
Refreshing native plugins compatible for Editor in 25.21 ms, found 4 plugins.
Asset Pipeline Refresh (id=a107b81bb2be3a44c9e226f0330bac94): Total: 0.133 seconds - Initiated by StopAssetImportingV2(NoUpdateAssetOptions)
Unloading 0 Unused Serialized files (Serialized files now loaded: 0)
Unloading 87 unused Assets / (71.8 KB). Loaded Objects now: 12258.
Memory consumption went from 0.53 GB to 0.53 GB.
Total: 17.551900 ms (FindLiveObjects: 0.738700 ms CreateObjectMapping: 0.294900 ms MarkObjects: 15.662800 ms  DeleteObjects: 0.530100 ms)

Refreshing native plugins compatible for Editor in 25.18 ms, found 4 plugins.
Asset Pipeline Refresh (id=4451da7c9daf8ff4f8c465e689cc81c9): Total: 0.163 seconds - Initiated by StopAssetImportingV2(NoUpdateAssetOptions)
Entering Playmode with Reload Domain disabled.
If you experience any issues, please disable "Enter Play Mode Options" in Editor Settings
[AppInit] DebugSocket configured. mode=Connect, endpoint=ws://127.0.0.1:5011/debugsocket/, autoStart=True, sendLogs=True, sendTelemetry=True.
UnityEngine.Debug:ExtractStackTraceNoAlloc (byte*,int,string)
UnityEngine.StackTraceUtility:ExtractStackTrace ()
UnityEngine.DebugLogHandler:Internal_Log (UnityEngine.LogType,UnityEngine.LogOption,string,UnityEngine.Object)
UnityEngine.DebugLogHandler:LogFormat (UnityEngine.LogType,UnityEngine.Object,string,object[])
UnityEngine.Logger:Log (UnityEngine.LogType,object)
UnityEngine.Debug:Log (object)
OneStarMaker.Runtime.AbstractApplicationInitializer:LogDebugSocketBootstrapStatus (OneStarMaker.Foundation.Config.AppConfig) (at Assets/OneStarMaker/Scripts/Runtime/Bootstrap/AbstractApplicationInitializer.cs:919)
OneStarMaker.Runtime.AbstractApplicationInitializer:InitializeBeforeSceneLoad () (at Assets/OneStarMaker/Scripts/Runtime/Bootstrap/AbstractApplicationInitializer.cs:202)
OneStarMaker.Runtime.AbstractApplicationInitializer:BootstrapBeforeSceneLoad (OneStarMaker.Runtime.AbstractApplicationInitializer) (at Assets/OneStarMaker/Scripts/Runtime/Bootstrap/AbstractApplicationInitializer.cs:145)
SampleGame.DependOnAll.AppInitializer:Before () (at Assets/SampleGame/DependOnAll/AppInitializer.cs:49)

(Filename: Assets/OneStarMaker/Scripts/Runtime/Bootstrap/AbstractApplicationInitializer.cs Line: 919)

[AppInit] AfterSceneLoad: loading UICommon.
UnityEngine.Debug:ExtractStackTraceNoAlloc (byte*,int,string)
UnityEngine.StackTraceUtility:ExtractStackTrace ()
UnityEngine.DebugLogHandler:Internal_Log (UnityEngine.LogType,UnityEngine.LogOption,string,UnityEngine.Object)
UnityEngine.DebugLogHandler:LogFormat (UnityEngine.LogType,UnityEngine.Object,string,object[])
UnityEngine.Logger:Log (UnityEngine.LogType,object)
UnityEngine.Debug:Log (object)
OneStarMaker.Runtime.AbstractApplicationInitializer/<InitializeAfterSceneLoad>d__28:MoveNext () (at Assets/OneStarMaker/Scripts/Runtime/Bootstrap/AbstractApplicationInitializer.cs:244)
Cysharp.Threading.Tasks.CompilerServices.AsyncUniTaskVoidMethodBuilder:Start<OneStarMaker.Runtime.AbstractApplicationInitializer/<InitializeAfterSceneLoad>d__28> (OneStarMaker.Runtime.AbstractApplicationInitializer/<InitializeAfterSceneLoad>d__28&) (at ./Library/PackageCache/com.cysharp.unitask@360e370345b9/Runtime/CompilerServices/AsyncUniTaskVoidMethodBuilder.cs:110)
OneStarMaker.Runtime.AbstractApplicationInitializer:InitializeAfterSceneLoad ()
OneStarMaker.Runtime.AbstractApplicationInitializer:BootstrapAfterSceneLoad (OneStarMaker.Runtime.AbstractApplicationInitializer) (at Assets/OneStarMaker/Scripts/Runtime/Bootstrap/AbstractApplicationInitializer.cs:160)
SampleGame.DependOnAll.AppInitializer:After () (at Assets/SampleGame/DependOnAll/AppInitializer.cs:62)

(Filename: Assets/OneStarMaker/Scripts/Runtime/Bootstrap/AbstractApplicationInitializer.cs Line: 244)

Loaded scene 'Temp/__Backupscenes/0.backup'
	Deserialize:            0.346 ms
	Integration:            1821.711 ms
	Integration of assets:  0.001 ms
	Thread Wait Time:       0.013 ms
	Total Operation Time:   1822.072 ms
Loaded scene 'Assets/OneStarMaker/Scenes/UISystem/UIScene.unity'
	Deserialize:            127.131 ms
	Integration:            182.651 ms
	Integration of assets:  3.436 ms
	Thread Wait Time:       -0.031 ms
	Total Operation Time:   313.186 ms
[AppInit] AfterSceneLoad: loading SceneResourceMap.
UnityEngine.Debug:ExtractStackTraceNoAlloc (byte*,int,string)
UnityEngine.StackTraceUtility:ExtractStackTrace ()
UnityEngine.DebugLogHandler:Internal_Log (UnityEngine.LogType,UnityEngine.LogOption,string,UnityEngine.Object)
UnityEngine.DebugLogHandler:LogFormat (UnityEngine.LogType,UnityEngine.Object,string,object[])
UnityEngine.Logger:Log (UnityEngine.LogType,object)
UnityEngine.Debug:Log (object)
OneStarMaker.Runtime.AbstractApplicationInitializer/<InitializeAfterSceneLoad>d__28:MoveNext () (at Assets/OneStarMaker/Scripts/Runtime/Bootstrap/AbstractApplicationInitializer.cs:248)
Cysharp.Threading.Tasks.CompilerServices.AsyncUniTaskVoid`1<OneStarMaker.Runtime.AbstractApplicationInitializer/<InitializeAfterSceneLoad>d__28>:Run () (at ./Library/PackageCache/com.cysharp.unitask@360e370345b9/Runtime/CompilerServices/StateMachineRunner.cs:104)
Cysharp.Threading.Tasks.AwaiterActions:Continuation (object) (at ./Library/PackageCache/com.cysharp.unitask@360e370345b9/Runtime/UniTask.cs:25)
Cysharp.Threading.Tasks.UniTaskCompletionSourceCore`1<OneStarMaker.Runtime.UISystem.UICommon>:TrySetResult (OneStarMaker.Runtime.UISystem.UICommon) (at ./Library/PackageCache/com.cysharp.unitask@360e370345b9/Runtime/UniTaskCompletionSource.cs:139)
Cysharp.Threading.Tasks.CompilerServices.AsyncUniTask`2<OneStarMaker.Runtime.AbstractApplicationInitializer/<LoadUICommonAsync>d__30, OneStarMaker.Runtime.UISystem.UICommon>:SetResult (OneStarMaker.Runtime.UISystem.UICommon) (at ./Library/PackageCache/com.cysharp.unitask@360e370345b9/Runtime/CompilerServices/StateMachineRunner.cs:328)
Cysharp.Threading.Tasks.CompilerServices.AsyncUniTaskMethodBuilder`1<OneStarMaker.Runtime.UISystem.UICommon>:SetResult (OneStarMaker.Runtime.UISystem.UICommon) (at ./Library/PackageCache/com.cysharp.unitask@360e370345b9/Runtime/CompilerServices/AsyncUniTaskMethodBuilder.cs:201)
OneStarMaker.Runtime.AbstractApplicationInitializer/<LoadUICommonAsync>d__30:MoveNext () (at Assets/OneStarMaker/Scripts/Runtime/Bootstrap/AbstractApplicationInitializer.cs:449)
Cysharp.Threading.Tasks.CompilerServices.AsyncUniTask`2<OneStarMaker.Runtime.AbstractApplicationInitializer/<LoadUICommonAsync>d__30, OneStarMaker.Runtime.UISystem.UICommon>:Run () (at ./Library/PackageCache/com.cysharp.unitask@360e370345b9/Runtime/CompilerServices/StateMachineRunner.cs:313)
Cysharp.Threading.Tasks.AwaiterActions:Continuation (object) (at ./Library/PackageCache/com.cysharp.unitask@360e370345b9/Runtime/UniTask.cs:25)
Cysharp.Threading.Tasks.UniTaskCompletionSourceCore`1<OneStarMaker.Runtime.AssetManagement.ISceneHandle>:TrySetResult (OneStarMaker.Runtime.AssetManagement.ISceneHandle) (at ./Library/PackageCache/com.cysharp.unitask@360e370345b9/Runtime/UniTaskCompletionSource.cs:139)
Cysharp.Threading.Tasks.CompilerServices.AsyncUniTask`2<OneStarMaker.Runtime.AssetManagement.AssetManagement/<LoadSceneAsync>d__21, OneStarMaker.Runtime.AssetManagement.ISceneHandle>:SetResult (OneStarMaker.Runtime.AssetManagement.ISceneHandle) (at ./Library/PackageCache/com.cysharp.unitask@360e370345b9/Runtime/CompilerServices/StateMachineRunner.cs:328)
Cysharp.Threading.Tasks.CompilerServices.AsyncUniTaskMethodBuilder`1<OneStarMaker.Runtime.AssetManagement.ISceneHandle>:SetResult (OneStarMaker.Runtime.AssetManagement.ISceneHandle) (at ./Library/PackageCache/com.cysharp.unitask@360e370345b9/Runtime/CompilerServices/AsyncUniTaskMethodBuilder.cs:201)
OneStarMaker.Runtime.AssetManagement.AssetManagement/<LoadSceneAsync>d__21:MoveNext () (at Assets/OneStarMaker/Scripts/Runtime/AssetManagement/AssetManagement.cs:122)
Cysharp.Threading.Tasks.CompilerServices.AsyncUniTask`2<OneStarMaker.Runtime.AssetManagement.AssetManagement/<LoadSceneAsync>d__21, OneStarMaker.Runtime.AssetManagement.ISceneHandle>:Run () (at ./Library/PackageCache/com.cysharp.unitask@360e370345b9/Runtime/CompilerServices/StateMachineRunner.cs:313)
Cysharp.Threading.Tasks.AwaiterActions:Continuation (object) (at ./Library/PackageCache/com.cysharp.unitask@360e370345b9/Runtime/UniTask.cs:25)
Cysharp.Threading.Tasks.UniTaskCompletionSourceCore`1<OneStarMaker.Runtime.AssetManagement.Internal.IBackendScene>:TrySetResult (OneStarMaker.Runtime.AssetManagement.Internal.IBackendScene) (at ./Library/PackageCache/com.cysharp.unitask@360e370345b9/Runtime/UniTaskCompletionSource.cs:139)
Cysharp.Threading.Tasks.CompilerServices.AsyncUniTask`2<OneStarMaker.Runtime.AssetManagement.Internal.AddressableBackend/<LoadSceneAsync>d__2, OneStarMaker.Runtime.AssetManagement.Internal.IBackendScene>:SetResult (OneStarMaker.Runtime.AssetManagement.Internal.IBackendScene) (at ./Library/PackageCache/com.cysharp.unitask@360e370345b9/Runtime/CompilerServices/StateMachineRunner.cs:328)
Cysharp.Threading.Tasks.CompilerServices.AsyncUniTaskMethodBuilder`1<OneStarMaker.Runtime.AssetManagement.Internal.IBackendScene>:SetResult (OneStarMaker.Runtime.AssetManagement.Internal.IBackendScene) (at ./Library/PackageCache/com.cysharp.unitask@360e370345b9/Runtime/CompilerServices/AsyncUniTaskMethodBuilder.cs:201)
OneStarMaker.Runtime.AssetManagement.Internal.AddressableBackend/<LoadSceneAsync>d__2:MoveNext () (at Assets/OneStarMaker/Scripts/Runtime/AssetManagement/Internal/AddressableBackend.cs:53)
Cysharp.Threading.Tasks.CompilerServices.AsyncUniTask`2<OneStarMaker.Runtime.AssetManagement.Internal.AddressableBackend/<LoadSceneAsync>d__2, OneStarMaker.Runtime.AssetManagement.Internal.IBackendScene>:Run () (at ./Library/PackageCache/com.cysharp.unitask@360e370345b9/Runtime/CompilerServices/StateMachineRunner.cs:313)
Cysharp.Threading.Tasks.AwaiterActions:Continuation (object) (at ./Library/PackageCache/com.cysharp.unitask@360e370345b9/Runtime/UniTask.cs:25)
Cysharp.Threading.Tasks.UniTaskCompletionSourceCore`1<Cysharp.Threading.Tasks.AsyncUnit>:TrySetResult (Cysharp.Threading.Tasks.AsyncUnit) (at ./Library/PackageCache/com.cysharp.unitask@360e370345b9/Runtime/UniTaskCompletionSource.cs:139)
Cysharp.Threading.Tasks.CompilerServices.AsyncUniTask`1<OneStarMaker.Runtime.AssetManagement.Internal.AddressableBackend/<AwaitHandle>d__6`1<UnityEngine.ResourceManagement.ResourceProviders.SceneInstance>>:SetResult () (at ./Library/PackageCache/com.cysharp.unitask@360e370345b9/Runtime/CompilerServices/StateMachineRunner.cs:204)
Cysharp.Threading.Tasks.CompilerServices.AsyncUniTaskMethodBuilder:SetResult () (at ./Library/PackageCache/com.cysharp.unitask@360e370345b9/Runtime/CompilerServices/AsyncUniTaskMethodBuilder.cs:70)
OneStarMaker.Runtime.AssetManagement.Internal.AddressableBackend/<AwaitHandle>d__6`1<UnityEngine.ResourceManagement.ResourceProviders.SceneInstance>:MoveNext () (at Assets/OneStarMaker/Scripts/Runtime/AssetManagement/Internal/AddressableBackend.cs:105)
Cysharp.Threading.Tasks.CompilerServices.AsyncUniTask`1<OneStarMaker.Runtime.AssetManagement.Internal.AddressableBackend/<AwaitHandle>d__6`1<UnityEngine.ResourceManagement.ResourceProviders.SceneInstance>>:Run () (at ./Library/PackageCache/com.cysharp.unitask@360e370345b9/Runtime/CompilerServices/StateMachineRunner.cs:189)
Cysharp.Threading.Tasks.AwaiterActions:Continuation (object) (at ./Library/PackageCache/com.cysharp.unitask@360e370345b9/Runtime/UniTask.cs:25)
Cysharp.Threading.Tasks.UniTaskCompletionSourceCore`1<UnityEngine.ResourceManagement.ResourceProviders.SceneInstance>:TrySetResult (UnityEngine.ResourceManagement.ResourceProviders.SceneInstance) (at ./Library/PackageCache/com.cysharp.unitask@360e370345b9/Runtime/UniTaskCompletionSource.cs:139)
Cysharp.Threading.Tasks.AddressablesAsyncExtensions/AsyncOperationHandleConfiguredSource`1<UnityEngine.ResourceManagement.ResourceProviders.SceneInstance>:HandleCompleted (UnityEngine.ResourceManagement.AsyncOperations.AsyncOperationHandle`1<UnityEngine.ResourceManagement.ResourceProviders.SceneInstance>) (at ./Library/PackageCache/com.cysharp.unitask@360e370345b9/Runtime/External/Addressables/AddressablesAsyncExtensions.cs:398)
DelegateList`1<UnityEngine.ResourceManagement.AsyncOperations.AsyncOperationHandle`1<UnityEngine.ResourceManagement.ResourceProviders.SceneInstance>>:Invoke (UnityEngine.ResourceManagement.AsyncOperations.AsyncOperationHandle`1<UnityEngine.ResourceManagement.ResourceProviders.SceneInstance>) (at ./Library/PackageCache/com.unity.addressables@42676f2a154e/Runtime/ResourceManager/Util/DelegateList.cs:75)
UnityEngine.ResourceManagement.AsyncOperations.AsyncOperationBase`1<UnityEngine.ResourceManagement.ResourceProviders.SceneInstance>:InvokeCompletionEvent () (at ./Library/PackageCache/com.unity.addressables@42676f2a154e/Runtime/ResourceManager/AsyncOperations/AsyncOperationBase.cs:391)
UnityEngine.ResourceManagement.AsyncOperations.AsyncOperationBase`1<UnityEngine.ResourceManagement.ResourceProviders.SceneInstance>:Complete (UnityEngine.ResourceManagement.ResourceProviders.SceneInstance,bool,System.Exception,bool) (at ./Library/PackageCache/com.unity.addressables@42676f2a154e/Runtime/ResourceManager/AsyncOperations/AsyncOperationBase.cs:494)
UnityEngine.ResourceManagement.AsyncOperations.AsyncOperationBase`1<UnityEngine.ResourceManagement.ResourceProviders.SceneInstance>:Complete (UnityEngine.ResourceManagement.ResourceProviders.SceneInstance,bool,string,bool) (at ./Library/PackageCache/com.unity.addressables@42676f2a154e/Runtime/ResourceManager/AsyncOperations/AsyncOperationBase.cs:447)
UnityEngine.ResourceManagement.AsyncOperations.AsyncOperationBase`1<UnityEngine.ResourceManagement.ResourceProviders.SceneInstance>:Complete (UnityEngine.ResourceManagement.ResourceProviders.SceneInstance,bool,string) (at ./Library/PackageCache/com.unity.addressables@42676f2a154e/Runtime/ResourceManager/AsyncOperations/AsyncOperationBase.cs:431)
UnityEngine.ResourceManagement.ResourceProviders.SceneProvider/SceneOp:UnityEngine.ResourceManagement.IUpdateReceiver.Update (single) (at ./Library/PackageCache/com.unity.addressables@42676f2a154e/Runtime/ResourceManager/ResourceProviders/SceneProvider.cs:208)
UnityEngine.ResourceManagement.AsyncOperations.AsyncOperationBase`1<UnityEngine.ResourceManagement.ResourceProviders.SceneInstance>:UpdateCallback (single) (at ./Library/PackageCache/com.unity.addressables@42676f2a154e/Runtime/ResourceManager/AsyncOperations/AsyncOperationBase.cs:415)
DelegateList`1<single>:Invoke (single) (at ./Library/PackageCache/com.unity.addressables@42676f2a154e/Runtime/ResourceManager/Util/DelegateList.cs:75)
UnityEngine.ResourceManagement.ResourceManager:Update (single) (at ./Library/PackageCache/com.unity.addressables@42676f2a154e/Runtime/ResourceManager/ResourceManager.cs:1109)
MonoBehaviourCallbackHooks:Update () (at ./Library/PackageCache/com.unity.addressables@42676f2a154e/Runtime/ResourceManager/Util/MonoBehaviourCallbackHooks.cs:29)

(Filename: Assets/OneStarMaker/Scripts/Runtime/Bootstrap/AbstractApplicationInitializer.cs Line: 248)

TrimDiskCacheJob: Current cache size 5mb
[AppInit] Starting DebugSocket transport. mode=Connect, endpoint=ws://127.0.0.1:5011/debugsocket/, autoStart=True.
UnityEngine.Debug:ExtractStackTraceNoAlloc (byte*,int,string)
UnityEngine.StackTraceUtility:ExtractStackTrace ()
UnityEngine.DebugLogHandler:Internal_Log (UnityEngine.LogType,UnityEngine.LogOption,string,UnityEngine.Object)
UnityEngine.DebugLogHandler:LogFormat (UnityEngine.LogType,UnityEngine.Object,string,object[])
UnityEngine.Logger:Log (UnityEngine.LogType,object)
UnityEngine.Debug:Log (object)
OneStarMaker.Runtime.AbstractApplicationInitializer/<StartFrameworkServicesAsync>d__39:MoveNext () (at Assets/OneStarMaker/Scripts/Runtime/Bootstrap/AbstractApplicationInitializer.cs:676)
Cysharp.Threading.Tasks.CompilerServices.AsyncUniTaskMethodBuilder:Start<OneStarMaker.Runtime.AbstractApplicationInitializer/<StartFrameworkServicesAsync>d__39> (OneStarMaker.Runtime.AbstractApplicationInitializer/<StartFrameworkServicesAsync>d__39&) (at ./Library/PackageCache/com.cysharp.unitask@360e370345b9/Runtime/CompilerServices/AsyncUniTaskMethodBuilder.cs:111)
OneStarMaker.Runtime.AbstractApplicationInitializer:StartFrameworkServicesAsync (System.Threading.CancellationToken)
OneStarMaker.Runtime.AbstractApplicationInitializer/<InitializeAfterSceneLoad>d__28:MoveNext () (at Assets/OneStarMaker/Scripts/Runtime/Bootstrap/AbstractApplicationInitializer.cs:263)
Cysharp.Threading.Tasks.CompilerServices.AsyncUniTaskVoid`1<OneStarMaker.Runtime.AbstractApplicationInitializer/<InitializeAfterSceneLoad>d__28>:Run () (at ./Library/PackageCache/com.cysharp.unitask@360e370345b9/Runtime/CompilerServices/StateMachineRunner.cs:104)
Cysharp.Threading.Tasks.AwaiterActions:Continuation (object) (at ./Library/PackageCache/com.cysharp.unitask@360e370345b9/Runtime/UniTask.cs:25)
Cysharp.Threading.Tasks.UniTaskCompletionSourceCore`1<OneStarMaker.Runtime.SceneSystem.SceneResourceMap>:TrySetResult (OneStarMaker.Runtime.SceneSystem.SceneResourceMap) (at ./Library/PackageCache/com.cysharp.unitask@360e370345b9/Runtime/UniTaskCompletionSource.cs:139)
Cysharp.Threading.Tasks.CompilerServices.AsyncUniTask`2<OneStarMaker.Runtime.AbstractApplicationInitializer/<LoadSceneResourceMapAsync>d__31, OneStarMaker.Runtime.SceneSystem.SceneResourceMap>:SetResult (OneStarMaker.Runtime.SceneSystem.SceneResourceMap) (at ./Library/PackageCache/com.cysharp.unitask@360e370345b9/Runtime/CompilerServices/StateMachineRunner.cs:328)
Cysharp.Threading.Tasks.CompilerServices.AsyncUniTaskMethodBuilder`1<OneStarMaker.Runtime.SceneSystem.SceneResourceMap>:SetResult (OneStarMaker.Runtime.SceneSystem.SceneResourceMap) (at ./Library/PackageCache/com.cysharp.unitask@360e370345b9/Runtime/CompilerServices/AsyncUniTaskMethodBuilder.cs:201)
OneStarMaker.Runtime.AbstractApplicationInitializer/<LoadSceneResourceMapAsync>d__31:MoveNext () (at Assets/OneStarMaker/Scripts/Runtime/Bootstrap/AbstractApplicationInitializer.cs:460)
Cysharp.Threading.Tasks.CompilerServices.AsyncUniTask`2<OneStarMaker.Runtime.AbstractApplicationInitializer/<LoadSceneResourceMapAsync>d__31, OneStarMaker.Runtime.SceneSystem.SceneResourceMap>:Run () (at ./Library/PackageCache/com.cysharp.unitask@360e370345b9/Runtime/CompilerServices/StateMachineRunner.cs:313)
Cysharp.Threading.Tasks.AwaiterActions:Continuation (object) (at ./Library/PackageCache/com.cysharp.unitask@360e370345b9/Runtime/UniTask.cs:25)
Cysharp.Threading.Tasks.UniTaskCompletionSourceCore`1<OneStarMaker.Runtime.AssetManagement.IAssetHandle`1<OneStarMaker.Runtime.SceneSystem.SceneResourceMap>>:TrySetResult (OneStarMaker.Runtime.AssetManagement.IAssetHandle`1<OneStarMaker.Runtime.SceneSystem.SceneResourceMap>) (at ./Library/PackageCache/com.cysharp.unitask@360e370345b9/Runtime/UniTaskCompletionSource.cs:139)
Cysharp.Threading.Tasks.CompilerServices.AsyncUniTask`2<OneStarMaker.Runtime.AssetManagement.AssetManagement/<LoadAssetAsync>d__19`1<OneStarMaker.Runtime.SceneSystem.SceneResourceMap>, OneStarMaker.Runtime.AssetManagement.IAssetHandle`1<OneStarMaker.Runtime.SceneSystem.SceneResourceMap>>:SetResult (OneStarMaker.Runtime.AssetManagement.IAssetHandle`1<OneStarMaker.Runtime.SceneSystem.SceneResourceMap>) (at ./Library/PackageCache/com.cysharp.unitask@360e370345b9/Runtime/CompilerServices/StateMachineRunner.cs:328)
Cysharp.Threading.Tasks.CompilerServices.AsyncUniTaskMethodBuilder`1<OneStarMaker.Runtime.AssetManagement.IAssetHandle`1<OneStarMaker.Runtime.SceneSystem.SceneResourceMap>>:SetResult (OneStarMaker.Runtime.AssetManagement.IAssetHandle`1<OneStarMaker.Runtime.SceneSystem.SceneResourceMap>) (at ./Library/PackageCache/com.cysharp.unitask@360e370345b9/Runtime/CompilerServices/AsyncUniTaskMethodBuilder.cs:201)
OneStarMaker.Runtime.AssetManagement.AssetManagement/<LoadAssetAsync>d__19`1<OneStarMaker.Runtime.SceneSystem.SceneResourceMap>:MoveNext () (at Assets/OneStarMaker/Scripts/Runtime/AssetManagement/AssetManagement.cs:74)
Cysharp.Threading.Tasks.CompilerServices.AsyncUniTask`2<OneStarMaker.Runtime.AssetManagement.AssetManagement/<LoadAssetAsync>d__19`1<OneStarMaker.Runtime.SceneSystem.SceneResourceMap>, OneStarMaker.Runtime.AssetManagement.IAssetHandle`1<OneStarMaker.Runtime.SceneSystem.SceneResourceMap>>:Run () (at ./Library/PackageCache/com.cysharp.unitask@360e370345b9/Runtime/CompilerServices/StateMachineRunner.cs:313)
Cysharp.Threading.Tasks.AwaiterActions:Continuation (object) (at ./Library/PackageCache/com.cysharp.unitask@360e370345b9/Runtime/UniTask.cs:25)
Cysharp.Threading.Tasks.UniTaskCompletionSourceCore`1<OneStarMaker.Runtime.AssetManagement.Internal.IBackendAsset>:TrySetResult (OneStarMaker.Runtime.AssetManagement.Internal.IBackendAsset) (at ./Library/PackageCache/com.cysharp.unitask@360e370345b9/Runtime/UniTaskCompletionSource.cs:139)
Cysharp.Threading.Tasks.CompilerServices.AsyncUniTask`2<OneStarMaker.Runtime.AssetManagement.AssetManagement/<LoadBackendAssetDedup>d__37`1<OneStarMaker.Runtime.SceneSystem.SceneResourceMap>, OneStarMaker.Runtime.AssetManagement.Internal.IBackendAsset>:SetResult (OneStarMaker.Runtime.AssetManagement.Internal.IBackendAsset) (at ./Library/PackageCache/com.cysharp.unitask@360e370345b9/Runtime/CompilerServices/StateMachineRunner.cs:328)
Cysharp.Threading.Tasks.CompilerServices.AsyncUniTaskMethodBuilder`1<OneStarMaker.Runtime.AssetManagement.Internal.IBackendAsset>:SetResult (OneStarMaker.Runtime.AssetManagement.Internal.IBackendAsset) (at ./Library/PackageCache/com.cysharp.unitask@360e370345b9/Runtime/CompilerServices/AsyncUniTaskMethodBuilder.cs:201)
OneStarMaker.Runtime.AssetManagement.AssetManagement/<LoadBackendAssetDedup>d__37`1<OneStarMaker.Runtime.SceneSystem.SceneResourceMap>:MoveNext () (at Assets/OneStarMaker/Scripts/Runtime/AssetManagement/AssetManagement.cs:344)
Cysharp.Threading.Tasks.CompilerServices.AsyncUniTask`2<OneStarMaker.Runtime.AssetManagement.AssetManagement/<LoadBackendAssetDedup>d__37`1<OneStarMaker.Runtime.SceneSystem.SceneResourceMap>, OneStarMaker.Runtime.AssetManagement.Internal.IBackendAsset>:Run () (at ./Library/PackageCache/com.cysharp.unitask@360e370345b9/Runtime/CompilerServices/StateMachineRunner.cs:313)
Cysharp.Threading.Tasks.AwaiterActions:Continuation (object) (at ./Library/PackageCache/com.cysharp.unitask@360e370345b9/Runtime/UniTask.cs:25)
Cysharp.Threading.Tasks.UniTaskCompletionSourceCore`1<OneStarMaker.Runtime.AssetManagement.Internal.IBackendAsset>:TrySetResult (OneStarMaker.Runtime.AssetManagement.Internal.IBackendAsset) (at ./Library/PackageCache/com.cysharp.unitask@360e370345b9/Runtime/UniTaskCompletionSource.cs:139)
Cysharp.Threading.Tasks.CompilerServices.AsyncUniTask`2<OneStarMaker.Runtime.AssetManagement.Internal.AddressableBackend/<LoadAssetAsync>d__0`1<OneStarMaker.Runtime.SceneSystem.SceneResourceMap>, OneStarMaker.Runtime.AssetManagement.Internal.IBackendAsset>:SetResult (OneStarMaker.Runtime.AssetManagement.Internal.IBackendAsset) (at ./Library/PackageCache/com.cysharp.unitask@360e370345b9/Runtime/CompilerServices/StateMachineRunner.cs:328)
Cysharp.Threading.Tasks.CompilerServices.AsyncUniTaskMethodBuilder`1<OneStarMaker.Runtime.AssetManagement.Internal.IBackendAsset>:SetResult (OneStarMaker.Runtime.AssetManagement.Internal.IBackendAsset) (at ./Library/PackageCache/com.cysharp.unitask@360e370345b9/Runtime/CompilerServices/AsyncUniTaskMethodBuilder.cs:201)
OneStarMaker.Runtime.AssetManagement.Internal.AddressableBackend/<LoadAssetAsync>d__0`1<OneStarMaker.Runtime.SceneSystem.SceneResourceMap>:MoveNext () (at Assets/OneStarMaker/Scripts/Runtime/AssetManagement/Internal/AddressableBackend.cs:26)
Cysharp.Threading.Tasks.CompilerServices.AsyncUniTask`2<OneStarMaker.Runtime.AssetManagement.Internal.AddressableBackend/<LoadAssetAsync>d__0`1<OneStarMaker.Runtime.SceneSystem.SceneResourceMap>, OneStarMaker.Runtime.AssetManagement.Internal.IBackendAsset>:Run () (at ./Library/PackageCache/com.cysharp.unitask@360e370345b9/Runtime/CompilerServices/StateMachineRunner.cs:313)
Cysharp.Threading.Tasks.AwaiterActions:Continuation (object) (at ./Library/PackageCache/com.cysharp.unitask@360e370345b9/Runtime/UniTask.cs:25)
Cysharp.Threading.Tasks.UniTaskCompletionSourceCore`1<Cysharp.Threading.Tasks.AsyncUnit>:TrySetResult (Cysharp.Threading.Tasks.AsyncUnit) (at ./Library/PackageCache/com.cysharp.unitask@360e370345b9/Runtime/UniTaskCompletionSource.cs:139)
Cysharp.Threading.Tasks.CompilerServices.AsyncUniTask`1<OneStarMaker.Runtime.AssetManagement.Internal.AddressableBackend/<AwaitHandle>d__6`1<OneStarMaker.Runtime.SceneSystem.SceneResourceMap>>:SetResult () (at ./Library/PackageCache/com.cysharp.unitask@360e370345b9/Runtime/CompilerServices/StateMachineRunner.cs:204)
Cysharp.Threading.Tasks.CompilerServices.AsyncUniTaskMethodBuilder:SetResult () (at ./Library/PackageCache/com.cysharp.unitask@360e370345b9/Runtime/CompilerServices/AsyncUniTaskMethodBuilder.cs:70)
OneStarMaker.Runtime.AssetManagement.Internal.AddressableBackend/<AwaitHandle>d__6`1<OneStarMaker.Runtime.SceneSystem.SceneResourceMap>:MoveNext () (at Assets/OneStarMaker/Scripts/Runtime/AssetManagement/Internal/AddressableBackend.cs:105)
Cysharp.Threading.Tasks.CompilerServices.AsyncUniTask`1<OneStarMaker.Runtime.AssetManagement.Internal.AddressableBackend/<AwaitHandle>d__6`1<OneStarMaker.Runtime.SceneSystem.SceneResourceMap>>:Run () (at ./Library/PackageCache/com.cysharp.unitask@360e370345b9/Runtime/CompilerServices/StateMachineRunner.cs:189)
Cysharp.Threading.Tasks.AwaiterActions:Continuation (object) (at ./Library/PackageCache/com.cysharp.unitask@360e370345b9/Runtime/UniTask.cs:25)
Cysharp.Threading.Tasks.UniTaskCompletionSourceCore`1<OneStarMaker.Runtime.SceneSystem.SceneResourceMap>:TrySetResult (OneStarMaker.Runtime.SceneSystem.SceneResourceMap) (at ./Library/PackageCache/com.cysharp.unitask@360e370345b9/Runtime/UniTaskCompletionSource.cs:139)
Cysharp.Threading.Tasks.AddressablesAsyncExtensions/AsyncOperationHandleConfiguredSource`1<OneStarMaker.Runtime.SceneSystem.SceneResourceMap>:HandleCompleted (UnityEngine.ResourceManagement.AsyncOperations.AsyncOperationHandle`1<OneStarMaker.Runtime.SceneSystem.SceneResourceMap>) (at ./Library/PackageCache/com.cysharp.unitask@360e370345b9/Runtime/External/Addressables/AddressablesAsyncExtensions.cs:398)
DelegateList`1<UnityEngine.ResourceManagement.AsyncOperations.AsyncOperationHandle`1<OneStarMaker.Runtime.SceneSystem.SceneResourceMap>>:Invoke (UnityEngine.ResourceManagement.AsyncOperations.AsyncOperationHandle`1<OneStarMaker.Runtime.SceneSystem.SceneResourceMap>) (at ./Library/PackageCache/com.unity.addressables@42676f2a154e/Runtime/ResourceManager/Util/DelegateList.cs:75)
UnityEngine.ResourceManagement.AsyncOperations.AsyncOperationBase`1<OneStarMaker.Runtime.SceneSystem.SceneResourceMap>:InvokeCompletionEvent () (at ./Library/PackageCache/com.unity.addressables@42676f2a154e/Runtime/ResourceManager/AsyncOperations/AsyncOperationBase.cs:391)
UnityEngine.ResourceManagement.AsyncOperations.AsyncOperationBase`1<OneStarMaker.Runtime.SceneSystem.SceneResourceMap>:Complete (OneStarMaker.Runtime.SceneSystem.SceneResourceMap,bool,System.Exception,bool) (at ./Library/PackageCache/com.unity.addressables@42676f2a154e/Runtime/ResourceManager/AsyncOperations/AsyncOperationBase.cs:494)
UnityEngine.ResourceManagement.AsyncOperations.ProviderOperation`1<OneStarMaker.Runtime.SceneSystem.SceneResourceMap>:ProviderCompleted<object> (object,bool,System.Exception) (at ./Library/PackageCache/com.unity.addressables@42676f2a154e/Runtime/ResourceManager/AsyncOperations/ProviderOperation.cs:189)
UnityEngine.ResourceManagement.ResourceProviders.ProvideHandle:Complete<object> (object,bool,System.Exception) (at ./Library/PackageCache/com.unity.addressables@42676f2a154e/Runtime/ResourceManager/ResourceProviders/IResourceProvider.cs:146)
UnityEngine.ResourceManagement.ResourceProviders.AssetDatabaseProvider/InternalOp:LoadImmediate () (at ./Library/PackageCache/com.unity.addressables@42676f2a154e/Runtime/ResourceManager/ResourceProviders/AssetDatabaseProvider.cs:130)
System.Reflection.RuntimeMethodInfo:Invoke (object,System.Reflection.BindingFlags,System.Reflection.Binder,object[],System.Globalization.CultureInfo)
System.Reflection.MethodBase:Invoke (object,object[])
System.Delegate:DynamicInvokeImpl (object[])
System.MulticastDelegate:DynamicInvokeImpl (object[])
System.Delegate:DynamicInvoke (object[])
UnityEngine.ResourceManagement.Util.DelayedActionManager/DelegateInfo:Invoke () (at ./Library/PackageCache/com.unity.addressables@42676f2a154e/Runtime/ResourceManager/Util/DelayedActionManager.cs:55)
UnityEngine.ResourceManagement.Util.DelayedActionManager:InternalLateUpdate (single) (at ./Library/PackageCache/com.unity.addressables@42676f2a154e/Runtime/ResourceManager/Util/DelayedActionManager.cs:192)
UnityEngine.ResourceManagement.Util.DelayedActionManager:LateUpdate () (at ./Library/PackageCache/com.unity.addressables@42676f2a154e/Runtime/ResourceManager/Util/DelayedActionManager.cs:171)

(Filename: Assets/OneStarMaker/Scripts/Runtime/Bootstrap/AbstractApplicationInitializer.cs Line: 676)

[DebugSocket] Starting outbound client transport. endpoint=ws://127.0.0.1:5011/debugsocket/
UnityEngine.Debug:ExtractStackTraceNoAlloc (byte*,int,string)
UnityEngine.StackTraceUtility:ExtractStackTrace ()
UnityEngine.DebugLogHandler:Internal_Log (UnityEngine.LogType,UnityEngine.LogOption,string,UnityEngine.Object)
UnityEngine.DebugLogHandler:LogFormat (UnityEngine.LogType,UnityEngine.Object,string,object[])
UnityEngine.Logger:Log (UnityEngine.LogType,object)
UnityEngine.Debug:Log (object)
OneStarMaker.Runtime.DebugSocketServices.DebugSocketTransportHost:StartOutbound (System.Threading.CancellationToken) (at Assets/OneStarMaker/Scripts/Runtime/DebugSocketServices/Transport/DebugSocketTransportHost.cs:51)
OneStarMaker.Runtime.DebugSocketServices.DebugSocketService:StartAsync (System.Threading.CancellationToken) (at Assets/OneStarMaker/Scripts/Runtime/DebugSocketServices/DebugSocketService.cs:238)
OneStarMaker.Runtime.AbstractApplicationInitializer/<StartFrameworkServicesAsync>d__39:MoveNext () (at Assets/OneStarMaker/Scripts/Runtime/Bootstrap/AbstractApplicationInitializer.cs:678)
Cysharp.Threading.Tasks.CompilerServices.AsyncUniTaskMethodBuilder:Start<OneStarMaker.Runtime.AbstractApplicationInitializer/<StartFrameworkServicesAsync>d__39> (OneStarMaker.Runtime.AbstractApplicationInitializer/<StartFrameworkServicesAsync>d__39&) (at ./Library/PackageCache/com.cysharp.unitask@360e370345b9/Runtime/CompilerServices/AsyncUniTaskMethodBuilder.cs:111)
OneStarMaker.Runtime.AbstractApplicationInitializer:StartFrameworkServicesAsync (System.Threading.CancellationToken)
OneStarMaker.Runtime.AbstractApplicationInitializer/<InitializeAfterSceneLoad>d__28:MoveNext () (at Assets/OneStarMaker/Scripts/Runtime/Bootstrap/AbstractApplicationInitializer.cs:263)
Cysharp.Threading.Tasks.CompilerServices.AsyncUniTaskVoid`1<OneStarMaker.Runtime.AbstractApplicationInitializer/<InitializeAfterSceneLoad>d__28>:Run () (at ./Library/PackageCache/com.cysharp.unitask@360e370345b9/Runtime/CompilerServices/StateMachineRunner.cs:104)
Cysharp.Threading.Tasks.AwaiterActions:Continuation (object) (at ./Library/PackageCache/com.cysharp.unitask@360e370345b9/Runtime/UniTask.cs:25)
Cysharp.Threading.Tasks.UniTaskCompletionSourceCore`1<OneStarMaker.Runtime.SceneSystem.SceneResourceMap>:TrySetResult (OneStarMaker.Runtime.SceneSystem.SceneResourceMap) (at ./Library/PackageCache/com.cysharp.unitask@360e370345b9/Runtime/UniTaskCompletionSource.cs:139)
Cysharp.Threading.Tasks.CompilerServices.AsyncUniTask`2<OneStarMaker.Runtime.AbstractApplicationInitializer/<LoadSceneResourceMapAsync>d__31, OneStarMaker.Runtime.SceneSystem.SceneResourceMap>:SetResult (OneStarMaker.Runtime.SceneSystem.SceneResourceMap) (at ./Library/PackageCache/com.cysharp.unitask@360e370345b9/Runtime/CompilerServices/StateMachineRunner.cs:328)
Cysharp.Threading.Tasks.CompilerServices.AsyncUniTaskMethodBuilder`1<OneStarMaker.Runtime.SceneSystem.SceneResourceMap>:SetResult (OneStarMaker.Runtime.SceneSystem.SceneResourceMap) (at ./Library/PackageCache/com.cysharp.unitask@360e370345b9/Runtime/CompilerServices/AsyncUniTaskMethodBuilder.cs:201)
OneStarMaker.Runtime.AbstractApplicationInitializer/<LoadSceneResourceMapAsync>d__31:MoveNext () (at Assets/OneStarMaker/Scripts/Runtime/Bootstrap/AbstractApplicationInitializer.cs:460)
Cysharp.Threading.Tasks.CompilerServices.AsyncUniTask`2<OneStarMaker.Runtime.AbstractApplicationInitializer/<LoadSceneResourceMapAsync>d__31, OneStarMaker.Runtime.SceneSystem.SceneResourceMap>:Run () (at ./Library/PackageCache/com.cysharp.unitask@360e370345b9/Runtime/CompilerServices/StateMachineRunner.cs:313)
Cysharp.Threading.Tasks.AwaiterActions:Continuation (object) (at ./Library/PackageCache/com.cysharp.unitask@360e370345b9/Runtime/UniTask.cs:25)
Cysharp.Threading.Tasks.UniTaskCompletionSourceCore`1<OneStarMaker.Runtime.AssetManagement.IAssetHandle`1<OneStarMaker.Runtime.SceneSystem.SceneResourceMap>>:TrySetResult (OneStarMaker.Runtime.AssetManagement.IAssetHandle`1<OneStarMaker.Runtime.SceneSystem.SceneResourceMap>) (at ./Library/PackageCache/com.cysharp.unitask@360e370345b9/Runtime/UniTaskCompletionSource.cs:139)
Cysharp.Threading.Tasks.CompilerServices.AsyncUniTask`2<OneStarMaker.Runtime.AssetManagement.AssetManagement/<LoadAssetAsync>d__19`1<OneStarMaker.Runtime.SceneSystem.SceneResourceMap>, OneStarMaker.Runtime.AssetManagement.IAssetHandle`1<OneStarMaker.Runtime.SceneSystem.SceneResourceMap>>:SetResult (OneStarMaker.Runtime.AssetManagement.IAssetHandle`1<OneStarMaker.Runtime.SceneSystem.SceneResourceMap>) (at ./Library/PackageCache/com.cysharp.unitask@360e370345b9/Runtime/CompilerServices/StateMachineRunner.cs:328)
Cysharp.Threading.Tasks.CompilerServices.AsyncUniTaskMethodBuilder`1<OneStarMaker.Runtime.AssetManagement.IAssetHandle`1<OneStarMaker.Runtime.SceneSystem.SceneResourceMap>>:SetResult (OneStarMaker.Runtime.AssetManagement.IAssetHandle`1<OneStarMaker.Runtime.SceneSystem.SceneResourceMap>) (at ./Library/PackageCache/com.cysharp.unitask@360e370345b9/Runtime/CompilerServices/AsyncUniTaskMethodBuilder.cs:201)
OneStarMaker.Runtime.AssetManagement.AssetManagement/<LoadAssetAsync>d__19`1<OneStarMaker.Runtime.SceneSystem.SceneResourceMap>:MoveNext () (at Assets/OneStarMaker/Scripts/Runtime/AssetManagement/AssetManagement.cs:74)
Cysharp.Threading.Tasks.CompilerServices.AsyncUniTask`2<OneStarMaker.Runtime.AssetManagement.AssetManagement/<LoadAssetAsync>d__19`1<OneStarMaker.Runtime.SceneSystem.SceneResourceMap>, OneStarMaker.Runtime.AssetManagement.IAssetHandle`1<OneStarMaker.Runtime.SceneSystem.SceneResourceMap>>:Run () (at ./Library/PackageCache/com.cysharp.unitask@360e370345b9/Runtime/CompilerServices/StateMachineRunner.cs:313)
Cysharp.Threading.Tasks.AwaiterActions:Continuation (object) (at ./Library/PackageCache/com.cysharp.unitask@360e370345b9/Runtime/UniTask.cs:25)
Cysharp.Threading.Tasks.UniTaskCompletionSourceCore`1<OneStarMaker.Runtime.AssetManagement.Internal.IBackendAsset>:TrySetResult (OneStarMaker.Runtime.AssetManagement.Internal.IBackendAsset) (at ./Library/PackageCache/com.cysharp.unitask@360e370345b9/Runtime/UniTaskCompletionSource.cs:139)
Cysharp.Threading.Tasks.CompilerServices.AsyncUniTask`2<OneStarMaker.Runtime.AssetManagement.AssetManagement/<LoadBackendAssetDedup>d__37`1<OneStarMaker.Runtime.SceneSystem.SceneResourceMap>, OneStarMaker.Runtime.AssetManagement.Internal.IBackendAsset>:SetResult (OneStarMaker.Runtime.AssetManagement.Internal.IBackendAsset) (at ./Library/PackageCache/com.cysharp.unitask@360e370345b9/Runtime/CompilerServices/StateMachineRunner.cs:328)
Cysharp.Threading.Tasks.CompilerServices.AsyncUniTaskMethodBuilder`1<OneStarMaker.Runtime.AssetManagement.Internal.IBackendAsset>:SetResult (OneStarMaker.Runtime.AssetManagement.Internal.IBackendAsset) (at ./Library/PackageCache/com.cysharp.unitask@360e370345b9/Runtime/CompilerServices/AsyncUniTaskMethodBuilder.cs:201)
OneStarMaker.Runtime.AssetManagement.AssetManagement/<LoadBackendAssetDedup>d__37`1<OneStarMaker.Runtime.SceneSystem.SceneResourceMap>:MoveNext () (at Assets/OneStarMaker/Scripts/Runtime/AssetManagement/AssetManagement.cs:344)
Cysharp.Threading.Tasks.CompilerServices.AsyncUniTask`2<OneStarMaker.Runtime.AssetManagement.AssetManagement/<LoadBackendAssetDedup>d__37`1<OneStarMaker.Runtime.SceneSystem.SceneResourceMap>, OneStarMaker.Runtime.AssetManagement.Internal.IBackendAsset>:Run () (at ./Library/PackageCache/com.cysharp.unitask@360e370345b9/Runtime/CompilerServices/StateMachineRunner.cs:313)
Cysharp.Threading.Tasks.AwaiterActions:Continuation (object) (at ./Library/PackageCache/com.cysharp.unitask@360e370345b9/Runtime/UniTask.cs:25)
Cysharp.Threading.Tasks.UniTaskCompletionSourceCore`1<OneStarMaker.Runtime.AssetManagement.Internal.IBackendAsset>:TrySetResult (OneStarMaker.Runtime.AssetManagement.Internal.IBackendAsset) (at ./Library/PackageCache/com.cysharp.unitask@360e370345b9/Runtime/UniTaskCompletionSource.cs:139)
Cysharp.Threading.Tasks.CompilerServices.AsyncUniTask`2<OneStarMaker.Runtime.AssetManagement.Internal.AddressableBackend/<LoadAssetAsync>d__0`1<OneStarMaker.Runtime.SceneSystem.SceneResourceMap>, OneStarMaker.Runtime.AssetManagement.Internal.IBackendAsset>:SetResult (OneStarMaker.Runtime.AssetManagement.Internal.IBackendAsset) (at ./Library/PackageCache/com.cysharp.unitask@360e370345b9/Runtime/CompilerServices/StateMachineRunner.cs:328)
Cysharp.Threading.Tasks.CompilerServices.AsyncUniTaskMethodBuilder`1<OneStarMaker.Runtime.AssetManagement.Internal.IBackendAsset>:SetResult (OneStarMaker.Runtime.AssetManagement.Internal.IBackendAsset) (at ./Library/PackageCache/com.cysharp.unitask@360e370345b9/Runtime/CompilerServices/AsyncUniTaskMethodBuilder.cs:201)
OneStarMaker.Runtime.AssetManagement.Internal.AddressableBackend/<LoadAssetAsync>d__0`1<OneStarMaker.Runtime.SceneSystem.SceneResourceMap>:MoveNext () (at Assets/OneStarMaker/Scripts/Runtime/AssetManagement/Internal/AddressableBackend.cs:26)
Cysharp.Threading.Tasks.CompilerServices.AsyncUniTask`2<OneStarMaker.Runtime.AssetManagement.Internal.AddressableBackend/<LoadAssetAsync>d__0`1<OneStarMaker.Runtime.SceneSystem.SceneResourceMap>, OneStarMaker.Runtime.AssetManagement.Internal.IBackendAsset>:Run () (at ./Library/PackageCache/com.cysharp.unitask@360e370345b9/Runtime/CompilerServices/StateMachineRunner.cs:313)
Cysharp.Threading.Tasks.AwaiterActions:Continuation (object) (at ./Library/PackageCache/com.cysharp.unitask@360e370345b9/Runtime/UniTask.cs:25)
Cysharp.Threading.Tasks.UniTaskCompletionSourceCore`1<Cysharp.Threading.Tasks.AsyncUnit>:TrySetResult (Cysharp.Threading.Tasks.AsyncUnit) (at ./Library/PackageCache/com.cysharp.unitask@360e370345b9/Runtime/UniTaskCompletionSource.cs:139)
Cysharp.Threading.Tasks.CompilerServices.AsyncUniTask`1<OneStarMaker.Runtime.AssetManagement.Internal.AddressableBackend/<AwaitHandle>d__6`1<OneStarMaker.Runtime.SceneSystem.SceneResourceMap>>:SetResult () (at ./Library/PackageCache/com.cysharp.unitask@360e370345b9/Runtime/CompilerServices/StateMachineRunner.cs:204)
Cysharp.Threading.Tasks.CompilerServices.AsyncUniTaskMethodBuilder:SetResult () (at ./Library/PackageCache/com.cysharp.unitask@360e370345b9/Runtime/CompilerServices/AsyncUniTaskMethodBuilder.cs:70)
OneStarMaker.Runtime.AssetManagement.Internal.AddressableBackend/<AwaitHandle>d__6`1<OneStarMaker.Runtime.SceneSystem.SceneResourceMap>:MoveNext () (at Assets/OneStarMaker/Scripts/Runtime/AssetManagement/Internal/AddressableBackend.cs:105)
Cysharp.Threading.Tasks.CompilerServices.AsyncUniTask`1<OneStarMaker.Runtime.AssetManagement.Internal.AddressableBackend/<AwaitHandle>d__6`1<OneStarMaker.Runtime.SceneSystem.SceneResourceMap>>:Run () (at ./Library/PackageCache/com.cysharp.unitask@360e370345b9/Runtime/CompilerServices/StateMachineRunner.cs:189)
Cysharp.Threading.Tasks.AwaiterActions:Continuation (object) (at ./Library/PackageCache/com.cysharp.unitask@360e370345b9/Runtime/UniTask.cs:25)
Cysharp.Threading.Tasks.UniTaskCompletionSourceCore`1<OneStarMaker.Runtime.SceneSystem.SceneResourceMap>:TrySetResult (OneStarMaker.Runtime.SceneSystem.SceneResourceMap) (at ./Library/PackageCache/com.cysharp.unitask@360e370345b9/Runtime/UniTaskCompletionSource.cs:139)
Cysharp.Threading.Tasks.AddressablesAsyncExtensions/AsyncOperationHandleConfiguredSource`1<OneStarMaker.Runtime.SceneSystem.SceneResourceMap>:HandleCompleted (UnityEngine.ResourceManagement.AsyncOperations.AsyncOperationHandle`1<OneStarMaker.Runtime.SceneSystem.SceneResourceMap>) (at ./Library/PackageCache/com.cysharp.unitask@360e370345b9/Runtime/External/Addressables/AddressablesAsyncExtensions.cs:398)
DelegateList`1<UnityEngine.ResourceManagement.AsyncOperations.AsyncOperationHandle`1<OneStarMaker.Runtime.SceneSystem.SceneResourceMap>>:Invoke (UnityEngine.ResourceManagement.AsyncOperations.AsyncOperationHandle`1<OneStarMaker.Runtime.SceneSystem.SceneResourceMap>) (at ./Library/PackageCache/com.unity.addressables@42676f2a154e/Runtime/ResourceManager/Util/DelegateList.cs:75)
UnityEngine.ResourceManagement.AsyncOperations.AsyncOperationBase`1<OneStarMaker.Runtime.SceneSystem.SceneResourceMap>:InvokeCompletionEvent () (at ./Library/PackageCache/com.unity.addressables@42676f2a154e/Runtime/ResourceManager/AsyncOperations/AsyncOperationBase.cs:391)
UnityEngine.ResourceManagement.AsyncOperations.AsyncOperationBase`1<OneStarMaker.Runtime.SceneSystem.SceneResourceMap>:Complete (OneStarMaker.Runtime.SceneSystem.SceneResourceMap,bool,System.Exception,bool) (at ./Library/PackageCache/com.unity.addressables@42676f2a154e/Runtime/ResourceManager/AsyncOperations/AsyncOperationBase.cs:494)
UnityEngine.ResourceManagement.AsyncOperations.ProviderOperation`1<OneStarMaker.Runtime.SceneSystem.SceneResourceMap>:ProviderCompleted<object> (object,bool,System.Exception) (at ./Library/PackageCache/com.unity.addressables@42676f2a154e/Runtime/ResourceManager/AsyncOperations/ProviderOperation.cs:189)
UnityEngine.ResourceManagement.ResourceProviders.ProvideHandle:Complete<object> (object,bool,System.Exception) (at ./Library/PackageCache/com.unity.addressables@42676f2a154e/Runtime/ResourceManager/ResourceProviders/IResourceProvider.cs:146)
UnityEngine.ResourceManagement.ResourceProviders.AssetDatabaseProvider/InternalOp:LoadImmediate () (at ./Library/PackageCache/com.unity.addressables@42676f2a154e/Runtime/ResourceManager/ResourceProviders/AssetDatabaseProvider.cs:130)
System.Reflection.RuntimeMethodInfo:Invoke (object,System.Reflection.BindingFlags,System.Reflection.Binder,object[],System.Globalization.CultureInfo)
System.Reflection.MethodBase:Invoke (object,object[])
System.Delegate:DynamicInvokeImpl (object[])
System.MulticastDelegate:DynamicInvokeImpl (object[])
System.Delegate:DynamicInvoke (object[])
UnityEngine.ResourceManagement.Util.DelayedActionManager/DelegateInfo:Invoke () (at ./Library/PackageCache/com.unity.addressables@42676f2a154e/Runtime/ResourceManager/Util/DelayedActionManager.cs:55)
UnityEngine.ResourceManagement.Util.DelayedActionManager:InternalLateUpdate (single) (at ./Library/PackageCache/com.unity.addressables@42676f2a154e/Runtime/ResourceManager/Util/DelayedActionManager.cs:192)
UnityEngine.ResourceManagement.Util.DelayedActionManager:LateUpdate () (at ./Library/PackageCache/com.unity.addressables@42676f2a154e/Runtime/ResourceManager/Util/DelayedActionManager.cs:171)

(Filename: Assets/OneStarMaker/Scripts/Runtime/DebugSocketServices/Transport/DebugSocketTransportHost.cs Line: 51)

[DebugSocket] Connecting to DebugStudio server. endpoint=ws://127.0.0.1:5011/debugsocket/
UnityEngine.Debug:ExtractStackTraceNoAlloc (byte*,int,string)
UnityEngine.StackTraceUtility:ExtractStackTrace ()
UnityEngine.DebugLogHandler:Internal_Log (UnityEngine.LogType,UnityEngine.LogOption,string,UnityEngine.Object)
UnityEngine.DebugLogHandler:LogFormat (UnityEngine.LogType,UnityEngine.Object,string,object[])
UnityEngine.Logger:Log (UnityEngine.LogType,object)
UnityEngine.Debug:Log (object)
OneStarMaker.Runtime.DebugSocketServices.DebugSocketTransportHost/<ConnectLoopAsync>d__15:MoveNext () (at Assets/OneStarMaker/Scripts/Runtime/DebugSocketServices/Transport/DebugSocketTransportHost.cs:148)
Cysharp.Threading.Tasks.CompilerServices.AsyncUniTaskMethodBuilder:Start<OneStarMaker.Runtime.DebugSocketServices.DebugSocketTransportHost/<ConnectLoopAsync>d__15> (OneStarMaker.Runtime.DebugSocketServices.DebugSocketTransportHost/<ConnectLoopAsync>d__15&) (at ./Library/PackageCache/com.cysharp.unitask@360e370345b9/Runtime/CompilerServices/AsyncUniTaskMethodBuilder.cs:111)
OneStarMaker.Runtime.DebugSocketServices.DebugSocketTransportHost:ConnectLoopAsync (System.Uri,System.Threading.CancellationToken)
OneStarMaker.Runtime.DebugSocketServices.DebugSocketTransportHost:StartOutbound (System.Threading.CancellationToken) (at Assets/OneStarMaker/Scripts/Runtime/DebugSocketServices/Transport/DebugSocketTransportHost.cs:52)
OneStarMaker.Runtime.DebugSocketServices.DebugSocketService:StartAsync (System.Threading.CancellationToken) (at Assets/OneStarMaker/Scripts/Runtime/DebugSocketServices/DebugSocketService.cs:238)
OneStarMaker.Runtime.AbstractApplicationInitializer/<StartFrameworkServicesAsync>d__39:MoveNext () (at Assets/OneStarMaker/Scripts/Runtime/Bootstrap/AbstractApplicationInitializer.cs:678)
Cysharp.Threading.Tasks.CompilerServices.AsyncUniTaskMethodBuilder:Start<OneStarMaker.Runtime.AbstractApplicationInitializer/<StartFrameworkServicesAsync>d__39> (OneStarMaker.Runtime.AbstractApplicationInitializer/<StartFrameworkServicesAsync>d__39&) (at ./Library/PackageCache/com.cysharp.unitask@360e370345b9/Runtime/CompilerServices/AsyncUniTaskMethodBuilder.cs:111)
OneStarMaker.Runtime.AbstractApplicationInitializer:StartFrameworkServicesAsync (System.Threading.CancellationToken)
OneStarMaker.Runtime.AbstractApplicationInitializer/<InitializeAfterSceneLoad>d__28:MoveNext () (at Assets/OneStarMaker/Scripts/Runtime/Bootstrap/AbstractApplicationInitializer.cs:263)
Cysharp.Threading.Tasks.CompilerServices.AsyncUniTaskVoid`1<OneStarMaker.Runtime.AbstractApplicationInitializer/<InitializeAfterSceneLoad>d__28>:Run () (at ./Library/PackageCache/com.cysharp.unitask@360e370345b9/Runtime/CompilerServices/StateMachineRunner.cs:104)
Cysharp.Threading.Tasks.AwaiterActions:Continuation (object) (at ./Library/PackageCache/com.cysharp.unitask@360e370345b9/Runtime/UniTask.cs:25)
Cysharp.Threading.Tasks.UniTaskCompletionSourceCore`1<OneStarMaker.Runtime.SceneSystem.SceneResourceMap>:TrySetResult (OneStarMaker.Runtime.SceneSystem.SceneResourceMap) (at ./Library/PackageCache/com.cysharp.unitask@360e370345b9/Runtime/UniTaskCompletionSource.cs:139)
Cysharp.Threading.Tasks.CompilerServices.AsyncUniTask`2<OneStarMaker.Runtime.AbstractApplicationInitializer/<LoadSceneResourceMapAsync>d__31, OneStarMaker.Runtime.SceneSystem.SceneResourceMap>:SetResult (OneStarMaker.Runtime.SceneSystem.SceneResourceMap) (at ./Library/PackageCache/com.cysharp.unitask@360e370345b9/Runtime/CompilerServices/StateMachineRunner.cs:328)
Cysharp.Threading.Tasks.CompilerServices.AsyncUniTaskMethodBuilder`1<OneStarMaker.Runtime.SceneSystem.SceneResourceMap>:SetResult (OneStarMaker.Runtime.SceneSystem.SceneResourceMap) (at ./Library/PackageCache/com.cysharp.unitask@360e370345b9/Runtime/CompilerServices/AsyncUniTaskMethodBuilder.cs:201)
OneStarMaker.Runtime.AbstractApplicationInitializer/<LoadSceneResourceMapAsync>d__31:MoveNext () (at Assets/OneStarMaker/Scripts/Runtime/Bootstrap/AbstractApplicationInitializer.cs:460)
Cysharp.Threading.Tasks.CompilerServices.AsyncUniTask`2<OneStarMaker.Runtime.AbstractApplicationInitializer/<LoadSceneResourceMapAsync>d__31, OneStarMaker.Runtime.SceneSystem.SceneResourceMap>:Run () (at ./Library/PackageCache/com.cysharp.unitask@360e370345b9/Runtime/CompilerServices/StateMachineRunner.cs:313)
Cysharp.Threading.Tasks.AwaiterActions:Continuation (object) (at ./Library/PackageCache/com.cysharp.unitask@360e370345b9/Runtime/UniTask.cs:25)
Cysharp.Threading.Tasks.UniTaskCompletionSourceCore`1<OneStarMaker.Runtime.AssetManagement.IAssetHandle`1<OneStarMaker.Runtime.SceneSystem.SceneResourceMap>>:TrySetResult (OneStarMaker.Runtime.AssetManagement.IAssetHandle`1<OneStarMaker.Runtime.SceneSystem.SceneResourceMap>) (at ./Library/PackageCache/com.cysharp.unitask@360e370345b9/Runtime/UniTaskCompletionSource.cs:139)
Cysharp.Threading.Tasks.CompilerServices.AsyncUniTask`2<OneStarMaker.Runtime.AssetManagement.AssetManagement/<LoadAssetAsync>d__19`1<OneStarMaker.Runtime.SceneSystem.SceneResourceMap>, OneStarMaker.Runtime.AssetManagement.IAssetHandle`1<OneStarMaker.Runtime.SceneSystem.SceneResourceMap>>:SetResult (OneStarMaker.Runtime.AssetManagement.IAssetHandle`1<OneStarMaker.Runtime.SceneSystem.SceneResourceMap>) (at ./Library/PackageCache/com.cysharp.unitask@360e370345b9/Runtime/CompilerServices/StateMachineRunner.cs:328)
Cysharp.Threading.Tasks.CompilerServices.AsyncUniTaskMethodBuilder`1<OneStarMaker.Runtime.AssetManagement.IAssetHandle`1<OneStarMaker.Runtime.SceneSystem.SceneResourceMap>>:SetResult (OneStarMaker.Runtime.AssetManagement.IAssetHandle`1<OneStarMaker.Runtime.SceneSystem.SceneResourceMap>) (at ./Library/PackageCache/com.cysharp.unitask@360e370345b9/Runtime/CompilerServices/AsyncUniTaskMethodBuilder.cs:201)
OneStarMaker.Runtime.AssetManagement.AssetManagement/<LoadAssetAsync>d__19`1<OneStarMaker.Runtime.SceneSystem.SceneResourceMap>:MoveNext () (at Assets/OneStarMaker/Scripts/Runtime/AssetManagement/AssetManagement.cs:74)
Cysharp.Threading.Tasks.CompilerServices.AsyncUniTask`2<OneStarMaker.Runtime.AssetManagement.AssetManagement/<LoadAssetAsync>d__19`1<OneStarMaker.Runtime.SceneSystem.SceneResourceMap>, OneStarMaker.Runtime.AssetManagement.IAssetHandle`1<OneStarMaker.Runtime.SceneSystem.SceneResourceMap>>:Run () (at ./Library/PackageCache/com.cysharp.unitask@360e370345b9/Runtime/CompilerServices/StateMachineRunner.cs:313)
Cysharp.Threading.Tasks.AwaiterActions:Continuation (object) (at ./Library/PackageCache/com.cysharp.unitask@360e370345b9/Runtime/UniTask.cs:25)
Cysharp.Threading.Tasks.UniTaskCompletionSourceCore`1<OneStarMaker.Runtime.AssetManagement.Internal.IBackendAsset>:TrySetResult (OneStarMaker.Runtime.AssetManagement.Internal.IBackendAsset) (at ./Library/PackageCache/com.cysharp.unitask@360e370345b9/Runtime/UniTaskCompletionSource.cs:139)
Cysharp.Threading.Tasks.CompilerServices.AsyncUniTask`2<OneStarMaker.Runtime.AssetManagement.AssetManagement/<LoadBackendAssetDedup>d__37`1<OneStarMaker.Runtime.SceneSystem.SceneResourceMap>, OneStarMaker.Runtime.AssetManagement.Internal.IBackendAsset>:SetResult (OneStarMaker.Runtime.AssetManagement.Internal.IBackendAsset) (at ./Library/PackageCache/com.cysharp.unitask@360e370345b9/Runtime/CompilerServices/StateMachineRunner.cs:328)
Cysharp.Threading.Tasks.CompilerServices.AsyncUniTaskMethodBuilder`1<OneStarMaker.Runtime.AssetManagement.Internal.IBackendAsset>:SetResult (OneStarMaker.Runtime.AssetManagement.Internal.IBackendAsset) (at ./Library/PackageCache/com.cysharp.unitask@360e370345b9/Runtime/CompilerServices/AsyncUniTaskMethodBuilder.cs:201)
OneStarMaker.Runtime.AssetManagement.AssetManagement/<LoadBackendAssetDedup>d__37`1<OneStarMaker.Runtime.SceneSystem.SceneResourceMap>:MoveNext () (at Assets/OneStarMaker/Scripts/Runtime/AssetManagement/AssetManagement.cs:344)
Cysharp.Threading.Tasks.CompilerServices.AsyncUniTask`2<OneStarMaker.Runtime.AssetManagement.AssetManagement/<LoadBackendAssetDedup>d__37`1<OneStarMaker.Runtime.SceneSystem.SceneResourceMap>, OneStarMaker.Runtime.AssetManagement.Internal.IBackendAsset>:Run () (at ./Library/PackageCache/com.cysharp.unitask@360e370345b9/Runtime/CompilerServices/StateMachineRunner.cs:313)
Cysharp.Threading.Tasks.AwaiterActions:Continuation (object) (at ./Library/PackageCache/com.cysharp.unitask@360e370345b9/Runtime/UniTask.cs:25)
Cysharp.Threading.Tasks.UniTaskCompletionSourceCore`1<OneStarMaker.Runtime.AssetManagement.Internal.IBackendAsset>:TrySetResult (OneStarMaker.Runtime.AssetManagement.Internal.IBackendAsset) (at ./Library/PackageCache/com.cysharp.unitask@360e370345b9/Runtime/UniTaskCompletionSource.cs:139)
Cysharp.Threading.Tasks.CompilerServices.AsyncUniTask`2<OneStarMaker.Runtime.AssetManagement.Internal.AddressableBackend/<LoadAssetAsync>d__0`1<OneStarMaker.Runtime.SceneSystem.SceneResourceMap>, OneStarMaker.Runtime.AssetManagement.Internal.IBackendAsset>:SetResult (OneStarMaker.Runtime.AssetManagement.Internal.IBackendAsset) (at ./Library/PackageCache/com.cysharp.unitask@360e370345b9/Runtime/CompilerServices/StateMachineRunner.cs:328)
Cysharp.Threading.Tasks.CompilerServices.AsyncUniTaskMethodBuilder`1<OneStarMaker.Runtime.AssetManagement.Internal.IBackendAsset>:SetResult (OneStarMaker.Runtime.AssetManagement.Internal.IBackendAsset) (at ./Library/PackageCache/com.cysharp.unitask@360e370345b9/Runtime/CompilerServices/AsyncUniTaskMethodBuilder.cs:201)
OneStarMaker.Runtime.AssetManagement.Internal.AddressableBackend/<LoadAssetAsync>d__0`1<OneStarMaker.Runtime.SceneSystem.SceneResourceMap>:MoveNext () (at Assets/OneStarMaker/Scripts/Runtime/AssetManagement/Internal/AddressableBackend.cs:26)
Cysharp.Threading.Tasks.CompilerServices.AsyncUniTask`2<OneStarMaker.Runtime.AssetManagement.Internal.AddressableBackend/<LoadAssetAsync>d__0`1<OneStarMaker.Runtime.SceneSystem.SceneResourceMap>, OneStarMaker.Runtime.AssetManagement.Internal.IBackendAsset>:Run () (at ./Library/PackageCache/com.cysharp.unitask@360e370345b9/Runtime/CompilerServices/StateMachineRunner.cs:313)
Cysharp.Threading.Tasks.AwaiterActions:Continuation (object) (at ./Library/PackageCache/com.cysharp.unitask@360e370345b9/Runtime/UniTask.cs:25)
Cysharp.Threading.Tasks.UniTaskCompletionSourceCore`1<Cysharp.Threading.Tasks.AsyncUnit>:TrySetResult (Cysharp.Threading.Tasks.AsyncUnit) (at ./Library/PackageCache/com.cysharp.unitask@360e370345b9/Runtime/UniTaskCompletionSource.cs:139)
Cysharp.Threading.Tasks.CompilerServices.AsyncUniTask`1<OneStarMaker.Runtime.AssetManagement.Internal.AddressableBackend/<AwaitHandle>d__6`1<OneStarMaker.Runtime.SceneSystem.SceneResourceMap>>:SetResult () (at ./Library/PackageCache/com.cysharp.unitask@360e370345b9/Runtime/CompilerServices/StateMachineRunner.cs:204)
Cysharp.Threading.Tasks.CompilerServices.AsyncUniTaskMethodBuilder:SetResult () (at ./Library/PackageCache/com.cysharp.unitask@360e370345b9/Runtime/CompilerServices/AsyncUniTaskMethodBuilder.cs:70)
OneStarMaker.Runtime.AssetManagement.Internal.AddressableBackend/<AwaitHandle>d__6`1<OneStarMaker.Runtime.SceneSystem.SceneResourceMap>:MoveNext () (at Assets/OneStarMaker/Scripts/Runtime/AssetManagement/Internal/AddressableBackend.cs:105)
Cysharp.Threading.Tasks.CompilerServices.AsyncUniTask`1<OneStarMaker.Runtime.AssetManagement.Internal.AddressableBackend/<AwaitHandle>d__6`1<OneStarMaker.Runtime.SceneSystem.SceneResourceMap>>:Run () (at ./Library/PackageCache/com.cysharp.unitask@360e370345b9/Runtime/CompilerServices/StateMachineRunner.cs:189)
Cysharp.Threading.Tasks.AwaiterActions:Continuation (object) (at ./Library/PackageCache/com.cysharp.unitask@360e370345b9/Runtime/UniTask.cs:25)
Cysharp.Threading.Tasks.UniTaskCompletionSourceCore`1<OneStarMaker.Runtime.SceneSystem.SceneResourceMap>:TrySetResult (OneStarMaker.Runtime.SceneSystem.SceneResourceMap) (at ./Library/PackageCache/com.cysharp.unitask@360e370345b9/Runtime/UniTaskCompletionSource.cs:139)
Cysharp.Threading.Tasks.AddressablesAsyncExtensions/AsyncOperationHandleConfiguredSource`1<OneStarMaker.Runtime.SceneSystem.SceneResourceMap>:HandleCompleted (UnityEngine.ResourceManagement.AsyncOperations.AsyncOperationHandle`1<OneStarMaker.Runtime.SceneSystem.SceneResourceMap>) (at ./Library/PackageCache/com.cysharp.unitask@360e370345b9/Runtime/External/Addressables/AddressablesAsyncExtensions.cs:398)
DelegateList`1<UnityEngine.ResourceManagement.AsyncOperations.AsyncOperationHandle`1<OneStarMaker.Runtime.SceneSystem.SceneResourceMap>>:Invoke (UnityEngine.ResourceManagement.AsyncOperations.AsyncOperationHandle`1<OneStarMaker.Runtime.SceneSystem.SceneResourceMap>) (at ./Library/PackageCache/com.unity.addressables@42676f2a154e/Runtime/ResourceManager/Util/DelegateList.cs:75)
UnityEngine.ResourceManagement.AsyncOperations.AsyncOperationBase`1<OneStarMaker.Runtime.SceneSystem.SceneResourceMap>:InvokeCompletionEvent () (at ./Library/PackageCache/com.unity.addressables@42676f2a154e/Runtime/ResourceManager/AsyncOperations/AsyncOperationBase.cs:391)
UnityEngine.ResourceManagement.AsyncOperations.AsyncOperationBase`1<OneStarMaker.Runtime.SceneSystem.SceneResourceMap>:Complete (OneStarMaker.Runtime.SceneSystem.SceneResourceMap,bool,System.Exception,bool) (at ./Library/PackageCache/com.unity.addressables@42676f2a154e/Runtime/ResourceManager/AsyncOperations/AsyncOperationBase.cs:494)
UnityEngine.ResourceManagement.AsyncOperations.ProviderOperation`1<OneStarMaker.Runtime.SceneSystem.SceneResourceMap>:ProviderCompleted<object> (object,bool,System.Exception) (at ./Library/PackageCache/com.unity.addressables@42676f2a154e/Runtime/ResourceManager/AsyncOperations/ProviderOperation.cs:189)
UnityEngine.ResourceManagement.ResourceProviders.ProvideHandle:Complete<object> (object,bool,System.Exception) (at ./Library/PackageCache/com.unity.addressables@42676f2a154e/Runtime/ResourceManager/ResourceProviders/IResourceProvider.cs:146)
UnityEngine.ResourceManagement.ResourceProviders.AssetDatabaseProvider/InternalOp:LoadImmediate () (at ./Library/PackageCache/com.unity.addressables@42676f2a154e/Runtime/ResourceManager/ResourceProviders/AssetDatabaseProvider.cs:130)
System.Reflection.RuntimeMethodInfo:Invoke (object,System.Reflection.BindingFlags,System.Reflection.Binder,object[],System.Globalization.CultureInfo)
System.Reflection.MethodBase:Invoke (object,object[])
System.Delegate:DynamicInvokeImpl (object[])
System.MulticastDelegate:DynamicInvokeImpl (object[])
System.Delegate:DynamicInvoke (object[])
UnityEngine.ResourceManagement.Util.DelayedActionManager/DelegateInfo:Invoke () (at ./Library/PackageCache/com.unity.addressables@42676f2a154e/Runtime/ResourceManager/Util/DelayedActionManager.cs:55)
UnityEngine.ResourceManagement.Util.DelayedActionManager:InternalLateUpdate (single) (at ./Library/PackageCache/com.unity.addressables@42676f2a154e/Runtime/ResourceManager/Util/DelayedActionManager.cs:192)
UnityEngine.ResourceManagement.Util.DelayedActionManager:LateUpdate () (at ./Library/PackageCache/com.unity.addressables@42676f2a154e/Runtime/ResourceManager/Util/DelayedActionManager.cs:171)

(Filename: Assets/OneStarMaker/Scripts/Runtime/DebugSocketServices/Transport/DebugSocketTransportHost.cs Line: 148)

[AppInit] DebugSocket transport start sequence finished. mode=Connect, isRunning=True.
UnityEngine.Debug:ExtractStackTraceNoAlloc (byte*,int,string)
UnityEngine.StackTraceUtility:ExtractStackTrace ()
UnityEngine.DebugLogHandler:Internal_Log (UnityEngine.LogType,UnityEngine.LogOption,string,UnityEngine.Object)
UnityEngine.DebugLogHandler:LogFormat (UnityEngine.LogType,UnityEngine.Object,string,object[])
UnityEngine.Logger:Log (UnityEngine.LogType,object)
UnityEngine.Debug:Log (object)
OneStarMaker.Runtime.AbstractApplicationInitializer/<StartFrameworkServicesAsync>d__39:MoveNext () (at Assets/OneStarMaker/Scripts/Runtime/Bootstrap/AbstractApplicationInitializer.cs:679)
Cysharp.Threading.Tasks.CompilerServices.AsyncUniTaskMethodBuilder:Start<OneStarMaker.Runtime.AbstractApplicationInitializer/<StartFrameworkServicesAsync>d__39> (OneStarMaker.Runtime.AbstractApplicationInitializer/<StartFrameworkServicesAsync>d__39&) (at ./Library/PackageCache/com.cysharp.unitask@360e370345b9/Runtime/CompilerServices/AsyncUniTaskMethodBuilder.cs:111)
OneStarMaker.Runtime.AbstractApplicationInitializer:StartFrameworkServicesAsync (System.Threading.CancellationToken)
OneStarMaker.Runtime.AbstractApplicationInitializer/<InitializeAfterSceneLoad>d__28:MoveNext () (at Assets/OneStarMaker/Scripts/Runtime/Bootstrap/AbstractApplicationInitializer.cs:263)
Cysharp.Threading.Tasks.CompilerServices.AsyncUniTaskVoid`1<OneStarMaker.Runtime.AbstractApplicationInitializer/<InitializeAfterSceneLoad>d__28>:Run () (at ./Library/PackageCache/com.cysharp.unitask@360e370345b9/Runtime/CompilerServices/StateMachineRunner.cs:104)
Cysharp.Threading.Tasks.AwaiterActions:Continuation (object) (at ./Library/PackageCache/com.cysharp.unitask@360e370345b9/Runtime/UniTask.cs:25)
Cysharp.Threading.Tasks.UniTaskCompletionSourceCore`1<OneStarMaker.Runtime.SceneSystem.SceneResourceMap>:TrySetResult (OneStarMaker.Runtime.SceneSystem.SceneResourceMap) (at ./Library/PackageCache/com.cysharp.unitask@360e370345b9/Runtime/UniTaskCompletionSource.cs:139)
Cysharp.Threading.Tasks.CompilerServices.AsyncUniTask`2<OneStarMaker.Runtime.AbstractApplicationInitializer/<LoadSceneResourceMapAsync>d__31, OneStarMaker.Runtime.SceneSystem.SceneResourceMap>:SetResult (OneStarMaker.Runtime.SceneSystem.SceneResourceMap) (at ./Library/PackageCache/com.cysharp.unitask@360e370345b9/Runtime/CompilerServices/StateMachineRunner.cs:328)
Cysharp.Threading.Tasks.CompilerServices.AsyncUniTaskMethodBuilder`1<OneStarMaker.Runtime.SceneSystem.SceneResourceMap>:SetResult (OneStarMaker.Runtime.SceneSystem.SceneResourceMap) (at ./Library/PackageCache/com.cysharp.unitask@360e370345b9/Runtime/CompilerServices/AsyncUniTaskMethodBuilder.cs:201)
OneStarMaker.Runtime.AbstractApplicationInitializer/<LoadSceneResourceMapAsync>d__31:MoveNext () (at Assets/OneStarMaker/Scripts/Runtime/Bootstrap/AbstractApplicationInitializer.cs:460)
Cysharp.Threading.Tasks.CompilerServices.AsyncUniTask`2<OneStarMaker.Runtime.AbstractApplicationInitializer/<LoadSceneResourceMapAsync>d__31, OneStarMaker.Runtime.SceneSystem.SceneResourceMap>:Run () (at ./Library/PackageCache/com.cysharp.unitask@360e370345b9/Runtime/CompilerServices/StateMachineRunner.cs:313)
Cysharp.Threading.Tasks.AwaiterActions:Continuation (object) (at ./Library/PackageCache/com.cysharp.unitask@360e370345b9/Runtime/UniTask.cs:25)
Cysharp.Threading.Tasks.UniTaskCompletionSourceCore`1<OneStarMaker.Runtime.AssetManagement.IAssetHandle`1<OneStarMaker.Runtime.SceneSystem.SceneResourceMap>>:TrySetResult (OneStarMaker.Runtime.AssetManagement.IAssetHandle`1<OneStarMaker.Runtime.SceneSystem.SceneResourceMap>) (at ./Library/PackageCache/com.cysharp.unitask@360e370345b9/Runtime/UniTaskCompletionSource.cs:139)
Cysharp.Threading.Tasks.CompilerServices.AsyncUniTask`2<OneStarMaker.Runtime.AssetManagement.AssetManagement/<LoadAssetAsync>d__19`1<OneStarMaker.Runtime.SceneSystem.SceneResourceMap>, OneStarMaker.Runtime.AssetManagement.IAssetHandle`1<OneStarMaker.Runtime.SceneSystem.SceneResourceMap>>:SetResult (OneStarMaker.Runtime.AssetManagement.IAssetHandle`1<OneStarMaker.Runtime.SceneSystem.SceneResourceMap>) (at ./Library/PackageCache/com.cysharp.unitask@360e370345b9/Runtime/CompilerServices/StateMachineRunner.cs:328)
Cysharp.Threading.Tasks.CompilerServices.AsyncUniTaskMethodBuilder`1<OneStarMaker.Runtime.AssetManagement.IAssetHandle`1<OneStarMaker.Runtime.SceneSystem.SceneResourceMap>>:SetResult (OneStarMaker.Runtime.AssetManagement.IAssetHandle`1<OneStarMaker.Runtime.SceneSystem.SceneResourceMap>) (at ./Library/PackageCache/com.cysharp.unitask@360e370345b9/Runtime/CompilerServices/AsyncUniTaskMethodBuilder.cs:201)
OneStarMaker.Runtime.AssetManagement.AssetManagement/<LoadAssetAsync>d__19`1<OneStarMaker.Runtime.SceneSystem.SceneResourceMap>:MoveNext () (at Assets/OneStarMaker/Scripts/Runtime/AssetManagement/AssetManagement.cs:74)
Cysharp.Threading.Tasks.CompilerServices.AsyncUniTask`2<OneStarMaker.Runtime.AssetManagement.AssetManagement/<LoadAssetAsync>d__19`1<OneStarMaker.Runtime.SceneSystem.SceneResourceMap>, OneStarMaker.Runtime.AssetManagement.IAssetHandle`1<OneStarMaker.Runtime.SceneSystem.SceneResourceMap>>:Run () (at ./Library/PackageCache/com.cysharp.unitask@360e370345b9/Runtime/CompilerServices/StateMachineRunner.cs:313)
Cysharp.Threading.Tasks.AwaiterActions:Continuation (object) (at ./Library/PackageCache/com.cysharp.unitask@360e370345b9/Runtime/UniTask.cs:25)
Cysharp.Threading.Tasks.UniTaskCompletionSourceCore`1<OneStarMaker.Runtime.AssetManagement.Internal.IBackendAsset>:TrySetResult (OneStarMaker.Runtime.AssetManagement.Internal.IBackendAsset) (at ./Library/PackageCache/com.cysharp.unitask@360e370345b9/Runtime/UniTaskCompletionSource.cs:139)
Cysharp.Threading.Tasks.CompilerServices.AsyncUniTask`2<OneStarMaker.Runtime.AssetManagement.AssetManagement/<LoadBackendAssetDedup>d__37`1<OneStarMaker.Runtime.SceneSystem.SceneResourceMap>, OneStarMaker.Runtime.AssetManagement.Internal.IBackendAsset>:SetResult (OneStarMaker.Runtime.AssetManagement.Internal.IBackendAsset) (at ./Library/PackageCache/com.cysharp.unitask@360e370345b9/Runtime/CompilerServices/StateMachineRunner.cs:328)
Cysharp.Threading.Tasks.CompilerServices.AsyncUniTaskMethodBuilder`1<OneStarMaker.Runtime.AssetManagement.Internal.IBackendAsset>:SetResult (OneStarMaker.Runtime.AssetManagement.Internal.IBackendAsset) (at ./Library/PackageCache/com.cysharp.unitask@360e370345b9/Runtime/CompilerServices/AsyncUniTaskMethodBuilder.cs:201)
OneStarMaker.Runtime.AssetManagement.AssetManagement/<LoadBackendAssetDedup>d__37`1<OneStarMaker.Runtime.SceneSystem.SceneResourceMap>:MoveNext () (at Assets/OneStarMaker/Scripts/Runtime/AssetManagement/AssetManagement.cs:344)
Cysharp.Threading.Tasks.CompilerServices.AsyncUniTask`2<OneStarMaker.Runtime.AssetManagement.AssetManagement/<LoadBackendAssetDedup>d__37`1<OneStarMaker.Runtime.SceneSystem.SceneResourceMap>, OneStarMaker.Runtime.AssetManagement.Internal.IBackendAsset>:Run () (at ./Library/PackageCache/com.cysharp.unitask@360e370345b9/Runtime/CompilerServices/StateMachineRunner.cs:313)
Cysharp.Threading.Tasks.AwaiterActions:Continuation (object) (at ./Library/PackageCache/com.cysharp.unitask@360e370345b9/Runtime/UniTask.cs:25)
Cysharp.Threading.Tasks.UniTaskCompletionSourceCore`1<OneStarMaker.Runtime.AssetManagement.Internal.IBackendAsset>:TrySetResult (OneStarMaker.Runtime.AssetManagement.Internal.IBackendAsset) (at ./Library/PackageCache/com.cysharp.unitask@360e370345b9/Runtime/UniTaskCompletionSource.cs:139)
Cysharp.Threading.Tasks.CompilerServices.AsyncUniTask`2<OneStarMaker.Runtime.AssetManagement.Internal.AddressableBackend/<LoadAssetAsync>d__0`1<OneStarMaker.Runtime.SceneSystem.SceneResourceMap>, OneStarMaker.Runtime.AssetManagement.Internal.IBackendAsset>:SetResult (OneStarMaker.Runtime.AssetManagement.Internal.IBackendAsset) (at ./Library/PackageCache/com.cysharp.unitask@360e370345b9/Runtime/CompilerServices/StateMachineRunner.cs:328)
Cysharp.Threading.Tasks.CompilerServices.AsyncUniTaskMethodBuilder`1<OneStarMaker.Runtime.AssetManagement.Internal.IBackendAsset>:SetResult (OneStarMaker.Runtime.AssetManagement.Internal.IBackendAsset) (at ./Library/PackageCache/com.cysharp.unitask@360e370345b9/Runtime/CompilerServices/AsyncUniTaskMethodBuilder.cs:201)
OneStarMaker.Runtime.AssetManagement.Internal.AddressableBackend/<LoadAssetAsync>d__0`1<OneStarMaker.Runtime.SceneSystem.SceneResourceMap>:MoveNext () (at Assets/OneStarMaker/Scripts/Runtime/AssetManagement/Internal/AddressableBackend.cs:26)
Cysharp.Threading.Tasks.CompilerServices.AsyncUniTask`2<OneStarMaker.Runtime.AssetManagement.Internal.AddressableBackend/<LoadAssetAsync>d__0`1<OneStarMaker.Runtime.SceneSystem.SceneResourceMap>, OneStarMaker.Runtime.AssetManagement.Internal.IBackendAsset>:Run () (at ./Library/PackageCache/com.cysharp.unitask@360e370345b9/Runtime/CompilerServices/StateMachineRunner.cs:313)
Cysharp.Threading.Tasks.AwaiterActions:Continuation (object) (at ./Library/PackageCache/com.cysharp.unitask@360e370345b9/Runtime/UniTask.cs:25)
Cysharp.Threading.Tasks.UniTaskCompletionSourceCore`1<Cysharp.Threading.Tasks.AsyncUnit>:TrySetResult (Cysharp.Threading.Tasks.AsyncUnit) (at ./Library/PackageCache/com.cysharp.unitask@360e370345b9/Runtime/UniTaskCompletionSource.cs:139)
Cysharp.Threading.Tasks.CompilerServices.AsyncUniTask`1<OneStarMaker.Runtime.AssetManagement.Internal.AddressableBackend/<AwaitHandle>d__6`1<OneStarMaker.Runtime.SceneSystem.SceneResourceMap>>:SetResult () (at ./Library/PackageCache/com.cysharp.unitask@360e370345b9/Runtime/CompilerServices/StateMachineRunner.cs:204)
Cysharp.Threading.Tasks.CompilerServices.AsyncUniTaskMethodBuilder:SetResult () (at ./Library/PackageCache/com.cysharp.unitask@360e370345b9/Runtime/CompilerServices/AsyncUniTaskMethodBuilder.cs:70)
OneStarMaker.Runtime.AssetManagement.Internal.AddressableBackend/<AwaitHandle>d__6`1<OneStarMaker.Runtime.SceneSystem.SceneResourceMap>:MoveNext () (at Assets/OneStarMaker/Scripts/Runtime/AssetManagement/Internal/AddressableBackend.cs:105)
Cysharp.Threading.Tasks.CompilerServices.AsyncUniTask`1<OneStarMaker.Runtime.AssetManagement.Internal.AddressableBackend/<AwaitHandle>d__6`1<OneStarMaker.Runtime.SceneSystem.SceneResourceMap>>:Run () (at ./Library/PackageCache/com.cysharp.unitask@360e370345b9/Runtime/CompilerServices/StateMachineRunner.cs:189)
Cysharp.Threading.Tasks.AwaiterActions:Continuation (object) (at ./Library/PackageCache/com.cysharp.unitask@360e370345b9/Runtime/UniTask.cs:25)
Cysharp.Threading.Tasks.UniTaskCompletionSourceCore`1<OneStarMaker.Runtime.SceneSystem.SceneResourceMap>:TrySetResult (OneStarMaker.Runtime.SceneSystem.SceneResourceMap) (at ./Library/PackageCache/com.cysharp.unitask@360e370345b9/Runtime/UniTaskCompletionSource.cs:139)
Cysharp.Threading.Tasks.AddressablesAsyncExtensions/AsyncOperationHandleConfiguredSource`1<OneStarMaker.Runtime.SceneSystem.SceneResourceMap>:HandleCompleted (UnityEngine.ResourceManagement.AsyncOperations.AsyncOperationHandle`1<OneStarMaker.Runtime.SceneSystem.SceneResourceMap>) (at ./Library/PackageCache/com.cysharp.unitask@360e370345b9/Runtime/External/Addressables/AddressablesAsyncExtensions.cs:398)
DelegateList`1<UnityEngine.ResourceManagement.AsyncOperations.AsyncOperationHandle`1<OneStarMaker.Runtime.SceneSystem.SceneResourceMap>>:Invoke (UnityEngine.ResourceManagement.AsyncOperations.AsyncOperationHandle`1<OneStarMaker.Runtime.SceneSystem.SceneResourceMap>) (at ./Library/PackageCache/com.unity.addressables@42676f2a154e/Runtime/ResourceManager/Util/DelegateList.cs:75)
UnityEngine.ResourceManagement.AsyncOperations.AsyncOperationBase`1<OneStarMaker.Runtime.SceneSystem.SceneResourceMap>:InvokeCompletionEvent () (at ./Library/PackageCache/com.unity.addressables@42676f2a154e/Runtime/ResourceManager/AsyncOperations/AsyncOperationBase.cs:391)
UnityEngine.ResourceManagement.AsyncOperations.AsyncOperationBase`1<OneStarMaker.Runtime.SceneSystem.SceneResourceMap>:Complete (OneStarMaker.Runtime.SceneSystem.SceneResourceMap,bool,System.Exception,bool) (at ./Library/PackageCache/com.unity.addressables@42676f2a154e/Runtime/ResourceManager/AsyncOperations/AsyncOperationBase.cs:494)
UnityEngine.ResourceManagement.AsyncOperations.ProviderOperation`1<OneStarMaker.Runtime.SceneSystem.SceneResourceMap>:ProviderCompleted<object> (object,bool,System.Exception) (at ./Library/PackageCache/com.unity.addressables@42676f2a154e/Runtime/ResourceManager/AsyncOperations/ProviderOperation.cs:189)
UnityEngine.ResourceManagement.ResourceProviders.ProvideHandle:Complete<object> (object,bool,System.Exception) (at ./Library/PackageCache/com.unity.addressables@42676f2a154e/Runtime/ResourceManager/ResourceProviders/IResourceProvider.cs:146)
UnityEngine.ResourceManagement.ResourceProviders.AssetDatabaseProvider/InternalOp:LoadImmediate () (at ./Library/PackageCache/com.unity.addressables@42676f2a154e/Runtime/ResourceManager/ResourceProviders/AssetDatabaseProvider.cs:130)
System.Reflection.RuntimeMethodInfo:Invoke (object,System.Reflection.BindingFlags,System.Reflection.Binder,object[],System.Globalization.CultureInfo)
System.Reflection.MethodBase:Invoke (object,object[])
System.Delegate:DynamicInvokeImpl (object[])
System.MulticastDelegate:DynamicInvokeImpl (object[])
System.Delegate:DynamicInvoke (object[])
UnityEngine.ResourceManagement.Util.DelayedActionManager/DelegateInfo:Invoke () (at ./Library/PackageCache/com.unity.addressables@42676f2a154e/Runtime/ResourceManager/Util/DelayedActionManager.cs:55)
UnityEngine.ResourceManagement.Util.DelayedActionManager:InternalLateUpdate (single) (at ./Library/PackageCache/com.unity.addressables@42676f2a154e/Runtime/ResourceManager/Util/DelayedActionManager.cs:192)
UnityEngine.ResourceManagement.Util.DelayedActionManager:LateUpdate () (at ./Library/PackageCache/com.unity.addressables@42676f2a154e/Runtime/ResourceManager/Util/DelayedActionManager.cs:171)

(Filename: Assets/OneStarMaker/Scripts/Runtime/Bootstrap/AbstractApplicationInitializer.cs Line: 679)

[AppInit] SceneResourceMap に未登録のシーンをスキップ: 
UnityEngine.Debug:ExtractStackTraceNoAlloc (byte*,int,string)
UnityEngine.StackTraceUtility:ExtractStackTrace ()
UnityEngine.DebugLogHandler:Internal_Log (UnityEngine.LogType,UnityEngine.LogOption,string,UnityEngine.Object)
UnityEngine.DebugLogHandler:LogFormat (UnityEngine.LogType,UnityEngine.Object,string,object[])
UnityEngine.Logger:Log (UnityEngine.LogType,object)
UnityEngine.Debug:Log (object)
OneStarMaker.Runtime.AbstractApplicationInitializer/<RegisterAlreadyLoadedScenes>d__37:MoveNext () (at Assets/OneStarMaker/Scripts/Runtime/Bootstrap/AbstractApplicationInitializer.cs:637)
Cysharp.Threading.Tasks.CompilerServices.AsyncUniTaskMethodBuilder:Start<OneStarMaker.Runtime.AbstractApplicationInitializer/<RegisterAlreadyLoadedScenes>d__37> (OneStarMaker.Runtime.AbstractApplicationInitializer/<RegisterAlreadyLoadedScenes>d__37&) (at ./Library/PackageCache/com.cysharp.unitask@360e370345b9/Runtime/CompilerServices/AsyncUniTaskMethodBuilder.cs:111)
OneStarMaker.Runtime.AbstractApplicationInitializer:RegisterAlreadyLoadedScenes (System.Threading.CancellationToken)
OneStarMaker.Runtime.AbstractApplicationInitializer/<InitializeAfterSceneLoad>d__28:MoveNext () (at Assets/OneStarMaker/Scripts/Runtime/Bootstrap/AbstractApplicationInitializer.cs:323)
Cysharp.Threading.Tasks.CompilerServices.AsyncUniTaskVoid`1<OneStarMaker.Runtime.AbstractApplicationInitializer/<InitializeAfterSceneLoad>d__28>:Run () (at ./Library/PackageCache/com.cysharp.unitask@360e370345b9/Runtime/CompilerServices/StateMachineRunner.cs:104)
Cysharp.Threading.Tasks.AwaiterActions:Continuation (object) (at ./Library/PackageCache/com.cysharp.unitask@360e370345b9/Runtime/UniTask.cs:25)
Cysharp.Threading.Tasks.UniTaskCompletionSourceCore`1<OneStarMaker.Runtime.SceneSystem.SceneResourceMap>:TrySetResult (OneStarMaker.Runtime.SceneSystem.SceneResourceMap) (at ./Library/PackageCache/com.cysharp.unitask@360e370345b9/Runtime/UniTaskCompletionSource.cs:139)
Cysharp.Threading.Tasks.CompilerServices.AsyncUniTask`2<OneStarMaker.Runtime.AbstractApplicationInitializer/<LoadSceneResourceMapAsync>d__31, OneStarMaker.Runtime.SceneSystem.SceneResourceMap>:SetResult (OneStarMaker.Runtime.SceneSystem.SceneResourceMap) (at ./Library/PackageCache/com.cysharp.unitask@360e370345b9/Runtime/CompilerServices/StateMachineRunner.cs:328)
Cysharp.Threading.Tasks.CompilerServices.AsyncUniTaskMethodBuilder`1<OneStarMaker.Runtime.SceneSystem.SceneResourceMap>:SetResult (OneStarMaker.Runtime.SceneSystem.SceneResourceMap) (at ./Library/PackageCache/com.cysharp.unitask@360e370345b9/Runtime/CompilerServices/AsyncUniTaskMethodBuilder.cs:201)
OneStarMaker.Runtime.AbstractApplicationInitializer/<LoadSceneResourceMapAsync>d__31:MoveNext () (at Assets/OneStarMaker/Scripts/Runtime/Bootstrap/AbstractApplicationInitializer.cs:460)
Cysharp.Threading.Tasks.CompilerServices.AsyncUniTask`2<OneStarMaker.Runtime.AbstractApplicationInitializer/<LoadSceneResourceMapAsync>d__31, OneStarMaker.Runtime.SceneSystem.SceneResourceMap>:Run () (at ./Library/PackageCache/com.cysharp.unitask@360e370345b9/Runtime/CompilerServices/StateMachineRunner.cs:313)
Cysharp.Threading.Tasks.AwaiterActions:Continuation (object) (at ./Library/PackageCache/com.cysharp.unitask@360e370345b9/Runtime/UniTask.cs:25)
Cysharp.Threading.Tasks.UniTaskCompletionSourceCore`1<OneStarMaker.Runtime.AssetManagement.IAssetHandle`1<OneStarMaker.Runtime.SceneSystem.SceneResourceMap>>:TrySetResult (OneStarMaker.Runtime.AssetManagement.IAssetHandle`1<OneStarMaker.Runtime.SceneSystem.SceneResourceMap>) (at ./Library/PackageCache/com.cysharp.unitask@360e370345b9/Runtime/UniTaskCompletionSource.cs:139)
Cysharp.Threading.Tasks.CompilerServices.AsyncUniTask`2<OneStarMaker.Runtime.AssetManagement.AssetManagement/<LoadAssetAsync>d__19`1<OneStarMaker.Runtime.SceneSystem.SceneResourceMap>, OneStarMaker.Runtime.AssetManagement.IAssetHandle`1<OneStarMaker.Runtime.SceneSystem.SceneResourceMap>>:SetResult (OneStarMaker.Runtime.AssetManagement.IAssetHandle`1<OneStarMaker.Runtime.SceneSystem.SceneResourceMap>) (at ./Library/PackageCache/com.cysharp.unitask@360e370345b9/Runtime/CompilerServices/StateMachineRunner.cs:328)
Cysharp.Threading.Tasks.CompilerServices.AsyncUniTaskMethodBuilder`1<OneStarMaker.Runtime.AssetManagement.IAssetHandle`1<OneStarMaker.Runtime.SceneSystem.SceneResourceMap>>:SetResult (OneStarMaker.Runtime.AssetManagement.IAssetHandle`1<OneStarMaker.Runtime.SceneSystem.SceneResourceMap>) (at ./Library/PackageCache/com.cysharp.unitask@360e370345b9/Runtime/CompilerServices/AsyncUniTaskMethodBuilder.cs:201)
OneStarMaker.Runtime.AssetManagement.AssetManagement/<LoadAssetAsync>d__19`1<OneStarMaker.Runtime.SceneSystem.SceneResourceMap>:MoveNext () (at Assets/OneStarMaker/Scripts/Runtime/AssetManagement/AssetManagement.cs:74)
Cysharp.Threading.Tasks.CompilerServices.AsyncUniTask`2<OneStarMaker.Runtime.AssetManagement.AssetManagement/<LoadAssetAsync>d__19`1<OneStarMaker.Runtime.SceneSystem.SceneResourceMap>, OneStarMaker.Runtime.AssetManagement.IAssetHandle`1<OneStarMaker.Runtime.SceneSystem.SceneResourceMap>>:Run () (at ./Library/PackageCache/com.cysharp.unitask@360e370345b9/Runtime/CompilerServices/StateMachineRunner.cs:313)
Cysharp.Threading.Tasks.AwaiterActions:Continuation (object) (at ./Library/PackageCache/com.cysharp.unitask@360e370345b9/Runtime/UniTask.cs:25)
Cysharp.Threading.Tasks.UniTaskCompletionSourceCore`1<OneStarMaker.Runtime.AssetManagement.Internal.IBackendAsset>:TrySetResult (OneStarMaker.Runtime.AssetManagement.Internal.IBackendAsset) (at ./Library/PackageCache/com.cysharp.unitask@360e370345b9/Runtime/UniTaskCompletionSource.cs:139)
Cysharp.Threading.Tasks.CompilerServices.AsyncUniTask`2<OneStarMaker.Runtime.AssetManagement.AssetManagement/<LoadBackendAssetDedup>d__37`1<OneStarMaker.Runtime.SceneSystem.SceneResourceMap>, OneStarMaker.Runtime.AssetManagement.Internal.IBackendAsset>:SetResult (OneStarMaker.Runtime.AssetManagement.Internal.IBackendAsset) (at ./Library/PackageCache/com.cysharp.unitask@360e370345b9/Runtime/CompilerServices/StateMachineRunner.cs:328)
Cysharp.Threading.Tasks.CompilerServices.AsyncUniTaskMethodBuilder`1<OneStarMaker.Runtime.AssetManagement.Internal.IBackendAsset>:SetResult (OneStarMaker.Runtime.AssetManagement.Internal.IBackendAsset) (at ./Library/PackageCache/com.cysharp.unitask@360e370345b9/Runtime/CompilerServices/AsyncUniTaskMethodBuilder.cs:201)
OneStarMaker.Runtime.AssetManagement.AssetManagement/<LoadBackendAssetDedup>d__37`1<OneStarMaker.Runtime.SceneSystem.SceneResourceMap>:MoveNext () (at Assets/OneStarMaker/Scripts/Runtime/AssetManagement/AssetManagement.cs:344)
Cysharp.Threading.Tasks.CompilerServices.AsyncUniTask`2<OneStarMaker.Runtime.AssetManagement.AssetManagement/<LoadBackendAssetDedup>d__37`1<OneStarMaker.Runtime.SceneSystem.SceneResourceMap>, OneStarMaker.Runtime.AssetManagement.Internal.IBackendAsset>:Run () (at ./Library/PackageCache/com.cysharp.unitask@360e370345b9/Runtime/CompilerServices/StateMachineRunner.cs:313)
Cysharp.Threading.Tasks.AwaiterActions:Continuation (object) (at ./Library/PackageCache/com.cysharp.unitask@360e370345b9/Runtime/UniTask.cs:25)
Cysharp.Threading.Tasks.UniTaskCompletionSourceCore`1<OneStarMaker.Runtime.AssetManagement.Internal.IBackendAsset>:TrySetResult (OneStarMaker.Runtime.AssetManagement.Internal.IBackendAsset) (at ./Library/PackageCache/com.cysharp.unitask@360e370345b9/Runtime/UniTaskCompletionSource.cs:139)
Cysharp.Threading.Tasks.CompilerServices.AsyncUniTask`2<OneStarMaker.Runtime.AssetManagement.Internal.AddressableBackend/<LoadAssetAsync>d__0`1<OneStarMaker.Runtime.SceneSystem.SceneResourceMap>, OneStarMaker.Runtime.AssetManagement.Internal.IBackendAsset>:SetResult (OneStarMaker.Runtime.AssetManagement.Internal.IBackendAsset) (at ./Library/PackageCache/com.cysharp.unitask@360e370345b9/Runtime/CompilerServices/StateMachineRunner.cs:328)
Cysharp.Threading.Tasks.CompilerServices.AsyncUniTaskMethodBuilder`1<OneStarMaker.Runtime.AssetManagement.Internal.IBackendAsset>:SetResult (OneStarMaker.Runtime.AssetManagement.Internal.IBackendAsset) (at ./Library/PackageCache/com.cysharp.unitask@360e370345b9/Runtime/CompilerServices/AsyncUniTaskMethodBuilder.cs:201)
OneStarMaker.Runtime.AssetManagement.Internal.AddressableBackend/<LoadAssetAsync>d__0`1<OneStarMaker.Runtime.SceneSystem.SceneResourceMap>:MoveNext () (at Assets/OneStarMaker/Scripts/Runtime/AssetManagement/Internal/AddressableBackend.cs:26)
Cysharp.Threading.Tasks.CompilerServices.AsyncUniTask`2<OneStarMaker.Runtime.AssetManagement.Internal.AddressableBackend/<LoadAssetAsync>d__0`1<OneStarMaker.Runtime.SceneSystem.SceneResourceMap>, OneStarMaker.Runtime.AssetManagement.Internal.IBackendAsset>:Run () (at ./Library/PackageCache/com.cysharp.unitask@360e370345b9/Runtime/CompilerServices/StateMachineRunner.cs:313)
Cysharp.Threading.Tasks.AwaiterActions:Continuation (object) (at ./Library/PackageCache/com.cysharp.unitask@360e370345b9/Runtime/UniTask.cs:25)
Cysharp.Threading.Tasks.UniTaskCompletionSourceCore`1<Cysharp.Threading.Tasks.AsyncUnit>:TrySetResult (Cysharp.Threading.Tasks.AsyncUnit) (at ./Library/PackageCache/com.cysharp.unitask@360e370345b9/Runtime/UniTaskCompletionSource.cs:139)
Cysharp.Threading.Tasks.CompilerServices.AsyncUniTask`1<OneStarMaker.Runtime.AssetManagement.Internal.AddressableBackend/<AwaitHandle>d__6`1<OneStarMaker.Runtime.SceneSystem.SceneResourceMap>>:SetResult () (at ./Library/PackageCache/com.cysharp.unitask@360e370345b9/Runtime/CompilerServices/StateMachineRunner.cs:204)
Cysharp.Threading.Tasks.CompilerServices.AsyncUniTaskMethodBuilder:SetResult () (at ./Library/PackageCache/com.cysharp.unitask@360e370345b9/Runtime/CompilerServices/AsyncUniTaskMethodBuilder.cs:70)
OneStarMaker.Runtime.AssetManagement.Internal.AddressableBackend/<AwaitHandle>d__6`1<OneStarMaker.Runtime.SceneSystem.SceneResourceMap>:MoveNext () (at Assets/OneStarMaker/Scripts/Runtime/AssetManagement/Internal/AddressableBackend.cs:105)
Cysharp.Threading.Tasks.CompilerServices.AsyncUniTask`1<OneStarMaker.Runtime.AssetManagement.Internal.AddressableBackend/<AwaitHandle>d__6`1<OneStarMaker.Runtime.SceneSystem.SceneResourceMap>>:Run () (at ./Library/PackageCache/com.cysharp.unitask@360e370345b9/Runtime/CompilerServices/StateMachineRunner.cs:189)
Cysharp.Threading.Tasks.AwaiterActions:Continuation (object) (at ./Library/PackageCache/com.cysharp.unitask@360e370345b9/Runtime/UniTask.cs:25)
Cysharp.Threading.Tasks.UniTaskCompletionSourceCore`1<OneStarMaker.Runtime.SceneSystem.SceneResourceMap>:TrySetResult (OneStarMaker.Runtime.SceneSystem.SceneResourceMap) (at ./Library/PackageCache/com.cysharp.unitask@360e370345b9/Runtime/UniTaskCompletionSource.cs:139)
Cysharp.Threading.Tasks.AddressablesAsyncExtensions/AsyncOperationHandleConfiguredSource`1<OneStarMaker.Runtime.SceneSystem.SceneResourceMap>:HandleCompleted (UnityEngine.ResourceManagement.AsyncOperations.AsyncOperationHandle`1<OneStarMaker.Runtime.SceneSystem.SceneResourceMap>) (at ./Library/PackageCache/com.cysharp.unitask@360e370345b9/Runtime/External/Addressables/AddressablesAsyncExtensions.cs:398)
DelegateList`1<UnityEngine.ResourceManagement.AsyncOperations.AsyncOperationHandle`1<OneStarMaker.Runtime.SceneSystem.SceneResourceMap>>:Invoke (UnityEngine.ResourceManagement.AsyncOperations.AsyncOperationHandle`1<OneStarMaker.Runtime.SceneSystem.SceneResourceMap>) (at ./Library/PackageCache/com.unity.addressables@42676f2a154e/Runtime/ResourceManager/Util/DelegateList.cs:75)
UnityEngine.ResourceManagement.AsyncOperations.AsyncOperationBase`1<OneStarMaker.Runtime.SceneSystem.SceneResourceMap>:InvokeCompletionEvent () (at ./Library/PackageCache/com.unity.addressables@42676f2a154e/Runtime/ResourceManager/AsyncOperations/AsyncOperationBase.cs:391)
UnityEngine.ResourceManagement.AsyncOperations.AsyncOperationBase`1<OneStarMaker.Runtime.SceneSystem.SceneResourceMap>:Complete (OneStarMaker.Runtime.SceneSystem.SceneResourceMap,bool,System.Exception,bool) (at ./Library/PackageCache/com.unity.addressables@42676f2a154e/Runtime/ResourceManager/AsyncOperations/AsyncOperationBase.cs:494)
UnityEngine.ResourceManagement.AsyncOperations.ProviderOperation`1<OneStarMaker.Runtime.SceneSystem.SceneResourceMap>:ProviderCompleted<object> (object,bool,System.Exception) (at ./Library/PackageCache/com.unity.addressables@42676f2a154e/Runtime/ResourceManager/AsyncOperations/ProviderOperation.cs:189)
UnityEngine.ResourceManagement.ResourceProviders.ProvideHandle:Complete<object> (object,bool,System.Exception) (at ./Library/PackageCache/com.unity.addressables@42676f2a154e/Runtime/ResourceManager/ResourceProviders/IResourceProvider.cs:146)
UnityEngine.ResourceManagement.ResourceProviders.AssetDatabaseProvider/InternalOp:LoadImmediate () (at ./Library/PackageCache/com.unity.addressables@42676f2a154e/Runtime/ResourceManager/ResourceProviders/AssetDatabaseProvider.cs:130)
System.Reflection.RuntimeMethodInfo:Invoke (object,System.Reflection.BindingFlags,System.Reflection.Binder,object[],System.Globalization.CultureInfo)
System.Reflection.MethodBase:Invoke (object,object[])
System.Delegate:DynamicInvokeImpl (object[])
System.MulticastDelegate:DynamicInvokeImpl (object[])
System.Delegate:DynamicInvoke (object[])
UnityEngine.ResourceManagement.Util.DelayedActionManager/DelegateInfo:Invoke () (at ./Library/PackageCache/com.unity.addressables@42676f2a154e/Runtime/ResourceManager/Util/DelayedActionManager.cs:55)
UnityEngine.ResourceManagement.Util.DelayedActionManager:InternalLateUpdate (single) (at ./Library/PackageCache/com.unity.addressables@42676f2a154e/Runtime/ResourceManager/Util/DelayedActionManager.cs:192)
UnityEngine.ResourceManagement.Util.DelayedActionManager:LateUpdate () (at ./Library/PackageCache/com.unity.addressables@42676f2a154e/Runtime/ResourceManager/Util/DelayedActionManager.cs:171)

(Filename: Assets/OneStarMaker/Scripts/Runtime/Bootstrap/AbstractApplicationInitializer.cs Line: 637)

[AppInit] SceneResourceMap に未登録のシーンをスキップ: UIScene
UnityEngine.Debug:ExtractStackTraceNoAlloc (byte*,int,string)
UnityEngine.StackTraceUtility:ExtractStackTrace ()
UnityEngine.DebugLogHandler:Internal_Log (UnityEngine.LogType,UnityEngine.LogOption,string,UnityEngine.Object)
UnityEngine.DebugLogHandler:LogFormat (UnityEngine.LogType,UnityEngine.Object,string,object[])
UnityEngine.Logger:Log (UnityEngine.LogType,object)
UnityEngine.Debug:Log (object)
OneStarMaker.Runtime.AbstractApplicationInitializer/<RegisterAlreadyLoadedScenes>d__37:MoveNext () (at Assets/OneStarMaker/Scripts/Runtime/Bootstrap/AbstractApplicationInitializer.cs:637)
Cysharp.Threading.Tasks.CompilerServices.AsyncUniTaskMethodBuilder:Start<OneStarMaker.Runtime.AbstractApplicationInitializer/<RegisterAlreadyLoadedScenes>d__37> (OneStarMaker.Runtime.AbstractApplicationInitializer/<RegisterAlreadyLoadedScenes>d__37&) (at ./Library/PackageCache/com.cysharp.unitask@360e370345b9/Runtime/CompilerServices/AsyncUniTaskMethodBuilder.cs:111)
OneStarMaker.Runtime.AbstractApplicationInitializer:RegisterAlreadyLoadedScenes (System.Threading.CancellationToken)
OneStarMaker.Runtime.AbstractApplicationInitializer/<InitializeAfterSceneLoad>d__28:MoveNext () (at Assets/OneStarMaker/Scripts/Runtime/Bootstrap/AbstractApplicationInitializer.cs:323)
Cysharp.Threading.Tasks.CompilerServices.AsyncUniTaskVoid`1<OneStarMaker.Runtime.AbstractApplicationInitializer/<InitializeAfterSceneLoad>d__28>:Run () (at ./Library/PackageCache/com.cysharp.unitask@360e370345b9/Runtime/CompilerServices/StateMachineRunner.cs:104)
Cysharp.Threading.Tasks.AwaiterActions:Continuation (object) (at ./Library/PackageCache/com.cysharp.unitask@360e370345b9/Runtime/UniTask.cs:25)
Cysharp.Threading.Tasks.UniTaskCompletionSourceCore`1<OneStarMaker.Runtime.SceneSystem.SceneResourceMap>:TrySetResult (OneStarMaker.Runtime.SceneSystem.SceneResourceMap) (at ./Library/PackageCache/com.cysharp.unitask@360e370345b9/Runtime/UniTaskCompletionSource.cs:139)
Cysharp.Threading.Tasks.CompilerServices.AsyncUniTask`2<OneStarMaker.Runtime.AbstractApplicationInitializer/<LoadSceneResourceMapAsync>d__31, OneStarMaker.Runtime.SceneSystem.SceneResourceMap>:SetResult (OneStarMaker.Runtime.SceneSystem.SceneResourceMap) (at ./Library/PackageCache/com.cysharp.unitask@360e370345b9/Runtime/CompilerServices/StateMachineRunner.cs:328)
Cysharp.Threading.Tasks.CompilerServices.AsyncUniTaskMethodBuilder`1<OneStarMaker.Runtime.SceneSystem.SceneResourceMap>:SetResult (OneStarMaker.Runtime.SceneSystem.SceneResourceMap) (at ./Library/PackageCache/com.cysharp.unitask@360e370345b9/Runtime/CompilerServices/AsyncUniTaskMethodBuilder.cs:201)
OneStarMaker.Runtime.AbstractApplicationInitializer/<LoadSceneResourceMapAsync>d__31:MoveNext () (at Assets/OneStarMaker/Scripts/Runtime/Bootstrap/AbstractApplicationInitializer.cs:460)
Cysharp.Threading.Tasks.CompilerServices.AsyncUniTask`2<OneStarMaker.Runtime.AbstractApplicationInitializer/<LoadSceneResourceMapAsync>d__31, OneStarMaker.Runtime.SceneSystem.SceneResourceMap>:Run () (at ./Library/PackageCache/com.cysharp.unitask@360e370345b9/Runtime/CompilerServices/StateMachineRunner.cs:313)
Cysharp.Threading.Tasks.AwaiterActions:Continuation (object) (at ./Library/PackageCache/com.cysharp.unitask@360e370345b9/Runtime/UniTask.cs:25)
Cysharp.Threading.Tasks.UniTaskCompletionSourceCore`1<OneStarMaker.Runtime.AssetManagement.IAssetHandle`1<OneStarMaker.Runtime.SceneSystem.SceneResourceMap>>:TrySetResult (OneStarMaker.Runtime.AssetManagement.IAssetHandle`1<OneStarMaker.Runtime.SceneSystem.SceneResourceMap>) (at ./Library/PackageCache/com.cysharp.unitask@360e370345b9/Runtime/UniTaskCompletionSource.cs:139)
Cysharp.Threading.Tasks.CompilerServices.AsyncUniTask`2<OneStarMaker.Runtime.AssetManagement.AssetManagement/<LoadAssetAsync>d__19`1<OneStarMaker.Runtime.SceneSystem.SceneResourceMap>, OneStarMaker.Runtime.AssetManagement.IAssetHandle`1<OneStarMaker.Runtime.SceneSystem.SceneResourceMap>>:SetResult (OneStarMaker.Runtime.AssetManagement.IAssetHandle`1<OneStarMaker.Runtime.SceneSystem.SceneResourceMap>) (at ./Library/PackageCache/com.cysharp.unitask@360e370345b9/Runtime/CompilerServices/StateMachineRunner.cs:328)
Cysharp.Threading.Tasks.CompilerServices.AsyncUniTaskMethodBuilder`1<OneStarMaker.Runtime.AssetManagement.IAssetHandle`1<OneStarMaker.Runtime.SceneSystem.SceneResourceMap>>:SetResult (OneStarMaker.Runtime.AssetManagement.IAssetHandle`1<OneStarMaker.Runtime.SceneSystem.SceneResourceMap>) (at ./Library/PackageCache/com.cysharp.unitask@360e370345b9/Runtime/CompilerServices/AsyncUniTaskMethodBuilder.cs:201)
OneStarMaker.Runtime.AssetManagement.AssetManagement/<LoadAssetAsync>d__19`1<OneStarMaker.Runtime.SceneSystem.SceneResourceMap>:MoveNext () (at Assets/OneStarMaker/Scripts/Runtime/AssetManagement/AssetManagement.cs:74)
Cysharp.Threading.Tasks.CompilerServices.AsyncUniTask`2<OneStarMaker.Runtime.AssetManagement.AssetManagement/<LoadAssetAsync>d__19`1<OneStarMaker.Runtime.SceneSystem.SceneResourceMap>, OneStarMaker.Runtime.AssetManagement.IAssetHandle`1<OneStarMaker.Runtime.SceneSystem.SceneResourceMap>>:Run () (at ./Library/PackageCache/com.cysharp.unitask@360e370345b9/Runtime/CompilerServices/StateMachineRunner.cs:313)
Cysharp.Threading.Tasks.AwaiterActions:Continuation (object) (at ./Library/PackageCache/com.cysharp.unitask@360e370345b9/Runtime/UniTask.cs:25)
Cysharp.Threading.Tasks.UniTaskCompletionSourceCore`1<OneStarMaker.Runtime.AssetManagement.Internal.IBackendAsset>:TrySetResult (OneStarMaker.Runtime.AssetManagement.Internal.IBackendAsset) (at ./Library/PackageCache/com.cysharp.unitask@360e370345b9/Runtime/UniTaskCompletionSource.cs:139)
Cysharp.Threading.Tasks.CompilerServices.AsyncUniTask`2<OneStarMaker.Runtime.AssetManagement.AssetManagement/<LoadBackendAssetDedup>d__37`1<OneStarMaker.Runtime.SceneSystem.SceneResourceMap>, OneStarMaker.Runtime.AssetManagement.Internal.IBackendAsset>:SetResult (OneStarMaker.Runtime.AssetManagement.Internal.IBackendAsset) (at ./Library/PackageCache/com.cysharp.unitask@360e370345b9/Runtime/CompilerServices/StateMachineRunner.cs:328)
Cysharp.Threading.Tasks.CompilerServices.AsyncUniTaskMethodBuilder`1<OneStarMaker.Runtime.AssetManagement.Internal.IBackendAsset>:SetResult (OneStarMaker.Runtime.AssetManagement.Internal.IBackendAsset) (at ./Library/PackageCache/com.cysharp.unitask@360e370345b9/Runtime/CompilerServices/AsyncUniTaskMethodBuilder.cs:201)
OneStarMaker.Runtime.AssetManagement.AssetManagement/<LoadBackendAssetDedup>d__37`1<OneStarMaker.Runtime.SceneSystem.SceneResourceMap>:MoveNext () (at Assets/OneStarMaker/Scripts/Runtime/AssetManagement/AssetManagement.cs:344)
Cysharp.Threading.Tasks.CompilerServices.AsyncUniTask`2<OneStarMaker.Runtime.AssetManagement.AssetManagement/<LoadBackendAssetDedup>d__37`1<OneStarMaker.Runtime.SceneSystem.SceneResourceMap>, OneStarMaker.Runtime.AssetManagement.Internal.IBackendAsset>:Run () (at ./Library/PackageCache/com.cysharp.unitask@360e370345b9/Runtime/CompilerServices/StateMachineRunner.cs:313)
Cysharp.Threading.Tasks.AwaiterActions:Continuation (object) (at ./Library/PackageCache/com.cysharp.unitask@360e370345b9/Runtime/UniTask.cs:25)
Cysharp.Threading.Tasks.UniTaskCompletionSourceCore`1<OneStarMaker.Runtime.AssetManagement.Internal.IBackendAsset>:TrySetResult (OneStarMaker.Runtime.AssetManagement.Internal.IBackendAsset) (at ./Library/PackageCache/com.cysharp.unitask@360e370345b9/Runtime/UniTaskCompletionSource.cs:139)
Cysharp.Threading.Tasks.CompilerServices.AsyncUniTask`2<OneStarMaker.Runtime.AssetManagement.Internal.AddressableBackend/<LoadAssetAsync>d__0`1<OneStarMaker.Runtime.SceneSystem.SceneResourceMap>, OneStarMaker.Runtime.AssetManagement.Internal.IBackendAsset>:SetResult (OneStarMaker.Runtime.AssetManagement.Internal.IBackendAsset) (at ./Library/PackageCache/com.cysharp.unitask@360e370345b9/Runtime/CompilerServices/StateMachineRunner.cs:328)
Cysharp.Threading.Tasks.CompilerServices.AsyncUniTaskMethodBuilder`1<OneStarMaker.Runtime.AssetManagement.Internal.IBackendAsset>:SetResult (OneStarMaker.Runtime.AssetManagement.Internal.IBackendAsset) (at ./Library/PackageCache/com.cysharp.unitask@360e370345b9/Runtime/CompilerServices/AsyncUniTaskMethodBuilder.cs:201)
OneStarMaker.Runtime.AssetManagement.Internal.AddressableBackend/<LoadAssetAsync>d__0`1<OneStarMaker.Runtime.SceneSystem.SceneResourceMap>:MoveNext () (at Assets/OneStarMaker/Scripts/Runtime/AssetManagement/Internal/AddressableBackend.cs:26)
Cysharp.Threading.Tasks.CompilerServices.AsyncUniTask`2<OneStarMaker.Runtime.AssetManagement.Internal.AddressableBackend/<LoadAssetAsync>d__0`1<OneStarMaker.Runtime.SceneSystem.SceneResourceMap>, OneStarMaker.Runtime.AssetManagement.Internal.IBackendAsset>:Run () (at ./Library/PackageCache/com.cysharp.unitask@360e370345b9/Runtime/CompilerServices/StateMachineRunner.cs:313)
Cysharp.Threading.Tasks.AwaiterActions:Continuation (object) (at ./Library/PackageCache/com.cysharp.unitask@360e370345b9/Runtime/UniTask.cs:25)
Cysharp.Threading.Tasks.UniTaskCompletionSourceCore`1<Cysharp.Threading.Tasks.AsyncUnit>:TrySetResult (Cysharp.Threading.Tasks.AsyncUnit) (at ./Library/PackageCache/com.cysharp.unitask@360e370345b9/Runtime/UniTaskCompletionSource.cs:139)
Cysharp.Threading.Tasks.CompilerServices.AsyncUniTask`1<OneStarMaker.Runtime.AssetManagement.Internal.AddressableBackend/<AwaitHandle>d__6`1<OneStarMaker.Runtime.SceneSystem.SceneResourceMap>>:SetResult () (at ./Library/PackageCache/com.cysharp.unitask@360e370345b9/Runtime/CompilerServices/StateMachineRunner.cs:204)
Cysharp.Threading.Tasks.CompilerServices.AsyncUniTaskMethodBuilder:SetResult () (at ./Library/PackageCache/com.cysharp.unitask@360e370345b9/Runtime/CompilerServices/AsyncUniTaskMethodBuilder.cs:70)
OneStarMaker.Runtime.AssetManagement.Internal.AddressableBackend/<AwaitHandle>d__6`1<OneStarMaker.Runtime.SceneSystem.SceneResourceMap>:MoveNext () (at Assets/OneStarMaker/Scripts/Runtime/AssetManagement/Internal/AddressableBackend.cs:105)
Cysharp.Threading.Tasks.CompilerServices.AsyncUniTask`1<OneStarMaker.Runtime.AssetManagement.Internal.AddressableBackend/<AwaitHandle>d__6`1<OneStarMaker.Runtime.SceneSystem.SceneResourceMap>>:Run () (at ./Library/PackageCache/com.cysharp.unitask@360e370345b9/Runtime/CompilerServices/StateMachineRunner.cs:189)
Cysharp.Threading.Tasks.AwaiterActions:Continuation (object) (at ./Library/PackageCache/com.cysharp.unitask@360e370345b9/Runtime/UniTask.cs:25)
Cysharp.Threading.Tasks.UniTaskCompletionSourceCore`1<OneStarMaker.Runtime.SceneSystem.SceneResourceMap>:TrySetResult (OneStarMaker.Runtime.SceneSystem.SceneResourceMap) (at ./Library/PackageCache/com.cysharp.unitask@360e370345b9/Runtime/UniTaskCompletionSource.cs:139)
Cysharp.Threading.Tasks.AddressablesAsyncExtensions/AsyncOperationHandleConfiguredSource`1<OneStarMaker.Runtime.SceneSystem.SceneResourceMap>:HandleCompleted (UnityEngine.ResourceManagement.AsyncOperations.AsyncOperationHandle`1<OneStarMaker.Runtime.SceneSystem.SceneResourceMap>) (at ./Library/PackageCache/com.cysharp.unitask@360e370345b9/Runtime/External/Addressables/AddressablesAsyncExtensions.cs:398)
DelegateList`1<UnityEngine.ResourceManagement.AsyncOperations.AsyncOperationHandle`1<OneStarMaker.Runtime.SceneSystem.SceneResourceMap>>:Invoke (UnityEngine.ResourceManagement.AsyncOperations.AsyncOperationHandle`1<OneStarMaker.Runtime.SceneSystem.SceneResourceMap>) (at ./Library/PackageCache/com.unity.addressables@42676f2a154e/Runtime/ResourceManager/Util/DelegateList.cs:75)
UnityEngine.ResourceManagement.AsyncOperations.AsyncOperationBase`1<OneStarMaker.Runtime.SceneSystem.SceneResourceMap>:InvokeCompletionEvent () (at ./Library/PackageCache/com.unity.addressables@42676f2a154e/Runtime/ResourceManager/AsyncOperations/AsyncOperationBase.cs:391)
UnityEngine.ResourceManagement.AsyncOperations.AsyncOperationBase`1<OneStarMaker.Runtime.SceneSystem.SceneResourceMap>:Complete (OneStarMaker.Runtime.SceneSystem.SceneResourceMap,bool,System.Exception,bool) (at ./Library/PackageCache/com.unity.addressables@42676f2a154e/Runtime/ResourceManager/AsyncOperations/AsyncOperationBase.cs:494)
UnityEngine.ResourceManagement.AsyncOperations.ProviderOperation`1<OneStarMaker.Runtime.SceneSystem.SceneResourceMap>:ProviderCompleted<object> (object,bool,System.Exception) (at ./Library/PackageCache/com.unity.addressables@42676f2a154e/Runtime/ResourceManager/AsyncOperations/ProviderOperation.cs:189)
UnityEngine.ResourceManagement.ResourceProviders.ProvideHandle:Complete<object> (object,bool,System.Exception) (at ./Library/PackageCache/com.unity.addressables@42676f2a154e/Runtime/ResourceManager/ResourceProviders/IResourceProvider.cs:146)
UnityEngine.ResourceManagement.ResourceProviders.AssetDatabaseProvider/InternalOp:LoadImmediate () (at ./Library/PackageCache/com.unity.addressables@42676f2a154e/Runtime/ResourceManager/ResourceProviders/AssetDatabaseProvider.cs:130)
System.Reflection.RuntimeMethodInfo:Invoke (object,System.Reflection.BindingFlags,System.Reflection.Binder,object[],System.Globalization.CultureInfo)
System.Reflection.MethodBase:Invoke (object,object[])
System.Delegate:DynamicInvokeImpl (object[])
System.MulticastDelegate:DynamicInvokeImpl (object[])
System.Delegate:DynamicInvoke (object[])
UnityEngine.ResourceManagement.Util.DelayedActionManager/DelegateInfo:Invoke () (at ./Library/PackageCache/com.unity.addressables@42676f2a154e/Runtime/ResourceManager/Util/DelayedActionManager.cs:55)
UnityEngine.ResourceManagement.Util.DelayedActionManager:InternalLateUpdate (single) (at ./Library/PackageCache/com.unity.addressables@42676f2a154e/Runtime/ResourceManager/Util/DelayedActionManager.cs:192)
UnityEngine.ResourceManagement.Util.DelayedActionManager:LateUpdate () (at ./Library/PackageCache/com.unity.addressables@42676f2a154e/Runtime/ResourceManager/Util/DelayedActionManager.cs:171)

(Filename: Assets/OneStarMaker/Scripts/Runtime/Bootstrap/AbstractApplicationInitializer.cs Line: 637)

Unloading 17 Unused Serialized files (Serialized files now loaded: 0)
Loaded scene 'Temp/__Backupscenes/0.backup'
	Deserialize:            0.335 ms
	Integration:            35.026 ms
	Integration of assets:  0.002 ms
	Thread Wait Time:       0.010 ms
	Total Operation Time:   35.372 ms
Unloading 118 unused Assets / (34.0 MB). Loaded Objects now: 12283.
Memory consumption went from 0.71 GB to 0.68 GB.
Total: 34.829900 ms (FindLiveObjects: 0.766300 ms CreateObjectMapping: 0.312700 ms MarkObjects: 32.121600 ms  DeleteObjects: 1.297100 ms)

[Licensing::Client] Successfully resolved entitlement details
[Licensing::Module] License group:
  Id: F4-FHTT-UPW9-SBMJ-JZ5Q-XXXX
  Product: Unity Personal
  Type: ULF
  Expiration: Unlimited
[Licensing::Module] License group:
  Id: 720108-UnityPersXXXX
  Product: Unity Personal
  Type: Assigned
  Expiration: Unlimited
[DebugSocket] Failed to connect to DebugStudio server. endpoint=ws://127.0.0.1:5011/debugsocket/, detail=Unable to connect to the remote server
UnityEngine.Debug:ExtractStackTraceNoAlloc (byte*,int,string)
UnityEngine.StackTraceUtility:ExtractStackTrace ()
UnityEngine.DebugLogHandler:Internal_Log (UnityEngine.LogType,UnityEngine.LogOption,string,UnityEngine.Object)
UnityEngine.DebugLogHandler:LogFormat (UnityEngine.LogType,UnityEngine.Object,string,object[])
UnityEngine.Logger:Log (UnityEngine.LogType,object)
UnityEngine.Debug:LogWarning (object)
OneStarMaker.Runtime.DebugSocketServices.DebugSocketTransportHost/<ConnectLoopAsync>d__15:MoveNext () (at Assets/OneStarMaker/Scripts/Runtime/DebugSocketServices/Transport/DebugSocketTransportHost.cs:176)
Cysharp.Threading.Tasks.CompilerServices.AsyncUniTask`1<OneStarMaker.Runtime.DebugSocketServices.DebugSocketTransportHost/<ConnectLoopAsync>d__15>:Run () (at ./Library/PackageCache/com.cysharp.unitask@360e370345b9/Runtime/CompilerServices/StateMachineRunner.cs:189)
Cysharp.Threading.Tasks.AwaiterActions:Continuation (object) (at ./Library/PackageCache/com.cysharp.unitask@360e370345b9/Runtime/UniTask.cs:25)
Cysharp.Threading.Tasks.UniTaskCompletionSource:TrySignalCompletion (Cysharp.Threading.Tasks.UniTaskStatus) (at ./Library/PackageCache/com.cysharp.unitask@360e370345b9/Runtime/UniTaskCompletionSource.cs:721)
Cysharp.Threading.Tasks.UniTaskCompletionSource:TrySetException (System.Exception) (at ./Library/PackageCache/com.cysharp.unitask@360e370345b9/Runtime/UniTaskCompletionSource.cs:635)
Cysharp.Threading.Tasks.UniTaskExtensions/<>c:<AsUniTask>b__33_0 (System.Threading.Tasks.Task,object) (at ./Library/PackageCache/com.cysharp.unitask@360e370345b9/Runtime/UniTaskExtensions.cs:61)
System.Threading.Tasks.ContinuationTaskFromTask:InnerInvoke ()
System.Threading.Tasks.Task:Execute ()
System.Threading.Tasks.Task:ExecutionContextCallback (object)
System.Threading.ExecutionContext:RunInternal (System.Threading.ExecutionContext,System.Threading.ContextCallback,object,bool)
System.Threading.ExecutionContext:Run (System.Threading.ExecutionContext,System.Threading.ContextCallback,object,bool)
System.Threading.Tasks.Task:ExecuteWithThreadLocal (System.Threading.Tasks.Task&)
System.Threading.Tasks.Task:ExecuteEntry (bool)
System.Threading.Tasks.SynchronizationContextTaskScheduler/<>c:<.cctor>b__8_0 (object)
UnityEngine.UnitySynchronizationContext/WorkRequest:Invoke ()
UnityEngine.UnitySynchronizationContext:Exec ()
UnityEngine.UnitySynchronizationContext:ExecuteTasks ()

(Filename: Assets/OneStarMaker/Scripts/Runtime/DebugSocketServices/Transport/DebugSocketTransportHost.cs Line: 176)

Refreshing native plugins compatible for Editor in 20.77 ms, found 4 plugins.
Asset Pipeline Refresh (id=91f44fbbadae8e54a9b4c7be901667bd): Total: 0.264 seconds - Initiated by StopAssetImportingV2(NoUpdateAssetOptions)
Refreshing native plugins compatible for Editor in 22.32 ms, found 4 plugins.
Asset Pipeline Refresh (id=5e49b962f46a92649aa106e65f753305): Total: 0.168 seconds - Initiated by StopAssetImportingV2(NoUpdateAssetOptions)
Saving results to: C:/Users/void/AppData/LocalLow/DefaultCompany/SampleGame\TestResults.xml
Saving results to: D:\repositories\unity\SampleGameForOneStarMakerFramework\TestResults\results-ContentDirectory-20260918-225149.xml
Executing IPostBuildCleanup for: Unity.PerformanceTesting.Editor.TestRunBuilder.
UnityEngine.Debug:ExtractStackTraceNoAlloc (byte*,int,string)
UnityEngine.StackTraceUtility:ExtractStackTrace ()
UnityEngine.DebugLogHandler:Internal_Log (UnityEngine.LogType,UnityEngine.LogOption,string,UnityEngine.Object)
UnityEngine.DebugLogHandler:LogFormat (UnityEngine.LogType,UnityEngine.Object,string,object[])
UnityEngine.Logger:Log (UnityEngine.LogType,object)
UnityEngine.Debug:Log (object)
UnityEditor.TestTools.TestRunner.TestRun.Tasks.BuildActionTaskBase`1/<ExecuteMethods>d__8<UnityEngine.TestTools.IPostBuildCleanup>:MoveNext () (at ./Library/PackageCache/com.unity.test-framework@7a3849e09bd0/UnityEditor.TestRunner/TestRun/Tasks/BuildActionTaskBase.cs:48)
UnityEditor.TestTools.TestRunner.TestRun.Tasks.BuildActionTaskBase`1/<Execute>d__7<UnityEngine.TestTools.IPostBuildCleanup>:MoveNext () (at ./Library/PackageCache/com.unity.test-framework@7a3849e09bd0/UnityEditor.TestRunner/TestRun/Tasks/BuildActionTaskBase.cs:34)
UnityEditor.TestTools.TestRunner.TestRun.TestJobRunner:ExecuteStep () (at ./Library/PackageCache/com.unity.test-framework@7a3849e09bd0/UnityEditor.TestRunner/TestRun/TestJobRunner.cs:194)
UnityEditor.TestTools.TestRunner.TestRun.TestJobRunner:ExecuteCallback () (at ./Library/PackageCache/com.unity.test-framework@7a3849e09bd0/UnityEditor.TestRunner/TestRun/TestJobRunner.cs:129)
UnityEditor.EditorApplication:Internal_CallUpdateFunctions ()

(Filename: ./Library/PackageCache/com.unity.test-framework@7a3849e09bd0/UnityEditor.TestRunner/TestRun/Tasks/BuildActionTaskBase.cs Line: 48)

Unloading 1 Unused Serialized files (Serialized files now loaded: 0)
Unloading 83 unused Assets / (90.1 KB). Loaded Objects now: 12285.
Memory consumption went from 0.68 GB to 0.68 GB.
Total: 35.357700 ms (FindLiveObjects: 0.567400 ms CreateObjectMapping: 0.198000 ms MarkObjects: 33.503000 ms  DeleteObjects: 0.667500 ms)

DisplayProgressbar: Undo
Files generated by test without cleanup.
    Found 7 new files.
    Library/BuildInstructions/b4f67871606440b42ab55921af91cfe1.buildinst
    Library/BuildInstructions/bd8ff0e5d389a5f332086a5057e99080.buildinst
    Library/BuildInstructions/6f03e53a980585f4e98eec7b6633dab8.buildinst
    Library/BuildInstructions/d5ec1391b4b8799438c1715ded87a3b7.buildinst
    Library/BuildInstructions/7590afa64fa91a24c962e789d5594646.buildinst
    Library/BuildInstructions/c3945d5604def9f43beae5f93d7deb97.buildinst
    Library/BuildInstructions/e16fec68b41f99fdeecc4b90e5538907.buildinst
UnityEngine.Debug:ExtractStackTraceNoAlloc (byte*,int,string)
UnityEngine.StackTraceUtility:ExtractStackTrace ()
UnityEngine.DebugLogHandler:Internal_Log (UnityEngine.LogType,UnityEngine.LogOption,string,UnityEngine.Object)
UnityEngine.DebugLogHandler:LogFormat (UnityEngine.LogType,UnityEngine.Object,string,object[])
UnityEngine.Logger:Log (UnityEngine.LogType,object)
UnityEngine.Debug:LogWarning (object)
UnityEditor.TestTools.TestRunner.TestRun.Tasks.CleanupVerificationTask:LogWarningForFilesIfAny (string[],bool) (at ./Library/PackageCache/com.unity.test-framework@7a3849e09bd0/UnityEditor.TestRunner/TestRun/Tasks/CleanupVerificationTask.cs:55)
UnityEditor.TestTools.TestRunner.TestRun.Tasks.CleanupVerificationTask/<Execute>d__3:MoveNext () (at ./Library/PackageCache/com.unity.test-framework@7a3849e09bd0/UnityEditor.TestRunner/TestRun/Tasks/CleanupVerificationTask.cs:27)
UnityEditor.TestTools.TestRunner.TestRun.TestJobRunner:ExecuteStep () (at ./Library/PackageCache/com.unity.test-framework@7a3849e09bd0/UnityEditor.TestRunner/TestRun/TestJobRunner.cs:194)
UnityEditor.TestTools.TestRunner.TestRun.TestJobRunner:ExecuteCallback () (at ./Library/PackageCache/com.unity.test-framework@7a3849e09bd0/UnityEditor.TestRunner/TestRun/TestJobRunner.cs:129)
UnityEditor.EditorApplication:Internal_CallUpdateFunctions ()

(Filename: ./Library/PackageCache/com.unity.test-framework@7a3849e09bd0/UnityEditor.TestRunner/TestRun/Tasks/CleanupVerificationTask.cs Line: 55)

Test run completed. Exiting with code 0 (Ok). Run completed.
UnityEngine.Debug:ExtractStackTraceNoAlloc (byte*,int,string)
UnityEngine.StackTraceUtility:ExtractStackTrace ()
UnityEngine.DebugLogHandler:Internal_Log (UnityEngine.LogType,UnityEngine.LogOption,string,UnityEngine.Object)
UnityEngine.DebugLogHandler:LogFormat (UnityEngine.LogType,UnityEngine.Object,string,object[])
UnityEngine.Logger:Log (UnityEngine.LogType,object)
UnityEngine.Debug:Log (object)
UnityEditor.TestTools.TestRunner.CommandLineTest.Executer:ExitApplication (UnityEditor.TestTools.TestRunner.CommandLineTest.Executer/ReturnCodes,string) (at ./Library/PackageCache/com.unity.test-framework@7a3849e09bd0/UnityEditor.TestRunner/CommandLineTest/Executer.cs:81)
UnityEditor.TestTools.TestRunner.CommandLineTest.Executer:ExitIfRunIsCompleted () (at ./Library/PackageCache/com.unity.test-framework@7a3849e09bd0/UnityEditor.TestRunner/CommandLineTest/Executer.cs:74)
UnityEditor.EditorApplication:Internal_CallUpdateFunctions ()

(Filename: ./Library/PackageCache/com.unity.test-framework@7a3849e09bd0/UnityEditor.TestRunner/CommandLineTest/Executer.cs Line: 81)

MonoPathRemapper: Attempts to remap: 358328; Successful remaps: 37122
Serialized file version minimum: 22, current 23
Pipeline Server stopped
[Physics::Module] Cleanup current backend.
[Physics::Module] Id: 0xf2b8ea05
Input System module state changed to: ShutdownInProgress.
Input Polling Thread exited.
Input System module state changed to: Shutdown.
[Licensing::IpcConnector] LicenseClient-void-notifications channel disconnected successfully.
[Licensing::IpcConnector] LicenseClient-void channel disconnected successfully.
Lingering sessions upon destruction of worker manager
Unity Data Store service was successfully shut down
UDS shutting down local client system
AcceleratorClientConnectionCallback - disconnected - :0
Cleanup mono
CodeReloadManager destroyed
Checking for leaked weakptr:
  Found no leaked weakptrs.
[Package Manager] Server process was shutdown
##utp:{"type":"MemoryLeaks","version":2,"phase":"Immediate","time":1789739594711,"processId":11412,"allocatedMemory":21674366,"memoryLabels":[{"Default":313244},{"Permanent":15516},{"NewDelete":75615},{"Thread":4197944},{"Manager":34917},{"VertexData":56},{"Geometry":816},{"Texture":24},{"Shader":853608},{"Material":24},{"GfxDevice":56040},{"Animation":952},{"Audio":408},{"FreeType":8},{"FontEngine":736},{"Physics":1970},{"Physics2D":16},{"Serialization":33152},{"Input":42840},{"JobScheduler":256},{"TextLib":336},{"Mono":48},{"MonoCode":64},{"ScriptingNativeRuntime":1483432},{"BaseObject":49968},{"Resource":1208},{"Renderer":2376},{"Transform":4685},{"File":84955},{"WebCam":616},{"Culling":32},{"Terrain":11442},{"Wind":24},{"STL":40},{"String":1856244},{"StaticString":3808},{"Utility":2674806},{"Curl":2498},{"PoolAlloc":2264},{"AI":80},{"TypeTree":14869},{"ScriptManager":12640},{"CodeReload":448},{"RuntimeInitializeOnLoadManager":64},{"Sprites":102},{"SpriteAtlas":120},{"GI":7816},{"Director":8296},{"CloudService":288},{"WebRequest":552},{"VR":49650},{"SceneManager":608},{"Video":208},{"LazyScriptCache":32},{"Camera":729},{"Secure":2377},{"SerializationCache":9256},{"APIUpdating":10320},{"Subsystems":336},{"VirtualTexturing":57888},{"StaticSafetyDebugInfo":278528},{"Analytics":464},{"Hierarchy":1188},{"UIElements":40},{"CoreStats":14456},{"Identifiers":7152},{"Gui":128},{"EditorUtility":159851},{"VersionControl":8},{"Undo":931},{"AssetDatabase":9170090},{"AssetImporter":40},{"EditorGi":328},{"UnityConnect":40465},{"Upm":1912},{"UpmDiagnostics":8},{"AssetCompliance":96},{"DrivenProperties":72},{"LocalIPC":210},{"ProfilerEditor":9746},{"CoreBusinessMetrics":3202},{"Windowing":456},{"Licensing":1264},{"AssetReference":32},{"IPCStream":32}]}
