VBCSCompilerPreWarmer: pre-warm launched (dotnet PID 35008)
VBCSCompiler prewarm took 49.21 ms
[Licensing::Module] Trying to connect to existing licensing client channel...
Built from '6000.6/respin/6000.6.0f1-fa21a270ab12' branch; Version is '6000.6.0f1 (f7f8ed4d1e24) revision 16251117'; Using compiler version '194234433'; Build Type 'Release'
[Licensing::IpcConnector] Channel LicenseClient-void doesn't exist
OS: 'Windows 11  (10.0.26200) Core' Language: 'ja' Physical Memory: 16316 MB
BatchMode: 1, IsHumanControllingUs: 0, StartBugReporterOnCrash: 0, Is64bit: 1
System  architecture: x64
Process architecture: x64
Date: 2026-09-18T11:31:35Z
[Licensing::Module] Successfully launched the LicensingClient (PId: 31044)

COMMAND LINE ARGUMENTS:
D:\UnityEditor\6000.6.0f1\Editor\Unity.exe
-nographics
-batchmode
-projectPath
D:\repositories\unity\SampleGameForOneStarMakerFramework\unity
-runTests
-testPlatform
EditMode
-testResults
D:\repositories\unity\SampleGameForOneStarMakerFramework\TestResults\results-ContentDirectory-20260918-203134.xml
-logFile
D:\repositories\unity\SampleGameForOneStarMakerFramework\TestResults\unity-ContentDirectory-20260918-203134.log
-testFilter
ContentDirectory
Successfully changed project path to: D:\repositories\unity\SampleGameForOneStarMakerFramework\unity
D:/repositories/unity/SampleGameForOneStarMakerFramework/unity
[UnityMemory] Configuration Parameters - Can be set up in boot.config
    "memorysetup-temp-allocator-size-gi-baking-worker=262144"
    "memorysetup-temp-allocator-size-gi-baking-worker=262144"
    "memorysetup-temp-allocator-size-gi-baking-worker=262144"
    "memorysetup-temp-allocator-size-gi-baking-worker=262144"
    "memorysetup-temp-allocator-size-gi-baking-worker=262144"
    "memorysetup-temp-allocator-size-nav-mesh-worker=65536"
    "memorysetup-temp-allocator-size-audio-worker=65536"
    "memorysetup-temp-allocator-size-cloud-worker=32768"
    "memorysetup-temp-allocator-size-gfx=262144"
    "memorysetup-remapper-allocator-initial-capacity=32768"
    "memorysetup-temp-allocator-size-preload-manager=33554432"
    "memorysetup-allocator-temp-initial-block-size-main=262144"
    "memorysetup-allocator-temp-initial-block-size-worker=262144"
    "memorysetup-temp-allocator-size-job-worker=262144"
    "memorysetup-temp-allocator-size-background-worker=32768"
    "memorysetup-bucket-allocator-granularity=16"
    "memorysetup-bucket-allocator-bucket-count=8"
    "memorysetup-bucket-allocator-block-size=33554432"
    "memorysetup-bucket-allocator-block-count=8"
    "memorysetup-main-allocator-block-size=16777216"
    "memorysetup-thread-allocator-block-size=16777216"
    "memorysetup-main-allocator-mimalloc-enabled=1"
    "memorysetup-gfx-main-allocator-block-size=16777216"
    "memorysetup-gfx-thread-allocator-block-size=16777216"
    "memorysetup-cache-allocator-block-size=4194304"
    "memorysetup-typetree-allocator-block-size=2097152"
    "memorysetup-profiler-bucket-allocator-granularity=16"
    "memorysetup-profiler-bucket-allocator-bucket-count=8"
    "memorysetup-profiler-bucket-allocator-block-size=33554432"
    "memorysetup-profiler-bucket-allocator-block-count=8"
    "memorysetup-profiler-allocator-block-size=16777216"
    "memorysetup-profiler-editor-allocator-block-size=1048576"
    "memorysetup-temp-allocator-size-main=16777216"
    "memorysetup-job-temp-allocator-block-size=2097152"
    "memorysetup-job-temp-allocator-block-size-background=1048576"
    "memorysetup-job-temp-allocator-reduction-small-platforms=262144"
Logging is directed to a specific file, skipping project log.
Player connection [15552]  Target information:

Player connection [15552]  * "[IP] 192.168.1.9 [Port] 55504 [Flags] 2 [Guid] 3320685556 [EditorId] 3320685556 [Version] 1048832 [Id] WindowsEditor(7,DESKTOP-U4E3PM1) [Debug] 1 [PackageName] WindowsEditor [ProjectName] Editor" 

Player connection [15552] Host joined multi-casting on [225.0.0.222:54997]...
Player connection [15552] Host joined alternative multi-casting on [225.0.0.222:34997]...
Input System module state changed to: Initialized.
[Physics::Module] Initialized fallback backend.
[Physics::Module] Id: 0xdecafbad
[Licensing::IpcConnector] Successfully connected to: "LicenseClient-void" at "2026-09-18T11:31:36.714256Z"
[Licensing::Client] Code 10 while verifying Licensing Client signature (process Id: 31044, path: "D:/UnityEditor/6000.6.0f1/Editor/Data/Resources/Licensing/Client/Unity.Licensing.Client.exe")
[Licensing::Module] LicensingClient has failed validation; ignoring
[Package Manager] Connected to IPC stream "Upm-34844" after 2.3 seconds.
[Licensing::Module] Licensing is not yet initialized.
[Licensing::Client] Handshaking with LicensingClient:
  Version:                 1.18.3+d7ffd15
  Session Id:              71a64dc7e3d34d6a8919934ee5eb82f6
  Correlation Id:          2813f9440a9698467e0204dd09b204e3
  External correlation Id: 8004174480197939895
  Machine Id:              ALR1Ic4uZ9EdQzr0pucorcGNQXM=
[Licensing::Module] Successfully connected to LicensingClient on channel: "LicenseClient-void" (connect: 1.29s, validation: 1.17s, handshake: 0.06s)
[Licensing::IpcConnector] Successfully connected to: "LicenseClient-void-notifications" at "2026-09-18T11:31:37.9433106Z"
[Licensing::Module] Connected to LicensingClient (PId: 31044, launch time: 0.01, total connection time: 2.51s)
[Licensing::Module] Error: Access token is unavailable; failed to update
[Licensing::Client] Successfully resolved entitlement details
[Licensing::Module] License group:
  Id: F4-FHTT-UPW9-SBMJ-JZ5Q-XXXX
  Product: Unity Personal
  Type: ULF
  Expiration: Unlimited
[Licensing::Module] License group:
  Id: 720108-UnityPersXXXX
  Product: Unity Personal
  Type: Assigned
  Expiration: Unlimited
[Licensing::Client] Successfully updated license, isAsync: True, time: 0.01
[Licensing::Module] Licensing Background thread has ended after 2.56s
[Licensing::Module] Licensing is initialized (took 0.07s).
[Licensing::Client] Successfully resolved entitlement details
[Licensing::Module] License group:
  Id: F4-FHTT-UPW9-SBMJ-JZ5Q-XXXX
  Product: Unity Personal
  Type: ULF
  Expiration: Unlimited
[Licensing::Module] License group:
  Id: 720108-UnityPersXXXX
  Product: Unity Personal
  Type: Assigned
  Expiration: Unlimited
Library Redirect Path: Library/
Launching Unity Data Store - D:/UnityEditor/6000.6.0f1/Editor/Data/Tools/Unity.DataStore.exe 
Unity Data Store artifact dir = Library/DataStore, working dir = D:/repositories/unity/SampleGameForOneStarMakerFramework/unity[Physics::Module] Selected backend.
[Physics::Module] Name: PhysX
[Physics::Module] Id: 0xf2b8ea05
[Physics::Module] SDK Version: 4.1.2
[Physics::Module] Integration Version: 1.0.0
[Physics::Module] Threading Mode: Multi-Threaded
Unity Data Store running and initialised
Refreshing native plugins compatible for Editor in 5.07 ms, found 0 plugins.
Initialize engine version: 6000.6.0f1 (f7f8ed4d1e24)
[EntityIdStore] init: VM path (explicit commit), pageSize=4096, blockCount=1048576, entitiesPerBlock=256, slots reserved=4294967296 bytes
[Subsystems] Discovering subsystems at path D:/UnityEditor/6000.6.0f1/Editor/Data/Resources/UnitySubsystems
[Subsystems] Discovering subsystems at path D:/repositories/unity/SampleGameForOneStarMakerFramework/unity/Assets
Forcing GfxDevice: Null
GfxDevice: creating device client; kGfxThreadingModeNonThreaded
NullGfxDevice:
    Version:  NULL 1.0 [1.0]
    Renderer: Null Device
    Vendor:   Unity Technologies
Initialize mono
Mono path[0] = 'D:/UnityEditor/6000.6.0f1/Editor/Data/Managed'
Mono path[1] = 'D:/UnityEditor/6000.6.0f1/Editor/Data/BCLExtensions/runtime/netstandard2.1'
Mono path[2] = 'D:/UnityEditor/6000.6.0f1/Editor/Data/MonoBleedingEdge/lib/mono/unityjit-win32'
Mono config path = 'D:/UnityEditor/6000.6.0f1/Editor/Data/MonoBleedingEdge/etc'
Using monoOptions --debugger-agent=transport=dt_socket,embedding=1,server=y,suspend=n,address=127.0.0.1:56844
CodeReloadManager initialized
ImportWorker Server TCP listen port: 0
AcceleratorClientConnectionCallback - disconnected - :0
Begin MonoManager ReloadAssembly
Registering precompiled unity dll's ...
Register platform support module: D:/UnityEditor/6000.6.0f1/Editor/Data/PlaybackEngines/WindowsStandaloneSupport/UnityEditor.WindowsStandalone.Extensions.dll
Registered in 0.003883 seconds.
Native extension for WindowsStandalone target not found
Package Manager log level set to [2]
ScheduleIndexationOnStartup MainProcess:False IndexOnStartup:True
Scripting: successfully reloaded assembly
- Finished resetting the current domain, in  0.898 seconds
Domain Reload Profiling: 1649ms
	BeginReloadAssembly (194ms)
		CreateAndSetChildDomain (5ms)
	RebuildCommonClasses (6ms)
	RebuildNativeTypeToScriptingClass (21ms)
	initialDomainReloadingComplete (105ms)
	LoadAllAssembliesAndSetupDomain (424ms)
		LoadAssemblies (179ms)
		TypeCache.Refresh (263ms)
			TypeCache.ScanAssembly (246ms)
		AnalyzeDomain (1ms)
	FinalizeReload (899ms)
		SetupLoadedEditorAssemblies (0ms)
			InitializePlatformSupportModulesInManaged (4ms)
			BeforeProcessingInitializeOnLoad (141ms)
			ProcessInitializeOnLoadAttributes (157ms)
			ProcessInitializeOnLoadMethodAttributes (266ms)
[Licensing::Client] Successfully resolved entitlement details
[Licensing::Module] License group:
  Id: F4-FHTT-UPW9-SBMJ-JZ5Q-XXXX
  Product: Unity Personal
  Type: ULF
  Expiration: Unlimited
[Licensing::Module] License group:
  Id: 720108-UnityPersXXXX
  Product: Unity Personal
  Type: Assigned
  Expiration: Unlimited
Application.AssetDatabase Initial Refresh Start
[Package Manager] Restoring resolved packages state from cache
[Licensing::Client] Successfully resolved entitlement details
[Package Manager] Registered 80 packages:
  Packages from [https://packages.unity.com]:
    com.unity.addressables@2.11.2 (location: D:\repositories\unity\SampleGameForOneStarMakerFramework\unity\Library\PackageCache\com.unity.addressables@42676f2a154e)
    com.unity.ads@4.19.0 (location: D:\repositories\unity\SampleGameForOneStarMakerFramework\unity\Library\PackageCache\com.unity.ads@dbd68e7e78e9)
    com.unity.ai.navigation@2.0.14 (location: D:\repositories\unity\SampleGameForOneStarMakerFramework\unity\Library\PackageCache\com.unity.ai.navigation@134dd6a3b97b)
    com.unity.analytics@3.8.2 (location: D:\repositories\unity\SampleGameForOneStarMakerFramework\unity\Library\PackageCache\com.unity.analytics@c9d14a6bdec6)
    com.unity.collab-proxy@2.13.6 (location: D:\repositories\unity\SampleGameForOneStarMakerFramework\unity\Library\PackageCache\com.unity.collab-proxy@4628d2ba6ea4)
    com.unity.ide.rider@3.0.39 (location: D:\repositories\unity\SampleGameForOneStarMakerFramework\unity\Library\PackageCache\com.unity.ide.rider@4504839d03f7)
    com.unity.ide.visualstudio@2.0.26 (location: D:\repositories\unity\SampleGameForOneStarMakerFramework\unity\Library\PackageCache\com.unity.ide.visualstudio@a99d56dec63f)
    com.unity.inputsystem@1.20.0 (location: D:\repositories\unity\SampleGameForOneStarMakerFramework\unity\Library\PackageCache\com.unity.inputsystem@7a4e1a2a8194)
    com.unity.pipeline@0.4.0-exp.1 (location: D:\repositories\unity\SampleGameForOneStarMakerFramework\unity\Library\PackageCache\com.unity.pipeline@f49636739437)
    com.unity.project-auditor-rules@1.0.3 (location: D:\repositories\unity\SampleGameForOneStarMakerFramework\unity\Library\PackageCache\com.unity.project-auditor-rules@1fa74fdf90ed)
    com.unity.purchasing@5.4.2 (location: D:\repositories\unity\SampleGameForOneStarMakerFramework\unity\Library\PackageCache\com.unity.purchasing@290a16a9a099)
    com.unity.visualscripting@1.9.12 (location: D:\repositories\unity\SampleGameForOneStarMakerFramework\unity\Library\PackageCache\com.unity.visualscripting@4edfcc09512f)
    com.unity.xr.legacyinputhelpers@3.0.1 (location: D:\repositories\unity\SampleGameForOneStarMakerFramework\unity\Library\PackageCache\com.unity.xr.legacyinputhelpers@3f62d634f63b)
    com.unity.services.core@1.18.0 (location: D:\repositories\unity\SampleGameForOneStarMakerFramework\unity\Library\PackageCache\com.unity.services.core@3464cb68d709)
    com.unity.nuget.mono-cecil@1.11.6 (location: D:\repositories\unity\SampleGameForOneStarMakerFramework\unity\Library\PackageCache\com.unity.nuget.mono-cecil@ecb9724e46ff)
    com.unity.nuget.newtonsoft-json@3.2.2 (location: D:\repositories\unity\SampleGameForOneStarMakerFramework\unity\Library\PackageCache\com.unity.nuget.newtonsoft-json@4dfd81071c64)
    com.unity.splines@2.9.0 (location: D:\repositories\unity\SampleGameForOneStarMakerFramework\unity\Library\PackageCache\com.unity.splines@e6e1d5900acc)
    com.unity.services.analytics@6.3.0 (location: D:\repositories\unity\SampleGameForOneStarMakerFramework\unity\Library\PackageCache\com.unity.services.analytics@cde4e6cf92f9)
    com.unity.profiling.core@1.0.3 (location: D:\repositories\unity\SampleGameForOneStarMakerFramework\unity\Library\PackageCache\com.unity.profiling.core@8a49f7027d06)
    com.unity.scriptablebuildpipeline@3.0.3 (location: D:\repositories\unity\SampleGameForOneStarMakerFramework\unity\Library\PackageCache\com.unity.scriptablebuildpipeline@61526b33bf2c)
    com.unity.searcher@4.9.5 (location: D:\repositories\unity\SampleGameForOneStarMakerFramework\unity\Library\PackageCache\com.unity.searcher@a463122f2c00)
    com.unity.settings-manager@2.1.1 (location: D:\repositories\unity\SampleGameForOneStarMakerFramework\unity\Library\PackageCache\com.unity.settings-manager@0b8638c5ce86)
  Built-in packages:
    com.unity.2d.sprite@1.0.0 (location: D:\repositories\unity\SampleGameForOneStarMakerFramework\unity\Library\PackageCache\com.unity.2d.sprite@947350d67f82)
    com.unity.2d.tilemap@1.0.0 (location: D:\repositories\unity\SampleGameForOneStarMakerFramework\unity\Library\PackageCache\com.unity.2d.tilemap@639ca1d99254)
    com.unity.cinemachine@6.6.0 (location: D:\repositories\unity\SampleGameForOneStarMakerFramework\unity\Library\PackageCache\com.unity.cinemachine@f53aa49b3acc)
    com.unity.multiplayer.center@2.0.1 (location: D:\repositories\unity\SampleGameForOneStarMakerFramework\unity\Library\PackageCache\com.unity.multiplayer.center@549886182930)
    com.unity.render-pipelines.universal@17.6.0 (location: D:\repositories\unity\SampleGameForOneStarMakerFramework\unity\Library\PackageCache\com.unity.render-pipelines.universal@8457e85b8184)
    com.unity.test-framework@1.8.0 (location: D:\repositories\unity\SampleGameForOneStarMakerFramework\unity\Library\PackageCache\com.unity.test-framework@7a3849e09bd0)
    com.unity.timeline@6.6.0 (location: D:\repositories\unity\SampleGameForOneStarMakerFramework\unity\Library\PackageCache\com.unity.timeline@281d5f7e7d7d)
    com.unity.ugui@2.6.0 (location: D:\repositories\unity\SampleGameForOneStarMakerFramework\unity\Library\PackageCache\com.unity.ugui@23caec89ae27)
    com.unity.modules.accessibility@1.0.0 (location: D:\repositories\unity\SampleGameForOneStarMakerFramework\unity\Library\PackageCache\com.unity.modules.accessibility)
    com.unity.modules.adaptiveperformance@1.0.0 (location: D:\repositories\unity\SampleGameForOneStarMakerFramework\unity\Library\PackageCache\com.unity.modules.adaptiveperformance)
    com.unity.modules.ai@1.0.0 (location: D:\repositories\unity\SampleGameForOneStarMakerFramework\unity\Library\PackageCache\com.unity.modules.ai)
    com.unity.modules.androidjni@1.0.0 (location: D:\repositories\unity\SampleGameForOneStarMakerFramework\unity\Library\PackageCache\com.unity.modules.androidjni)
    com.unity.modules.animation@1.0.0 (location: D:\repositories\unity\SampleGameForOneStarMakerFramework\unity\Library\PackageCache\com.unity.modules.animation)
    com.unity.modules.assetbundle@1.0.0 (location: D:\repositories\unity\SampleGameForOneStarMakerFramework\unity\Library\PackageCache\com.unity.modules.assetbundle)
    com.unity.modules.audio@1.0.0 (location: D:\repositories\unity\SampleGameForOneStarMakerFramework\unity\Library\PackageCache\com.unity.modules.audio)
    com.unity.modules.cloth@1.0.0 (location: D:\repositories\unity\SampleGameForOneStarMakerFramework\unity\Library\PackageCache\com.unity.modules.cloth)
    com.unity.modules.director@1.0.0 (location: D:\repositories\unity\SampleGameForOneStarMakerFramework\unity\Library\PackageCache\com.unity.modules.director)
    com.unity.modules.imageconversion@1.0.0 (location: D:\repositories\unity\SampleGameForOneStarMakerFramework\unity\Library\PackageCache\com.unity.modules.imageconversion)
    com.unity.modules.imgui@1.0.0 (location: D:\repositories\unity\SampleGameForOneStarMakerFramework\unity\Library\PackageCache\com.unity.modules.imgui)
    com.unity.modules.jsonserialize@1.0.0 (location: D:\repositories\unity\SampleGameForOneStarMakerFramework\unity\Library\PackageCache\com.unity.modules.jsonserialize)
    com.unity.modules.particlesystem@1.0.0 (location: D:\repositories\unity\SampleGameForOneStarMakerFramework\unity\Library\PackageCache\com.unity.modules.particlesystem)
    com.unity.modules.physics@1.0.0 (location: D:\repositories\unity\SampleGameForOneStarMakerFramework\unity\Library\PackageCache\com.unity.modules.physics)
    com.unity.modules.physics2d@1.0.0 (location: D:\repositories\unity\SampleGameForOneStarMakerFramework\unity\Library\PackageCache\com.unity.modules.physics2d)
    com.unity.modules.physicscore2d@1.0.0 (location: D:\repositories\unity\SampleGameForOneStarMakerFramework\unity\Library\PackageCache\com.unity.modules.physicscore2d)
    com.unity.modules.screencapture@1.0.0 (location: D:\repositories\unity\SampleGameForOneStarMakerFramework\unity\Library\PackageCache\com.unity.modules.screencapture)
    com.unity.modules.terrain@1.0.0 (location: D:\repositories\unity\SampleGameForOneStarMakerFramework\unity\Library\PackageCache\com.unity.modules.terrain)
    com.unity.modules.terrainphysics@1.0.0 (location: D:\repositories\unity\SampleGameForOneStarMakerFramework\unity\Library\PackageCache\com.unity.modules.terrainphysics)
    com.unity.modules.tetgen@1.0.0 (location: D:\repositories\unity\SampleGameForOneStarMakerFramework\unity\Library\PackageCache\com.unity.modules.tetgen)
    com.unity.modules.tilemap@1.0.0 (location: D:\repositories\unity\SampleGameForOneStarMakerFramework\unity\Library\PackageCache\com.unity.modules.tilemap)
    com.unity.modules.ui@1.0.0 (location: D:\repositories\unity\SampleGameForOneStarMakerFramework\unity\Library\PackageCache\com.unity.modules.ui)
    com.unity.modules.uielements@1.0.0 (location: D:\repositories\unity\SampleGameForOneStarMakerFramework\unity\Library\PackageCache\com.unity.modules.uielements)
    com.unity.modules.umbra@1.0.0 (location: D:\repositories\unity\SampleGameForOneStarMakerFramework\unity\Library\PackageCache\com.unity.modules.umbra)
    com.unity.modules.unityanalytics@1.0.0 (location: D:\repositories\unity\SampleGameForOneStarMakerFramework\unity\Library\PackageCache\com.unity.modules.unityanalytics)
    com.unity.modules.unitywebrequest@1.0.0 (location: D:\repositories\unity\SampleGameForOneStarMakerFramework\unity\Library\PackageCache\com.unity.modules.unitywebrequest)
    com.unity.modules.unitywebrequestassetbundle@1.0.0 (location: D:\repositories\unity\SampleGameForOneStarMakerFramework\unity\Library\PackageCache\com.unity.modules.unitywebrequestassetbundle)
    com.unity.modules.unitywebrequestaudio@1.0.0 (location: D:\repositories\unity\SampleGameForOneStarMakerFramework\unity\Library\PackageCache\com.unity.modules.unitywebrequestaudio)
    com.unity.modules.unitywebrequesttexture@1.0.0 (location: D:\repositories\unity\SampleGameForOneStarMakerFramework\unity\Library\PackageCache\com.unity.modules.unitywebrequesttexture)
    com.unity.modules.unitywebrequestwww@1.0.0 (location: D:\repositories\unity\SampleGameForOneStarMakerFramework\unity\Library\PackageCache\com.unity.modules.unitywebrequestwww)
    com.unity.modules.vectorgraphics@1.0.0 (location: D:\repositories\unity\SampleGameForOneStarMakerFramework\unity\Library\PackageCache\com.unity.modules.vectorgraphics)
    com.unity.modules.vehicles@1.0.0 (location: D:\repositories\unity\SampleGameForOneStarMakerFramework\unity\Library\PackageCache\com.unity.modules.vehicles)
    com.unity.modules.video@1.0.0 (location: D:\repositories\unity\SampleGameForOneStarMakerFramework\unity\Library\PackageCache\com.unity.modules.video)
    com.unity.modules.wind@1.0.0 (location: D:\repositories\unity\SampleGameForOneStarMakerFramework\unity\Library\PackageCache\com.unity.modules.wind)
    com.unity.modules.xr@1.0.0 (location: D:\repositories\unity\SampleGameForOneStarMakerFramework\unity\Library\PackageCache\com.unity.modules.xr)
    com.unity.modules.subsystems@1.0.0 (location: D:\repositories\unity\SampleGameForOneStarMakerFramework\unity\Library\PackageCache\com.unity.modules.subsystems)
    com.unity.modules.hierarchycore@1.0.0 (location: D:\repositories\unity\SampleGameForOneStarMakerFramework\unity\Library\PackageCache\com.unity.modules.hierarchycore)
    com.unity.ext.nunit@2.1.0 (location: D:\repositories\unity\SampleGameForOneStarMakerFramework\unity\Library\PackageCache\com.unity.ext.nunit@0198eae3b53e)
    com.unity.render-pipelines.core@17.6.0 (location: D:\repositories\unity\SampleGameForOneStarMakerFramework\unity\Library\PackageCache\com.unity.render-pipelines.core@2d66c71e606e)
    com.unity.shadergraph@17.6.0 (location: D:\repositories\unity\SampleGameForOneStarMakerFramework\unity\Library\PackageCache\com.unity.shadergraph@ef6135652377)
    com.unity.render-pipelines.universal-config@17.6.0 (location: D:\repositories\unity\SampleGameForOneStarMakerFramework\unity\Library\PackageCache\com.unity.render-pipelines.universal-config@561422b74439)
    com.unity.burst@2.0.0 (location: D:\repositories\unity\SampleGameForOneStarMakerFramework\unity\Library\PackageCache\com.unity.burst@626e66ab421b)
    com.unity.collections@6.6.0 (location: D:\repositories\unity\SampleGameForOneStarMakerFramework\unity\Library\PackageCache\com.unity.collections@10fff0607388)
    com.unity.mathematics@1.4.0 (location: D:\repositories\unity\SampleGameForOneStarMakerFramework\unity\Library\PackageCache\com.unity.mathematics@8306a64d0cd6)
    com.unity.graph-authoring@1.0.0 (location: D:\repositories\unity\SampleGameForOneStarMakerFramework\unity\Library\PackageCache\com.unity.graph-authoring@cfd2588851ee)
    com.unity.test-framework.performance@6.6.0 (location: D:\repositories\unity\SampleGameForOneStarMakerFramework\unity\Library\PackageCache\com.unity.test-framework.performance@0a60b857a52e)
  Git packages:
    com.annulusgames.lit-motion@https://github.com/annulusgames/LitMotion.git?path=src/LitMotion/Assets/LitMotion (location: D:\repositories\unity\SampleGameForOneStarMakerFramework\unity\Library\PackageCache\com.annulusgames.lit-motion@2317f5d282a9)
    com.cysharp.csprojmodifier@https://github.com/Cysharp/CsprojModifier.git?path=src/CsprojModifier/Assets/CsprojModifier (location: D:\repositories\unity\SampleGameForOneStarMakerFramework\unity\Library\PackageCache\com.cysharp.csprojmodifier@939808655b39)
    com.cysharp.unitask@https://github.com/Cysharp/UniTask.git?path=src/UniTask/Assets/Plugins/UniTask (location: D:\repositories\unity\SampleGameForOneStarMakerFramework\unity\Library\PackageCache\com.cysharp.unitask@360e370345b9)
    com.github-glitchenzo.nugetforunity@https://github.com/GlitchEnzo/NuGetForUnity.git?path=/src/NuGetForUnity (location: D:\repositories\unity\SampleGameForOneStarMakerFramework\unity\Library\PackageCache\com.github-glitchenzo.nugetforunity@1c1553136be4)
[Package Manager] com.unity.analytics is deprecated: This package is deprecated and won't be compatible with future Unity versions. It will only receive critical updates, with no new features or bug fixes. Migrate to Unity Analytics: https://docs.unity.com/en-us/analytics
[Subsystems] No new subsystems found in resolved package list.
[Package Manager] Done registering packages in 0.04 seconds
Assembly reference Packages/com.unity.cinemachine/Editor/Samples/ExposeHDRPInternals/HDRP-Editor-ref.asmref has no target assembly definition
Assembly reference Packages/com.unity.cinemachine/Editor/Samples/ExposeHDRPInternals/HDRP-Editor-ref.asmref has no target assembly definition
[ScriptCompilation] Requested script compilation because: AssetDatabase observed changes in script compilation related files
Starting: D:\UnityEditor\6000.6.0f1\Editor\Data\Tools\BuildPipeline\bee_backend.exe --ipc --defer-dag-verification --dagfile="Library/Bee/1900b0aEDbg.dag" --continue-on-failure --profile="Library/Bee/backend1.traceevents" ScriptAssemblies
WorkingDir: D:/repositories/unity/SampleGameForOneStarMakerFramework/unity
DisplayProgressbar: Compiling Scripts
ExitCode: 0 Duration: 4s480ms
[1428/1925  0s] ILPP-Configuration Library/ilpp-configuration.nevergeneratedoutput
[1861/1925  1s] Csc Library/Bee/artifacts/1900b0aEDbg.dag/OneStarMaker.Runtime.dll (+2 others)
Assets\OneStarMaker\Scripts\Runtime\SceneSystem\ISceneController.cs(27,26): warning CS8632: The annotation for nullable reference types should only be used in code within a '#nullable' annotations context.

Assets\OneStarMaker\Scripts\Runtime\SceneSystem\ISceneController.cs(29,25): warning CS8632: The annotation for nullable reference types should only be used in code within a '#nullable' annotations context.

Assets\OneStarMaker\Scripts\Runtime\SceneSystem\ISceneController.cs(30,41): warning CS8632: The annotation for nullable reference types should only be used in code within a '#nullable' annotations context.

Assets\OneStarMaker\Scripts\Runtime\SceneSystem\ISceneController.cs(32,48): warning CS8632: The annotation for nullable reference types should only be used in code within a '#nullable' annotations context.

Assets\OneStarMaker\Scripts\Runtime\SceneSystem\ISceneController.cs(48,48): warning CS8632: The annotation for nullable reference types should only be used in code within a '#nullable' annotations context.

Assets\OneStarMaker\Scripts\Runtime\SceneSystem\ISceneController.cs(75,22): warning CS8632: The annotation for nullable reference types should only be used in code within a '#nullable' annotations context.

Assets\OneStarMaker\Scripts\Runtime\SceneSystem\ISceneController.cs(78,28): warning CS8632: The annotation for nullable reference types should only be used in code within a '#nullable' annotations context.

Assets\OneStarMaker\Scripts\Runtime\SceneSystem\ISceneController.cs(80,51): warning CS8632: The annotation for nullable reference types should only be used in code within a '#nullable' annotations context.

Assets\OneStarMaker\Scripts\Runtime\SceneSystem\ISceneController.cs(99,25): warning CS8632: The annotation for nullable reference types should only be used in code within a '#nullable' annotations context.

Assets\OneStarMaker\Scripts\Runtime\SceneSystem\ISceneController.cs(101,48): warning CS8632: The annotation for nullable reference types should only be used in code within a '#nullable' annotations context.

Assets\OneStarMaker\Scripts\Runtime\BuildContent\ContentDirectoryIndex.cs(74,73): warning CS8604: Possible null reference argument for parameter 'value' in 'string ContentDirectoryIndex.EffectiveRepresentation(string value)'.
[1877/1925  1s] ILPostProcess Library/Bee/artifacts/1900b0aEDbg.dag/post-processed/OneStarMaker.Runtime.dll (+pdb)
Processing assembly Library/Bee/artifacts/1900b0aEDbg.dag/OneStarMaker.Runtime.dll, with 148 defines and 301 references

processors: Unity.Jobs.CodeGen.JobsILPostProcessor, Unity.Pipeline.CodeGen.HotReloadInPlaceILPostProcessor, zzzUnity.Burst.CodeGen.BurstILPostProcessor

1 processor(s) skipped this assembly

running Unity.Jobs.CodeGen.JobsILPostProcessor

running Unity.Pipeline.CodeGen.HotReloadInPlaceILPostProcessor
[1878/1925  1s] ILPostProcess Library/Bee/artifacts/1900b0aEDbg.dag/post-processed/SampleGame.OutGame.dll (+pdb)
Processing assembly Library/Bee/artifacts/1900b0aEDbg.dag/SampleGame.OutGame.dll, with 148 defines and 297 references

processors: Unity.Jobs.CodeGen.JobsILPostProcessor, Unity.Pipeline.CodeGen.HotReloadInPlaceILPostProcessor, zzzUnity.Burst.CodeGen.BurstILPostProcessor

1 processor(s) skipped this assembly

running Unity.Jobs.CodeGen.JobsILPostProcessor

running Unity.Pipeline.CodeGen.HotReloadInPlaceILPostProcessor
[1879/1925  1s] ILPostProcess Library/Bee/artifacts/1900b0aEDbg.dag/post-processed/OneStarMaker.TestSupport.dll (+pdb)
Processing assembly Library/Bee/artifacts/1900b0aEDbg.dag/OneStarMaker.TestSupport.dll, with 148 defines and 314 references

processors: Unity.Jobs.CodeGen.JobsILPostProcessor, Unity.Pipeline.CodeGen.HotReloadInPlaceILPostProcessor, zzzUnity.Burst.CodeGen.BurstILPostProcessor

1 processor(s) skipped this assembly

running Unity.Jobs.CodeGen.JobsILPostProcessor

running Unity.Pipeline.CodeGen.HotReloadInPlaceILPostProcessor
[1880/1925  1s] ILPostProcess Library/Bee/artifacts/1900b0aEDbg.dag/post-processed/SampleGame.Common.dll (+pdb)
Processing assembly Library/Bee/artifacts/1900b0aEDbg.dag/SampleGame.Common.dll, with 148 defines and 294 references

processors: Unity.Jobs.CodeGen.JobsILPostProcessor, Unity.Pipeline.CodeGen.HotReloadInPlaceILPostProcessor, zzzUnity.Burst.CodeGen.BurstILPostProcessor

1 processor(s) skipped this assembly

running Unity.Jobs.CodeGen.JobsILPostProcessor

running Unity.Pipeline.CodeGen.HotReloadInPlaceILPostProcessor
[1881/1925  1s] ILPostProcess Library/Bee/artifacts/1900b0aEDbg.dag/post-processed/SampleGame.InGame.dll (+pdb)
Processing assembly Library/Bee/artifacts/1900b0aEDbg.dag/SampleGame.InGame.dll, with 148 defines and 298 references

processors: Unity.Jobs.CodeGen.JobsILPostProcessor, Unity.Pipeline.CodeGen.HotReloadInPlaceILPostProcessor, zzzUnity.Burst.CodeGen.BurstILPostProcessor

1 processor(s) skipped this assembly

running Unity.Jobs.CodeGen.JobsILPostProcessor

running Unity.Pipeline.CodeGen.HotReloadInPlaceILPostProcessor
[1882/1925  1s] ILPostProcess Library/Bee/artifacts/1900b0aEDbg.dag/post-processed/OneStarMaker.Build.Content.dll (+pdb)
Processing assembly Library/Bee/artifacts/1900b0aEDbg.dag/OneStarMaker.Build.Content.dll, with 146 defines and 344 references

processors: Unity.Jobs.CodeGen.JobsILPostProcessor, Unity.Pipeline.CodeGen.HotReloadInPlaceILPostProcessor, zzzUnity.Burst.CodeGen.BurstILPostProcessor

1 processor(s) skipped this assembly

running Unity.Jobs.CodeGen.JobsILPostProcessor

running Unity.Pipeline.CodeGen.HotReloadInPlaceILPostProcessor
[1883/1925  1s] ILPostProcess Library/Bee/artifacts/1900b0aEDbg.dag/post-processed/SampleGame.Tests.Editor.dll (+pdb)
Processing assembly Library/Bee/artifacts/1900b0aEDbg.dag/SampleGame.Tests.Editor.dll, with 146 defines and 301 references

processors: Unity.Jobs.CodeGen.JobsILPostProcessor, Unity.Pipeline.CodeGen.HotReloadInPlaceILPostProcessor, zzzUnity.Burst.CodeGen.BurstILPostProcessor

1 processor(s) skipped this assembly

running Unity.Jobs.CodeGen.JobsILPostProcessor

running Unity.Pipeline.CodeGen.HotReloadInPlaceILPostProcessor
[1884/1925  1s] ILPostProcess Library/Bee/artifacts/1900b0aEDbg.dag/post-processed/SampleGame.DependOnAll.dll (+pdb)
Processing assembly Library/Bee/artifacts/1900b0aEDbg.dag/SampleGame.DependOnAll.dll, with 148 defines and 298 references

processors: Unity.Jobs.CodeGen.JobsILPostProcessor, Unity.Pipeline.CodeGen.HotReloadInPlaceILPostProcessor, zzzUnity.Burst.CodeGen.BurstILPostProcessor

1 processor(s) skipped this assembly

running Unity.Jobs.CodeGen.JobsILPostProcessor

running Unity.Pipeline.CodeGen.HotReloadInPlaceILPostProcessor
[1885/1925  1s] ILPostProcess Library/Bee/artifacts/1900b0aEDbg.dag/post-processed/OneStarMaker.Build.Materialization.dll (+pdb)
Processing assembly Library/Bee/artifacts/1900b0aEDbg.dag/OneStarMaker.Build.Materialization.dll, with 146 defines and 344 references

processors: Unity.Jobs.CodeGen.JobsILPostProcessor, Unity.Pipeline.CodeGen.HotReloadInPlaceILPostProcessor, zzzUnity.Burst.CodeGen.BurstILPostProcessor

1 processor(s) skipped this assembly

running Unity.Jobs.CodeGen.JobsILPostProcessor

running Unity.Pipeline.CodeGen.HotReloadInPlaceILPostProcessor
[1886/1925  1s] ILPostProcess Library/Bee/artifacts/1900b0aEDbg.dag/post-processed/OneStarMaker.Debug.dll (+pdb)
Processing assembly Library/Bee/artifacts/1900b0aEDbg.dag/OneStarMaker.Debug.dll, with 148 defines and 297 references

processors: Unity.Jobs.CodeGen.JobsILPostProcessor, Unity.Pipeline.CodeGen.HotReloadInPlaceILPostProcessor, zzzUnity.Burst.CodeGen.BurstILPostProcessor

1 processor(s) skipped this assembly

running Unity.Jobs.CodeGen.JobsILPostProcessor

running Unity.Pipeline.CodeGen.HotReloadInPlaceILPostProcessor
[1887/1925  1s] ILPostProcess Library/Bee/artifacts/1900b0aEDbg.dag/post-processed/OneStarMaker.Editor.dll (+pdb)
Processing assembly Library/Bee/artifacts/1900b0aEDbg.dag/OneStarMaker.Editor.dll, with 146 defines and 345 references

processors: Unity.Jobs.CodeGen.JobsILPostProcessor, Unity.Pipeline.CodeGen.HotReloadInPlaceILPostProcessor, zzzUnity.Burst.CodeGen.BurstILPostProcessor

1 processor(s) skipped this assembly

running Unity.Jobs.CodeGen.JobsILPostProcessor

running Unity.Pipeline.CodeGen.HotReloadInPlaceILPostProcessor
[1896/1925  1s] ILPostProcess Library/Bee/artifacts/1900b0aEDbg.dag/post-processed/Assembly-CSharp.dll (+pdb)
Processing assembly Library/Bee/artifacts/1900b0aEDbg.dag/Assembly-CSharp.dll, with 148 defines and 433 references

processors: Unity.Jobs.CodeGen.JobsILPostProcessor, Unity.Pipeline.CodeGen.HotReloadInPlaceILPostProcessor, zzzUnity.Burst.CodeGen.BurstILPostProcessor

1 processor(s) skipped this assembly

running Unity.Jobs.CodeGen.JobsILPostProcessor

running Unity.Pipeline.CodeGen.HotReloadInPlaceILPostProcessor
[1897/1925  0s] CopyFiles Library/ScriptAssemblies/OneStarMaker.Runtime.dll
[1898/1925  0s] CopyFiles Library/ScriptAssemblies/OneStarMaker.Runtime.pdb
[1899/1925  1s] ILPostProcess Library/Bee/artifacts/1900b0aEDbg.dag/post-processed/Assembly-CSharp-Editor.dll (+pdb)
Processing assembly Library/Bee/artifacts/1900b0aEDbg.dag/Assembly-CSharp-Editor.dll, with 146 defines and 462 references

processors: Unity.Jobs.CodeGen.JobsILPostProcessor, Unity.Pipeline.CodeGen.HotReloadInPlaceILPostProcessor, zzzUnity.Burst.CodeGen.BurstILPostProcessor

1 processor(s) skipped this assembly

running Unity.Jobs.CodeGen.JobsILPostProcessor

running Unity.Pipeline.CodeGen.HotReloadInPlaceILPostProcessor
[1900/1925  1s] ILPostProcess Library/Bee/artifacts/1900b0aEDbg.dag/post-processed/SampleGame.DependOnAll.Editor.dll (+pdb)
Processing assembly Library/Bee/artifacts/1900b0aEDbg.dag/SampleGame.DependOnAll.Editor.dll, with 146 defines and 350 references

processors: Unity.Jobs.CodeGen.JobsILPostProcessor, Unity.Pipeline.CodeGen.HotReloadInPlaceILPostProcessor, zzzUnity.Burst.CodeGen.BurstILPostProcessor

1 processor(s) skipped this assembly

running Unity.Jobs.CodeGen.JobsILPostProcessor

running Unity.Pipeline.CodeGen.HotReloadInPlaceILPostProcessor
[1912/1925  1s] ILPostProcess Library/Bee/artifacts/1900b0aEDbg.dag/post-processed/OneStarMaker.Tests.Editor.dll (+pdb)
Processing assembly Library/Bee/artifacts/1900b0aEDbg.dag/OneStarMaker.Tests.Editor.dll, with 146 defines and 310 references

processors: Unity.Jobs.CodeGen.JobsILPostProcessor, Unity.Pipeline.CodeGen.HotReloadInPlaceILPostProcessor, zzzUnity.Burst.CodeGen.BurstILPostProcessor

1 processor(s) skipped this assembly

running Unity.Jobs.CodeGen.JobsILPostProcessor

running Unity.Pipeline.CodeGen.HotReloadInPlaceILPostProcessor
[1921/1925  1s] ILPostProcess Library/Bee/artifacts/1900b0aEDbg.dag/post-processed/OneStarMaker.Tests.dll (+pdb)
Processing assembly Library/Bee/artifacts/1900b0aEDbg.dag/OneStarMaker.Tests.dll, with 146 defines and 318 references

processors: Unity.Jobs.CodeGen.JobsILPostProcessor, Unity.Pipeline.CodeGen.HotReloadInPlaceILPostProcessor, zzzUnity.Burst.CodeGen.BurstILPostProcessor

1 processor(s) skipped this assembly

running Unity.Jobs.CodeGen.JobsILPostProcessor

running Unity.Pipeline.CodeGen.HotReloadInPlaceILPostProcessor
*** Tundra build success (4.36 seconds), 20 items updated, 1925 evaluated
Total cache size 267210888
Total cache size after purge 267210888, took 00:00:00.9262001
Assets\OneStarMaker\Scripts\Runtime\SceneSystem\ISceneController.cs(27,26): warning CS8632: The annotation for nullable reference types should only be used in code within a '#nullable' annotations context.
Assets\OneStarMaker\Scripts\Runtime\SceneSystem\ISceneController.cs(29,25): warning CS8632: The annotation for nullable reference types should only be used in code within a '#nullable' annotations context.
Assets\OneStarMaker\Scripts\Runtime\SceneSystem\ISceneController.cs(30,41): warning CS8632: The annotation for nullable reference types should only be used in code within a '#nullable' annotations context.
Assets\OneStarMaker\Scripts\Runtime\SceneSystem\ISceneController.cs(32,48): warning CS8632: The annotation for nullable reference types should only be used in code within a '#nullable' annotations context.
Assets\OneStarMaker\Scripts\Runtime\SceneSystem\ISceneController.cs(48,48): warning CS8632: The annotation for nullable reference types should only be used in code within a '#nullable' annotations context.
Assets\OneStarMaker\Scripts\Runtime\SceneSystem\ISceneController.cs(75,22): warning CS8632: The annotation for nullable reference types should only be used in code within a '#nullable' annotations context.
Assets\OneStarMaker\Scripts\Runtime\SceneSystem\ISceneController.cs(78,28): warning CS8632: The annotation for nullable reference types should only be used in code within a '#nullable' annotations context.
Assets\OneStarMaker\Scripts\Runtime\SceneSystem\ISceneController.cs(80,51): warning CS8632: The annotation for nullable reference types should only be used in code within a '#nullable' annotations context.
Assets\OneStarMaker\Scripts\Runtime\SceneSystem\ISceneController.cs(99,25): warning CS8632: The annotation for nullable reference types should only be used in code within a '#nullable' annotations context.
Assets\OneStarMaker\Scripts\Runtime\SceneSystem\ISceneController.cs(101,48): warning CS8632: The annotation for nullable reference types should only be used in code within a '#nullable' annotations context.
Assets\OneStarMaker\Scripts\Runtime\BuildContent\ContentDirectoryIndex.cs(74,73): warning CS8604: Possible null reference argument for parameter 'value' in 'string ContentDirectoryIndex.EffectiveRepresentation(string value)'.
AssetDatabase: script compilation time: 8.515195s
Begin MonoManager ReloadAssembly
Assembly reference Packages/com.unity.cinemachine/Editor/Samples/ExposeHDRPInternals/HDRP-Editor-ref.asmref has no target assembly definition
'Packages/com.unity.render-pipelines.core/Editor/Deprecated.cs' contains partial class of Unity.Object, exactly 1 of the partial classes needs to be in a file with the same filename. This is to know the one that can be referenced from ie. GameObjects
'Packages/com.unity.render-pipelines.core/Editor/Deprecated.cs' contains partial class of Unity.Object, exactly 1 of the partial classes needs to be in a file with the same filename. This is to know the one that can be referenced from ie. GameObjects
'Packages/com.unity.cinemachine/Editor/Editors/CinemachineVirtualCameraBaseEditor.cs' contains partial class of Unity.Object, exactly 1 of the partial classes needs to be in a file with the same filename. This is to know the one that can be referenced from ie. GameObjects
'Packages/com.unity.cinemachine/Editor/Obsolete/CinemachineVirtualCameraBaseEditor.cs' contains partial class of Unity.Object, exactly 1 of the partial classes needs to be in a file with the same filename. This is to know the one that can be referenced from ie. GameObjects
Refreshing native plugins compatible for Editor in 22.34 ms, found 4 plugins.
Native extension for WindowsStandalone target not found
Start HTTP server: port:7800
ScheduleIndexationOnStartup MainProcess:True IndexOnStartup:True
Scripting: successfully reloaded assembly
- Finished resetting the current domain, in  3.650 seconds
Domain Reload Profiling: 8333ms
	BeginReloadAssembly (344ms)
		DisableScriptedObjects (35ms)
		CreateAndSetChildDomain (53ms)
	RebuildCommonClasses (11ms)
	RebuildNativeTypeToScriptingClass (21ms)
	initialDomainReloadingComplete (192ms)
	LoadAllAssembliesAndSetupDomain (4114ms)
		LoadAssemblies (3177ms)
		TypeCache.Refresh (450ms)
			TypeCache.ScanAssembly (425ms)
		AnalyzeDomain (181ms)
			BuildScriptInfoCaches (169ms)
			ResolveRequiredComponents (10ms)
	FinalizeReload (3652ms)
		SetupLoadedEditorAssemblies (0ms)
			LogAssemblyErrors (3ms)
			BeforeProcessingInitializeOnLoad (156ms)
			ProcessInitializeOnLoadAttributes (2408ms)
			ProcessInitializeOnLoadMethodAttributes (199ms)
			AfterProcessingInitializeOnLoad (18ms)
		AwakeInstancesAfterBackupRestoration (35ms)
Starting new worker id: 0 with log in D:/repositories/unity/SampleGameForOneStarMakerFramework/unity/Logs/AssetImportWorkerHW0.log
Refreshing native plugins compatible for Editor in 24.24 ms, found 4 plugins.

Asset Pipeline Refresh (id=7e0b7d6475f2dc74584c1744e1667b5c): Total: 20.771 seconds - Initiated by InitialRefreshV2(ForceSynchronousImport)
	(Values over 0.05ms)
	Summary:
		Imports: total=0 (actual=0, local cache=0, cache server=0)
		Asset DB Process Time: managed=0 ms, native=6587 ms
		Asset DB Callback time: managed=281 ms, native=90 ms
		Scripting: domain reloads=1, domain reload time=4913 ms, compile time=8518 ms, other=380 ms
		Project Asset Count: scripts=3594, non-scripts=5021
		Asset File Changes: new=0, changed=2, moved=0, deleted=0
		Scan Filter Count: 0
	InvokePackagesCallback: 54.501ms
	ApplyChangesToAssetFolders: 1.164ms
	Scan: 1794.258ms
	Collect global state as custom dependencies: 45.291ms
	OnSourceAssetsModified: 0.676ms
	CategorizeScriptCompilationAssets: 126.049ms
	ProcessAssetsWithTransientArtifactChanges: 189.686ms
	CategorizeAssets: 113.233ms
	CompileScripts: 8518.170ms
	ImportOutOfDateAssets: 3739.290ms (3717.607ms without children)
		ReloadNativeAssets: 0.838ms
		UnloadImportedAssets: 4.756ms
		EnsureUptoDateAssetsAreRegisteredWithGuidPM: 2.469ms
		ImportSchedulerStart: 13.614ms
	PostProcessAllAssets: 293.390ms
		XRBuildSystem.XRAssetImported 9.639ms
		VCAutoAddAssetPostprocess 1.694ms
		PostProcessCallbackCreateDeferredMaterials 0.075ms
		MonoPostProcessAllAssets: 281.003ms
			AssetPostprocessor.OnPostprocessAllAssets 127.402ms
			StyleCatalogPostProcessor.OnPostprocessAllAssets 58.080ms
			UniversalRenderPipelineGlobalSettingsPostprocessor.OnPostprocessAllAssets 18.528ms
			BuilderAssetPostprocessor.OnPostprocessAllAssets 5.557ms
			SyncVS.PostprocessSyncProject 4.776ms
			NugetAssetPostprocessor.OnPostprocessAllAssets 4.746ms
			AddressablesAssetPostProcessor.OnPostprocessAllAssets 4.110ms
			WindowAssetPostprocessingWatcher.OnPostprocessAllAssets 3.358ms
			SpriteSlicePostprocessor.OnPostprocessAllAssets 3.251ms
			PackageManagerResolver.OnPostprocessAllAssets 3.195ms
			ShaderGraphAssetPostProcessor.OnPostprocessAllAssets 3.143ms
			SpeedTree9Postprocessor.OnPostprocessAllAssets 3.038ms
			AssetChangedListener.OnPostprocessAllAssets 2.593ms
			VersionHandlerImpl.OnPostprocessAllAssets 2.441ms
			RetainedModeAssetPostprocessor.OnPostprocessAllAssets 1.477ms
			EditModeScopePostprocessor.OnPostprocessAllAssets 1.141ms
			RenderPipelineGlobalSettingsPostprocessor.OnPostprocessAllAssets 0.999ms
			MaterialPostprocessor.OnPostprocessAllAssets 0.930ms
			ArtifactBrowserPostProcessor.OnPostprocessAllAssets 0.794ms
			UVCSAssetPostprocessor.OnPostprocessAllAssets 0.788ms
			SpriteEditorTexturePostprocessor.OnPostprocessAllAssets 0.700ms
			PostProcessor.OnPostprocessAllAssets 0.606ms
			AudioMixerPostprocessor.OnPostprocessAllAssets 0.540ms
			ShaderReflectionAssetPostProcessor.OnPostprocessAllAssets 0.517ms
			InputActionAssetPostprocessor.OnPostprocessAllAssets 0.509ms
			PlayServicesResolver.OnPostprocessAllAssets 0.507ms
			TextAssetPostProcessor.OnPostprocessAllAssets 0.502ms
			IOSResolver.OnPostprocessAllAssets 0.477ms
			AssetProcessor.OnPostprocessAllAssets 0.422ms
			InputActionJsonNameModifierAssetProcessor.OnPostprocessAllAssets 0.392ms
			TMPro_TexturePostProcessor.OnPostprocessAllAssets 0.391ms
			DomainReloadProcessor.OnPostprocessAllAssets 0.370ms
			TerrainToolbarOverlayPostProcessor.OnPostprocessAllAssets 0.367ms
			AssetEvents.OnPostprocessAllAssets 0.363ms
			CinemachineSettings.OnPostprocessAllAssets 0.349ms
			AssetPathToTypes.OnPostprocessAllAssets 0.344ms
			AssetDatabaseCallbacks.OnPostprocessAllAssets 0.309ms
			SpeedTreePostProcessor.OnPostprocessAllAssets 0.292ms
			ConfigAssetsTracker.OnPostprocessAllAssets 0.277ms
			ReferencedClipsPostProcessor.OnPostprocessAllAssets 0.266ms
			AssetPostprocessorProxy.OnPostprocessAllAssets 0.233ms
			ScenarioDriftAssetsTracker.OnPostprocessAllAssets 0.217ms
			SamplePostprocessor.OnPostprocessAllAssets 0.194ms
			ThemePostprocessor.OnPostprocessAllAssets 0.188ms
			AssetReloadNotifier.OnPostprocessAllAssets 0.163ms
			ProjectSettingsPostprocessor.OnPostprocessAllAssets 0.162ms
			AudioContainerPostProcessor.OnPostprocessAllAssets 0.147ms
	PostAssetChangesProfiler: 27.256ms
	UnloadStreamsBegin: 2.141ms
	PersistCurrentRevisions: 0.242ms
	GenerateScriptTypeHashes: 2.480ms
	GenerateScriptTypeSerializationHashes: 4.905ms
	Untracked: 5837.696ms

Application.AssetDatabase Initial Refresh End
Shader Hidden/ChartRasterizerHardware is not supported: GPU does not support conservative rasterization
Shader Hidden/ChartRasterizerHardware is not supported: GPU does not support conservative rasterization
Scanning for USB devices : 13.160ms
Initializing Unity extensions:
Worker ready: AssetImportWorkerHW0 0
[MODES] ModeService[none].Initialize
[MODES] ModeService[none].LoadModes
[MODES] Loading mode Default (0) for mode-current-id-SampleGame
Unloading 29 Unused Serialized files (Serialized files now loaded: 0)
Unloading 10818 unused Assets / (5.4 MB). Loaded Objects now: 12090.
Memory consumption went from 0.52 GB to 0.51 GB.
Total: 18.291600 ms (FindLiveObjects: 1.221400 ms CreateObjectMapping: 0.572300 ms MarkObjects: 13.178900 ms  DeleteObjects: 2.992700 ms)

Microsoft Media Foundation video decoding to texture disabled: graphics device is Null, only Direct3D 11 and Direct3D 12 (only on desktop) are supported for hardware-accelerated video decoding.
[Project] Loading completed in 36.632 seconds
	Project init time: 				35.691 seconds
		Template init time: 		0.000 seconds
		Package Manager init time: 		2.359 seconds
		Asset Database init time: 		4.945 seconds
		Global illumination init time: 	0.002 seconds
		Assemblies load time: 			1.736 seconds
		Unity extensions init time: 	0.044 seconds
		Asset Database refresh time: 	20.772 seconds
	Scene opening time: 			0.722 seconds
##utp:{"type":"ProjectInfo","version":2,"phase":"Immediate","time":1789731131995,"processId":34844,"projectLoad":36.6318889,"projectInit":35.691266,"templateInit":0.0,"packageManagerInit":2.3590258,"assetDatabaseInit":4.9454012,"globalIlluminationInit":0.0024453,"assembliesLoad":1.7355623,"unityExtensionsInit":0.0437736,"assetDatabaseRefresh":20.7715991,"sceneOpening":0.721844}
##utp:{"type":"EditorInfo","version":2,"phase":"Immediate","time":1789731131995,"processId":34844,"editorVersion":"6000.6.0f1 (f7f8ed4d1e24)","branch":"6000.6/respin/6000.6.0f1-fa21a270ab12","buildType":"Release","platform":"Windows"}
[Licensing::Client] Successfully resolved entitlement details
Running tests for ExecutionSettings with details:
targetPlatform = 
playerHeartbeatTimeout = 600
filters[0] = 
   Filter with settings:
   testMode = EditMode
   targetPlatform = 
   testNames = null
   groupNames = ContentDirectory
   categoryNames = null
   assemblyNames = null
ignoreTests = {}
featureFlags = null

UnityEngine.Debug:ExtractStackTraceNoAlloc (byte*,int,string)
UnityEngine.StackTraceUtility:ExtractStackTrace ()
UnityEngine.DebugLogHandler:Internal_Log (UnityEngine.LogType,UnityEngine.LogOption,string,UnityEngine.Object)
UnityEngine.DebugLogHandler:LogFormat (UnityEngine.LogType,UnityEngine.Object,string,object[])
UnityEngine.Logger:Log (UnityEngine.LogType,object)
UnityEngine.Debug:Log (object)
UnityEditor.TestTools.TestRunner.CommandLineTest.Executer:InitializeAndExecuteRun (string[]) (at ./Library/PackageCache/com.unity.test-framework@7a3849e09bd0/UnityEditor.TestRunner/CommandLineTest/Executer.cs:53)
UnityEditor.TestTools.TestRunner.CommandLineTest.TestStarter:InitializeAndExecuteRun () (at ./Library/PackageCache/com.unity.test-framework@7a3849e09bd0/UnityEditor.TestRunner/CommandLineTest/TestStarter.cs:64)
UnityEditor.EditorApplication:Internal_CallUpdateFunctions ()

(Filename: ./Library/PackageCache/com.unity.test-framework@7a3849e09bd0/UnityEditor.TestRunner/CommandLineTest/Executer.cs Line: 53)

Start Indexing on Editor startup
[Indexing] Starting Initial Indexing for Assets
[UnityConnectServicesConfig] config is NOT valid, switching to default
Created GICache directory at C:/Users/void/AppData/LocalLow/Unity/Caches/GiCache. Took: 0.036s, timestamps: [36.635 - 36.671]
[Licensing::Client] Successfully resolved entitlement details
[Licensing::Client] Successfully resolved entitlement details
Unloading 15 Unused Serialized files (Serialized files now loaded: 0)
Unloading 18 unused Assets / (164.7 KB). Loaded Objects now: 12253.
Memory consumption went from 0.53 GB to 0.53 GB.
Total: 15.824600 ms (FindLiveObjects: 0.617200 ms CreateObjectMapping: 0.230900 ms MarkObjects: 14.597600 ms  DeleteObjects: 0.078800 ms)

Executing IPrebuildSetup for: Unity.PerformanceTesting.Editor.TestRunBuilder.
UnityEngine.Debug:ExtractStackTraceNoAlloc (byte*,int,string)
UnityEngine.StackTraceUtility:ExtractStackTrace ()
UnityEngine.DebugLogHandler:Internal_Log (UnityEngine.LogType,UnityEngine.LogOption,string,UnityEngine.Object)
UnityEngine.DebugLogHandler:LogFormat (UnityEngine.LogType,UnityEngine.Object,string,object[])
UnityEngine.Logger:Log (UnityEngine.LogType,object)
UnityEngine.Debug:Log (object)
UnityEditor.TestTools.TestRunner.TestRun.Tasks.BuildActionTaskBase`1/<ExecuteMethods>d__8<UnityEngine.TestTools.IPrebuildSetup>:MoveNext () (at ./Library/PackageCache/com.unity.test-framework@7a3849e09bd0/UnityEditor.TestRunner/TestRun/Tasks/BuildActionTaskBase.cs:48)
UnityEditor.TestTools.TestRunner.TestRun.Tasks.BuildActionTaskBase`1/<Execute>d__7<UnityEngine.TestTools.IPrebuildSetup>:MoveNext () (at ./Library/PackageCache/com.unity.test-framework@7a3849e09bd0/UnityEditor.TestRunner/TestRun/Tasks/BuildActionTaskBase.cs:34)
UnityEditor.TestTools.TestRunner.TestRun.TestJobRunner:ExecuteStep () (at ./Library/PackageCache/com.unity.test-framework@7a3849e09bd0/UnityEditor.TestRunner/TestRun/TestJobRunner.cs:194)
UnityEditor.TestTools.TestRunner.TestRun.TestJobRunner:ExecuteCallback () (at ./Library/PackageCache/com.unity.test-framework@7a3849e09bd0/UnityEditor.TestRunner/TestRun/TestJobRunner.cs:129)
UnityEditor.EditorApplication:Internal_CallUpdateFunctions ()

(Filename: ./Library/PackageCache/com.unity.test-framework@7a3849e09bd0/UnityEditor.TestRunner/TestRun/Tasks/BuildActionTaskBase.cs Line: 48)

Importing 'GUID: b02b07e5d9f3a69498dfcbeb4e7aba42 - Path: Assets/OneStarMakerGenerated' with importer (DefaultImporter)
Imported 'GUID: b02b07e5d9f3a69498dfcbeb4e7aba42' -> (Import Result ID: '021e3ed0891407a1d8ab67879af41a4d') in 0.014 seconds [static dependencies only]. Details - ImportResultOutputID=edc3c8cb91ca648c44c33dd4a540914f DependenciesID=2c33f3c0ad99175f3d6de76fec76bfcd StaticDependenciesID=7fb4c2cbf25e62924005e4dae9706d11 
Refreshing native plugins compatible for Editor in 22.12 ms, found 4 plugins.
Asset Pipeline Refresh (id=b4cf63deb16986742b701b83100bc738): Total: 0.229 seconds - Initiated by StopAssetImportingV2(NoUpdateAssetOptions)
Importing 'GUID: c91650e646b701348b72c811e443b0d2 - Path: Assets/OneStarMakerGenerated/BS3Tests' with importer (DefaultImporter)
Imported 'GUID: c91650e646b701348b72c811e443b0d2' -> (Import Result ID: 'd1d5ce26438753bf1e386336f7f4bd82') in 0.009 seconds [static dependencies only]. Details - ImportResultOutputID=696ae73e6813d77c302560c4a9162c81 DependenciesID=062b6cf452c8b04a282b94ffddd1b7ce StaticDependenciesID=2759f200e4924af2ddbfc8485fed84f9 
Refreshing native plugins compatible for Editor in 23.55 ms, found 4 plugins.
Asset Pipeline Refresh (id=d957ae6fc7090ae4a988996a49c0ce60): Total: 0.102 seconds - Initiated by StopAssetImportingV2(NoUpdateAssetOptions)
Importing 'GUID: 1a77646b996c05446b6f79ba963ded75 - Path: Assets/OneStarMakerGenerated/BS3Tests/deb7eb1f077c4a4c98710020d5c0e234' with importer (DefaultImporter)
Imported 'GUID: 1a77646b996c05446b6f79ba963ded75' -> (Import Result ID: '0314fcbb0f22ceba6c298feb34d40e0d') in 0.009 seconds [static dependencies only]. Details - ImportResultOutputID=5b7c31e041109017bf7444bf40c7c21b DependenciesID=ac9e6c758334bd0a6a7408ef586e9b8b StaticDependenciesID=e63b017b5e0ab9fcadaa66f92c48b7c0 
Refreshing native plugins compatible for Editor in 24.40 ms, found 4 plugins.
Asset Pipeline Refresh (id=959fae2f00244f7409dbb543d3a13a34): Total: 0.099 seconds - Initiated by StopAssetImportingV2(NoUpdateAssetOptions)
Importing 'GUID: dc7590f38ce5e4f4688d8686c21c9a3b - Path: Assets/OneStarMakerGenerated/BS3Tests/deb7eb1f077c4a4c98710020d5c0e234/Texture.png' with importer (TextureImporter)
Imported 'GUID: dc7590f38ce5e4f4688d8686c21c9a3b' -> (Import Result ID: '5b60dfe77303438b686feb0898cd6240') in 0.027 seconds [static and dynamic dependencies]. Details - ImportResultOutputID=3c3b18d2568d13928e14cd42ae5a2319 DependenciesID=7f1d58aca10bba11b599e525b5fb10c2 StaticDependenciesID=a5e4f0bbb56c6e63726762700ab7229f 
Refreshing native plugins compatible for Editor in 24.09 ms, found 4 plugins.
Asset Pipeline Refresh (id=888c47430c72ebb449e454789d371d86): Total: 0.139 seconds - Initiated by StopAssetImportingV2(NoUpdateAssetOptions)
Importing 'GUID: 8e1436bab0d59af46a782c71afff7d67 - Path: Assets/OneStarMakerGenerated/BS3Tests/deb7eb1f077c4a4c98710020d5c0e234/Shared.mat' with importer (NativeFormatImporter)
Imported 'GUID: 8e1436bab0d59af46a782c71afff7d67' -> (Import Result ID: '7819617c9e3a33d01a884d4d1c8c7e48') in 0.002 seconds [static dependencies only]. Details - ImportResultOutputID=c7e1c5480012f038f665924dbe5a4d60 DependenciesID=795f5df0221428abd3aadf6e4b1ac5dc StaticDependenciesID=7aa118dc6c8828a0f999974c41e58ebd 
Refreshing native plugins compatible for Editor in 23.79 ms, found 4 plugins.
Asset Pipeline Refresh (id=99b2ed407756bbb46844aa5881b34278): Total: 0.102 seconds - Initiated by StopAssetImportingV2(NoUpdateAssetOptions)
Unloading 3 Unused Serialized files (Serialized files now loaded: 0)
Unloading 85 unused Assets / (72.0 KB). Loaded Objects now: 12251.
Memory consumption went from 0.52 GB to 0.52 GB.
Total: 16.377200 ms (FindLiveObjects: 0.634200 ms CreateObjectMapping: 0.245900 ms MarkObjects: 15.117000 ms  DeleteObjects: 0.074600 ms)

Importing 'GUID: 8e1436bab0d59af46a782c71afff7d67 - Path: Assets/OneStarMakerGenerated/BS3Tests/deb7eb1f077c4a4c98710020d5c0e234/Shared.mat' with importer (NativeFormatImporter)
Imported 'GUID: 8e1436bab0d59af46a782c71afff7d67' -> (Import Result ID: 'e30182240231847eb54f66f966c16a60') in 0.002 seconds [static dependencies only]. Details - ImportResultOutputID=c7e1c5480012f038f665924dbe5a4d60 DependenciesID=8e0acc59c028f0626bc6fd8cf42222ad StaticDependenciesID=317e61480b5f5f863ef9c2a7f8f5b42c 
Refreshing native plugins compatible for Editor in 24.36 ms, found 4 plugins.
Asset Pipeline Refresh (id=a0fae1f875e911f419bae3a6600e9aa9): Total: 0.134 seconds - Initiated by StopAssetImportingV2(NoUpdateAssetOptions)
Importing 'GUID: 9d1e8e0c9e4160245a6d52424fc90e73 - Path: Assets/OneStarMakerGenerated/BS3Tests/deb7eb1f077c4a4c98710020d5c0e234/Scene.unity' with importer (DefaultImporter)
Imported 'GUID: 9d1e8e0c9e4160245a6d52424fc90e73' -> (Import Result ID: '2aa1a0cbc6b849f84af43969a14abedf') in 0.002 seconds [static dependencies only]. Details - ImportResultOutputID=4d5392869226df4f866b6cbe60871fb8 DependenciesID=975ce75e91a48444f6fc556a051cdbc9 StaticDependenciesID=9858378dd60939e91bb03f0432a10b69 
Refreshing native plugins compatible for Editor in 23.24 ms, found 4 plugins.
Asset Pipeline Refresh (id=381fe25b50f9f8a4a8a716c6d75cc96e): Total: 0.102 seconds - Initiated by StopAssetImportingV2(NoUpdateAssetOptions)
Importing 'GUID: 3ddeb8c75d22327468c4d7cb38843b24 - Path: Assets/OneStarMakerGenerated/BS3Tests/deb7eb1f077c4a4c98710020d5c0e234/High.prefab' with importer (PrefabImporter)
Imported 'GUID: 3ddeb8c75d22327468c4d7cb38843b24' -> (Import Result ID: '9bd9c64a71dbf65cd9bc4f2f9df84bf2') in 0.011 seconds [static dependencies only]. Details - ImportResultOutputID=b1df062093ca458ffd9e9023e58122bd DependenciesID=9228fd4d957038a41cb51ce5196b438a StaticDependenciesID=a27138a29e50a14885a5759ad9188d2e 
Refreshing native plugins compatible for Editor in 24.23 ms, found 4 plugins.
Asset Pipeline Refresh (id=44f85b0eab14b3c4291f8407017da8a4): Total: 0.130 seconds - Initiated by StopAssetImportingV2(NoUpdateAssetOptions)
Importing 'GUID: 870821a9692f60d4fa6884a2970f4570 - Path: Assets/OneStarMakerGenerated/BS3Tests/deb7eb1f077c4a4c98710020d5c0e234/Low.prefab' with importer (PrefabImporter)
Imported 'GUID: 870821a9692f60d4fa6884a2970f4570' -> (Import Result ID: 'b1afd70eef52c943930a8d42a47d1fd6') in 0.010 seconds [static dependencies only]. Details - ImportResultOutputID=02fb64ac863d147b20e7f27663af0e8e DependenciesID=81e1a8f5ed1d7e2637c60010b4213c53 StaticDependenciesID=c81778cdfce2520620495e61d1a9cb83 
Refreshing native plugins compatible for Editor in 34.37 ms, found 4 plugins.
Asset Pipeline Refresh (id=162b35eda36740844a6046a78fe28759): Total: 0.119 seconds - Initiated by StopAssetImportingV2(NoUpdateAssetOptions)
Importing 'GUID: 31e7e4e3ff0fa1a43b84325fc4b2c2b8 - Path: Assets/OneStarMakerGenerated/BS3Tests/deb7eb1f077c4a4c98710020d5c0e234/Excluded.prefab' with importer (PrefabImporter)
Imported 'GUID: 31e7e4e3ff0fa1a43b84325fc4b2c2b8' -> (Import Result ID: 'b5d6352145ccdc447d22ee3b5b82449f') in 0.009 seconds [static dependencies only]. Details - ImportResultOutputID=a2001ec2fba8c679e6d2e668e338dce1 DependenciesID=4761974d733973bda118f9c8bc5d413d StaticDependenciesID=6d317b038894bf708111f6a236536b62 
Refreshing native plugins compatible for Editor in 22.46 ms, found 4 plugins.
Asset Pipeline Refresh (id=2caf8b4024b0495449e06040f7059972): Total: 0.100 seconds - Initiated by StopAssetImportingV2(NoUpdateAssetOptions)
Importing 'GUID: 9d1e8e0c9e4160245a6d52424fc90e73 - Path: Assets/OneStarMakerGenerated/BS3Tests/deb7eb1f077c4a4c98710020d5c0e234/Scene.unity' with importer (DefaultImporter)
Imported 'GUID: 9d1e8e0c9e4160245a6d52424fc90e73' -> (Import Result ID: 'f7473e1daa925dd35814eef8508e07e8') in 0.001 seconds [static dependencies only]. Details - ImportResultOutputID=4d5392869226df4f866b6cbe60871fb8 DependenciesID=eb64cad731305b8193724d3195290652 StaticDependenciesID=90de791e38771c2b23d7ac6bd5eee422 
Refreshing native plugins compatible for Editor in 22.59 ms, found 4 plugins.
Asset Pipeline Refresh (id=6f1ba8816c2e56e4fbfed1e95f825717): Total: 0.098 seconds - Initiated by StopAssetImportingV2(NoUpdateAssetOptions)
Importing 'GUID: 43dcf7ddec144bb4a9b2e4dfd13b54eb - Path: Assets/OneStarMakerGenerated/BS2b' with importer (DefaultImporter)
Imported 'GUID: 43dcf7ddec144bb4a9b2e4dfd13b54eb' -> (Import Result ID: 'ae52c97c9350400242d1c4ed82ff3d9a') in 0.009 seconds [static dependencies only]. Details - ImportResultOutputID=1f1fa620b579fd68f2766a8b17e6b46e DependenciesID=4c94a26ddba8db0bcbcf306609f9dcf7 StaticDependenciesID=ad46d6b7cd066b830986e04757afb17c 
Refreshing native plugins compatible for Editor in 23.65 ms, found 4 plugins.
Asset Pipeline Refresh (id=9db17aae8ec7a9c4fa5d6b955e1ee88e): Total: 0.096 seconds - Initiated by StopAssetImportingV2(NoUpdateAssetOptions)
Importing 'GUID: 2b1780195226f364790ac64acfeefe30 - Path: Assets/OneStarMakerGenerated/BS2b/20260918T113218379Z-d57c83c24a864a4e811434ed160fd733' with importer (DefaultImporter)
Imported 'GUID: 2b1780195226f364790ac64acfeefe30' -> (Import Result ID: 'c6975736e0bcc048667afe8544e62549') in 0.009 seconds [static dependencies only]. Details - ImportResultOutputID=570fdfb5fecaf946c3957abaf0fa0a15 DependenciesID=e4558279e9d2336e06e6bad0eb029876 StaticDependenciesID=baaaed3b7c2f812658ba7fdf4d611620 
Refreshing native plugins compatible for Editor in 22.23 ms, found 4 plugins.
Asset Pipeline Refresh (id=d62bc4a16d8e35646809065d48603251): Total: 0.097 seconds - Initiated by StopAssetImportingV2(NoUpdateAssetOptions)
Importing 'GUID: 27eb0e62fecda6b40b909a2ece6761cd - Path: Assets/OneStarMakerGenerated/BS2b/20260918T113218379Z-d57c83c24a864a4e811434ed160fd733/bs2b-owner.marker' with importer (DefaultImporter)
Imported 'GUID: 27eb0e62fecda6b40b909a2ece6761cd' -> (Import Result ID: '565586b4b42508a8ec4ec195faa9c932') in 0.050 seconds [static dependencies only]. Details - ImportResultOutputID=949192bfb60df95087abee85cef370f0 DependenciesID=2dd55ff51a57b1da1657d5bc6c4d625b StaticDependenciesID=296d9b0a6bf26171766f6c8e9557e3f6 
Refreshing native plugins compatible for Editor in 24.87 ms, found 4 plugins.
Asset Pipeline Refresh (id=a7eb5a174acbe1547ad60aa7b7efc3bf): Total: 0.148 seconds - Initiated by RefreshV2(NoUpdateAssetOptions)
Importing 'GUID: fcf6b9a916570d64abfb6c17398dd873 - Path: Assets/OneStarMakerGenerated/BS2b/20260918T113218379Z-d57c83c24a864a4e811434ed160fd733/BuildContentRoot.asset' with importer (NativeFormatImporter)
Imported 'GUID: fcf6b9a916570d64abfb6c17398dd873' -> (Import Result ID: '68444ac165f2c10ed54705506ef328af') in 0.001 seconds [static dependencies only]. Details - ImportResultOutputID=d1777ce0536d02120808045693bc9950 DependenciesID=06bb0222192dfa51a301124d82abb244 StaticDependenciesID=8ddd041ce2e265303335184ff770eb2f 
Refreshing native plugins compatible for Editor in 23.88 ms, found 4 plugins.
Asset Pipeline Refresh (id=09bcd53049d4583448a25ce2e8d842c9): Total: 0.095 seconds - Initiated by StopAssetImportingV2(NoUpdateAssetOptions)
Importing 'GUID: fcf6b9a916570d64abfb6c17398dd873 - Path: Assets/OneStarMakerGenerated/BS2b/20260918T113218379Z-d57c83c24a864a4e811434ed160fd733/BuildContentRoot.asset' with importer (NativeFormatImporter)
Imported 'GUID: fcf6b9a916570d64abfb6c17398dd873' -> (Import Result ID: '68444ac165f2c10ed54705506ef328af') in 0.002 seconds [static dependencies only]. Details - ImportResultOutputID=d1777ce0536d02120808045693bc9950 DependenciesID=06bb0222192dfa51a301124d82abb244 StaticDependenciesID=8ddd041ce2e265303335184ff770eb2f 
Refreshing native plugins compatible for Editor in 23.04 ms, found 4 plugins.
Asset Pipeline Refresh (id=834c2f8681b9a6f4998f8d47b22ec053): Total: 0.065 seconds - Initiated by StopAssetImportingV2(NoUpdateAssetOptions)
Importing 'GUID: fcf6b9a916570d64abfb6c17398dd873 - Path: Assets/OneStarMakerGenerated/BS2b/20260918T113218379Z-d57c83c24a864a4e811434ed160fd733/BuildContentRoot.asset' with importer (NativeFormatImporter)
Imported 'GUID: fcf6b9a916570d64abfb6c17398dd873' -> (Import Result ID: '68444ac165f2c10ed54705506ef328af') in 0.002 seconds [static dependencies only]. Details - ImportResultOutputID=d1777ce0536d02120808045693bc9950 DependenciesID=06bb0222192dfa51a301124d82abb244 StaticDependenciesID=8ddd041ce2e265303335184ff770eb2f 
Refreshing native plugins compatible for Editor in 22.52 ms, found 4 plugins.
Asset Pipeline Refresh (id=d341d83dbd7aee440bb550abe2105476): Total: 0.071 seconds - Initiated by StopAssetImportingV2(NoUpdateAssetOptions)
Importing 'GUID: 4b83569d67af61e458304325a23e5dfd - Path: Assets/Settings/PC_RPAsset.asset' with importer (NativeFormatImporter)
Imported 'GUID: 4b83569d67af61e458304325a23e5dfd' -> (Import Result ID: '2fcb55e6f37e916feb23474e154663f8') in 0.002 seconds [static dependencies only]. Details - ImportResultOutputID=eae66dc0e7a749d738136f6c7279b2f0 DependenciesID=d67c03d163a158e1a173c7d4f8dea317 StaticDependenciesID=272ab2bf0d55e49a9c6ca9c634f4d9aa 
Refreshing native plugins compatible for Editor in 22.36 ms, found 4 plugins.
Asset Pipeline Refresh (id=a0250667fcb3e434ba819b9a2748206b): Total: 0.059 seconds - Initiated by StopAssetImportingV2(NoUpdateAssetOptions)
Launched and connected shader compiler UnityShaderCompiler.exe after 0.11 seconds
Asset Pipeline Refresh (id=b208a744ac788664793cac2838305ebf): Total: 0.074 seconds - Initiated by StopAssetImportingV2(NoUpdateAssetOptions)
Opening scene 'Assets/SampleGame/OutGame/Title/Title.unity additively'
Loaded scene 'Assets/SampleGame/OutGame/Title/Title.unity'
	Deserialize:            3.435 ms
	Integration:            0.722 ms
	Integration of assets:  0.091 ms
	Thread Wait Time:       0.033 ms
	Total Operation Time:   4.281 ms
Pipeline: No RuntimePipelineManager components found in build scenes. Pipeline will be disabled in Player builds.
UnityEngine.Debug:ExtractStackTraceNoAlloc (byte*,int,string)
UnityEngine.StackTraceUtility:ExtractStackTrace ()
UnityEngine.DebugLogHandler:Internal_Log (UnityEngine.LogType,UnityEngine.LogOption,string,UnityEngine.Object)
UnityEngine.DebugLogHandler:LogFormat (UnityEngine.LogType,UnityEngine.Object,string,object[])
UnityEngine.Logger:Log (UnityEngine.LogType,object)
UnityEngine.Debug:LogWarning (object)
Unity.Pipeline.Editor.BuildProcessors.PipelineRuntimeBuildProcessor:OnPreprocessBuild (UnityEditor.Build.BuildCallbackContext) (at ./Library/PackageCache/com.unity.pipeline@f49636739437/Editor/BuildProcessors/PipelineRuntimeBuildProcessor.cs:48)
UnityEditor.Build.BuildPipelineInterfaces:OnBuildPreProcessWithContext (UnityEditor.Build.BuildCallbackContext)
UnityEditor.BuildPipeline:BuildContentDirectoryInternal (UnityEditor.BuildContentDirectoryParameters,UnityEngine.GUID)
UnityEditor.BuildPipeline:BuildContentDirectory (UnityEditor.BuildContentDirectoryParameters)
OneStarMaker.Editor.Build.Content.UnityContentDirectoryAdapter:Build (OneStarMaker.Editor.Build.Content.BuildContentProjectionResult,string,string) (at Assets/OneStarMaker/Scripts/Editor/Build/Content/UnityContentDirectoryAdapter.cs:93)
OneStarMaker.Editor.Build.Content.BuildContentCoordinator:Build (OneStarMaker.Editor.Build.Content.BuildContentRequest) (at Assets/OneStarMaker/Scripts/Editor/Build/Content/BuildContentCoordinator.cs:74)
OneStarMaker.Tests.Editor.Build.BuildContentDirectoryIntegrationTests/<ScenePrefabTextureAndTwoRepresentationsBuildAndMoveAsOneDirectory>d__4:MoveNext () (at Assets/OneStarMaker/Tests/Editor/Build/BuildContentDirectoryIntegrationTests.cs:120)
UnityEngine.TestTools.TestEnumerator/<Execute>d__8:MoveNext () (at ./Library/PackageCache/com.unity.test-framework@7a3849e09bd0/UnityEngine.TestRunner/NUnitExtensions/Attributes/TestEnumerator.cs:52)
UnityEngine.TestTools.EnumerableTestMethodCommand/<ExecuteEnumerableAndRecordExceptions>d__4:MoveNext () (at ./Library/PackageCache/com.unity.test-framework@7a3849e09bd0/UnityEngine.TestRunner/NUnitExtensions/Commands/EnumerableTestMethodCommand.cs:85)
UnityEngine.TestTools.EnumerableTestMethodCommand:AdvanceEnumerator (System.Collections.IEnumerator) (at ./Library/PackageCache/com.unity.test-framework@7a3849e09bd0/UnityEngine.TestRunner/NUnitExtensions/Commands/EnumerableTestMethodCommand.cs:64)
UnityEngine.TestTools.EnumerableTestMethodCommand/<ExecuteEnumerable>d__2:MoveNext () (at ./Library/PackageCache/com.unity.test-framework@7a3849e09bd0/UnityEngine.TestRunner/NUnitExtensions/Commands/EnumerableTestMethodCommand.cs:47)
UnityEngine.TestRunner.NUnitExtensions.Runner.UnityLogCheckDelegatingCommand/<ExecuteEnumerable>d__4:MoveNext () (at ./Library/PackageCache/com.unity.test-framework@7a3849e09bd0/UnityEngine.TestRunner/NUnitExtensions/Runner/UnityLogCheckDelegatingCommand.cs:66)
UnityEngine.TestTools.BeforeAfterTestCommandBase`1/<ExecuteEnumerable>d__16<NUnit.Framework.ITestAction>:MoveNext () (at ./Library/PackageCache/com.unity.test-framework@7a3849e09bd0/UnityEngine.TestRunner/NUnitExtensions/Commands/BeforeAfterTestCommandBase.cs:213)
UnityEngine.TestTools.BeforeAfterTestCommandBase`1/<ExecuteEnumerable>d__16<System.Reflection.MethodInfo>:MoveNext () (at ./Library/PackageCache/com.unity.test-framework@7a3849e09bd0/UnityEngine.TestRunner/NUnitExtensions/Commands/BeforeAfterTestCommandBase.cs:213)
UnityEngine.TestTools.BeforeAfterTestCommandBase`1/<ExecuteEnumerable>d__16<System.Reflection.MethodInfo>:MoveNext () (at ./Library/PackageCache/com.unity.test-framework@7a3849e09bd0/UnityEngine.TestRunner/NUnitExtensions/Commands/BeforeAfterTestCommandBase.cs:213)
UnityEngine.TestTools.BeforeAfterTestCommandBase`1/<ExecuteEnumerable>d__16<UnityEngine.TestTools.IOuterUnityTestAction>:MoveNext () (at ./Library/PackageCache/com.unity.test-framework@7a3849e09bd0/UnityEngine.TestRunner/NUnitExtensions/Commands/BeforeAfterTestCommandBase.cs:213)
UnityEngine.TestTools.RetryCommand/<ExecuteEnumerable>d__2:MoveNext () (at ./Library/PackageCache/com.unity.test-framework@7a3849e09bd0/UnityEngine.TestRunner/NUnitExtensions/Commands/RetryCommand.cs:37)
UnityEngine.TestTools.RepeatCommand/<ExecuteEnumerable>d__2:MoveNext () (at ./Library/PackageCache/com.unity.test-framework@7a3849e09bd0/UnityEngine.TestRunner/NUnitExtensions/Commands/RepeatCommand.cs:36)
UnityEngine.TestTools.IgnoreTestCommand/<ExecuteEnumerable>d__3:MoveNext () (at ./Library/PackageCache/com.unity.test-framework@7a3849e09bd0/UnityEngine.TestRunner/NUnitExtensions/Commands/IgnoreTestCommand.cs:42)
UnityEngine.TestTools.StrictCheckCommand/<ExecuteEnumerable>d__2:MoveNext () (at ./Library/PackageCache/com.unity.test-framework@7a3849e09bd0/UnityEngine.TestRunner/NUnitExtensions/Commands/StrictCheckCommand.cs:29)
UnityEditor.TestTools.TestRunner.EditorEnumeratorTestWorkItem/<PerformWork>d__3:MoveNext () (at ./Library/PackageCache/com.unity.test-framework@7a3849e09bd0/UnityEditor.TestRunner/TestRunner/EditorEnumeratorTestWorkItem.cs:97)
UnityEngine.TestRunner.NUnitExtensions.Runner.CompositeWorkItem/<RunChildren>d__17:MoveNext () (at ./Library/PackageCache/com.unity.test-framework@7a3849e09bd0/UnityEngine.TestRunner/NUnitExtensions/Runner/CompositeWorkItem.cs:209)
UnityEngine.TestRunner.NUnitExtensions.Runner.CompositeWorkItem/<PerformWork>d__13:MoveNext () (at ./Library/PackageCache/com.unity.test-framework@7a3849e09bd0/UnityEngine.TestRunner/NUnitExtensions/Runner/CompositeWorkItem.cs:83)
UnityEngine.TestRunner.NUnitExtensions.Runner.CompositeWorkItem/<RunChildren>d__17:MoveNext () (at ./Library/PackageCache/com.unity.test-framework@7a3849e09bd0/UnityEngine.TestRunner/NUnitExtensions/Runner/CompositeWorkItem.cs:209)
UnityEngine.TestRunner.NUnitExtensions.Runner.CompositeWorkItem/<PerformWork>d__13:MoveNext () (at ./Library/PackageCache/com.unity.test-framework@7a3849e09bd0/UnityEngine.TestRunner/NUnitExtensions/Runner/CompositeWorkItem.cs:83)
UnityEngine.TestRunner.NUnitExtensions.Runner.CompositeWorkItem/<RunChildren>d__17:MoveNext () (at ./Library/PackageCache/com.unity.test-framework@7a3849e09bd0/UnityEngine.TestRunner/NUnitExtensions/Runner/CompositeWorkItem.cs:209)
UnityEngine.TestRunner.NUnitExtensions.Runner.CompositeWorkItem/<PerformWork>d__13:MoveNext () (at ./Library/PackageCache/com.unity.test-framework@7a3849e09bd0/UnityEngine.TestRunner/NUnitExtensions/Runner/CompositeWorkItem.cs:83)
UnityEngine.TestRunner.NUnitExtensions.Runner.CompositeWorkItem/<RunChildren>d__17:MoveNext () (at ./Library/PackageCache/com.unity.test-framework@7a3849e09bd0/UnityEngine.TestRunner/NUnitExtensions/Runner/CompositeWorkItem.cs:209)
UnityEngine.TestRunner.NUnitExtensions.Runner.CompositeWorkItem/<PerformWork>d__13:MoveNext () (at ./Library/PackageCache/com.unity.test-framework@7a3849e09bd0/UnityEngine.TestRunner/NUnitExtensions/Runner/CompositeWorkItem.cs:83)
UnityEngine.TestRunner.NUnitExtensions.Runner.CompositeWorkItem/<RunChildren>d__17:MoveNext () (at ./Library/PackageCache/com.unity.test-framework@7a3849e09bd0/UnityEngine.TestRunner/NUnitExtensions/Runner/CompositeWorkItem.cs:209)
UnityEngine.TestRunner.NUnitExtensions.Runner.CompositeWorkItem/<PerformWork>d__13:MoveNext () (at ./Library/PackageCache/com.unity.test-framework@7a3849e09bd0/UnityEngine.TestRunner/NUnitExtensions/Runner/CompositeWorkItem.cs:83)
UnityEngine.TestRunner.NUnitExtensions.Runner.CompositeWorkItem/<RunChildren>d__17:MoveNext () (at ./Library/PackageCache/com.unity.test-framework@7a3849e09bd0/UnityEngine.TestRunner/NUnitExtensions/Runner/CompositeWorkItem.cs:209)
UnityEngine.TestRunner.NUnitExtensions.Runner.CompositeWorkItem/<PerformWork>d__13:MoveNext () (at ./Library/PackageCache/com.unity.test-framework@7a3849e09bd0/UnityEngine.TestRunner/NUnitExtensions/Runner/CompositeWorkItem.cs:83)
UnityEngine.TestRunner.NUnitExtensions.Runner.CompositeWorkItem/<RunChildren>d__17:MoveNext () (at ./Library/PackageCache/com.unity.test-framework@7a3849e09bd0/UnityEngine.TestRunner/NUnitExtensions/Runner/CompositeWorkItem.cs:209)
UnityEngine.TestRunner.NUnitExtensions.Runner.CompositeWorkItem/<PerformWork>d__13:MoveNext () (at ./Library/PackageCache/com.unity.test-framework@7a3849e09bd0/UnityEngine.TestRunner/NUnitExtensions/Runner/CompositeWorkItem.cs:83)
UnityEditor.TestTools.TestRunner.EditModeRunner:MoveNextAndUpdateYieldObject () (at ./Library/PackageCache/com.unity.test-framework@7a3849e09bd0/UnityEditor.TestRunner/TestRunner/EditModeRunner.cs:180)
UnityEditor.TestTools.TestRunner.EditModeRunner:TestConsumer (UnityEditor.TestTools.TestRunner.TestRunnerStateSerializer) (at ./Library/PackageCache/com.unity.test-framework@7a3849e09bd0/UnityEditor.TestRunner/TestRunner/EditModeRunner.cs:220)
UnityEditor.TestTools.TestRunner.TestRun.Tasks.EditModeRunTask/<Execute>d__1:MoveNext () (at ./Library/PackageCache/com.unity.test-framework@7a3849e09bd0/UnityEditor.TestRunner/TestRun/Tasks/EditModeRunTask.cs:48)
UnityEditor.TestTools.TestRunner.TestRun.TestJobRunner:ExecuteStep () (at ./Library/PackageCache/com.unity.test-framework@7a3849e09bd0/UnityEditor.TestRunner/TestRun/TestJobRunner.cs:194)
UnityEditor.TestTools.TestRunner.TestRun.TestJobRunner:ExecuteCallback () (at ./Library/PackageCache/com.unity.test-framework@7a3849e09bd0/UnityEditor.TestRunner/TestRun/TestJobRunner.cs:129)
UnityEditor.EditorApplication:Internal_CallUpdateFunctions ()

(Filename: ./Library/PackageCache/com.unity.pipeline@f49636739437/Editor/BuildProcessors/PipelineRuntimeBuildProcessor.cs Line: 48)

Importing 'GUID: 4b83569d67af61e458304325a23e5dfd - Path: Assets/Settings/PC_RPAsset.asset' with importer (NativeFormatImporter)
Imported 'GUID: 4b83569d67af61e458304325a23e5dfd' -> (Import Result ID: '2fcb55e6f37e916feb23474e154663f8') in 0.001 seconds [static dependencies only]. Details - ImportResultOutputID=eae66dc0e7a749d738136f6c7279b2f0 DependenciesID=d67c03d163a158e1a173c7d4f8dea317 StaticDependenciesID=272ab2bf0d55e49a9c6ca9c634f4d9aa 
Refreshing native plugins compatible for Editor in 22.18 ms, found 4 plugins.
Asset Pipeline Refresh (id=82d29f774400ddb4684c6317b5a81e82): Total: 0.062 seconds - Initiated by StopAssetImportingV2(NoUpdateAssetOptions)
Asset Pipeline Refresh (id=038a249705cd5eb48a4b57a28fbafda5): Total: 0.100 seconds - Initiated by RefreshV2(NoUpdateAssetOptions)
[ScriptCompilation] Requested script compilation because: Recompiling all scripts before compiling player scripts because Auto Refresh is disabled.
Starting: D:\UnityEditor\6000.6.0f1\Editor\Data\Tools\BuildPipeline\bee_backend.exe --ipc --defer-dag-verification --dagfile="Library/Bee/1900b0aEDbg.dag" --continue-on-failure --profile="Library/Bee/backend1.traceevents" ScriptAssemblies
WorkingDir: D:/repositories/unity/SampleGameForOneStarMakerFramework/unity
ExitCode: 0 Duration: 1s82ms
[1422/1925  0s] ILPP-Configuration Library/ilpp-configuration.nevergeneratedoutput
*** Tundra build success (1.05 seconds), 1 items updated, 1925 evaluated
Total cache size 267210888
Total cache size after purge 267210888, took 00:00:00.9175314
[ScriptCompilation] Requested script compilation because: Compiling scripts for player
Starting: D:\UnityEditor\6000.6.0f1\Editor\Data\Tools\BuildPipeline\bee_backend.exe --ipc --defer-dag-verification --dagfile="Library/Bee/1900b0aP.dag" --continue-on-failure --profile="Library/Bee/backend1.traceevents" ScriptAssembliesAndTypeDB
WorkingDir: D:/repositories/unity/SampleGameForOneStarMakerFramework/unity
ExitCode: 0 Duration: 10s
[ 416/1248  0s] WriteResponseFile Library/Bee/artifacts/rsp/4747638433968585886.rsp
[ 980/1248  0s] ILPP-Configuration Library/ilpp-configuration.nevergeneratedoutput
[1060/1248  0s] CopyFiles Library/PlayerScriptAssemblies/Unity.Services.Core.dll
[1061/1248  0s] CopyFiles Library/PlayerScriptAssemblies/Unity.Services.Core.Registration.dll
[1062/1248  0s] CopyFiles Library/PlayerScriptAssemblies/Unity.Timeline.dll
[1063/1248  0s] CopyFiles Library/PlayerScriptAssemblies/Unity.RenderPipelines.Universal.2D.Runtime.dll
[1064/1248  0s] CopyFiles Library/PlayerScriptAssemblies/Unity.Collections.Tests.CoreCLR.PrivateJobNested.dll
[1065/1248  0s] CopyFiles Library/PlayerScriptAssemblies/Unity.AI.Navigation.dll
[1066/1248  0s] CopyFiles Library/PlayerScriptAssemblies/Unity.InternalAPIEngineBridge.004.dll
[1067/1248  0s] CopyFiles Library/PlayerScriptAssemblies/UnityEngine.UI.dll
[1068/1248  0s] CopyFiles Library/PlayerScriptAssemblies/Unity.Addressables.dll
[1069/1248  0s] CopyFiles Library/PlayerScriptAssemblies/Unity.InternalAPIEngineBridge.ObjectDispatcher.Runtime.dll
[1070/1248  0s] CopyFiles Library/PlayerScriptAssemblies/Unity.Purchasing.SecurityCore.dll
[1071/1248  0s] CopyFiles Library/PlayerScriptAssemblies/Unity.Collections.dll
[1072/1248  0s] CopyFiles Library/PlayerScriptAssemblies/Unity.ResourceManager.dll
[1073/1248  0s] CopyFiles Library/PlayerScriptAssemblies/Unity.InternalAPIEngineBridge.RenderPipelines.Core.Runtime.Shared.dll
[1074/1248  0s] CopyFiles Library/PlayerScriptAssemblies/Unity.Collections.Tests.CoreCLR.ProtectedJobNested.dll
[1075/1248  0s] CopyFiles Library/PlayerScriptAssemblies/UnityEngine.SpatialTracking.dll
[1076/1248  0s] CopyFiles Library/PlayerScriptAssemblies/Unity.Services.Core.Components.dll
[1077/1248  0s] CopyFiles Library/PlayerScriptAssemblies/Unity.Purchasing.SecurityStub.dll
[1078/1248  0s] CopyFiles Library/PlayerScriptAssemblies/Unity.Purchasing.Stores.dll
[1079/1248  0s] CopyFiles Library/PlayerScriptAssemblies/Unity.Purchasing.Stores.XboxCloudServices.dll
[1080/1248  0s] CopyFiles Library/PlayerScriptAssemblies/UniTask.DOTween.dll
[1081/1248  0s] CopyFiles Library/PlayerScriptAssemblies/UniTask.TextMeshPro.dll
[1082/1248  0s] CopyFiles Library/PlayerScriptAssemblies/Unity.RenderPipelines.GPUDriven.Runtime.dll
[1083/1248  0s] CopyFiles Library/PlayerScriptAssemblies/Unity.Purchasing.AppleMacosStub.dll
[1084/1248  0s] CopyFiles Library/PlayerScriptAssemblies/Unity.RenderPipelines.ShaderGraph.ShaderGraphLibrary.dll
[1085/1248  0s] CopyFiles Library/PlayerScriptAssemblies/Domain_Reload.dll
[1086/1248  0s] CopyFiles Library/PlayerScriptAssemblies/Unity.Purchasing.LiveContentAdapterService.dll
[1087/1248  0s] CopyFiles Library/PlayerScriptAssemblies/Unity.PathTracing.Runtime.dll
[1088/1248  0s] CopyFiles Library/PlayerScriptAssemblies/Unity.VisualScripting.Core.dll
[1089/1248  0s] CopyFiles Library/PlayerScriptAssemblies/LitMotion.Extensions.dll
[1090/1248  0s] CopyFiles Library/PlayerScriptAssemblies/OneStarMaker.Foundation.dll
[1091/1248  0s] CopyFiles Library/PlayerScriptAssemblies/Unity.Analytics.DataPrivacy.dll
[1092/1248  0s] CopyFiles Library/PlayerScriptAssemblies/Unity.ScriptableBuildPipeline.dll
[1093/1248  0s] CopyFiles Library/PlayerScriptAssemblies/UnityEngine.Advertisements.dll
[1094/1248  0s] CopyFiles Library/PlayerScriptAssemblies/Unity.Mathematics.dll
[1095/1248  0s] CopyFiles Library/PlayerScriptAssemblies/Unity.Purchasing.Codeless.dll
[1096/1248  0s] CopyFiles Library/PlayerScriptAssemblies/Unity.Splines.dll
[1097/1248  0s] CopyFiles Library/PlayerScriptAssemblies/UniTask.Addressables.dll
[1098/1248  0s] CopyFiles Library/PlayerScriptAssemblies/Unity.RenderPipelines.Core.ShaderLibrary.dll
[1099/1248  0s] CopyFiles Library/PlayerScriptAssemblies/Unity.Services.Core.Scheduler.dll
[1100/1248  0s] CopyFiles Library/PlayerScriptAssemblies/Unity.Cinemachine.dll
[1101/1248  0s] CopyFiles Library/PlayerScriptAssemblies/Unity.Purchasing.AppleStub.dll
[1102/1248  0s] CopyFiles Library/PlayerScriptAssemblies/Unity.Services.Core.Device.dll
[1103/1248  0s] CopyFiles Library/PlayerScriptAssemblies/Unity.Services.Core.Internal.dll
[1104/1248  0s] CopyFiles Library/PlayerScriptAssemblies/Unity.Purchasing.WebshopService.dll
[1105/1248  0s] CopyFiles Library/PlayerScriptAssemblies/Unity.Services.Core.Analytics.dll
[1106/1248  0s] CopyFiles Library/PlayerScriptAssemblies/Unity.UnifiedRayTracing.Runtime.dll
[1107/1248  0s] CopyFiles Library/PlayerScriptAssemblies/UnityEngine.XR.LegacyInputHelpers.dll
[1108/1248  0s] CopyFiles Library/PlayerScriptAssemblies/Unity.Services.Core.Environments.Internal.dll
[1109/1248  0s] CopyFiles Library/PlayerScriptAssemblies/Unity.Collections.Tests.CoreCLR.PublicJobPrivateGeneric.dll
[1110/1248  0s] CopyFiles Library/PlayerScriptAssemblies/Unity.Purchasing.dll
[1111/1248  0s] CopyFiles Library/PlayerScriptAssemblies/Unity.VisualScripting.State.dll
[1112/1248  0s] CopyFiles Library/PlayerScriptAssemblies/LitMotion.dll
[1113/1248  0s] CopyFiles Library/PlayerScriptAssemblies/Unity.RenderPipelines.Core.Runtime.Shared.dll
[1114/1248  0s] CopyFiles Library/PlayerScriptAssemblies/Unity.InputSystem.dll
[1115/1248  0s] CopyFiles Library/PlayerScriptAssemblies/Unity.Purchasing.Utilities.dll
[1116/1248  0s] CopyFiles Library/PlayerScriptAssemblies/UniTask.Linq.dll
[1117/1248  0s] CopyFiles Library/PlayerScriptAssemblies/Unity.TextMeshPro.dll
[1118/1248  0s] CopyFiles Library/PlayerScriptAssemblies/Unity.Burst.dll
[1119/1248  0s] CopyFiles Library/PlayerScriptAssemblies/Unity.Pipeline.dll
[1120/1248  0s] CopyFiles Library/PlayerScriptAssemblies/Unity.Services.Core.Networking.dll
[1121/1248  0s] CopyFiles Library/PlayerScriptAssemblies/Unity.RenderPipelines.Universal.Config.Runtime.dll
[1122/1248  0s] CopyFiles Library/PlayerScriptAssemblies/Unity.VisualScripting.DocCodeExamples.dll
[1123/1248  0s] CopyFiles Library/PlayerScriptAssemblies/Unity.Services.Core.Environments.dll
[1124/1248  0s] CopyFiles Library/PlayerScriptAssemblies/Unity.SurfaceCache.Runtime.dll
[1125/1248  0s] CopyFiles Library/PlayerScriptAssemblies/UniTask.dll
[1126/1248  0s] CopyFiles Library/PlayerScriptAssemblies/Unity.Services.Core.Telemetry.dll
[1127/1248  0s] CopyFiles Library/PlayerScriptAssemblies/Unity.Services.Analytics.dll
[1128/1248  0s] CopyFiles Library/PlayerScriptAssemblies/Unity.RenderPipeline.Universal.ShaderLibrary.dll
[1129/1248  0s] CopyFiles Library/PlayerScriptAssemblies/Unity.RenderPipelines.Universal.Runtime.dll
[1130/1248  0s] CopyFiles Library/PlayerScriptAssemblies/Unity.Services.Core.Threading.dll
[1131/1248  0s] CopyFiles Library/PlayerScriptAssemblies/Unity.VisualScripting.Flow.dll
[1132/1248  0s] CopyFiles Library/PlayerScriptAssemblies/Unity.Collections.Tests.CoreCLR.InternalJobNestedPrivate.dll
[1133/1248  0s] CopyFiles Library/PlayerScriptAssemblies/Unity.Services.Core.Configuration.dll
[1134/1248  0s] CopyFiles Library/PlayerScriptAssemblies/Unity.Purchasing.PaymentProviderService.dll
[1135/1248  0s] CopyFiles Library/PlayerScriptAssemblies/Unity.InputSystem.ForUI.dll
[1136/1248  0s] CopyFiles Library/PlayerScriptAssemblies/Unity.RenderPipelines.Universal.Shaders.dll
[1137/1248  0s] CopyFiles Library/PlayerScriptAssemblies/Unity.Profiling.Core.dll
[1138/1248  0s] CopyFiles Library/PlayerScriptAssemblies/Unity.Collections.Tests.CoreCLR.ProtectedJobNested.pdb
[1139/1248  0s] CopyFiles Library/PlayerScriptAssemblies/UnityEngine.SpatialTracking.pdb
[1140/1248  0s] CopyFiles Library/PlayerScriptAssemblies/Unity.ResourceManager.pdb
[1141/1248  0s] CopyFiles Library/PlayerScriptAssemblies/Unity.Purchasing.SecurityStub.pdb
[1142/1248  0s] CopyFiles Library/PlayerScriptAssemblies/Unity.Collections.pdb
[1143/1248  0s] CopyFiles Library/PlayerScriptAssemblies/Unity.Addressables.pdb
[1144/1248  0s] CopyFiles Library/PlayerScriptAssemblies/UniTask.TextMeshPro.pdb
[1145/1248  0s] CopyFiles Library/PlayerScriptAssemblies/UnityEngine.UI.pdb
[1146/1248  0s] CopyFiles Library/PlayerScriptAssemblies/Unity.Purchasing.AppleMacosStub.pdb
[1147/1248  0s] CopyFiles Library/PlayerScriptAssemblies/Domain_Reload.pdb
[1148/1248  0s] CopyFiles Library/PlayerScriptAssemblies/Unity.Purchasing.LiveContentAdapterService.pdb
[1149/1248  0s] CopyFiles Library/PlayerScriptAssemblies/Unity.RenderPipelines.ShaderGraph.ShaderGraphLibrary.pdb
[1150/1248  0s] CopyFiles Library/PlayerScriptAssemblies/Unity.Timeline.pdb
[1151/1248  0s] CopyFiles Library/PlayerScriptAssemblies/Unity.Services.Core.pdb
[1152/1248  0s] CopyFiles Library/PlayerScriptAssemblies/LitMotion.Extensions.pdb
[1153/1248  0s] CopyFiles Library/PlayerScriptAssemblies/UnityEngine.Advertisements.pdb
[1154/1248  0s] CopyFiles Library/PlayerScriptAssemblies/Unity.InternalAPIEngineBridge.RenderPipelines.Core.Runtime.Shared.pdb
[1155/1248  0s] CopyFiles Library/PlayerScriptAssemblies/Unity.RenderPipelines.Core.Runtime.dll
[1156/1248  0s] CopyFiles Library/PlayerScriptAssemblies/Unity.Purchasing.SecurityCore.pdb
[1157/1248  0s] CopyFiles Library/PlayerScriptAssemblies/Unity.InternalAPIEngineBridge.ObjectDispatcher.Runtime.pdb
[1158/1248  0s] CopyFiles Library/PlayerScriptAssemblies/Unity.Cinemachine.pdb
[1159/1248  0s] CopyFiles Library/PlayerScriptAssemblies/Unity.Services.Core.Registration.pdb
[1160/1248  0s] CopyFiles Library/PlayerScriptAssemblies/Unity.Services.Core.Analytics.pdb
[1161/1248  0s] CopyFiles Library/PlayerScriptAssemblies/Unity.Splines.pdb
[1162/1248  0s] CopyFiles Library/PlayerScriptAssemblies/Unity.Mathematics.pdb
[1163/1248  0s] CopyFiles Library/PlayerScriptAssemblies/UnityEngine.XR.LegacyInputHelpers.pdb
[1164/1248  0s] CopyFiles Library/PlayerScriptAssemblies/Unity.Purchasing.pdb
[1165/1248  0s] CopyFiles Library/PlayerScriptAssemblies/Unity.RenderPipelines.Universal.2D.Runtime.pdb
[1166/1248  0s] CopyFiles Library/PlayerScriptAssemblies/Unity.InternalAPIEngineBridge.004.pdb
[1167/1248  0s] CopyFiles Library/PlayerScriptAssemblies/UniTask.Linq.pdb
[1168/1248  0s] CopyFiles Library/PlayerScriptAssemblies/Unity.Services.Core.Scheduler.pdb
[1169/1248  0s] CopyFiles Library/PlayerScriptAssemblies/Unity.Purchasing.WebshopService.pdb
[1170/1248  0s] CopyFiles Library/PlayerScriptAssemblies/Unity.UnifiedRayTracing.Runtime.pdb
[1171/1248  0s] CopyFiles Library/PlayerScriptAssemblies/LitMotion.pdb
[1172/1248  0s] CopyFiles Library/PlayerScriptAssemblies/Unity.SurfaceCache.Runtime.pdb
[1173/1248  0s] CopyFiles Library/PlayerScriptAssemblies/UniTask.Addressables.pdb
[1174/1248  0s] CopyFiles Library/PlayerScriptAssemblies/Unity.Services.Analytics.pdb
[1175/1248  0s] CopyFiles Library/PlayerScriptAssemblies/Unity.RenderPipelines.Core.ShaderLibrary.pdb
[1176/1248  0s] CopyFiles Library/PlayerScriptAssemblies/Unity.InputSystem.ForUI.pdb
[1177/1248  0s] CopyFiles Library/PlayerScriptAssemblies/Unity.Services.Core.Environments.pdb
[1178/1248  0s] CopyFiles Library/PlayerScriptAssemblies/Unity.Services.Core.Networking.pdb
[1179/1248  0s] CopyFiles Library/PlayerScriptAssemblies/Unity.Purchasing.Stores.XboxCloudServices.pdb
[1180/1248  0s] CopyFiles Library/PlayerScriptAssemblies/Unity.Services.Core.Environments.Internal.pdb
[1181/1248  0s] CopyFiles Library/PlayerScriptAssemblies/UniTask.DOTween.pdb
[1182/1248  0s] CopyFiles Library/PlayerScriptAssemblies/Unity.RenderPipelines.GPUDriven.Runtime.pdb
[1183/1248  0s] CopyFiles Library/PlayerScriptAssemblies/Unity.Burst.pdb
[1184/1248  0s] CopyFiles Library/PlayerScriptAssemblies/Unity.Services.Core.Internal.pdb
[1185/1248  0s] CopyFiles Library/PlayerScriptAssemblies/Unity.PathTracing.Runtime.pdb
[1186/1248  0s] CopyFiles Library/PlayerScriptAssemblies/Unity.AI.Navigation.pdb
[1187/1248  0s] CopyFiles Library/PlayerScriptAssemblies/Unity.ScriptableBuildPipeline.pdb
[1188/1248  0s] CopyFiles Library/PlayerScriptAssemblies/Unity.Purchasing.Codeless.pdb
[1189/1248  0s] CopyFiles Library/PlayerScriptAssemblies/Unity.RenderPipelines.Core.Runtime.pdb
[1190/1248  0s] CopyFiles Library/PlayerScriptAssemblies/Unity.RenderPipelines.Universal.Runtime.pdb
[1191/1248  0s] CopyFiles Library/PlayerScriptAssemblies/Unity.Services.Core.Telemetry.pdb
[1192/1248  0s] CopyFiles Library/PlayerScriptAssemblies/Unity.RenderPipeline.Universal.ShaderLibrary.pdb
[1193/1248  0s] CopyFiles Library/PlayerScriptAssemblies/Unity.VisualScripting.Flow.pdb
[1194/1248  0s] CopyFiles Library/PlayerScriptAssemblies/Unity.InputSystem.pdb
[1195/1248  0s] CopyFiles Library/PlayerScriptAssemblies/Unity.Purchasing.PaymentProviderService.pdb
[1196/1248  0s] CopyFiles Library/PlayerScriptAssemblies/Unity.RenderPipelines.Universal.Config.Runtime.pdb
[1197/1248  0s] CopyFiles Library/PlayerScriptAssemblies/Unity.RenderPipelines.Universal.Shaders.pdb
[1198/1248  0s] CopyFiles Library/PlayerScriptAssemblies/Unity.Services.Core.Configuration.pdb
[1199/1248  0s] CopyFiles Library/PlayerScriptAssemblies/Unity.RenderPipelines.Core.Runtime.Shared.pdb
[1200/1248  0s] CopyFiles Library/PlayerScriptAssemblies/Unity.TextMeshPro.pdb
[1201/1248  0s] CopyFiles Library/PlayerScriptAssemblies/Unity.Pipeline.pdb
[1202/1248  0s] CopyFiles Library/PlayerScriptAssemblies/OneStarMaker.Foundation.pdb
[1203/1248  0s] CopyFiles Library/PlayerScriptAssemblies/Unity.VisualScripting.DocCodeExamples.pdb
[1204/1248  0s] CopyFiles Library/PlayerScriptAssemblies/UniTask.pdb
[1205/1248  0s] CopyFiles Library/PlayerScriptAssemblies/Unity.Services.Core.Device.pdb
[1206/1248  0s] CopyFiles Library/PlayerScriptAssemblies/Unity.Collections.Tests.CoreCLR.PrivateJobNested.pdb
[1207/1248  0s] CopyFiles Library/PlayerScriptAssemblies/Unity.Purchasing.AppleStub.pdb
[1208/1248  0s] CopyFiles Library/PlayerScriptAssemblies/Unity.Collections.Tests.CoreCLR.PublicJobPrivateGeneric.pdb
[1209/1248  0s] CopyFiles Library/PlayerScriptAssemblies/Unity.Services.Core.Threading.pdb
[1210/1248  0s] CopyFiles Library/PlayerScriptAssemblies/Unity.Analytics.DataPrivacy.pdb
[1211/1248  0s] CopyFiles Library/PlayerScriptAssemblies/Unity.Collections.Tests.CoreCLR.InternalJobNestedPrivate.pdb
[1212/1248  0s] CopyFiles Library/PlayerScriptAssemblies/Unity.Services.Core.Components.pdb
[1213/1248  0s] CopyFiles Library/PlayerScriptAssemblies/Unity.VisualScripting.State.pdb
[1214/1248  0s] CopyFiles Library/PlayerScriptAssemblies/Unity.Profiling.Core.pdb
[1215/1248  0s] CopyFiles Library/PlayerScriptAssemblies/Unity.Purchasing.Stores.pdb
[1216/1248  0s] CopyFiles Library/PlayerScriptAssemblies/Unity.Purchasing.Utilities.pdb
[1217/1248  0s] CopyFiles Library/PlayerScriptAssemblies/Unity.VisualScripting.Core.pdb
[1218/1248  3s] Csc Library/Bee/artifacts/1900b0aP.dag/OneStarMaker.Runtime.dll (+2 others)
Assets\OneStarMaker\Scripts\Runtime\SceneSystem\ISceneController.cs(27,26): warning CS8632: The annotation for nullable reference types should only be used in code within a '#nullable' annotations context.

Assets\OneStarMaker\Scripts\Runtime\SceneSystem\ISceneController.cs(29,25): warning CS8632: The annotation for nullable reference types should only be used in code within a '#nullable' annotations context.

Assets\OneStarMaker\Scripts\Runtime\SceneSystem\ISceneController.cs(30,41): warning CS8632: The annotation for nullable reference types should only be used in code within a '#nullable' annotations context.

Assets\OneStarMaker\Scripts\Runtime\SceneSystem\ISceneController.cs(32,48): warning CS8632: The annotation for nullable reference types should only be used in code within a '#nullable' annotations context.

Assets\OneStarMaker\Scripts\Runtime\SceneSystem\ISceneController.cs(48,48): warning CS8632: The annotation for nullable reference types should only be used in code within a '#nullable' annotations context.

Assets\OneStarMaker\Scripts\Runtime\SceneSystem\ISceneController.cs(75,22): warning CS8632: The annotation for nullable reference types should only be used in code within a '#nullable' annotations context.

Assets\OneStarMaker\Scripts\Runtime\SceneSystem\ISceneController.cs(78,28): warning CS8632: The annotation for nullable reference types should only be used in code within a '#nullable' annotations context.

Assets\OneStarMaker\Scripts\Runtime\SceneSystem\ISceneController.cs(80,51): warning CS8632: The annotation for nullable reference types should only be used in code within a '#nullable' annotations context.

Assets\OneStarMaker\Scripts\Runtime\SceneSystem\ISceneController.cs(99,25): warning CS8632: The annotation for nullable reference types should only be used in code within a '#nullable' annotations context.

Assets\OneStarMaker\Scripts\Runtime\SceneSystem\ISceneController.cs(101,48): warning CS8632: The annotation for nullable reference types should only be used in code within a '#nullable' annotations context.

Assets\OneStarMaker\Scripts\Runtime\BuildContent\ContentDirectoryIndex.cs(74,73): warning CS8604: Possible null reference argument for parameter 'value' in 'string ContentDirectoryIndex.EffectiveRepresentation(string value)'.
[1225/1248  0s] ILPostProcess Library/Bee/artifacts/1900b0aP.dag/post-processed/SampleGame.DependOnAll.dll (+pdb)
Processing assembly Library/Bee/artifacts/1900b0aP.dag/SampleGame.DependOnAll.dll, with 135 defines and 226 references

processors: Unity.Jobs.CodeGen.JobsILPostProcessor, Unity.Pipeline.CodeGen.HotReloadInPlaceILPostProcessor, zzzUnity.Burst.CodeGen.BurstILPostProcessor

1 processor(s) skipped this assembly

running Unity.Jobs.CodeGen.JobsILPostProcessor

running Unity.Pipeline.CodeGen.HotReloadInPlaceILPostProcessor
[1226/1248  0s] ILPostProcess Library/Bee/artifacts/1900b0aP.dag/post-processed/SampleGame.OutGame.dll (+pdb)
Processing assembly Library/Bee/artifacts/1900b0aP.dag/SampleGame.OutGame.dll, with 135 defines and 225 references

processors: Unity.Jobs.CodeGen.JobsILPostProcessor, Unity.Pipeline.CodeGen.HotReloadInPlaceILPostProcessor, zzzUnity.Burst.CodeGen.BurstILPostProcessor

1 processor(s) skipped this assembly

running Unity.Jobs.CodeGen.JobsILPostProcessor

running Unity.Pipeline.CodeGen.HotReloadInPlaceILPostProcessor
[1227/1248  0s] ILPostProcess Library/Bee/artifacts/1900b0aP.dag/post-processed/Assembly-CSharp.dll (+pdb)
Processing assembly Library/Bee/artifacts/1900b0aP.dag/Assembly-CSharp.dll, with 135 defines and 311 references

processors: Unity.Jobs.CodeGen.JobsILPostProcessor, Unity.Pipeline.CodeGen.HotReloadInPlaceILPostProcessor, zzzUnity.Burst.CodeGen.BurstILPostProcessor

1 processor(s) skipped this assembly

running Unity.Jobs.CodeGen.JobsILPostProcessor

running Unity.Pipeline.CodeGen.HotReloadInPlaceILPostProcessor
[1228/1248  0s] ILPostProcess Library/Bee/artifacts/1900b0aP.dag/post-processed/OneStarMaker.Debug.dll (+pdb)
Processing assembly Library/Bee/artifacts/1900b0aP.dag/OneStarMaker.Debug.dll, with 135 defines and 225 references

processors: Unity.Jobs.CodeGen.JobsILPostProcessor, Unity.Pipeline.CodeGen.HotReloadInPlaceILPostProcessor, zzzUnity.Burst.CodeGen.BurstILPostProcessor

1 processor(s) skipped this assembly

running Unity.Jobs.CodeGen.JobsILPostProcessor

running Unity.Pipeline.CodeGen.HotReloadInPlaceILPostProcessor
[1229/1248  0s] ILPostProcess Library/Bee/artifacts/1900b0aP.dag/post-processed/SampleGame.Common.dll (+pdb)
Processing assembly Library/Bee/artifacts/1900b0aP.dag/SampleGame.Common.dll, with 135 defines and 222 references

processors: Unity.Jobs.CodeGen.JobsILPostProcessor, Unity.Pipeline.CodeGen.HotReloadInPlaceILPostProcessor, zzzUnity.Burst.CodeGen.BurstILPostProcessor

1 processor(s) skipped this assembly

running Unity.Jobs.CodeGen.JobsILPostProcessor

running Unity.Pipeline.CodeGen.HotReloadInPlaceILPostProcessor
[1230/1248  0s] ILPostProcess Library/Bee/artifacts/1900b0aP.dag/post-processed/OneStarMaker.Runtime.dll (+pdb)
Processing assembly Library/Bee/artifacts/1900b0aP.dag/OneStarMaker.Runtime.dll, with 135 defines and 229 references

processors: Unity.Jobs.CodeGen.JobsILPostProcessor, Unity.Pipeline.CodeGen.HotReloadInPlaceILPostProcessor, zzzUnity.Burst.CodeGen.BurstILPostProcessor

1 processor(s) skipped this assembly

running Unity.Jobs.CodeGen.JobsILPostProcessor

running Unity.Pipeline.CodeGen.HotReloadInPlaceILPostProcessor
[1231/1248  0s] CopyFiles Library/PlayerScriptAssemblies/SampleGame.DependOnAll.dll
[1232/1248  0s] CopyFiles Library/PlayerScriptAssemblies/SampleGame.DependOnAll.pdb
[1233/1248  0s] ILPostProcess Library/Bee/artifacts/1900b0aP.dag/post-processed/SampleGame.InGame.dll (+pdb)
Processing assembly Library/Bee/artifacts/1900b0aP.dag/SampleGame.InGame.dll, with 135 defines and 226 references

processors: Unity.Jobs.CodeGen.JobsILPostProcessor, Unity.Pipeline.CodeGen.HotReloadInPlaceILPostProcessor, zzzUnity.Burst.CodeGen.BurstILPostProcessor

1 processor(s) skipped this assembly

running Unity.Jobs.CodeGen.JobsILPostProcessor

running Unity.Pipeline.CodeGen.HotReloadInPlaceILPostProcessor
[1234/1248  0s] CopyFiles Library/PlayerScriptAssemblies/SampleGame.OutGame.dll
[1235/1248  0s] CopyFiles Library/PlayerScriptAssemblies/SampleGame.OutGame.pdb
[1236/1248  0s] CopyFiles Library/PlayerScriptAssemblies/Assembly-CSharp.pdb
[1237/1248  0s] CopyFiles Library/PlayerScriptAssemblies/Assembly-CSharp.dll
[1238/1248  0s] CopyFiles Library/PlayerScriptAssemblies/OneStarMaker.Debug.pdb
[1239/1248  0s] CopyFiles Library/PlayerScriptAssemblies/OneStarMaker.Debug.dll
[1240/1248  0s] CopyFiles Library/PlayerScriptAssemblies/SampleGame.Common.pdb
[1241/1248  0s] CopyFiles Library/PlayerScriptAssemblies/SampleGame.Common.dll
[1242/1248  0s] CopyFiles Library/PlayerScriptAssemblies/OneStarMaker.Runtime.dll
[1243/1248  0s] CopyFiles Library/PlayerScriptAssemblies/OneStarMaker.Runtime.pdb
[1244/1248  0s] CopyFiles Library/PlayerScriptAssemblies/SampleGame.InGame.pdb
[1245/1248  0s] CopyFiles Library/PlayerScriptAssemblies/SampleGame.InGame.dll
[1247/1248  2s] BuildPlayerDataGenerator Library/BuildPlayerData/Player/RuntimeInitializeOnLoads.json (+1 other)
*** Tundra build success (10.35 seconds), 183 items updated, 1248 evaluated
Assets\OneStarMaker\Scripts\Runtime\SceneSystem\ISceneController.cs(27,26): warning CS8632: The annotation for nullable reference types should only be used in code within a '#nullable' annotations context.
Assets\OneStarMaker\Scripts\Runtime\SceneSystem\ISceneController.cs(29,25): warning CS8632: The annotation for nullable reference types should only be used in code within a '#nullable' annotations context.
Assets\OneStarMaker\Scripts\Runtime\SceneSystem\ISceneController.cs(30,41): warning CS8632: The annotation for nullable reference types should only be used in code within a '#nullable' annotations context.
Assets\OneStarMaker\Scripts\Runtime\SceneSystem\ISceneController.cs(32,48): warning CS8632: The annotation for nullable reference types should only be used in code within a '#nullable' annotations context.
Assets\OneStarMaker\Scripts\Runtime\SceneSystem\ISceneController.cs(48,48): warning CS8632: The annotation for nullable reference types should only be used in code within a '#nullable' annotations context.
Assets\OneStarMaker\Scripts\Runtime\SceneSystem\ISceneController.cs(75,22): warning CS8632: The annotation for nullable reference types should only be used in code within a '#nullable' annotations context.
Assets\OneStarMaker\Scripts\Runtime\SceneSystem\ISceneController.cs(78,28): warning CS8632: The annotation for nullable reference types should only be used in code within a '#nullable' annotations context.
Assets\OneStarMaker\Scripts\Runtime\SceneSystem\ISceneController.cs(80,51): warning CS8632: The annotation for nullable reference types should only be used in code within a '#nullable' annotations context.
Assets\OneStarMaker\Scripts\Runtime\SceneSystem\ISceneController.cs(99,25): warning CS8632: The annotation for nullable reference types should only be used in code within a '#nullable' annotations context.
Assets\OneStarMaker\Scripts\Runtime\SceneSystem\ISceneController.cs(101,48): warning CS8632: The annotation for nullable reference types should only be used in code within a '#nullable' annotations context.
Assets\OneStarMaker\Scripts\Runtime\BuildContent\ContentDirectoryIndex.cs(74,73): warning CS8604: Possible null reference argument for parameter 'value' in 'string ContentDirectoryIndex.EffectiveRepresentation(string value)'.
Starting: D:\UnityEditor\6000.6.0f1\Editor\Data\Tools\BuildPipeline\bee_backend.exe --ipc --defer-dag-verification --dagfile="Library/Bee/1900b0aEDbg.dag" --continue-on-failure --profile="Library/Bee/backend1.traceevents" ScriptAssembliesAndTypeDB
WorkingDir: D:/repositories/unity/SampleGameForOneStarMakerFramework/unity
Total cache size 267210888
Total cache size after purge 267210888, took 00:00:01.0523374
ExitCode: 0 Duration: 3s970ms
[ 319/1928  0s] WriteResponseFile Library/Bee/artifacts/rsp/4747638433968585886.rsp
[1445/1928  0s] ILPP-Configuration Library/ilpp-configuration.nevergeneratedoutput
[1927/1928  3s] BuildPlayerDataGenerator Library/BuildPlayerData/Editor/TypeDb-All.json
*** Tundra build success (3.94 seconds), 3 items updated, 1928 evaluated
Total cache size 267210888
Total cache size after purge 267210888, took 00:00:00.8779620
Starting new worker id: 1 with log in D:/repositories/unity/SampleGameForOneStarMakerFramework/unity/Logs/AssetImportWorkerHW1.log
[Worker0] Imported GUID: fcf6b9a916570d64abfb6c17398dd873 - Path: Assets/OneStarMakerGenerated/BS2b/20260918T113218379Z-d57c83c24a864a4e811434ed160fd733/BuildContentRoot.asset - Importer: BuildMetaDataImporter -> (ImportResultId: 'bafe831f70f7245a47ecc9e631e4d86f') in 0.0584725 seconds
[Worker0] Imported GUID: 3ddeb8c75d22327468c4d7cb38843b24 - Path: Assets/OneStarMakerGenerated/BS3Tests/deb7eb1f077c4a4c98710020d5c0e234/High.prefab - Importer: BuildMetaDataImporter -> (ImportResultId: '6a92a5760044f20a65eacd36263c1ecc') in 0.0051255 seconds
[Worker0] Imported GUID: dc7590f38ce5e4f4688d8686c21c9a3b - Path: Assets/OneStarMakerGenerated/BS3Tests/deb7eb1f077c4a4c98710020d5c0e234/Texture.png - Importer: BuildMetaDataImporter -> (ImportResultId: 'ac2d3d12203281e54b49def83d8c6551') in 0.0008439 seconds
[Worker0] Imported GUID: 870821a9692f60d4fa6884a2970f4570 - Path: Assets/OneStarMakerGenerated/BS3Tests/deb7eb1f077c4a4c98710020d5c0e234/Low.prefab - Importer: BuildMetaDataImporter -> (ImportResultId: 'c30ae7a4796e948c699f5a7d6be7e30a') in 0.0016457 seconds
[Worker0] Imported GUID: 9d1e8e0c9e4160245a6d52424fc90e73 - Path: Assets/OneStarMakerGenerated/BS3Tests/deb7eb1f077c4a4c98710020d5c0e234/Scene.unity - Importer: BuildMetaDataImporter -> (ImportResultId: 'ff2c3c60eec3ba796e618220e7faba7a') in 0.4776024 seconds
[Worker0] Imported GUID: 8e1436bab0d59af46a782c71afff7d67 - Path: Assets/OneStarMakerGenerated/BS3Tests/deb7eb1f077c4a4c98710020d5c0e234/Shared.mat - Importer: BuildMetaDataImporter -> (ImportResultId: '3e3d6ae98c79d6cfec1c4dbf91089d46') in 0.0059103 seconds
Importing 'GUID: 722dbb8e78c879fe1c0c1572c4de4751 - Path: Library/BuildInstructions/7147af7a6b410738d43222e3a5bb5e7c.buildinst' with importer (DefaultImporter)
Imported 'GUID: 722dbb8e78c879fe1c0c1572c4de4751' -> (Import Result ID: '31ae76a12bba38e5dd65414f7763b780') in 0.004 seconds [static dependencies only]. Details - ImportResultOutputID=7e92aefaeab70f4fc6653f073b88344c DependenciesID=97c1fe1e44523baa18630bf9190196f0 StaticDependenciesID=3e02c9e3470d603bc6c783cb33d63f0c 
Importing 'GUID: a2d6c9ef115e15dbf2d56d257f5a58e9 - Path: Library/BuildInstructions/9d1e8e0c9e4160245a6d52424fc90e73.buildinst' with importer (DefaultImporter)
Imported 'GUID: a2d6c9ef115e15dbf2d56d257f5a58e9' -> (Import Result ID: 'ade62eda1499b849a404d01919b3f558') in 0.001 seconds [static dependencies only]. Details - ImportResultOutputID=be33e766cfaa8b35fe5b78a37026324a DependenciesID=9b129955e9af1648bf46a0f04f71fe53 StaticDependenciesID=f047cb9c4cc1384bf8bcfc46f3c727aa 
Importing 'GUID: 84cad16f1b164633fa5c2edc31b42a4e - Path: Library/BuildInstructions/0a8459f83480f1eca54045c4e1eb083e.buildinst' with importer (DefaultImporter)
Imported 'GUID: 84cad16f1b164633fa5c2edc31b42a4e' -> (Import Result ID: 'efb887ca93c7275e8ec577507f5024c1') in 0.001 seconds [static dependencies only]. Details - ImportResultOutputID=6e89fae03f3909799b978cc0c767052f DependenciesID=f1499e929a6cea4eafbbbf9beafc88cf StaticDependenciesID=adfbc60d0c44fe1bdbcac3aa1c338a2b 
Importing 'GUID: 357d91d9b6f5ca75eeb8fb0e78c345c5 - Path: Library/BuildInstructions/870821a9692f60d4fa6884a2970f4570.buildinst' with importer (DefaultImporter)
Imported 'GUID: 357d91d9b6f5ca75eeb8fb0e78c345c5' -> (Import Result ID: '5d3fb7ce3000c182f121f18b9b17ac81') in 0.001 seconds [static dependencies only]. Details - ImportResultOutputID=8848b7cf2cd4696dc636500c8c8198c3 DependenciesID=6af97ec8f855dd9e351691d936c46ece StaticDependenciesID=8fd291cea156ec5261da2d7f031e636f 
Importing 'GUID: 3c1c36e58c56495590b9fcaa77627012 - Path: Library/BuildInstructions/fcf6b9a916570d64abfb6c17398dd873.buildinst' with importer (DefaultImporter)
Imported 'GUID: 3c1c36e58c56495590b9fcaa77627012' -> (Import Result ID: 'a4910f24d96000fcad8167f05529f7b5') in 0.001 seconds [static dependencies only]. Details - ImportResultOutputID=5c7d2ab30c5931840980e6f96c6669e6 DependenciesID=795f478a814d452692da76f886a09250 StaticDependenciesID=d520dc2cd658d2f4a47fee0982f71ccd 
Importing 'GUID: fe0d3bfd3d1f4908062514600d9b3532 - Path: Library/BuildInstructions/3ddeb8c75d22327468c4d7cb38843b24.buildinst' with importer (DefaultImporter)
Imported 'GUID: fe0d3bfd3d1f4908062514600d9b3532' -> (Import Result ID: '3219225fc9e73d292a628cf90a5b7cfe') in 0.001 seconds [static dependencies only]. Details - ImportResultOutputID=fb0f9da82df63fc2c1265f007b126707 DependenciesID=831d659daac17f90688010c03b545def StaticDependenciesID=aa1764bb8b3666a85d6f49433c97f84b 
Refreshing native plugins compatible for Editor in 23.76 ms, found 4 plugins.
Asset Pipeline Refresh (id=7c382aa7a47a27f41b0ece6b535b2ab5): Total: 0.219 seconds - Initiated by RefreshV2(NoUpdateAssetOptions)
Starting new worker id: 2 with log in D:/repositories/unity/SampleGameForOneStarMakerFramework/unity/Logs/AssetImportWorkerHW2.log
[Worker0] Imported GUID: 84cad16f1b164633fa5c2edc31b42a4e - Path: Library/BuildInstructions/0a8459f83480f1eca54045c4e1eb083e.buildinst - Importer: BuildInstructionImporter -> (ImportResultId: '5c88cb79d18655631cf30014c3687ea9') in 0.0027295 seconds
[Worker0] Imported GUID: fe0d3bfd3d1f4908062514600d9b3532 - Path: Library/BuildInstructions/3ddeb8c75d22327468c4d7cb38843b24.buildinst - Importer: BuildInstructionImporter -> (ImportResultId: 'dce9ef96fb99746f089a994b91692387') in 0.002599 seconds
[Worker0] Imported GUID: a2d6c9ef115e15dbf2d56d257f5a58e9 - Path: Library/BuildInstructions/9d1e8e0c9e4160245a6d52424fc90e73.buildinst - Importer: BuildInstructionImporter -> (ImportResultId: '7e8bfef968213b365918e809d0e8cef8') in 0.2501578 seconds
[Worker0] Imported GUID: 722dbb8e78c879fe1c0c1572c4de4751 - Path: Library/BuildInstructions/7147af7a6b410738d43222e3a5bb5e7c.buildinst - Importer: BuildInstructionImporter -> (ImportResultId: '5ddb9e0700d972af7c69a185150b1b89') in 0.002615 seconds
[Worker0] Imported GUID: 3c1c36e58c56495590b9fcaa77627012 - Path: Library/BuildInstructions/fcf6b9a916570d64abfb6c17398dd873.buildinst - Importer: BuildInstructionImporter -> (ImportResultId: 'db911380935a4e2f543d4170119d1de0') in 0.0083538 seconds
[Worker0] Imported GUID: 357d91d9b6f5ca75eeb8fb0e78c345c5 - Path: Library/BuildInstructions/870821a9692f60d4fa6884a2970f4570.buildinst - Importer: BuildInstructionImporter -> (ImportResultId: 'b24303956ef0cc516225041c6aeee740') in 0.0019133 seconds
-------------------------------------------------------------------------------
Build Report - Content Size Statistics
Serialized File count                     11
Resource file count                        2
Object count                              23
Serialized Files                     491.9 kb	  49.0%
Serialized Files Headers             362.4 kb	  36.1%
Resource data (Texture,Audio...)     512.0 kb	  51.0%
Total build size                    1003.9 kb

Largest Types:
   512.2 kb	  51.0% Cubemap
   125.1 kb	  12.5% Shader

Largest Assets:
   522.5 kb	  52.0% Resources/unity_builtin_extra
   107.2 kb	  10.7% Packages/com.unity.render-pipelines.universal/Shaders/Lit.shader
-------------------------------------------------------------------------------
BuildReport, and other content build meta-data, are written to Library/BuildHistory/20260918-113218Z-fbfc055fUnloading 6 Unused Serialized files (Serialized files now loaded: 0)
Unloading 419 unused Assets / (5.6 MB). Loaded Objects now: 12273.
Memory consumption went from 0.54 GB to 0.54 GB.
Total: 88.139500 ms (FindLiveObjects: 0.763800 ms CreateObjectMapping: 0.271400 ms MarkObjects: 16.193400 ms  DeleteObjects: 70.585000 ms)

SpriteAtlasDatabase::Cleanup
Worker ready: AssetImportWorkerHW1 1
Refreshing native plugins compatible for Editor in 33.45 ms, found 4 plugins.
Asset Pipeline Refresh (id=f6d4103f0a7707546a253c1e6272cf90): Total: 0.135 seconds - Initiated by StopAssetImportingV2(NoUpdateAssetOptions)
Refreshing native plugins compatible for Editor in 23.38 ms, found 4 plugins.
Asset Pipeline Refresh (id=2e6557c491369da40aabad64ad7d8538): Total: 0.110 seconds - Initiated by StopAssetImportingV2(NoUpdateAssetOptions)
Refreshing native plugins compatible for Editor in 21.84 ms, found 4 plugins.
Asset Pipeline Refresh (id=12f055b64ec3999478052861d870b6ae): Total: 0.108 seconds - Initiated by StopAssetImportingV2(NoUpdateAssetOptions)
Importing 'GUID: 43dcf7ddec144bb4a9b2e4dfd13b54eb - Path: Assets/OneStarMakerGenerated/BS2b' with importer (DefaultImporter)
Imported 'GUID: 43dcf7ddec144bb4a9b2e4dfd13b54eb' -> (Import Result ID: 'ae52c97c9350400242d1c4ed82ff3d9a') in 0.004 seconds [static dependencies only]. Details - ImportResultOutputID=1f1fa620b579fd68f2766a8b17e6b46e DependenciesID=4c94a26ddba8db0bcbcf306609f9dcf7 StaticDependenciesID=ad46d6b7cd066b830986e04757afb17c 
Refreshing native plugins compatible for Editor in 24.58 ms, found 4 plugins.
Asset Pipeline Refresh (id=b63227e8613c41a4f880db856cfb9bf1): Total: 0.118 seconds - Initiated by StopAssetImportingV2(NoUpdateAssetOptions)
Importing 'GUID: 11fdc16108bd3f1449343775a0a85d9e - Path: Assets/OneStarMakerGenerated/BS2b/20260918T113249537Z-2851725c72b04e74951b1b0e24640428' with importer (DefaultImporter)
Imported 'GUID: 11fdc16108bd3f1449343775a0a85d9e' -> (Import Result ID: '59d5add9a006488767a1c697a56c8235') in 0.008 seconds [static dependencies only]. Details - ImportResultOutputID=992762e72d95881cf61b7b4d14fa058c DependenciesID=953e2cd2247972c03c8c61003e8834ad StaticDependenciesID=c93b3d3be4eab6273aa5ca9bc948c93b 
Refreshing native plugins compatible for Editor in 25.16 ms, found 4 plugins.
Asset Pipeline Refresh (id=4b74ca58ead0a5944b8c0681f12cf604): Total: 0.110 seconds - Initiated by StopAssetImportingV2(NoUpdateAssetOptions)
Importing 'GUID: 32a006a21653e36409c53d96d527fc69 - Path: Assets/OneStarMakerGenerated/BS2b/20260918T113249537Z-2851725c72b04e74951b1b0e24640428/bs2b-owner.marker' with importer (DefaultImporter)
Imported 'GUID: 32a006a21653e36409c53d96d527fc69' -> (Import Result ID: 'f082d92a67e15a95f0bddb9586116c82') in 0.009 seconds [static dependencies only]. Details - ImportResultOutputID=4b3be5a50359d2219e5448efad7d6165 DependenciesID=b12f7448da7062cfaec8815bf12e89da StaticDependenciesID=c46fcbe530b38300232846bc41503cd3 
Refreshing native plugins compatible for Editor in 27.77 ms, found 4 plugins.
Asset Pipeline Refresh (id=cd33a8bcb56a7f84f9024ad90c753d4a): Total: 0.122 seconds - Initiated by RefreshV2(NoUpdateAssetOptions)
Importing 'GUID: b34c37a9e07004d49ae2fae2d6d855e7 - Path: Assets/OneStarMakerGenerated/BS2b/20260918T113249537Z-2851725c72b04e74951b1b0e24640428/BuildContentRoot.asset' with importer (NativeFormatImporter)
Imported 'GUID: b34c37a9e07004d49ae2fae2d6d855e7' -> (Import Result ID: 'ef6be635363cce499560c301595893ad') in 0.002 seconds [static dependencies only]. Details - ImportResultOutputID=85f8761e766dd118c4fb012f71537f14 DependenciesID=aad7b8e6aad0d1817e30339f8fbd3a9b StaticDependenciesID=48cc7229b9046dff215cca25c8b7f6de 
Refreshing native plugins compatible for Editor in 26.77 ms, found 4 plugins.
Asset Pipeline Refresh (id=c6fccf0e1f0db6740b6d3726fd9fc2aa): Total: 0.108 seconds - Initiated by StopAssetImportingV2(NoUpdateAssetOptions)
Importing 'GUID: b34c37a9e07004d49ae2fae2d6d855e7 - Path: Assets/OneStarMakerGenerated/BS2b/20260918T113249537Z-2851725c72b04e74951b1b0e24640428/BuildContentRoot.asset' with importer (NativeFormatImporter)
Imported 'GUID: b34c37a9e07004d49ae2fae2d6d855e7' -> (Import Result ID: 'ef6be635363cce499560c301595893ad') in 0.002 seconds [static dependencies only]. Details - ImportResultOutputID=85f8761e766dd118c4fb012f71537f14 DependenciesID=aad7b8e6aad0d1817e30339f8fbd3a9b StaticDependenciesID=48cc7229b9046dff215cca25c8b7f6de 
Refreshing native plugins compatible for Editor in 40.27 ms, found 4 plugins.
Asset Pipeline Refresh (id=4190f6c55da0fd342adb973f44cee3a0): Total: 0.093 seconds - Initiated by StopAssetImportingV2(NoUpdateAssetOptions)
Worker ready: AssetImportWorkerHW2 2
Importing 'GUID: b34c37a9e07004d49ae2fae2d6d855e7 - Path: Assets/OneStarMakerGenerated/BS2b/20260918T113249537Z-2851725c72b04e74951b1b0e24640428/BuildContentRoot.asset' with importer (NativeFormatImporter)
Imported 'GUID: b34c37a9e07004d49ae2fae2d6d855e7' -> (Import Result ID: 'ef6be635363cce499560c301595893ad') in 0.001 seconds [static dependencies only]. Details - ImportResultOutputID=85f8761e766dd118c4fb012f71537f14 DependenciesID=aad7b8e6aad0d1817e30339f8fbd3a9b StaticDependenciesID=48cc7229b9046dff215cca25c8b7f6de 
Refreshing native plugins compatible for Editor in 24.89 ms, found 4 plugins.
Asset Pipeline Refresh (id=acca7bfee704b1f47b00be1fa34387ba): Total: 0.076 seconds - Initiated by StopAssetImportingV2(NoUpdateAssetOptions)
Importing 'GUID: 4b83569d67af61e458304325a23e5dfd - Path: Assets/Settings/PC_RPAsset.asset' with importer (NativeFormatImporter)
Imported 'GUID: 4b83569d67af61e458304325a23e5dfd' -> (Import Result ID: '2fcb55e6f37e916feb23474e154663f8') in 0.001 seconds [static dependencies only]. Details - ImportResultOutputID=eae66dc0e7a749d738136f6c7279b2f0 DependenciesID=d67c03d163a158e1a173c7d4f8dea317 StaticDependenciesID=272ab2bf0d55e49a9c6ca9c634f4d9aa 
Refreshing native plugins compatible for Editor in 24.15 ms, found 4 plugins.
Asset Pipeline Refresh (id=c13c49412b523fd40abb2b652e25303b): Total: 0.066 seconds - Initiated by StopAssetImportingV2(NoUpdateAssetOptions)
Asset Pipeline Refresh (id=a69c4ccdb35e39d4c8907639ab5a30ad): Total: 0.081 seconds - Initiated by StopAssetImportingV2(NoUpdateAssetOptions)
Opening scene 'Assets/SampleGame/OutGame/Title/Title.unity additively'
Pipeline: No RuntimePipelineManager components found in build scenes. Pipeline will be disabled in Player builds.
UnityEngine.Debug:ExtractStackTraceNoAlloc (byte*,int,string)
UnityEngine.StackTraceUtility:ExtractStackTrace ()
UnityEngine.DebugLogHandler:Internal_Log (UnityEngine.LogType,UnityEngine.LogOption,string,UnityEngine.Object)
UnityEngine.DebugLogHandler:LogFormat (UnityEngine.LogType,UnityEngine.Object,string,object[])
UnityEngine.Logger:Log (UnityEngine.LogType,object)
UnityEngine.Debug:LogWarning (object)
Unity.Pipeline.Editor.BuildProcessors.PipelineRuntimeBuildProcessor:OnPreprocessBuild (UnityEditor.Build.BuildCallbackContext) (at ./Library/PackageCache/com.unity.pipeline@f49636739437/Editor/BuildProcessors/PipelineRuntimeBuildProcessor.cs:48)
UnityEditor.Build.BuildPipelineInterfaces:OnBuildPreProcessWithContext (UnityEditor.Build.BuildCallbackContext)
UnityEditor.BuildPipeline:BuildContentDirectoryInternal (UnityEditor.BuildContentDirectoryParameters,UnityEngine.GUID)
UnityEditor.BuildPipeline:BuildContentDirectory (UnityEditor.BuildContentDirectoryParameters)
OneStarMaker.Editor.Build.Content.UnityContentDirectoryAdapter:Build (OneStarMaker.Editor.Build.Content.BuildContentProjectionResult,string,string) (at Assets/OneStarMaker/Scripts/Editor/Build/Content/UnityContentDirectoryAdapter.cs:93)
OneStarMaker.Editor.Build.Content.BuildContentCoordinator:Build (OneStarMaker.Editor.Build.Content.BuildContentRequest) (at Assets/OneStarMaker/Scripts/Editor/Build/Content/BuildContentCoordinator.cs:74)
OneStarMaker.Tests.Editor.Build.BuildContentDirectoryIntegrationTests/<ScenePrefabTextureAndTwoRepresentationsBuildAndMoveAsOneDirectory>d__4:MoveNext () (at Assets/OneStarMaker/Tests/Editor/Build/BuildContentDirectoryIntegrationTests.cs:123)
UnityEngine.TestTools.TestEnumerator/<Execute>d__8:MoveNext () (at ./Library/PackageCache/com.unity.test-framework@7a3849e09bd0/UnityEngine.TestRunner/NUnitExtensions/Attributes/TestEnumerator.cs:52)
UnityEngine.TestTools.EnumerableTestMethodCommand/<ExecuteEnumerableAndRecordExceptions>d__4:MoveNext () (at ./Library/PackageCache/com.unity.test-framework@7a3849e09bd0/UnityEngine.TestRunner/NUnitExtensions/Commands/EnumerableTestMethodCommand.cs:85)
UnityEngine.TestTools.EnumerableTestMethodCommand:AdvanceEnumerator (System.Collections.IEnumerator) (at ./Library/PackageCache/com.unity.test-framework@7a3849e09bd0/UnityEngine.TestRunner/NUnitExtensions/Commands/EnumerableTestMethodCommand.cs:64)
UnityEngine.TestTools.EnumerableTestMethodCommand/<ExecuteEnumerable>d__2:MoveNext () (at ./Library/PackageCache/com.unity.test-framework@7a3849e09bd0/UnityEngine.TestRunner/NUnitExtensions/Commands/EnumerableTestMethodCommand.cs:47)
UnityEngine.TestRunner.NUnitExtensions.Runner.UnityLogCheckDelegatingCommand/<ExecuteEnumerable>d__4:MoveNext () (at ./Library/PackageCache/com.unity.test-framework@7a3849e09bd0/UnityEngine.TestRunner/NUnitExtensions/Runner/UnityLogCheckDelegatingCommand.cs:66)
UnityEngine.TestTools.BeforeAfterTestCommandBase`1/<ExecuteEnumerable>d__16<NUnit.Framework.ITestAction>:MoveNext () (at ./Library/PackageCache/com.unity.test-framework@7a3849e09bd0/UnityEngine.TestRunner/NUnitExtensions/Commands/BeforeAfterTestCommandBase.cs:213)
UnityEngine.TestTools.BeforeAfterTestCommandBase`1/<ExecuteEnumerable>d__16<System.Reflection.MethodInfo>:MoveNext () (at ./Library/PackageCache/com.unity.test-framework@7a3849e09bd0/UnityEngine.TestRunner/NUnitExtensions/Commands/BeforeAfterTestCommandBase.cs:213)
UnityEngine.TestTools.BeforeAfterTestCommandBase`1/<ExecuteEnumerable>d__16<System.Reflection.MethodInfo>:MoveNext () (at ./Library/PackageCache/com.unity.test-framework@7a3849e09bd0/UnityEngine.TestRunner/NUnitExtensions/Commands/BeforeAfterTestCommandBase.cs:213)
UnityEngine.TestTools.BeforeAfterTestCommandBase`1/<ExecuteEnumerable>d__16<UnityEngine.TestTools.IOuterUnityTestAction>:MoveNext () (at ./Library/PackageCache/com.unity.test-framework@7a3849e09bd0/UnityEngine.TestRunner/NUnitExtensions/Commands/BeforeAfterTestCommandBase.cs:213)
UnityEngine.TestTools.RetryCommand/<ExecuteEnumerable>d__2:MoveNext () (at ./Library/PackageCache/com.unity.test-framework@7a3849e09bd0/UnityEngine.TestRunner/NUnitExtensions/Commands/RetryCommand.cs:37)
UnityEngine.TestTools.RepeatCommand/<ExecuteEnumerable>d__2:MoveNext () (at ./Library/PackageCache/com.unity.test-framework@7a3849e09bd0/UnityEngine.TestRunner/NUnitExtensions/Commands/RepeatCommand.cs:36)
UnityEngine.TestTools.IgnoreTestCommand/<ExecuteEnumerable>d__3:MoveNext () (at ./Library/PackageCache/com.unity.test-framework@7a3849e09bd0/UnityEngine.TestRunner/NUnitExtensions/Commands/IgnoreTestCommand.cs:42)
UnityEngine.TestTools.StrictCheckCommand/<ExecuteEnumerable>d__2:MoveNext () (at ./Library/PackageCache/com.unity.test-framework@7a3849e09bd0/UnityEngine.TestRunner/NUnitExtensions/Commands/StrictCheckCommand.cs:29)
UnityEditor.TestTools.TestRunner.EditorEnumeratorTestWorkItem/<PerformWork>d__3:MoveNext () (at ./Library/PackageCache/com.unity.test-framework@7a3849e09bd0/UnityEditor.TestRunner/TestRunner/EditorEnumeratorTestWorkItem.cs:97)
UnityEngine.TestRunner.NUnitExtensions.Runner.CompositeWorkItem/<RunChildren>d__17:MoveNext () (at ./Library/PackageCache/com.unity.test-framework@7a3849e09bd0/UnityEngine.TestRunner/NUnitExtensions/Runner/CompositeWorkItem.cs:209)
UnityEngine.TestRunner.NUnitExtensions.Runner.CompositeWorkItem/<PerformWork>d__13:MoveNext () (at ./Library/PackageCache/com.unity.test-framework@7a3849e09bd0/UnityEngine.TestRunner/NUnitExtensions/Runner/CompositeWorkItem.cs:83)
UnityEngine.TestRunner.NUnitExtensions.Runner.CompositeWorkItem/<RunChildren>d__17:MoveNext () (at ./Library/PackageCache/com.unity.test-framework@7a3849e09bd0/UnityEngine.TestRunner/NUnitExtensions/Runner/CompositeWorkItem.cs:209)
UnityEngine.TestRunner.NUnitExtensions.Runner.CompositeWorkItem/<PerformWork>d__13:MoveNext () (at ./Library/PackageCache/com.unity.test-framework@7a3849e09bd0/UnityEngine.TestRunner/NUnitExtensions/Runner/CompositeWorkItem.cs:83)
UnityEngine.TestRunner.NUnitExtensions.Runner.CompositeWorkItem/<RunChildren>d__17:MoveNext () (at ./Library/PackageCache/com.unity.test-framework@7a3849e09bd0/UnityEngine.TestRunner/NUnitExtensions/Runner/CompositeWorkItem.cs:209)
UnityEngine.TestRunner.NUnitExtensions.Runner.CompositeWorkItem/<PerformWork>d__13:MoveNext () (at ./Library/PackageCache/com.unity.test-framework@7a3849e09bd0/UnityEngine.TestRunner/NUnitExtensions/Runner/CompositeWorkItem.cs:83)
UnityEngine.TestRunner.NUnitExtensions.Runner.CompositeWorkItem/<RunChildren>d__17:MoveNext () (at ./Library/PackageCache/com.unity.test-framework@7a3849e09bd0/UnityEngine.TestRunner/NUnitExtensions/Runner/CompositeWorkItem.cs:209)
UnityEngine.TestRunner.NUnitExtensions.Runner.CompositeWorkItem/<PerformWork>d__13:MoveNext () (at ./Library/PackageCache/com.unity.test-framework@7a3849e09bd0/UnityEngine.TestRunner/NUnitExtensions/Runner/CompositeWorkItem.cs:83)
UnityEngine.TestRunner.NUnitExtensions.Runner.CompositeWorkItem/<RunChildren>d__17:MoveNext () (at ./Library/PackageCache/com.unity.test-framework@7a3849e09bd0/UnityEngine.TestRunner/NUnitExtensions/Runner/CompositeWorkItem.cs:209)
UnityEngine.TestRunner.NUnitExtensions.Runner.CompositeWorkItem/<PerformWork>d__13:MoveNext () (at ./Library/PackageCache/com.unity.test-framework@7a3849e09bd0/UnityEngine.TestRunner/NUnitExtensions/Runner/CompositeWorkItem.cs:83)
UnityEngine.TestRunner.NUnitExtensions.Runner.CompositeWorkItem/<RunChildren>d__17:MoveNext () (at ./Library/PackageCache/com.unity.test-framework@7a3849e09bd0/UnityEngine.TestRunner/NUnitExtensions/Runner/CompositeWorkItem.cs:209)
UnityEngine.TestRunner.NUnitExtensions.Runner.CompositeWorkItem/<PerformWork>d__13:MoveNext () (at ./Library/PackageCache/com.unity.test-framework@7a3849e09bd0/UnityEngine.TestRunner/NUnitExtensions/Runner/CompositeWorkItem.cs:83)
UnityEngine.TestRunner.NUnitExtensions.Runner.CompositeWorkItem/<RunChildren>d__17:MoveNext () (at ./Library/PackageCache/com.unity.test-framework@7a3849e09bd0/UnityEngine.TestRunner/NUnitExtensions/Runner/CompositeWorkItem.cs:209)
UnityEngine.TestRunner.NUnitExtensions.Runner.CompositeWorkItem/<PerformWork>d__13:MoveNext () (at ./Library/PackageCache/com.unity.test-framework@7a3849e09bd0/UnityEngine.TestRunner/NUnitExtensions/Runner/CompositeWorkItem.cs:83)
UnityEditor.TestTools.TestRunner.EditModeRunner:MoveNextAndUpdateYieldObject () (at ./Library/PackageCache/com.unity.test-framework@7a3849e09bd0/UnityEditor.TestRunner/TestRunner/EditModeRunner.cs:180)
UnityEditor.TestTools.TestRunner.EditModeRunner:TestConsumer (UnityEditor.TestTools.TestRunner.TestRunnerStateSerializer) (at ./Library/PackageCache/com.unity.test-framework@7a3849e09bd0/UnityEditor.TestRunner/TestRunner/EditModeRunner.cs:220)
UnityEditor.TestTools.TestRunner.TestRun.Tasks.EditModeRunTask/<Execute>d__1:MoveNext () (at ./Library/PackageCache/com.unity.test-framework@7a3849e09bd0/UnityEditor.TestRunner/TestRun/Tasks/EditModeRunTask.cs:48)
UnityEditor.TestTools.TestRunner.TestRun.TestJobRunner:ExecuteStep () (at ./Library/PackageCache/com.unity.test-framework@7a3849e09bd0/UnityEditor.TestRunner/TestRun/TestJobRunner.cs:194)
UnityEditor.TestTools.TestRunner.TestRun.TestJobRunner:ExecuteCallback () (at ./Library/PackageCache/com.unity.test-framework@7a3849e09bd0/UnityEditor.TestRunner/TestRun/TestJobRunner.cs:129)
UnityEditor.EditorApplication:Internal_CallUpdateFunctions ()

(Filename: ./Library/PackageCache/com.unity.pipeline@f49636739437/Editor/BuildProcessors/PipelineRuntimeBuildProcessor.cs Line: 48)

Importing 'GUID: 4b83569d67af61e458304325a23e5dfd - Path: Assets/Settings/PC_RPAsset.asset' with importer (NativeFormatImporter)
Imported 'GUID: 4b83569d67af61e458304325a23e5dfd' -> (Import Result ID: '2fcb55e6f37e916feb23474e154663f8') in 0.001 seconds [static dependencies only]. Details - ImportResultOutputID=eae66dc0e7a749d738136f6c7279b2f0 DependenciesID=d67c03d163a158e1a173c7d4f8dea317 StaticDependenciesID=272ab2bf0d55e49a9c6ca9c634f4d9aa 
Refreshing native plugins compatible for Editor in 23.27 ms, found 4 plugins.
Asset Pipeline Refresh (id=489adaeb352bb8d4aafcee4c24b0c906): Total: 0.065 seconds - Initiated by StopAssetImportingV2(NoUpdateAssetOptions)
[Licensing::Client] Successfully resolved entitlement details
[Licensing::Module] License group:
  Id: F4-FHTT-UPW9-SBMJ-JZ5Q-XXXX
  Product: Unity Personal
  Type: ULF
  Expiration: Unlimited
[Licensing::Module] License group:
  Id: 720108-UnityPersXXXX
  Product: Unity Personal
  Type: Assigned
  Expiration: Unlimited
Asset Pipeline Refresh (id=18bbd8a3fe187244da01259d6efc1067): Total: 0.105 seconds - Initiated by RefreshV2(NoUpdateAssetOptions)
[ScriptCompilation] Requested script compilation because: Recompiling all scripts before compiling player scripts because Auto Refresh is disabled.
Starting: D:\UnityEditor\6000.6.0f1\Editor\Data\Tools\BuildPipeline\bee_backend.exe --ipc --defer-dag-verification --dagfile="Library/Bee/1900b0aEDbg.dag" --continue-on-failure --profile="Library/Bee/backend1.traceevents" ScriptAssemblies
WorkingDir: D:/repositories/unity/SampleGameForOneStarMakerFramework/unity
ExitCode: 0 Duration: 2s659ms
[1444/1925  0s] ILPP-Configuration Library/ilpp-configuration.nevergeneratedoutput
*** Tundra build success (2.50 seconds), 1 items updated, 1925 evaluated
Total cache size 267210888
Total cache size after purge 267210888, took 00:00:00.9611843
[ScriptCompilation] Requested script compilation because: Compiling scripts for player
Starting: D:\UnityEditor\6000.6.0f1\Editor\Data\Tools\BuildPipeline\bee_backend.exe --ipc --defer-dag-verification --dagfile="Library/Bee/1900b0aP.dag" --continue-on-failure --profile="Library/Bee/backend1.traceevents" ScriptAssembliesAndTypeDB
WorkingDir: D:/repositories/unity/SampleGameForOneStarMakerFramework/unity
ExitCode: 0 Duration: 5s277ms
[ 597/1248  0s] WriteResponseFile Library/Bee/artifacts/rsp/4747638433968585886.rsp
[ 987/1248  0s] ILPP-Configuration Library/ilpp-configuration.nevergeneratedoutput
[1074/1248  0s] CopyFiles Library/PlayerScriptAssemblies/Unity.Services.Core.Analytics.dll
[1075/1248  0s] CopyFiles Library/PlayerScriptAssemblies/Unity.Services.Core.Telemetry.dll
[1076/1248  0s] CopyFiles Library/PlayerScriptAssemblies/Unity.Timeline.dll
[1077/1248  0s] CopyFiles Library/PlayerScriptAssemblies/Unity.Pipeline.dll
[1078/1248  0s] CopyFiles Library/PlayerScriptAssemblies/Unity.RenderPipelines.Universal.Runtime.dll
[1079/1248  0s] CopyFiles Library/PlayerScriptAssemblies/Unity.RenderPipelines.Core.Runtime.dll
[1080/1248  0s] CopyFiles Library/PlayerScriptAssemblies/Unity.Purchasing.Stores.dll
[1081/1248  0s] CopyFiles Library/PlayerScriptAssemblies/Unity.Burst.dll
[1082/1248  0s] CopyFiles Library/PlayerScriptAssemblies/LitMotion.Extensions.dll
[1083/1248  0s] CopyFiles Library/PlayerScriptAssemblies/UniTask.TextMeshPro.dll
[1084/1248  0s] CopyFiles Library/PlayerScriptAssemblies/Unity.PathTracing.Runtime.dll
[1085/1248  0s] CopyFiles Library/PlayerScriptAssemblies/Unity.InputSystem.ForUI.dll
[1086/1248  0s] CopyFiles Library/PlayerScriptAssemblies/Unity.Purchasing.LiveContentAdapterService.dll
[1087/1248  0s] CopyFiles Library/PlayerScriptAssemblies/Unity.Services.Core.dll
[1088/1248  0s] CopyFiles Library/PlayerScriptAssemblies/UniTask.DOTween.dll
[1089/1248  0s] CopyFiles Library/PlayerScriptAssemblies/UnityEngine.Advertisements.dll
[1090/1248  0s] CopyFiles Library/PlayerScriptAssemblies/Domain_Reload.dll
[1091/1248  0s] CopyFiles Library/PlayerScriptAssemblies/UniTask.dll
[1092/1248  0s] CopyFiles Library/PlayerScriptAssemblies/Unity.Purchasing.Stores.XboxCloudServices.dll
[1093/1248  0s] CopyFiles Library/PlayerScriptAssemblies/Unity.Collections.Tests.CoreCLR.PrivateJobNested.dll
[1094/1248  0s] CopyFiles Library/PlayerScriptAssemblies/Unity.RenderPipelines.Universal.Config.Runtime.dll
[1095/1248  0s] CopyFiles Library/PlayerScriptAssemblies/Unity.Collections.Tests.CoreCLR.ProtectedJobNested.dll
[1096/1248  0s] CopyFiles Library/PlayerScriptAssemblies/Unity.SurfaceCache.Runtime.dll
[1097/1248  0s] CopyFiles Library/PlayerScriptAssemblies/Unity.Services.Core.Environments.dll
[1098/1248  0s] CopyFiles Library/PlayerScriptAssemblies/Unity.Purchasing.SecurityStub.dll
[1099/1248  0s] CopyFiles Library/PlayerScriptAssemblies/Unity.Purchasing.AppleMacosStub.dll
[1100/1248  0s] CopyFiles Library/PlayerScriptAssemblies/Unity.InternalAPIEngineBridge.ObjectDispatcher.Runtime.dll
[1101/1248  0s] CopyFiles Library/PlayerScriptAssemblies/Unity.Analytics.DataPrivacy.dll
[1102/1248  0s] CopyFiles Library/PlayerScriptAssemblies/Unity.InternalAPIEngineBridge.004.dll
[1103/1248  0s] CopyFiles Library/PlayerScriptAssemblies/Unity.Purchasing.SecurityCore.dll
[1104/1248  0s] CopyFiles Library/PlayerScriptAssemblies/SampleGame.Common.dll
[1105/1248  0s] CopyFiles Library/PlayerScriptAssemblies/Unity.Purchasing.dll
[1106/1248  0s] CopyFiles Library/PlayerScriptAssemblies/Unity.InputSystem.dll
[1107/1248  0s] CopyFiles Library/PlayerScriptAssemblies/Unity.AI.Navigation.dll
[1108/1248  0s] CopyFiles Library/PlayerScriptAssemblies/Unity.RenderPipelines.Universal.2D.Runtime.dll
[1109/1248  0s] CopyFiles Library/PlayerScriptAssemblies/Unity.Splines.dll
[1110/1248  0s] CopyFiles Library/PlayerScriptAssemblies/Unity.Services.Core.Registration.dll
[1111/1248  0s] CopyFiles Library/PlayerScriptAssemblies/Unity.Purchasing.Utilities.dll
[1112/1248  0s] CopyFiles Library/PlayerScriptAssemblies/Unity.InternalAPIEngineBridge.RenderPipelines.Core.Runtime.Shared.dll
[1113/1248  0s] CopyFiles Library/PlayerScriptAssemblies/Unity.Addressables.dll
[1114/1248  0s] CopyFiles Library/PlayerScriptAssemblies/Unity.RenderPipelines.Core.Runtime.Shared.dll
[1115/1248  0s] CopyFiles Library/PlayerScriptAssemblies/Unity.RenderPipelines.Core.ShaderLibrary.dll
[1116/1248  0s] CopyFiles Library/PlayerScriptAssemblies/Unity.Services.Core.Components.dll
[1117/1248  0s] CopyFiles Library/PlayerScriptAssemblies/UnityEngine.SpatialTracking.dll
[1118/1248  0s] CopyFiles Library/PlayerScriptAssemblies/Unity.Services.Core.Configuration.dll
[1119/1248  0s] CopyFiles Library/PlayerScriptAssemblies/Unity.VisualScripting.Flow.dll
[1120/1248  0s] CopyFiles Library/PlayerScriptAssemblies/Unity.Cinemachine.dll
[1121/1248  0s] CopyFiles Library/PlayerScriptAssemblies/Unity.Purchasing.WebshopService.dll
[1122/1248  0s] CopyFiles Library/PlayerScriptAssemblies/Unity.Services.Core.Environments.Internal.dll
[1123/1248  0s] CopyFiles Library/PlayerScriptAssemblies/Unity.Services.Core.Internal.dll
[1124/1248  0s] CopyFiles Library/PlayerScriptAssemblies/Unity.Purchasing.Codeless.dll
[1125/1248  0s] CopyFiles Library/PlayerScriptAssemblies/Unity.ScriptableBuildPipeline.dll
[1126/1248  0s] CopyFiles Library/PlayerScriptAssemblies/Unity.ResourceManager.dll
[1127/1248  0s] CopyFiles Library/PlayerScriptAssemblies/Unity.RenderPipelines.GPUDriven.Runtime.dll
[1128/1248  0s] CopyFiles Library/PlayerScriptAssemblies/Unity.UnifiedRayTracing.Runtime.dll
[1129/1248  0s] CopyFiles Library/PlayerScriptAssemblies/Unity.Purchasing.PaymentProviderService.dll
[1130/1248  0s] CopyFiles Library/PlayerScriptAssemblies/Unity.TextMeshPro.dll
[1131/1248  0s] CopyFiles Library/PlayerScriptAssemblies/Unity.Services.Analytics.dll
[1132/1248  0s] CopyFiles Library/PlayerScriptAssemblies/Assembly-CSharp.dll
[1133/1248  0s] CopyFiles Library/PlayerScriptAssemblies/Unity.Profiling.Core.dll
[1134/1248  0s] CopyFiles Library/PlayerScriptAssemblies/Unity.Collections.dll
[1135/1248  0s] CopyFiles Library/PlayerScriptAssemblies/UnityEngine.XR.LegacyInputHelpers.dll
[1136/1248  0s] CopyFiles Library/PlayerScriptAssemblies/Unity.Services.Core.Scheduler.dll
[1137/1248  0s] CopyFiles Library/PlayerScriptAssemblies/UniTask.Addressables.dll
[1138/1248  0s] CopyFiles Library/PlayerScriptAssemblies/Unity.Services.Core.Device.dll
[1139/1248  0s] CopyFiles Library/PlayerScriptAssemblies/SampleGame.InGame.dll
[1140/1248  0s] CopyFiles Library/PlayerScriptAssemblies/Unity.Services.Core.Networking.dll
[1141/1248  0s] CopyFiles Library/PlayerScriptAssemblies/OneStarMaker.Debug.dll
[1142/1248  0s] CopyFiles Library/PlayerScriptAssemblies/Unity.Collections.Tests.CoreCLR.InternalJobNestedPrivate.dll
[1143/1248  0s] CopyFiles Library/PlayerScriptAssemblies/Unity.RenderPipelines.Universal.Shaders.dll
[1144/1248  0s] CopyFiles Library/PlayerScriptAssemblies/Unity.Purchasing.AppleStub.dll
[1145/1248  0s] CopyFiles Library/PlayerScriptAssemblies/SampleGame.OutGame.dll
[1146/1248  0s] CopyFiles Library/PlayerScriptAssemblies/SampleGame.DependOnAll.dll
[1147/1248  0s] CopyFiles Library/PlayerScriptAssemblies/Unity.Mathematics.dll
[1148/1248  0s] CopyFiles Library/PlayerScriptAssemblies/OneStarMaker.Runtime.dll
[1149/1248  0s] CopyFiles Library/PlayerScriptAssemblies/UniTask.Linq.dll
[1150/1248  0s] CopyFiles Library/PlayerScriptAssemblies/Unity.Services.Core.Threading.dll
[1151/1248  0s] CopyFiles Library/PlayerScriptAssemblies/Unity.Collections.Tests.CoreCLR.PublicJobPrivateGeneric.dll
[1152/1248  0s] CopyFiles Library/PlayerScriptAssemblies/Unity.VisualScripting.State.dll
[1153/1248  0s] CopyFiles Library/PlayerScriptAssemblies/UnityEngine.UI.dll
[1154/1248  0s] CopyFiles Library/PlayerScriptAssemblies/Unity.RenderPipelines.ShaderGraph.ShaderGraphLibrary.dll
[1155/1248  0s] CopyFiles Library/PlayerScriptAssemblies/LitMotion.dll
[1156/1248  0s] CopyFiles Library/PlayerScriptAssemblies/Unity.RenderPipelines.Core.Runtime.pdb
[1157/1248  0s] CopyFiles Library/PlayerScriptAssemblies/Unity.VisualScripting.DocCodeExamples.dll
[1158/1248  0s] CopyFiles Library/PlayerScriptAssemblies/Unity.Services.Core.pdb
[1159/1248  0s] CopyFiles Library/PlayerScriptAssemblies/UnityEngine.Advertisements.pdb
[1160/1248  0s] CopyFiles Library/PlayerScriptAssemblies/Unity.RenderPipelines.Universal.Runtime.pdb
[1161/1248  0s] CopyFiles Library/PlayerScriptAssemblies/OneStarMaker.Foundation.dll
[1162/1248  0s] CopyFiles Library/PlayerScriptAssemblies/Unity.InternalAPIEngineBridge.ObjectDispatcher.Runtime.pdb
[1163/1248  0s] CopyFiles Library/PlayerScriptAssemblies/Unity.Purchasing.Stores.XboxCloudServices.pdb
[1164/1248  0s] CopyFiles Library/PlayerScriptAssemblies/Unity.RenderPipelines.Universal.Config.Runtime.pdb
[1165/1248  0s] CopyFiles Library/PlayerScriptAssemblies/Unity.Services.Core.Telemetry.pdb
[1166/1248  0s] CopyFiles Library/PlayerScriptAssemblies/OneStarMaker.Runtime.pdb
[1167/1248  0s] CopyFiles Library/PlayerScriptAssemblies/Unity.Burst.pdb
[1168/1248  0s] CopyFiles Library/PlayerScriptAssemblies/Unity.Services.Core.Environments.pdb
[1169/1248  0s] CopyFiles Library/PlayerScriptAssemblies/Unity.Cinemachine.pdb
[1170/1248  0s] CopyFiles Library/PlayerScriptAssemblies/Unity.RenderPipelines.Universal.2D.Runtime.pdb
[1171/1248  0s] CopyFiles Library/PlayerScriptAssemblies/Unity.VisualScripting.Core.dll
[1172/1248  0s] CopyFiles Library/PlayerScriptAssemblies/LitMotion.Extensions.pdb
[1173/1248  0s] CopyFiles Library/PlayerScriptAssemblies/Unity.PathTracing.Runtime.pdb
[1174/1248  0s] CopyFiles Library/PlayerScriptAssemblies/SampleGame.DependOnAll.pdb
[1175/1248  0s] CopyFiles Library/PlayerScriptAssemblies/Unity.RenderPipeline.Universal.ShaderLibrary.dll
[1176/1248  0s] CopyFiles Library/PlayerScriptAssemblies/Unity.Splines.pdb
[1177/1248  0s] CopyFiles Library/PlayerScriptAssemblies/Unity.ScriptableBuildPipeline.pdb
[1178/1248  0s] CopyFiles Library/PlayerScriptAssemblies/Unity.Services.Core.Internal.pdb
[1179/1248  0s] CopyFiles Library/PlayerScriptAssemblies/Unity.InternalAPIEngineBridge.RenderPipelines.Core.Runtime.Shared.pdb
[1180/1248  0s] CopyFiles Library/PlayerScriptAssemblies/Unity.RenderPipelines.Core.Runtime.Shared.pdb
[1181/1248  0s] CopyFiles Library/PlayerScriptAssemblies/Unity.Addressables.pdb
[1182/1248  0s] CopyFiles Library/PlayerScriptAssemblies/Unity.AI.Navigation.pdb
[1183/1248  0s] CopyFiles Library/PlayerScriptAssemblies/Unity.Purchasing.SecurityStub.pdb
[1184/1248  0s] CopyFiles Library/PlayerScriptAssemblies/Unity.Services.Core.Analytics.pdb
[1185/1248  0s] CopyFiles Library/PlayerScriptAssemblies/UniTask.DOTween.pdb
[1186/1248  0s] CopyFiles Library/PlayerScriptAssemblies/Unity.Purchasing.AppleMacosStub.pdb
[1187/1248  0s] CopyFiles Library/PlayerScriptAssemblies/Unity.Services.Core.Environments.Internal.pdb
[1188/1248  0s] CopyFiles Library/PlayerScriptAssemblies/Unity.InternalAPIEngineBridge.004.pdb
[1189/1248  0s] CopyFiles Library/PlayerScriptAssemblies/UniTask.Linq.pdb
[1190/1248  0s] CopyFiles Library/PlayerScriptAssemblies/Unity.Services.Core.Networking.pdb
[1191/1248  0s] CopyFiles Library/PlayerScriptAssemblies/Unity.Purchasing.SecurityCore.pdb
[1192/1248  0s] CopyFiles Library/PlayerScriptAssemblies/Unity.InputSystem.ForUI.pdb
[1193/1248  0s] CopyFiles Library/PlayerScriptAssemblies/Unity.Purchasing.Stores.pdb
[1194/1248  0s] CopyFiles Library/PlayerScriptAssemblies/Unity.SurfaceCache.Runtime.pdb
[1195/1248  0s] CopyFiles Library/PlayerScriptAssemblies/Unity.RenderPipelines.Core.ShaderLibrary.pdb
[1196/1248  0s] CopyFiles Library/PlayerScriptAssemblies/Unity.Purchasing.pdb
[1197/1248  0s] CopyFiles Library/PlayerScriptAssemblies/Unity.Timeline.pdb
[1198/1248  0s] CopyFiles Library/PlayerScriptAssemblies/Unity.Services.Analytics.pdb
[1199/1248  0s] CopyFiles Library/PlayerScriptAssemblies/UnityEngine.SpatialTracking.pdb
[1200/1248  0s] CopyFiles Library/PlayerScriptAssemblies/UnityEngine.UI.pdb
[1201/1248  0s] CopyFiles Library/PlayerScriptAssemblies/Unity.Purchasing.WebshopService.pdb
[1202/1248  0s] CopyFiles Library/PlayerScriptAssemblies/Unity.UnifiedRayTracing.Runtime.pdb
[1203/1248  0s] CopyFiles Library/PlayerScriptAssemblies/UniTask.Addressables.pdb
[1204/1248  0s] CopyFiles Library/PlayerScriptAssemblies/Unity.RenderPipelines.GPUDriven.Runtime.pdb
[1205/1248  0s] CopyFiles Library/PlayerScriptAssemblies/SampleGame.OutGame.pdb
[1206/1248  0s] CopyFiles Library/PlayerScriptAssemblies/OneStarMaker.Debug.pdb
[1207/1248  0s] CopyFiles Library/PlayerScriptAssemblies/SampleGame.InGame.pdb
[1208/1248  0s] CopyFiles Library/PlayerScriptAssemblies/Assembly-CSharp.pdb
[1209/1248  0s] CopyFiles Library/PlayerScriptAssemblies/Unity.Collections.pdb
[1210/1248  0s] CopyFiles Library/PlayerScriptAssemblies/SampleGame.Common.pdb
[1211/1248  0s] CopyFiles Library/PlayerScriptAssemblies/Unity.Purchasing.PaymentProviderService.pdb
[1212/1248  0s] CopyFiles Library/PlayerScriptAssemblies/Unity.ResourceManager.pdb
[1213/1248  0s] CopyFiles Library/PlayerScriptAssemblies/Unity.Purchasing.Codeless.pdb
[1214/1248  0s] CopyFiles Library/PlayerScriptAssemblies/UniTask.TextMeshPro.pdb
[1215/1248  0s] CopyFiles Library/PlayerScriptAssemblies/Unity.Pipeline.pdb
[1216/1248  0s] CopyFiles Library/PlayerScriptAssemblies/OneStarMaker.Foundation.pdb
[1217/1248  0s] CopyFiles Library/PlayerScriptAssemblies/Unity.VisualScripting.Flow.pdb
[1218/1248  0s] CopyFiles Library/PlayerScriptAssemblies/Unity.Mathematics.pdb
[1219/1248  0s] CopyFiles Library/PlayerScriptAssemblies/Unity.RenderPipelines.Universal.Shaders.pdb
[1220/1248  0s] CopyFiles Library/PlayerScriptAssemblies/Unity.TextMeshPro.pdb
[1221/1248  0s] CopyFiles Library/PlayerScriptAssemblies/UniTask.pdb
[1222/1248  0s] CopyFiles Library/PlayerScriptAssemblies/Unity.Purchasing.LiveContentAdapterService.pdb
[1223/1248  0s] CopyFiles Library/PlayerScriptAssemblies/Unity.VisualScripting.State.pdb
[1224/1248  0s] CopyFiles Library/PlayerScriptAssemblies/Domain_Reload.pdb
[1225/1248  0s] CopyFiles Library/PlayerScriptAssemblies/Unity.Analytics.DataPrivacy.pdb
[1226/1248  0s] CopyFiles Library/PlayerScriptAssemblies/UnityEngine.XR.LegacyInputHelpers.pdb
[1227/1248  0s] CopyFiles Library/PlayerScriptAssemblies/Unity.RenderPipeline.Universal.ShaderLibrary.pdb
[1228/1248  0s] CopyFiles Library/PlayerScriptAssemblies/Unity.Purchasing.Utilities.pdb
[1229/1248  0s] CopyFiles Library/PlayerScriptAssemblies/Unity.VisualScripting.Core.pdb
[1230/1248  0s] CopyFiles Library/PlayerScriptAssemblies/Unity.Collections.Tests.CoreCLR.PrivateJobNested.pdb
[1231/1248  0s] CopyFiles Library/PlayerScriptAssemblies/Unity.Collections.Tests.CoreCLR.InternalJobNestedPrivate.pdb
[1232/1248  0s] CopyFiles Library/PlayerScriptAssemblies/Unity.Collections.Tests.CoreCLR.ProtectedJobNested.pdb
[1233/1248  0s] CopyFiles Library/PlayerScriptAssemblies/Unity.Collections.Tests.CoreCLR.PublicJobPrivateGeneric.pdb
[1234/1248  0s] CopyFiles Library/PlayerScriptAssemblies/Unity.InputSystem.pdb
[1235/1248  0s] CopyFiles Library/PlayerScriptAssemblies/LitMotion.pdb
[1236/1248  0s] CopyFiles Library/PlayerScriptAssemblies/Unity.VisualScripting.DocCodeExamples.pdb
[1237/1248  0s] CopyFiles Library/PlayerScriptAssemblies/Unity.Profiling.Core.pdb
[1238/1248  0s] CopyFiles Library/PlayerScriptAssemblies/Unity.Services.Core.Device.pdb
[1239/1248  0s] CopyFiles Library/PlayerScriptAssemblies/Unity.Services.Core.Threading.pdb
[1240/1248  0s] CopyFiles Library/PlayerScriptAssemblies/Unity.RenderPipelines.ShaderGraph.ShaderGraphLibrary.pdb
[1241/1248  0s] CopyFiles Library/PlayerScriptAssemblies/Unity.Services.Core.Components.pdb
[1242/1248  0s] CopyFiles Library/PlayerScriptAssemblies/Unity.Services.Core.Configuration.pdb
[1243/1248  0s] CopyFiles Library/PlayerScriptAssemblies/Unity.Services.Core.Scheduler.pdb
[1244/1248  0s] CopyFiles Library/PlayerScriptAssemblies/Unity.Services.Core.Registration.pdb
[1245/1248  0s] CopyFiles Library/PlayerScriptAssemblies/Unity.Purchasing.AppleStub.pdb
*** Tundra build success (5.05 seconds), 174 items updated, 1248 evaluated
Starting: D:\UnityEditor\6000.6.0f1\Editor\Data\Tools\BuildPipeline\bee_backend.exe --ipc --defer-dag-verification --dagfile="Library/Bee/1900b0aEDbg.dag" --continue-on-failure --profile="Library/Bee/backend1.traceevents" ScriptAssembliesAndTypeDB
WorkingDir: D:/repositories/unity/SampleGameForOneStarMakerFramework/unity
Total cache size 267210888
Total cache size after purge 267210888, took 00:00:01.1954481
ExitCode: 0 Duration: 2s382ms
[ 302/1928  0s] WriteResponseFile Library/Bee/artifacts/rsp/4747638433968585886.rsp
[1445/1928  0s] ILPP-Configuration Library/ilpp-configuration.nevergeneratedoutput
*** Tundra build success (2.32 seconds), 2 items updated, 1928 evaluated
Total cache size 267210888
Total cache size after purge 267210888, took 00:00:00.8940142
[Worker2] Imported GUID: b34c37a9e07004d49ae2fae2d6d855e7 - Path: Assets/OneStarMakerGenerated/BS2b/20260918T113249537Z-2851725c72b04e74951b1b0e24640428/BuildContentRoot.asset - Importer: BuildMetaDataImporter -> (ImportResultId: '0a765f7467e2d059d384a5a5c1ba413d') in 0.0280099 seconds
Importing 'GUID: 021a1036c919941473b7f602c3a6a647 - Path: Library/BuildInstructions/b34c37a9e07004d49ae2fae2d6d855e7.buildinst' with importer (DefaultImporter)
Imported 'GUID: 021a1036c919941473b7f602c3a6a647' -> (Import Result ID: 'b2a8032fa0add726eefd78392f10c538') in 0.001 seconds [static dependencies only]. Details - ImportResultOutputID=3e6d08a967f5b0a51a0ef0cd35d17541 DependenciesID=78b6c47e10c51f01889560d8f9a320fb StaticDependenciesID=6009c9289847b4feefec35912047808b 
Refreshing native plugins compatible for Editor in 21.94 ms, found 4 plugins.
Asset Pipeline Refresh (id=0299cf4832fc3ce4aa0a0f02e1812a9c): Total: 0.254 seconds - Initiated by RefreshV2(NoUpdateAssetOptions)
[Worker2] Imported GUID: 021a1036c919941473b7f602c3a6a647 - Path: Library/BuildInstructions/b34c37a9e07004d49ae2fae2d6d855e7.buildinst - Importer: BuildInstructionImporter -> (ImportResultId: 'a2c6db1135b08fb7bf0844373d48d108') in 0.1574054 seconds
-------------------------------------------------------------------------------
Build Report - Content Size Statistics
Serialized File count                     11
Resource file count                        2
Object count                              23
Serialized Files                     491.9 kb	  49.0%
Serialized Files Headers             362.4 kb	  36.1%
Resource data (Texture,Audio...)     512.0 kb	  51.0%
Total build size                    1003.9 kb

Largest Types:
   512.2 kb	  51.0% Cubemap
   125.1 kb	  12.5% Shader

Largest Assets:
   522.5 kb	  52.0% Resources/unity_builtin_extra
   107.2 kb	  10.7% Packages/com.unity.render-pipelines.universal/Shaders/Lit.shader
-------------------------------------------------------------------------------
BuildReport, and other content build meta-data, are written to Library/BuildHistory/20260918-113250Z-c0dddb31Unloading 1 Unused Serialized files (Serialized files now loaded: 0)
Unloading 259 unused Assets / (192.0 KB). Loaded Objects now: 12273.
Memory consumption went from 0.54 GB to 0.54 GB.
Total: 17.108500 ms (FindLiveObjects: 0.688600 ms CreateObjectMapping: 0.249400 ms MarkObjects: 15.652200 ms  DeleteObjects: 0.156100 ms)

SpriteAtlasDatabase::Cleanup
Refreshing native plugins compatible for Editor in 23.99 ms, found 4 plugins.
Asset Pipeline Refresh (id=373185deaac03374d8d8d255fde1ab62): Total: 0.150 seconds - Initiated by StopAssetImportingV2(NoUpdateAssetOptions)
Refreshing native plugins compatible for Editor in 22.67 ms, found 4 plugins.
Asset Pipeline Refresh (id=3a83116a99d2dce41afe174fec43d085): Total: 0.126 seconds - Initiated by StopAssetImportingV2(NoUpdateAssetOptions)
Refreshing native plugins compatible for Editor in 21.79 ms, found 4 plugins.
Asset Pipeline Refresh (id=553487e4858fe4b4eb4ccce53b1b5d35): Total: 0.172 seconds - Initiated by StopAssetImportingV2(NoUpdateAssetOptions)
Unloading 0 Unused Serialized files (Serialized files now loaded: 0)
Unloading 87 unused Assets / (70.7 KB). Loaded Objects now: 12258.
Memory consumption went from 0.53 GB to 0.53 GB.
Total: 17.669300 ms (FindLiveObjects: 0.992900 ms CreateObjectMapping: 0.403500 ms MarkObjects: 15.592400 ms  DeleteObjects: 0.352300 ms)

Refreshing native plugins compatible for Editor in 22.97 ms, found 4 plugins.
Asset Pipeline Refresh (id=5f2486413dc561849afa20c4f2a1f60c): Total: 0.246 seconds - Initiated by StopAssetImportingV2(NoUpdateAssetOptions)
Entering Playmode with Reload Domain disabled.
If you experience any issues, please disable "Enter Play Mode Options" in Editor Settings
[AppInit] DebugSocket configured. mode=Connect, endpoint=ws://127.0.0.1:5011/debugsocket/, autoStart=True, sendLogs=True, sendTelemetry=True.
UnityEngine.Debug:ExtractStackTraceNoAlloc (byte*,int,string)
UnityEngine.StackTraceUtility:ExtractStackTrace ()
UnityEngine.DebugLogHandler:Internal_Log (UnityEngine.LogType,UnityEngine.LogOption,string,UnityEngine.Object)
UnityEngine.DebugLogHandler:LogFormat (UnityEngine.LogType,UnityEngine.Object,string,object[])
UnityEngine.Logger:Log (UnityEngine.LogType,object)
UnityEngine.Debug:Log (object)
OneStarMaker.Runtime.AbstractApplicationInitializer:LogDebugSocketBootstrapStatus (OneStarMaker.Foundation.Config.AppConfig) (at Assets/OneStarMaker/Scripts/Runtime/Bootstrap/AbstractApplicationInitializer.cs:907)
OneStarMaker.Runtime.AbstractApplicationInitializer:InitializeBeforeSceneLoad () (at Assets/OneStarMaker/Scripts/Runtime/Bootstrap/AbstractApplicationInitializer.cs:202)
OneStarMaker.Runtime.AbstractApplicationInitializer:BootstrapBeforeSceneLoad (OneStarMaker.Runtime.AbstractApplicationInitializer) (at Assets/OneStarMaker/Scripts/Runtime/Bootstrap/AbstractApplicationInitializer.cs:145)
SampleGame.DependOnAll.AppInitializer:Before () (at Assets/SampleGame/DependOnAll/AppInitializer.cs:49)

(Filename: Assets/OneStarMaker/Scripts/Runtime/Bootstrap/AbstractApplicationInitializer.cs Line: 907)

[AppInit] AfterSceneLoad: loading UICommon.
UnityEngine.Debug:ExtractStackTraceNoAlloc (byte*,int,string)
UnityEngine.StackTraceUtility:ExtractStackTrace ()
UnityEngine.DebugLogHandler:Internal_Log (UnityEngine.LogType,UnityEngine.LogOption,string,UnityEngine.Object)
UnityEngine.DebugLogHandler:LogFormat (UnityEngine.LogType,UnityEngine.Object,string,object[])
UnityEngine.Logger:Log (UnityEngine.LogType,object)
UnityEngine.Debug:Log (object)
OneStarMaker.Runtime.AbstractApplicationInitializer/<InitializeAfterSceneLoad>d__28:MoveNext () (at Assets/OneStarMaker/Scripts/Runtime/Bootstrap/AbstractApplicationInitializer.cs:244)
Cysharp.Threading.Tasks.CompilerServices.AsyncUniTaskVoidMethodBuilder:Start<OneStarMaker.Runtime.AbstractApplicationInitializer/<InitializeAfterSceneLoad>d__28> (OneStarMaker.Runtime.AbstractApplicationInitializer/<InitializeAfterSceneLoad>d__28&) (at ./Library/PackageCache/com.cysharp.unitask@360e370345b9/Runtime/CompilerServices/AsyncUniTaskVoidMethodBuilder.cs:110)
OneStarMaker.Runtime.AbstractApplicationInitializer:InitializeAfterSceneLoad ()
OneStarMaker.Runtime.AbstractApplicationInitializer:BootstrapAfterSceneLoad (OneStarMaker.Runtime.AbstractApplicationInitializer) (at Assets/OneStarMaker/Scripts/Runtime/Bootstrap/AbstractApplicationInitializer.cs:160)
SampleGame.DependOnAll.AppInitializer:After () (at Assets/SampleGame/DependOnAll/AppInitializer.cs:62)

(Filename: Assets/OneStarMaker/Scripts/Runtime/Bootstrap/AbstractApplicationInitializer.cs Line: 244)

Loaded scene 'Temp/__Backupscenes/0.backup'
	Deserialize:            0.488 ms
	Integration:            1811.606 ms
	Integration of assets:  0.002 ms
	Thread Wait Time:       0.016 ms
	Total Operation Time:   1812.111 ms
Loaded scene 'Assets/OneStarMaker/Scenes/UISystem/UIScene.unity'
	Deserialize:            126.920 ms
	Integration:            164.933 ms
	Integration of assets:  2.845 ms
	Thread Wait Time:       -0.037 ms
	Total Operation Time:   294.660 ms
[AppInit] AfterSceneLoad: loading SceneResourceMap.
UnityEngine.Debug:ExtractStackTraceNoAlloc (byte*,int,string)
UnityEngine.StackTraceUtility:ExtractStackTrace ()
UnityEngine.DebugLogHandler:Internal_Log (UnityEngine.LogType,UnityEngine.LogOption,string,UnityEngine.Object)
UnityEngine.DebugLogHandler:LogFormat (UnityEngine.LogType,UnityEngine.Object,string,object[])
UnityEngine.Logger:Log (UnityEngine.LogType,object)
UnityEngine.Debug:Log (object)
OneStarMaker.Runtime.AbstractApplicationInitializer/<InitializeAfterSceneLoad>d__28:MoveNext () (at Assets/OneStarMaker/Scripts/Runtime/Bootstrap/AbstractApplicationInitializer.cs:248)
Cysharp.Threading.Tasks.CompilerServices.AsyncUniTaskVoid`1<OneStarMaker.Runtime.AbstractApplicationInitializer/<InitializeAfterSceneLoad>d__28>:Run () (at ./Library/PackageCache/com.cysharp.unitask@360e370345b9/Runtime/CompilerServices/StateMachineRunner.cs:104)
Cysharp.Threading.Tasks.AwaiterActions:Continuation (object) (at ./Library/PackageCache/com.cysharp.unitask@360e370345b9/Runtime/UniTask.cs:25)
Cysharp.Threading.Tasks.UniTaskCompletionSourceCore`1<OneStarMaker.Runtime.UISystem.UICommon>:TrySetResult (OneStarMaker.Runtime.UISystem.UICommon) (at ./Library/PackageCache/com.cysharp.unitask@360e370345b9/Runtime/UniTaskCompletionSource.cs:139)
Cysharp.Threading.Tasks.CompilerServices.AsyncUniTask`2<OneStarMaker.Runtime.AbstractApplicationInitializer/<LoadUICommonAsync>d__30, OneStarMaker.Runtime.UISystem.UICommon>:SetResult (OneStarMaker.Runtime.UISystem.UICommon) (at ./Library/PackageCache/com.cysharp.unitask@360e370345b9/Runtime/CompilerServices/StateMachineRunner.cs:328)
Cysharp.Threading.Tasks.CompilerServices.AsyncUniTaskMethodBuilder`1<OneStarMaker.Runtime.UISystem.UICommon>:SetResult (OneStarMaker.Runtime.UISystem.UICommon) (at ./Library/PackageCache/com.cysharp.unitask@360e370345b9/Runtime/CompilerServices/AsyncUniTaskMethodBuilder.cs:201)
OneStarMaker.Runtime.AbstractApplicationInitializer/<LoadUICommonAsync>d__30:MoveNext () (at Assets/OneStarMaker/Scripts/Runtime/Bootstrap/AbstractApplicationInitializer.cs:449)
Cysharp.Threading.Tasks.CompilerServices.AsyncUniTask`2<OneStarMaker.Runtime.AbstractApplicationInitializer/<LoadUICommonAsync>d__30, OneStarMaker.Runtime.UISystem.UICommon>:Run () (at ./Library/PackageCache/com.cysharp.unitask@360e370345b9/Runtime/CompilerServices/StateMachineRunner.cs:313)
Cysharp.Threading.Tasks.AwaiterActions:Continuation (object) (at ./Library/PackageCache/com.cysharp.unitask@360e370345b9/Runtime/UniTask.cs:25)
Cysharp.Threading.Tasks.UniTaskCompletionSourceCore`1<OneStarMaker.Runtime.AssetManagement.ISceneHandle>:TrySetResult (OneStarMaker.Runtime.AssetManagement.ISceneHandle) (at ./Library/PackageCache/com.cysharp.unitask@360e370345b9/Runtime/UniTaskCompletionSource.cs:139)
Cysharp.Threading.Tasks.CompilerServices.AsyncUniTask`2<OneStarMaker.Runtime.AssetManagement.AssetManagement/<LoadSceneAsync>d__21, OneStarMaker.Runtime.AssetManagement.ISceneHandle>:SetResult (OneStarMaker.Runtime.AssetManagement.ISceneHandle) (at ./Library/PackageCache/com.cysharp.unitask@360e370345b9/Runtime/CompilerServices/StateMachineRunner.cs:328)
Cysharp.Threading.Tasks.CompilerServices.AsyncUniTaskMethodBuilder`1<OneStarMaker.Runtime.AssetManagement.ISceneHandle>:SetResult (OneStarMaker.Runtime.AssetManagement.ISceneHandle) (at ./Library/PackageCache/com.cysharp.unitask@360e370345b9/Runtime/CompilerServices/AsyncUniTaskMethodBuilder.cs:201)
OneStarMaker.Runtime.AssetManagement.AssetManagement/<LoadSceneAsync>d__21:MoveNext () (at Assets/OneStarMaker/Scripts/Runtime/AssetManagement/AssetManagement.cs:122)
Cysharp.Threading.Tasks.CompilerServices.AsyncUniTask`2<OneStarMaker.Runtime.AssetManagement.AssetManagement/<LoadSceneAsync>d__21, OneStarMaker.Runtime.AssetManagement.ISceneHandle>:Run () (at ./Library/PackageCache/com.cysharp.unitask@360e370345b9/Runtime/CompilerServices/StateMachineRunner.cs:313)
Cysharp.Threading.Tasks.AwaiterActions:Continuation (object) (at ./Library/PackageCache/com.cysharp.unitask@360e370345b9/Runtime/UniTask.cs:25)
Cysharp.Threading.Tasks.UniTaskCompletionSourceCore`1<OneStarMaker.Runtime.AssetManagement.Internal.IBackendScene>:TrySetResult (OneStarMaker.Runtime.AssetManagement.Internal.IBackendScene) (at ./Library/PackageCache/com.cysharp.unitask@360e370345b9/Runtime/UniTaskCompletionSource.cs:139)
Cysharp.Threading.Tasks.CompilerServices.AsyncUniTask`2<OneStarMaker.Runtime.AssetManagement.Internal.AddressableBackend/<LoadSceneAsync>d__2, OneStarMaker.Runtime.AssetManagement.Internal.IBackendScene>:SetResult (OneStarMaker.Runtime.AssetManagement.Internal.IBackendScene) (at ./Library/PackageCache/com.cysharp.unitask@360e370345b9/Runtime/CompilerServices/StateMachineRunner.cs:328)
Cysharp.Threading.Tasks.CompilerServices.AsyncUniTaskMethodBuilder`1<OneStarMaker.Runtime.AssetManagement.Internal.IBackendScene>:SetResult (OneStarMaker.Runtime.AssetManagement.Internal.IBackendScene) (at ./Library/PackageCache/com.cysharp.unitask@360e370345b9/Runtime/CompilerServices/AsyncUniTaskMethodBuilder.cs:201)
OneStarMaker.Runtime.AssetManagement.Internal.AddressableBackend/<LoadSceneAsync>d__2:MoveNext () (at Assets/OneStarMaker/Scripts/Runtime/AssetManagement/Internal/AddressableBackend.cs:53)
Cysharp.Threading.Tasks.CompilerServices.AsyncUniTask`2<OneStarMaker.Runtime.AssetManagement.Internal.AddressableBackend/<LoadSceneAsync>d__2, OneStarMaker.Runtime.AssetManagement.Internal.IBackendScene>:Run () (at ./Library/PackageCache/com.cysharp.unitask@360e370345b9/Runtime/CompilerServices/StateMachineRunner.cs:313)
Cysharp.Threading.Tasks.AwaiterActions:Continuation (object) (at ./Library/PackageCache/com.cysharp.unitask@360e370345b9/Runtime/UniTask.cs:25)
Cysharp.Threading.Tasks.UniTaskCompletionSourceCore`1<Cysharp.Threading.Tasks.AsyncUnit>:TrySetResult (Cysharp.Threading.Tasks.AsyncUnit) (at ./Library/PackageCache/com.cysharp.unitask@360e370345b9/Runtime/UniTaskCompletionSource.cs:139)
Cysharp.Threading.Tasks.CompilerServices.AsyncUniTask`1<OneStarMaker.Runtime.AssetManagement.Internal.AddressableBackend/<AwaitHandle>d__6`1<UnityEngine.ResourceManagement.ResourceProviders.SceneInstance>>:SetResult () (at ./Library/PackageCache/com.cysharp.unitask@360e370345b9/Runtime/CompilerServices/StateMachineRunner.cs:204)
Cysharp.Threading.Tasks.CompilerServices.AsyncUniTaskMethodBuilder:SetResult () (at ./Library/PackageCache/com.cysharp.unitask@360e370345b9/Runtime/CompilerServices/AsyncUniTaskMethodBuilder.cs:70)
OneStarMaker.Runtime.AssetManagement.Internal.AddressableBackend/<AwaitHandle>d__6`1<UnityEngine.ResourceManagement.ResourceProviders.SceneInstance>:MoveNext () (at Assets/OneStarMaker/Scripts/Runtime/AssetManagement/Internal/AddressableBackend.cs:105)
Cysharp.Threading.Tasks.CompilerServices.AsyncUniTask`1<OneStarMaker.Runtime.AssetManagement.Internal.AddressableBackend/<AwaitHandle>d__6`1<UnityEngine.ResourceManagement.ResourceProviders.SceneInstance>>:Run () (at ./Library/PackageCache/com.cysharp.unitask@360e370345b9/Runtime/CompilerServices/StateMachineRunner.cs:189)
Cysharp.Threading.Tasks.AwaiterActions:Continuation (object) (at ./Library/PackageCache/com.cysharp.unitask@360e370345b9/Runtime/UniTask.cs:25)
Cysharp.Threading.Tasks.UniTaskCompletionSourceCore`1<UnityEngine.ResourceManagement.ResourceProviders.SceneInstance>:TrySetResult (UnityEngine.ResourceManagement.ResourceProviders.SceneInstance) (at ./Library/PackageCache/com.cysharp.unitask@360e370345b9/Runtime/UniTaskCompletionSource.cs:139)
Cysharp.Threading.Tasks.AddressablesAsyncExtensions/AsyncOperationHandleConfiguredSource`1<UnityEngine.ResourceManagement.ResourceProviders.SceneInstance>:HandleCompleted (UnityEngine.ResourceManagement.AsyncOperations.AsyncOperationHandle`1<UnityEngine.ResourceManagement.ResourceProviders.SceneInstance>) (at ./Library/PackageCache/com.cysharp.unitask@360e370345b9/Runtime/External/Addressables/AddressablesAsyncExtensions.cs:398)
DelegateList`1<UnityEngine.ResourceManagement.AsyncOperations.AsyncOperationHandle`1<UnityEngine.ResourceManagement.ResourceProviders.SceneInstance>>:Invoke (UnityEngine.ResourceManagement.AsyncOperations.AsyncOperationHandle`1<UnityEngine.ResourceManagement.ResourceProviders.SceneInstance>) (at ./Library/PackageCache/com.unity.addressables@42676f2a154e/Runtime/ResourceManager/Util/DelegateList.cs:75)
UnityEngine.ResourceManagement.AsyncOperations.AsyncOperationBase`1<UnityEngine.ResourceManagement.ResourceProviders.SceneInstance>:InvokeCompletionEvent () (at ./Library/PackageCache/com.unity.addressables@42676f2a154e/Runtime/ResourceManager/AsyncOperations/AsyncOperationBase.cs:391)
UnityEngine.ResourceManagement.AsyncOperations.AsyncOperationBase`1<UnityEngine.ResourceManagement.ResourceProviders.SceneInstance>:Complete (UnityEngine.ResourceManagement.ResourceProviders.SceneInstance,bool,System.Exception,bool) (at ./Library/PackageCache/com.unity.addressables@42676f2a154e/Runtime/ResourceManager/AsyncOperations/AsyncOperationBase.cs:494)
UnityEngine.ResourceManagement.AsyncOperations.AsyncOperationBase`1<UnityEngine.ResourceManagement.ResourceProviders.SceneInstance>:Complete (UnityEngine.ResourceManagement.ResourceProviders.SceneInstance,bool,string,bool) (at ./Library/PackageCache/com.unity.addressables@42676f2a154e/Runtime/ResourceManager/AsyncOperations/AsyncOperationBase.cs:447)
UnityEngine.ResourceManagement.AsyncOperations.AsyncOperationBase`1<UnityEngine.ResourceManagement.ResourceProviders.SceneInstance>:Complete (UnityEngine.ResourceManagement.ResourceProviders.SceneInstance,bool,string) (at ./Library/PackageCache/com.unity.addressables@42676f2a154e/Runtime/ResourceManager/AsyncOperations/AsyncOperationBase.cs:431)
UnityEngine.ResourceManagement.ResourceProviders.SceneProvider/SceneOp:UnityEngine.ResourceManagement.IUpdateReceiver.Update (single) (at ./Library/PackageCache/com.unity.addressables@42676f2a154e/Runtime/ResourceManager/ResourceProviders/SceneProvider.cs:208)
UnityEngine.ResourceManagement.AsyncOperations.AsyncOperationBase`1<UnityEngine.ResourceManagement.ResourceProviders.SceneInstance>:UpdateCallback (single) (at ./Library/PackageCache/com.unity.addressables@42676f2a154e/Runtime/ResourceManager/AsyncOperations/AsyncOperationBase.cs:415)
DelegateList`1<single>:Invoke (single) (at ./Library/PackageCache/com.unity.addressables@42676f2a154e/Runtime/ResourceManager/Util/DelegateList.cs:75)
UnityEngine.ResourceManagement.ResourceManager:Update (single) (at ./Library/PackageCache/com.unity.addressables@42676f2a154e/Runtime/ResourceManager/ResourceManager.cs:1109)
MonoBehaviourCallbackHooks:Update () (at ./Library/PackageCache/com.unity.addressables@42676f2a154e/Runtime/ResourceManager/Util/MonoBehaviourCallbackHooks.cs:29)

(Filename: Assets/OneStarMaker/Scripts/Runtime/Bootstrap/AbstractApplicationInitializer.cs Line: 248)

TrimDiskCacheJob: Current cache size 5mb
[AppInit] Starting DebugSocket transport. mode=Connect, endpoint=ws://127.0.0.1:5011/debugsocket/, autoStart=True.
UnityEngine.Debug:ExtractStackTraceNoAlloc (byte*,int,string)
UnityEngine.StackTraceUtility:ExtractStackTrace ()
UnityEngine.DebugLogHandler:Internal_Log (UnityEngine.LogType,UnityEngine.LogOption,string,UnityEngine.Object)
UnityEngine.DebugLogHandler:LogFormat (UnityEngine.LogType,UnityEngine.Object,string,object[])
UnityEngine.Logger:Log (UnityEngine.LogType,object)
UnityEngine.Debug:Log (object)
OneStarMaker.Runtime.AbstractApplicationInitializer/<StartFrameworkServicesAsync>d__39:MoveNext () (at Assets/OneStarMaker/Scripts/Runtime/Bootstrap/AbstractApplicationInitializer.cs:676)
Cysharp.Threading.Tasks.CompilerServices.AsyncUniTaskMethodBuilder:Start<OneStarMaker.Runtime.AbstractApplicationInitializer/<StartFrameworkServicesAsync>d__39> (OneStarMaker.Runtime.AbstractApplicationInitializer/<StartFrameworkServicesAsync>d__39&) (at ./Library/PackageCache/com.cysharp.unitask@360e370345b9/Runtime/CompilerServices/AsyncUniTaskMethodBuilder.cs:111)
OneStarMaker.Runtime.AbstractApplicationInitializer:StartFrameworkServicesAsync (System.Threading.CancellationToken)
OneStarMaker.Runtime.AbstractApplicationInitializer/<InitializeAfterSceneLoad>d__28:MoveNext () (at Assets/OneStarMaker/Scripts/Runtime/Bootstrap/AbstractApplicationInitializer.cs:263)
Cysharp.Threading.Tasks.CompilerServices.AsyncUniTaskVoid`1<OneStarMaker.Runtime.AbstractApplicationInitializer/<InitializeAfterSceneLoad>d__28>:Run () (at ./Library/PackageCache/com.cysharp.unitask@360e370345b9/Runtime/CompilerServices/StateMachineRunner.cs:104)
Cysharp.Threading.Tasks.AwaiterActions:Continuation (object) (at ./Library/PackageCache/com.cysharp.unitask@360e370345b9/Runtime/UniTask.cs:25)
Cysharp.Threading.Tasks.UniTaskCompletionSourceCore`1<OneStarMaker.Runtime.SceneSystem.SceneResourceMap>:TrySetResult (OneStarMaker.Runtime.SceneSystem.SceneResourceMap) (at ./Library/PackageCache/com.cysharp.unitask@360e370345b9/Runtime/UniTaskCompletionSource.cs:139)
Cysharp.Threading.Tasks.CompilerServices.AsyncUniTask`2<OneStarMaker.Runtime.AbstractApplicationInitializer/<LoadSceneResourceMapAsync>d__31, OneStarMaker.Runtime.SceneSystem.SceneResourceMap>:SetResult (OneStarMaker.Runtime.SceneSystem.SceneResourceMap) (at ./Library/PackageCache/com.cysharp.unitask@360e370345b9/Runtime/CompilerServices/StateMachineRunner.cs:328)
Cysharp.Threading.Tasks.CompilerServices.AsyncUniTaskMethodBuilder`1<OneStarMaker.Runtime.SceneSystem.SceneResourceMap>:SetResult (OneStarMaker.Runtime.SceneSystem.SceneResourceMap) (at ./Library/PackageCache/com.cysharp.unitask@360e370345b9/Runtime/CompilerServices/AsyncUniTaskMethodBuilder.cs:201)
OneStarMaker.Runtime.AbstractApplicationInitializer/<LoadSceneResourceMapAsync>d__31:MoveNext () (at Assets/OneStarMaker/Scripts/Runtime/Bootstrap/AbstractApplicationInitializer.cs:460)
Cysharp.Threading.Tasks.CompilerServices.AsyncUniTask`2<OneStarMaker.Runtime.AbstractApplicationInitializer/<LoadSceneResourceMapAsync>d__31, OneStarMaker.Runtime.SceneSystem.SceneResourceMap>:Run () (at ./Library/PackageCache/com.cysharp.unitask@360e370345b9/Runtime/CompilerServices/StateMachineRunner.cs:313)
Cysharp.Threading.Tasks.AwaiterActions:Continuation (object) (at ./Library/PackageCache/com.cysharp.unitask@360e370345b9/Runtime/UniTask.cs:25)
Cysharp.Threading.Tasks.UniTaskCompletionSourceCore`1<OneStarMaker.Runtime.AssetManagement.IAssetHandle`1<OneStarMaker.Runtime.SceneSystem.SceneResourceMap>>:TrySetResult (OneStarMaker.Runtime.AssetManagement.IAssetHandle`1<OneStarMaker.Runtime.SceneSystem.SceneResourceMap>) (at ./Library/PackageCache/com.cysharp.unitask@360e370345b9/Runtime/UniTaskCompletionSource.cs:139)
Cysharp.Threading.Tasks.CompilerServices.AsyncUniTask`2<OneStarMaker.Runtime.AssetManagement.AssetManagement/<LoadAssetAsync>d__19`1<OneStarMaker.Runtime.SceneSystem.SceneResourceMap>, OneStarMaker.Runtime.AssetManagement.IAssetHandle`1<OneStarMaker.Runtime.SceneSystem.SceneResourceMap>>:SetResult (OneStarMaker.Runtime.AssetManagement.IAssetHandle`1<OneStarMaker.Runtime.SceneSystem.SceneResourceMap>) (at ./Library/PackageCache/com.cysharp.unitask@360e370345b9/Runtime/CompilerServices/StateMachineRunner.cs:328)
Cysharp.Threading.Tasks.CompilerServices.AsyncUniTaskMethodBuilder`1<OneStarMaker.Runtime.AssetManagement.IAssetHandle`1<OneStarMaker.Runtime.SceneSystem.SceneResourceMap>>:SetResult (OneStarMaker.Runtime.AssetManagement.IAssetHandle`1<OneStarMaker.Runtime.SceneSystem.SceneResourceMap>) (at ./Library/PackageCache/com.cysharp.unitask@360e370345b9/Runtime/CompilerServices/AsyncUniTaskMethodBuilder.cs:201)
OneStarMaker.Runtime.AssetManagement.AssetManagement/<LoadAssetAsync>d__19`1<OneStarMaker.Runtime.SceneSystem.SceneResourceMap>:MoveNext () (at Assets/OneStarMaker/Scripts/Runtime/AssetManagement/AssetManagement.cs:74)
Cysharp.Threading.Tasks.CompilerServices.AsyncUniTask`2<OneStarMaker.Runtime.AssetManagement.AssetManagement/<LoadAssetAsync>d__19`1<OneStarMaker.Runtime.SceneSystem.SceneResourceMap>, OneStarMaker.Runtime.AssetManagement.IAssetHandle`1<OneStarMaker.Runtime.SceneSystem.SceneResourceMap>>:Run () (at ./Library/PackageCache/com.cysharp.unitask@360e370345b9/Runtime/CompilerServices/StateMachineRunner.cs:313)
Cysharp.Threading.Tasks.AwaiterActions:Continuation (object) (at ./Library/PackageCache/com.cysharp.unitask@360e370345b9/Runtime/UniTask.cs:25)
Cysharp.Threading.Tasks.UniTaskCompletionSourceCore`1<OneStarMaker.Runtime.AssetManagement.Internal.IBackendAsset>:TrySetResult (OneStarMaker.Runtime.AssetManagement.Internal.IBackendAsset) (at ./Library/PackageCache/com.cysharp.unitask@360e370345b9/Runtime/UniTaskCompletionSource.cs:139)
Cysharp.Threading.Tasks.CompilerServices.AsyncUniTask`2<OneStarMaker.Runtime.AssetManagement.AssetManagement/<LoadBackendAssetDedup>d__37`1<OneStarMaker.Runtime.SceneSystem.SceneResourceMap>, OneStarMaker.Runtime.AssetManagement.Internal.IBackendAsset>:SetResult (OneStarMaker.Runtime.AssetManagement.Internal.IBackendAsset) (at ./Library/PackageCache/com.cysharp.unitask@360e370345b9/Runtime/CompilerServices/StateMachineRunner.cs:328)
Cysharp.Threading.Tasks.CompilerServices.AsyncUniTaskMethodBuilder`1<OneStarMaker.Runtime.AssetManagement.Internal.IBackendAsset>:SetResult (OneStarMaker.Runtime.AssetManagement.Internal.IBackendAsset) (at ./Library/PackageCache/com.cysharp.unitask@360e370345b9/Runtime/CompilerServices/AsyncUniTaskMethodBuilder.cs:201)
OneStarMaker.Runtime.AssetManagement.AssetManagement/<LoadBackendAssetDedup>d__37`1<OneStarMaker.Runtime.SceneSystem.SceneResourceMap>:MoveNext () (at Assets/OneStarMaker/Scripts/Runtime/AssetManagement/AssetManagement.cs:344)
Cysharp.Threading.Tasks.CompilerServices.AsyncUniTask`2<OneStarMaker.Runtime.AssetManagement.AssetManagement/<LoadBackendAssetDedup>d__37`1<OneStarMaker.Runtime.SceneSystem.SceneResourceMap>, OneStarMaker.Runtime.AssetManagement.Internal.IBackendAsset>:Run () (at ./Library/PackageCache/com.cysharp.unitask@360e370345b9/Runtime/CompilerServices/StateMachineRunner.cs:313)
Cysharp.Threading.Tasks.AwaiterActions:Continuation (object) (at ./Library/PackageCache/com.cysharp.unitask@360e370345b9/Runtime/UniTask.cs:25)
Cysharp.Threading.Tasks.UniTaskCompletionSourceCore`1<OneStarMaker.Runtime.AssetManagement.Internal.IBackendAsset>:TrySetResult (OneStarMaker.Runtime.AssetManagement.Internal.IBackendAsset) (at ./Library/PackageCache/com.cysharp.unitask@360e370345b9/Runtime/UniTaskCompletionSource.cs:139)
Cysharp.Threading.Tasks.CompilerServices.AsyncUniTask`2<OneStarMaker.Runtime.AssetManagement.Internal.AddressableBackend/<LoadAssetAsync>d__0`1<OneStarMaker.Runtime.SceneSystem.SceneResourceMap>, OneStarMaker.Runtime.AssetManagement.Internal.IBackendAsset>:SetResult (OneStarMaker.Runtime.AssetManagement.Internal.IBackendAsset) (at ./Library/PackageCache/com.cysharp.unitask@360e370345b9/Runtime/CompilerServices/StateMachineRunner.cs:328)
Cysharp.Threading.Tasks.CompilerServices.AsyncUniTaskMethodBuilder`1<OneStarMaker.Runtime.AssetManagement.Internal.IBackendAsset>:SetResult (OneStarMaker.Runtime.AssetManagement.Internal.IBackendAsset) (at ./Library/PackageCache/com.cysharp.unitask@360e370345b9/Runtime/CompilerServices/AsyncUniTaskMethodBuilder.cs:201)
OneStarMaker.Runtime.AssetManagement.Internal.AddressableBackend/<LoadAssetAsync>d__0`1<OneStarMaker.Runtime.SceneSystem.SceneResourceMap>:MoveNext () (at Assets/OneStarMaker/Scripts/Runtime/AssetManagement/Internal/AddressableBackend.cs:26)
Cysharp.Threading.Tasks.CompilerServices.AsyncUniTask`2<OneStarMaker.Runtime.AssetManagement.Internal.AddressableBackend/<LoadAssetAsync>d__0`1<OneStarMaker.Runtime.SceneSystem.SceneResourceMap>, OneStarMaker.Runtime.AssetManagement.Internal.IBackendAsset>:Run () (at ./Library/PackageCache/com.cysharp.unitask@360e370345b9/Runtime/CompilerServices/StateMachineRunner.cs:313)
Cysharp.Threading.Tasks.AwaiterActions:Continuation (object) (at ./Library/PackageCache/com.cysharp.unitask@360e370345b9/Runtime/UniTask.cs:25)
Cysharp.Threading.Tasks.UniTaskCompletionSourceCore`1<Cysharp.Threading.Tasks.AsyncUnit>:TrySetResult (Cysharp.Threading.Tasks.AsyncUnit) (at ./Library/PackageCache/com.cysharp.unitask@360e370345b9/Runtime/UniTaskCompletionSource.cs:139)
Cysharp.Threading.Tasks.CompilerServices.AsyncUniTask`1<OneStarMaker.Runtime.AssetManagement.Internal.AddressableBackend/<AwaitHandle>d__6`1<OneStarMaker.Runtime.SceneSystem.SceneResourceMap>>:SetResult () (at ./Library/PackageCache/com.cysharp.unitask@360e370345b9/Runtime/CompilerServices/StateMachineRunner.cs:204)
Cysharp.Threading.Tasks.CompilerServices.AsyncUniTaskMethodBuilder:SetResult () (at ./Library/PackageCache/com.cysharp.unitask@360e370345b9/Runtime/CompilerServices/AsyncUniTaskMethodBuilder.cs:70)
OneStarMaker.Runtime.AssetManagement.Internal.AddressableBackend/<AwaitHandle>d__6`1<OneStarMaker.Runtime.SceneSystem.SceneResourceMap>:MoveNext () (at Assets/OneStarMaker/Scripts/Runtime/AssetManagement/Internal/AddressableBackend.cs:105)
Cysharp.Threading.Tasks.CompilerServices.AsyncUniTask`1<OneStarMaker.Runtime.AssetManagement.Internal.AddressableBackend/<AwaitHandle>d__6`1<OneStarMaker.Runtime.SceneSystem.SceneResourceMap>>:Run () (at ./Library/PackageCache/com.cysharp.unitask@360e370345b9/Runtime/CompilerServices/StateMachineRunner.cs:189)
Cysharp.Threading.Tasks.AwaiterActions:Continuation (object) (at ./Library/PackageCache/com.cysharp.unitask@360e370345b9/Runtime/UniTask.cs:25)
Cysharp.Threading.Tasks.UniTaskCompletionSourceCore`1<OneStarMaker.Runtime.SceneSystem.SceneResourceMap>:TrySetResult (OneStarMaker.Runtime.SceneSystem.SceneResourceMap) (at ./Library/PackageCache/com.cysharp.unitask@360e370345b9/Runtime/UniTaskCompletionSource.cs:139)
Cysharp.Threading.Tasks.AddressablesAsyncExtensions/AsyncOperationHandleConfiguredSource`1<OneStarMaker.Runtime.SceneSystem.SceneResourceMap>:HandleCompleted (UnityEngine.ResourceManagement.AsyncOperations.AsyncOperationHandle`1<OneStarMaker.Runtime.SceneSystem.SceneResourceMap>) (at ./Library/PackageCache/com.cysharp.unitask@360e370345b9/Runtime/External/Addressables/AddressablesAsyncExtensions.cs:398)
DelegateList`1<UnityEngine.ResourceManagement.AsyncOperations.AsyncOperationHandle`1<OneStarMaker.Runtime.SceneSystem.SceneResourceMap>>:Invoke (UnityEngine.ResourceManagement.AsyncOperations.AsyncOperationHandle`1<OneStarMaker.Runtime.SceneSystem.SceneResourceMap>) (at ./Library/PackageCache/com.unity.addressables@42676f2a154e/Runtime/ResourceManager/Util/DelegateList.cs:75)
UnityEngine.ResourceManagement.AsyncOperations.AsyncOperationBase`1<OneStarMaker.Runtime.SceneSystem.SceneResourceMap>:InvokeCompletionEvent () (at ./Library/PackageCache/com.unity.addressables@42676f2a154e/Runtime/ResourceManager/AsyncOperations/AsyncOperationBase.cs:391)
UnityEngine.ResourceManagement.AsyncOperations.AsyncOperationBase`1<OneStarMaker.Runtime.SceneSystem.SceneResourceMap>:Complete (OneStarMaker.Runtime.SceneSystem.SceneResourceMap,bool,System.Exception,bool) (at ./Library/PackageCache/com.unity.addressables@42676f2a154e/Runtime/ResourceManager/AsyncOperations/AsyncOperationBase.cs:494)
UnityEngine.ResourceManagement.AsyncOperations.ProviderOperation`1<OneStarMaker.Runtime.SceneSystem.SceneResourceMap>:ProviderCompleted<object> (object,bool,System.Exception) (at ./Library/PackageCache/com.unity.addressables@42676f2a154e/Runtime/ResourceManager/AsyncOperations/ProviderOperation.cs:189)
UnityEngine.ResourceManagement.ResourceProviders.ProvideHandle:Complete<object> (object,bool,System.Exception) (at ./Library/PackageCache/com.unity.addressables@42676f2a154e/Runtime/ResourceManager/ResourceProviders/IResourceProvider.cs:146)
UnityEngine.ResourceManagement.ResourceProviders.AssetDatabaseProvider/InternalOp:LoadImmediate () (at ./Library/PackageCache/com.unity.addressables@42676f2a154e/Runtime/ResourceManager/ResourceProviders/AssetDatabaseProvider.cs:130)
System.Reflection.RuntimeMethodInfo:Invoke (object,System.Reflection.BindingFlags,System.Reflection.Binder,object[],System.Globalization.CultureInfo)
System.Reflection.MethodBase:Invoke (object,object[])
System.Delegate:DynamicInvokeImpl (object[])
System.MulticastDelegate:DynamicInvokeImpl (object[])
System.Delegate:DynamicInvoke (object[])
UnityEngine.ResourceManagement.Util.DelayedActionManager/DelegateInfo:Invoke () (at ./Library/PackageCache/com.unity.addressables@42676f2a154e/Runtime/ResourceManager/Util/DelayedActionManager.cs:55)
UnityEngine.ResourceManagement.Util.DelayedActionManager:InternalLateUpdate (single) (at ./Library/PackageCache/com.unity.addressables@42676f2a154e/Runtime/ResourceManager/Util/DelayedActionManager.cs:192)
UnityEngine.ResourceManagement.Util.DelayedActionManager:LateUpdate () (at ./Library/PackageCache/com.unity.addressables@42676f2a154e/Runtime/ResourceManager/Util/DelayedActionManager.cs:171)

(Filename: Assets/OneStarMaker/Scripts/Runtime/Bootstrap/AbstractApplicationInitializer.cs Line: 676)

[DebugSocket] Starting outbound client transport. endpoint=ws://127.0.0.1:5011/debugsocket/
UnityEngine.Debug:ExtractStackTraceNoAlloc (byte*,int,string)
UnityEngine.StackTraceUtility:ExtractStackTrace ()
UnityEngine.DebugLogHandler:Internal_Log (UnityEngine.LogType,UnityEngine.LogOption,string,UnityEngine.Object)
UnityEngine.DebugLogHandler:LogFormat (UnityEngine.LogType,UnityEngine.Object,string,object[])
UnityEngine.Logger:Log (UnityEngine.LogType,object)
UnityEngine.Debug:Log (object)
OneStarMaker.Runtime.DebugSocketServices.DebugSocketTransportHost:StartOutbound (System.Threading.CancellationToken) (at Assets/OneStarMaker/Scripts/Runtime/DebugSocketServices/Transport/DebugSocketTransportHost.cs:51)
OneStarMaker.Runtime.DebugSocketServices.DebugSocketService:StartAsync (System.Threading.CancellationToken) (at Assets/OneStarMaker/Scripts/Runtime/DebugSocketServices/DebugSocketService.cs:238)
OneStarMaker.Runtime.AbstractApplicationInitializer/<StartFrameworkServicesAsync>d__39:MoveNext () (at Assets/OneStarMaker/Scripts/Runtime/Bootstrap/AbstractApplicationInitializer.cs:678)
Cysharp.Threading.Tasks.CompilerServices.AsyncUniTaskMethodBuilder:Start<OneStarMaker.Runtime.AbstractApplicationInitializer/<StartFrameworkServicesAsync>d__39> (OneStarMaker.Runtime.AbstractApplicationInitializer/<StartFrameworkServicesAsync>d__39&) (at ./Library/PackageCache/com.cysharp.unitask@360e370345b9/Runtime/CompilerServices/AsyncUniTaskMethodBuilder.cs:111)
OneStarMaker.Runtime.AbstractApplicationInitializer:StartFrameworkServicesAsync (System.Threading.CancellationToken)
OneStarMaker.Runtime.AbstractApplicationInitializer/<InitializeAfterSceneLoad>d__28:MoveNext () (at Assets/OneStarMaker/Scripts/Runtime/Bootstrap/AbstractApplicationInitializer.cs:263)
Cysharp.Threading.Tasks.CompilerServices.AsyncUniTaskVoid`1<OneStarMaker.Runtime.AbstractApplicationInitializer/<InitializeAfterSceneLoad>d__28>:Run () (at ./Library/PackageCache/com.cysharp.unitask@360e370345b9/Runtime/CompilerServices/StateMachineRunner.cs:104)
Cysharp.Threading.Tasks.AwaiterActions:Continuation (object) (at ./Library/PackageCache/com.cysharp.unitask@360e370345b9/Runtime/UniTask.cs:25)
Cysharp.Threading.Tasks.UniTaskCompletionSourceCore`1<OneStarMaker.Runtime.SceneSystem.SceneResourceMap>:TrySetResult (OneStarMaker.Runtime.SceneSystem.SceneResourceMap) (at ./Library/PackageCache/com.cysharp.unitask@360e370345b9/Runtime/UniTaskCompletionSource.cs:139)
Cysharp.Threading.Tasks.CompilerServices.AsyncUniTask`2<OneStarMaker.Runtime.AbstractApplicationInitializer/<LoadSceneResourceMapAsync>d__31, OneStarMaker.Runtime.SceneSystem.SceneResourceMap>:SetResult (OneStarMaker.Runtime.SceneSystem.SceneResourceMap) (at ./Library/PackageCache/com.cysharp.unitask@360e370345b9/Runtime/CompilerServices/StateMachineRunner.cs:328)
Cysharp.Threading.Tasks.CompilerServices.AsyncUniTaskMethodBuilder`1<OneStarMaker.Runtime.SceneSystem.SceneResourceMap>:SetResult (OneStarMaker.Runtime.SceneSystem.SceneResourceMap) (at ./Library/PackageCache/com.cysharp.unitask@360e370345b9/Runtime/CompilerServices/AsyncUniTaskMethodBuilder.cs:201)
OneStarMaker.Runtime.AbstractApplicationInitializer/<LoadSceneResourceMapAsync>d__31:MoveNext () (at Assets/OneStarMaker/Scripts/Runtime/Bootstrap/AbstractApplicationInitializer.cs:460)
Cysharp.Threading.Tasks.CompilerServices.AsyncUniTask`2<OneStarMaker.Runtime.AbstractApplicationInitializer/<LoadSceneResourceMapAsync>d__31, OneStarMaker.Runtime.SceneSystem.SceneResourceMap>:Run () (at ./Library/PackageCache/com.cysharp.unitask@360e370345b9/Runtime/CompilerServices/StateMachineRunner.cs:313)
Cysharp.Threading.Tasks.AwaiterActions:Continuation (object) (at ./Library/PackageCache/com.cysharp.unitask@360e370345b9/Runtime/UniTask.cs:25)
Cysharp.Threading.Tasks.UniTaskCompletionSourceCore`1<OneStarMaker.Runtime.AssetManagement.IAssetHandle`1<OneStarMaker.Runtime.SceneSystem.SceneResourceMap>>:TrySetResult (OneStarMaker.Runtime.AssetManagement.IAssetHandle`1<OneStarMaker.Runtime.SceneSystem.SceneResourceMap>) (at ./Library/PackageCache/com.cysharp.unitask@360e370345b9/Runtime/UniTaskCompletionSource.cs:139)
Cysharp.Threading.Tasks.CompilerServices.AsyncUniTask`2<OneStarMaker.Runtime.AssetManagement.AssetManagement/<LoadAssetAsync>d__19`1<OneStarMaker.Runtime.SceneSystem.SceneResourceMap>, OneStarMaker.Runtime.AssetManagement.IAssetHandle`1<OneStarMaker.Runtime.SceneSystem.SceneResourceMap>>:SetResult (OneStarMaker.Runtime.AssetManagement.IAssetHandle`1<OneStarMaker.Runtime.SceneSystem.SceneResourceMap>) (at ./Library/PackageCache/com.cysharp.unitask@360e370345b9/Runtime/CompilerServices/StateMachineRunner.cs:328)
Cysharp.Threading.Tasks.CompilerServices.AsyncUniTaskMethodBuilder`1<OneStarMaker.Runtime.AssetManagement.IAssetHandle`1<OneStarMaker.Runtime.SceneSystem.SceneResourceMap>>:SetResult (OneStarMaker.Runtime.AssetManagement.IAssetHandle`1<OneStarMaker.Runtime.SceneSystem.SceneResourceMap>) (at ./Library/PackageCache/com.cysharp.unitask@360e370345b9/Runtime/CompilerServices/AsyncUniTaskMethodBuilder.cs:201)
OneStarMaker.Runtime.AssetManagement.AssetManagement/<LoadAssetAsync>d__19`1<OneStarMaker.Runtime.SceneSystem.SceneResourceMap>:MoveNext () (at Assets/OneStarMaker/Scripts/Runtime/AssetManagement/AssetManagement.cs:74)
Cysharp.Threading.Tasks.CompilerServices.AsyncUniTask`2<OneStarMaker.Runtime.AssetManagement.AssetManagement/<LoadAssetAsync>d__19`1<OneStarMaker.Runtime.SceneSystem.SceneResourceMap>, OneStarMaker.Runtime.AssetManagement.IAssetHandle`1<OneStarMaker.Runtime.SceneSystem.SceneResourceMap>>:Run () (at ./Library/PackageCache/com.cysharp.unitask@360e370345b9/Runtime/CompilerServices/StateMachineRunner.cs:313)
Cysharp.Threading.Tasks.AwaiterActions:Continuation (object) (at ./Library/PackageCache/com.cysharp.unitask@360e370345b9/Runtime/UniTask.cs:25)
Cysharp.Threading.Tasks.UniTaskCompletionSourceCore`1<OneStarMaker.Runtime.AssetManagement.Internal.IBackendAsset>:TrySetResult (OneStarMaker.Runtime.AssetManagement.Internal.IBackendAsset) (at ./Library/PackageCache/com.cysharp.unitask@360e370345b9/Runtime/UniTaskCompletionSource.cs:139)
Cysharp.Threading.Tasks.CompilerServices.AsyncUniTask`2<OneStarMaker.Runtime.AssetManagement.AssetManagement/<LoadBackendAssetDedup>d__37`1<OneStarMaker.Runtime.SceneSystem.SceneResourceMap>, OneStarMaker.Runtime.AssetManagement.Internal.IBackendAsset>:SetResult (OneStarMaker.Runtime.AssetManagement.Internal.IBackendAsset) (at ./Library/PackageCache/com.cysharp.unitask@360e370345b9/Runtime/CompilerServices/StateMachineRunner.cs:328)
Cysharp.Threading.Tasks.CompilerServices.AsyncUniTaskMethodBuilder`1<OneStarMaker.Runtime.AssetManagement.Internal.IBackendAsset>:SetResult (OneStarMaker.Runtime.AssetManagement.Internal.IBackendAsset) (at ./Library/PackageCache/com.cysharp.unitask@360e370345b9/Runtime/CompilerServices/AsyncUniTaskMethodBuilder.cs:201)
OneStarMaker.Runtime.AssetManagement.AssetManagement/<LoadBackendAssetDedup>d__37`1<OneStarMaker.Runtime.SceneSystem.SceneResourceMap>:MoveNext () (at Assets/OneStarMaker/Scripts/Runtime/AssetManagement/AssetManagement.cs:344)
Cysharp.Threading.Tasks.CompilerServices.AsyncUniTask`2<OneStarMaker.Runtime.AssetManagement.AssetManagement/<LoadBackendAssetDedup>d__37`1<OneStarMaker.Runtime.SceneSystem.SceneResourceMap>, OneStarMaker.Runtime.AssetManagement.Internal.IBackendAsset>:Run () (at ./Library/PackageCache/com.cysharp.unitask@360e370345b9/Runtime/CompilerServices/StateMachineRunner.cs:313)
Cysharp.Threading.Tasks.AwaiterActions:Continuation (object) (at ./Library/PackageCache/com.cysharp.unitask@360e370345b9/Runtime/UniTask.cs:25)
Cysharp.Threading.Tasks.UniTaskCompletionSourceCore`1<OneStarMaker.Runtime.AssetManagement.Internal.IBackendAsset>:TrySetResult (OneStarMaker.Runtime.AssetManagement.Internal.IBackendAsset) (at ./Library/PackageCache/com.cysharp.unitask@360e370345b9/Runtime/UniTaskCompletionSource.cs:139)
Cysharp.Threading.Tasks.CompilerServices.AsyncUniTask`2<OneStarMaker.Runtime.AssetManagement.Internal.AddressableBackend/<LoadAssetAsync>d__0`1<OneStarMaker.Runtime.SceneSystem.SceneResourceMap>, OneStarMaker.Runtime.AssetManagement.Internal.IBackendAsset>:SetResult (OneStarMaker.Runtime.AssetManagement.Internal.IBackendAsset) (at ./Library/PackageCache/com.cysharp.unitask@360e370345b9/Runtime/CompilerServices/StateMachineRunner.cs:328)
Cysharp.Threading.Tasks.CompilerServices.AsyncUniTaskMethodBuilder`1<OneStarMaker.Runtime.AssetManagement.Internal.IBackendAsset>:SetResult (OneStarMaker.Runtime.AssetManagement.Internal.IBackendAsset) (at ./Library/PackageCache/com.cysharp.unitask@360e370345b9/Runtime/CompilerServices/AsyncUniTaskMethodBuilder.cs:201)
OneStarMaker.Runtime.AssetManagement.Internal.AddressableBackend/<LoadAssetAsync>d__0`1<OneStarMaker.Runtime.SceneSystem.SceneResourceMap>:MoveNext () (at Assets/OneStarMaker/Scripts/Runtime/AssetManagement/Internal/AddressableBackend.cs:26)
Cysharp.Threading.Tasks.CompilerServices.AsyncUniTask`2<OneStarMaker.Runtime.AssetManagement.Internal.AddressableBackend/<LoadAssetAsync>d__0`1<OneStarMaker.Runtime.SceneSystem.SceneResourceMap>, OneStarMaker.Runtime.AssetManagement.Internal.IBackendAsset>:Run () (at ./Library/PackageCache/com.cysharp.unitask@360e370345b9/Runtime/CompilerServices/StateMachineRunner.cs:313)
Cysharp.Threading.Tasks.AwaiterActions:Continuation (object) (at ./Library/PackageCache/com.cysharp.unitask@360e370345b9/Runtime/UniTask.cs:25)
Cysharp.Threading.Tasks.UniTaskCompletionSourceCore`1<Cysharp.Threading.Tasks.AsyncUnit>:TrySetResult (Cysharp.Threading.Tasks.AsyncUnit) (at ./Library/PackageCache/com.cysharp.unitask@360e370345b9/Runtime/UniTaskCompletionSource.cs:139)
Cysharp.Threading.Tasks.CompilerServices.AsyncUniTask`1<OneStarMaker.Runtime.AssetManagement.Internal.AddressableBackend/<AwaitHandle>d__6`1<OneStarMaker.Runtime.SceneSystem.SceneResourceMap>>:SetResult () (at ./Library/PackageCache/com.cysharp.unitask@360e370345b9/Runtime/CompilerServices/StateMachineRunner.cs:204)
Cysharp.Threading.Tasks.CompilerServices.AsyncUniTaskMethodBuilder:SetResult () (at ./Library/PackageCache/com.cysharp.unitask@360e370345b9/Runtime/CompilerServices/AsyncUniTaskMethodBuilder.cs:70)
OneStarMaker.Runtime.AssetManagement.Internal.AddressableBackend/<AwaitHandle>d__6`1<OneStarMaker.Runtime.SceneSystem.SceneResourceMap>:MoveNext () (at Assets/OneStarMaker/Scripts/Runtime/AssetManagement/Internal/AddressableBackend.cs:105)
Cysharp.Threading.Tasks.CompilerServices.AsyncUniTask`1<OneStarMaker.Runtime.AssetManagement.Internal.AddressableBackend/<AwaitHandle>d__6`1<OneStarMaker.Runtime.SceneSystem.SceneResourceMap>>:Run () (at ./Library/PackageCache/com.cysharp.unitask@360e370345b9/Runtime/CompilerServices/StateMachineRunner.cs:189)
Cysharp.Threading.Tasks.AwaiterActions:Continuation (object) (at ./Library/PackageCache/com.cysharp.unitask@360e370345b9/Runtime/UniTask.cs:25)
Cysharp.Threading.Tasks.UniTaskCompletionSourceCore`1<OneStarMaker.Runtime.SceneSystem.SceneResourceMap>:TrySetResult (OneStarMaker.Runtime.SceneSystem.SceneResourceMap) (at ./Library/PackageCache/com.cysharp.unitask@360e370345b9/Runtime/UniTaskCompletionSource.cs:139)
Cysharp.Threading.Tasks.AddressablesAsyncExtensions/AsyncOperationHandleConfiguredSource`1<OneStarMaker.Runtime.SceneSystem.SceneResourceMap>:HandleCompleted (UnityEngine.ResourceManagement.AsyncOperations.AsyncOperationHandle`1<OneStarMaker.Runtime.SceneSystem.SceneResourceMap>) (at ./Library/PackageCache/com.cysharp.unitask@360e370345b9/Runtime/External/Addressables/AddressablesAsyncExtensions.cs:398)
DelegateList`1<UnityEngine.ResourceManagement.AsyncOperations.AsyncOperationHandle`1<OneStarMaker.Runtime.SceneSystem.SceneResourceMap>>:Invoke (UnityEngine.ResourceManagement.AsyncOperations.AsyncOperationHandle`1<OneStarMaker.Runtime.SceneSystem.SceneResourceMap>) (at ./Library/PackageCache/com.unity.addressables@42676f2a154e/Runtime/ResourceManager/Util/DelegateList.cs:75)
UnityEngine.ResourceManagement.AsyncOperations.AsyncOperationBase`1<OneStarMaker.Runtime.SceneSystem.SceneResourceMap>:InvokeCompletionEvent () (at ./Library/PackageCache/com.unity.addressables@42676f2a154e/Runtime/ResourceManager/AsyncOperations/AsyncOperationBase.cs:391)
UnityEngine.ResourceManagement.AsyncOperations.AsyncOperationBase`1<OneStarMaker.Runtime.SceneSystem.SceneResourceMap>:Complete (OneStarMaker.Runtime.SceneSystem.SceneResourceMap,bool,System.Exception,bool) (at ./Library/PackageCache/com.unity.addressables@42676f2a154e/Runtime/ResourceManager/AsyncOperations/AsyncOperationBase.cs:494)
UnityEngine.ResourceManagement.AsyncOperations.ProviderOperation`1<OneStarMaker.Runtime.SceneSystem.SceneResourceMap>:ProviderCompleted<object> (object,bool,System.Exception) (at ./Library/PackageCache/com.unity.addressables@42676f2a154e/Runtime/ResourceManager/AsyncOperations/ProviderOperation.cs:189)
UnityEngine.ResourceManagement.ResourceProviders.ProvideHandle:Complete<object> (object,bool,System.Exception) (at ./Library/PackageCache/com.unity.addressables@42676f2a154e/Runtime/ResourceManager/ResourceProviders/IResourceProvider.cs:146)
UnityEngine.ResourceManagement.ResourceProviders.AssetDatabaseProvider/InternalOp:LoadImmediate () (at ./Library/PackageCache/com.unity.addressables@42676f2a154e/Runtime/ResourceManager/ResourceProviders/AssetDatabaseProvider.cs:130)
System.Reflection.RuntimeMethodInfo:Invoke (object,System.Reflection.BindingFlags,System.Reflection.Binder,object[],System.Globalization.CultureInfo)
System.Reflection.MethodBase:Invoke (object,object[])
System.Delegate:DynamicInvokeImpl (object[])
System.MulticastDelegate:DynamicInvokeImpl (object[])
System.Delegate:DynamicInvoke (object[])
UnityEngine.ResourceManagement.Util.DelayedActionManager/DelegateInfo:Invoke () (at ./Library/PackageCache/com.unity.addressables@42676f2a154e/Runtime/ResourceManager/Util/DelayedActionManager.cs:55)
UnityEngine.ResourceManagement.Util.DelayedActionManager:InternalLateUpdate (single) (at ./Library/PackageCache/com.unity.addressables@42676f2a154e/Runtime/ResourceManager/Util/DelayedActionManager.cs:192)
UnityEngine.ResourceManagement.Util.DelayedActionManager:LateUpdate () (at ./Library/PackageCache/com.unity.addressables@42676f2a154e/Runtime/ResourceManager/Util/DelayedActionManager.cs:171)

(Filename: Assets/OneStarMaker/Scripts/Runtime/DebugSocketServices/Transport/DebugSocketTransportHost.cs Line: 51)

[DebugSocket] Connecting to DebugStudio server. endpoint=ws://127.0.0.1:5011/debugsocket/
UnityEngine.Debug:ExtractStackTraceNoAlloc (byte*,int,string)
UnityEngine.StackTraceUtility:ExtractStackTrace ()
UnityEngine.DebugLogHandler:Internal_Log (UnityEngine.LogType,UnityEngine.LogOption,string,UnityEngine.Object)
UnityEngine.DebugLogHandler:LogFormat (UnityEngine.LogType,UnityEngine.Object,string,object[])
UnityEngine.Logger:Log (UnityEngine.LogType,object)
UnityEngine.Debug:Log (object)
OneStarMaker.Runtime.DebugSocketServices.DebugSocketTransportHost/<ConnectLoopAsync>d__15:MoveNext () (at Assets/OneStarMaker/Scripts/Runtime/DebugSocketServices/Transport/DebugSocketTransportHost.cs:148)
Cysharp.Threading.Tasks.CompilerServices.AsyncUniTaskMethodBuilder:Start<OneStarMaker.Runtime.DebugSocketServices.DebugSocketTransportHost/<ConnectLoopAsync>d__15> (OneStarMaker.Runtime.DebugSocketServices.DebugSocketTransportHost/<ConnectLoopAsync>d__15&) (at ./Library/PackageCache/com.cysharp.unitask@360e370345b9/Runtime/CompilerServices/AsyncUniTaskMethodBuilder.cs:111)
OneStarMaker.Runtime.DebugSocketServices.DebugSocketTransportHost:ConnectLoopAsync (System.Uri,System.Threading.CancellationToken)
OneStarMaker.Runtime.DebugSocketServices.DebugSocketTransportHost:StartOutbound (System.Threading.CancellationToken) (at Assets/OneStarMaker/Scripts/Runtime/DebugSocketServices/Transport/DebugSocketTransportHost.cs:52)
OneStarMaker.Runtime.DebugSocketServices.DebugSocketService:StartAsync (System.Threading.CancellationToken) (at Assets/OneStarMaker/Scripts/Runtime/DebugSocketServices/DebugSocketService.cs:238)
OneStarMaker.Runtime.AbstractApplicationInitializer/<StartFrameworkServicesAsync>d__39:MoveNext () (at Assets/OneStarMaker/Scripts/Runtime/Bootstrap/AbstractApplicationInitializer.cs:678)
Cysharp.Threading.Tasks.CompilerServices.AsyncUniTaskMethodBuilder:Start<OneStarMaker.Runtime.AbstractApplicationInitializer/<StartFrameworkServicesAsync>d__39> (OneStarMaker.Runtime.AbstractApplicationInitializer/<StartFrameworkServicesAsync>d__39&) (at ./Library/PackageCache/com.cysharp.unitask@360e370345b9/Runtime/CompilerServices/AsyncUniTaskMethodBuilder.cs:111)
OneStarMaker.Runtime.AbstractApplicationInitializer:StartFrameworkServicesAsync (System.Threading.CancellationToken)
OneStarMaker.Runtime.AbstractApplicationInitializer/<InitializeAfterSceneLoad>d__28:MoveNext () (at Assets/OneStarMaker/Scripts/Runtime/Bootstrap/AbstractApplicationInitializer.cs:263)
Cysharp.Threading.Tasks.CompilerServices.AsyncUniTaskVoid`1<OneStarMaker.Runtime.AbstractApplicationInitializer/<InitializeAfterSceneLoad>d__28>:Run () (at ./Library/PackageCache/com.cysharp.unitask@360e370345b9/Runtime/CompilerServices/StateMachineRunner.cs:104)
Cysharp.Threading.Tasks.AwaiterActions:Continuation (object) (at ./Library/PackageCache/com.cysharp.unitask@360e370345b9/Runtime/UniTask.cs:25)
Cysharp.Threading.Tasks.UniTaskCompletionSourceCore`1<OneStarMaker.Runtime.SceneSystem.SceneResourceMap>:TrySetResult (OneStarMaker.Runtime.SceneSystem.SceneResourceMap) (at ./Library/PackageCache/com.cysharp.unitask@360e370345b9/Runtime/UniTaskCompletionSource.cs:139)
Cysharp.Threading.Tasks.CompilerServices.AsyncUniTask`2<OneStarMaker.Runtime.AbstractApplicationInitializer/<LoadSceneResourceMapAsync>d__31, OneStarMaker.Runtime.SceneSystem.SceneResourceMap>:SetResult (OneStarMaker.Runtime.SceneSystem.SceneResourceMap) (at ./Library/PackageCache/com.cysharp.unitask@360e370345b9/Runtime/CompilerServices/StateMachineRunner.cs:328)
Cysharp.Threading.Tasks.CompilerServices.AsyncUniTaskMethodBuilder`1<OneStarMaker.Runtime.SceneSystem.SceneResourceMap>:SetResult (OneStarMaker.Runtime.SceneSystem.SceneResourceMap) (at ./Library/PackageCache/com.cysharp.unitask@360e370345b9/Runtime/CompilerServices/AsyncUniTaskMethodBuilder.cs:201)
OneStarMaker.Runtime.AbstractApplicationInitializer/<LoadSceneResourceMapAsync>d__31:MoveNext () (at Assets/OneStarMaker/Scripts/Runtime/Bootstrap/AbstractApplicationInitializer.cs:460)
Cysharp.Threading.Tasks.CompilerServices.AsyncUniTask`2<OneStarMaker.Runtime.AbstractApplicationInitializer/<LoadSceneResourceMapAsync>d__31, OneStarMaker.Runtime.SceneSystem.SceneResourceMap>:Run () (at ./Library/PackageCache/com.cysharp.unitask@360e370345b9/Runtime/CompilerServices/StateMachineRunner.cs:313)
Cysharp.Threading.Tasks.AwaiterActions:Continuation (object) (at ./Library/PackageCache/com.cysharp.unitask@360e370345b9/Runtime/UniTask.cs:25)
Cysharp.Threading.Tasks.UniTaskCompletionSourceCore`1<OneStarMaker.Runtime.AssetManagement.IAssetHandle`1<OneStarMaker.Runtime.SceneSystem.SceneResourceMap>>:TrySetResult (OneStarMaker.Runtime.AssetManagement.IAssetHandle`1<OneStarMaker.Runtime.SceneSystem.SceneResourceMap>) (at ./Library/PackageCache/com.cysharp.unitask@360e370345b9/Runtime/UniTaskCompletionSource.cs:139)
Cysharp.Threading.Tasks.CompilerServices.AsyncUniTask`2<OneStarMaker.Runtime.AssetManagement.AssetManagement/<LoadAssetAsync>d__19`1<OneStarMaker.Runtime.SceneSystem.SceneResourceMap>, OneStarMaker.Runtime.AssetManagement.IAssetHandle`1<OneStarMaker.Runtime.SceneSystem.SceneResourceMap>>:SetResult (OneStarMaker.Runtime.AssetManagement.IAssetHandle`1<OneStarMaker.Runtime.SceneSystem.SceneResourceMap>) (at ./Library/PackageCache/com.cysharp.unitask@360e370345b9/Runtime/CompilerServices/StateMachineRunner.cs:328)
Cysharp.Threading.Tasks.CompilerServices.AsyncUniTaskMethodBuilder`1<OneStarMaker.Runtime.AssetManagement.IAssetHandle`1<OneStarMaker.Runtime.SceneSystem.SceneResourceMap>>:SetResult (OneStarMaker.Runtime.AssetManagement.IAssetHandle`1<OneStarMaker.Runtime.SceneSystem.SceneResourceMap>) (at ./Library/PackageCache/com.cysharp.unitask@360e370345b9/Runtime/CompilerServices/AsyncUniTaskMethodBuilder.cs:201)
OneStarMaker.Runtime.AssetManagement.AssetManagement/<LoadAssetAsync>d__19`1<OneStarMaker.Runtime.SceneSystem.SceneResourceMap>:MoveNext () (at Assets/OneStarMaker/Scripts/Runtime/AssetManagement/AssetManagement.cs:74)
Cysharp.Threading.Tasks.CompilerServices.AsyncUniTask`2<OneStarMaker.Runtime.AssetManagement.AssetManagement/<LoadAssetAsync>d__19`1<OneStarMaker.Runtime.SceneSystem.SceneResourceMap>, OneStarMaker.Runtime.AssetManagement.IAssetHandle`1<OneStarMaker.Runtime.SceneSystem.SceneResourceMap>>:Run () (at ./Library/PackageCache/com.cysharp.unitask@360e370345b9/Runtime/CompilerServices/StateMachineRunner.cs:313)
Cysharp.Threading.Tasks.AwaiterActions:Continuation (object) (at ./Library/PackageCache/com.cysharp.unitask@360e370345b9/Runtime/UniTask.cs:25)
Cysharp.Threading.Tasks.UniTaskCompletionSourceCore`1<OneStarMaker.Runtime.AssetManagement.Internal.IBackendAsset>:TrySetResult (OneStarMaker.Runtime.AssetManagement.Internal.IBackendAsset) (at ./Library/PackageCache/com.cysharp.unitask@360e370345b9/Runtime/UniTaskCompletionSource.cs:139)
Cysharp.Threading.Tasks.CompilerServices.AsyncUniTask`2<OneStarMaker.Runtime.AssetManagement.AssetManagement/<LoadBackendAssetDedup>d__37`1<OneStarMaker.Runtime.SceneSystem.SceneResourceMap>, OneStarMaker.Runtime.AssetManagement.Internal.IBackendAsset>:SetResult (OneStarMaker.Runtime.AssetManagement.Internal.IBackendAsset) (at ./Library/PackageCache/com.cysharp.unitask@360e370345b9/Runtime/CompilerServices/StateMachineRunner.cs:328)
Cysharp.Threading.Tasks.CompilerServices.AsyncUniTaskMethodBuilder`1<OneStarMaker.Runtime.AssetManagement.Internal.IBackendAsset>:SetResult (OneStarMaker.Runtime.AssetManagement.Internal.IBackendAsset) (at ./Library/PackageCache/com.cysharp.unitask@360e370345b9/Runtime/CompilerServices/AsyncUniTaskMethodBuilder.cs:201)
OneStarMaker.Runtime.AssetManagement.AssetManagement/<LoadBackendAssetDedup>d__37`1<OneStarMaker.Runtime.SceneSystem.SceneResourceMap>:MoveNext () (at Assets/OneStarMaker/Scripts/Runtime/AssetManagement/AssetManagement.cs:344)
Cysharp.Threading.Tasks.CompilerServices.AsyncUniTask`2<OneStarMaker.Runtime.AssetManagement.AssetManagement/<LoadBackendAssetDedup>d__37`1<OneStarMaker.Runtime.SceneSystem.SceneResourceMap>, OneStarMaker.Runtime.AssetManagement.Internal.IBackendAsset>:Run () (at ./Library/PackageCache/com.cysharp.unitask@360e370345b9/Runtime/CompilerServices/StateMachineRunner.cs:313)
Cysharp.Threading.Tasks.AwaiterActions:Continuation (object) (at ./Library/PackageCache/com.cysharp.unitask@360e370345b9/Runtime/UniTask.cs:25)
Cysharp.Threading.Tasks.UniTaskCompletionSourceCore`1<OneStarMaker.Runtime.AssetManagement.Internal.IBackendAsset>:TrySetResult (OneStarMaker.Runtime.AssetManagement.Internal.IBackendAsset) (at ./Library/PackageCache/com.cysharp.unitask@360e370345b9/Runtime/UniTaskCompletionSource.cs:139)
Cysharp.Threading.Tasks.CompilerServices.AsyncUniTask`2<OneStarMaker.Runtime.AssetManagement.Internal.AddressableBackend/<LoadAssetAsync>d__0`1<OneStarMaker.Runtime.SceneSystem.SceneResourceMap>, OneStarMaker.Runtime.AssetManagement.Internal.IBackendAsset>:SetResult (OneStarMaker.Runtime.AssetManagement.Internal.IBackendAsset) (at ./Library/PackageCache/com.cysharp.unitask@360e370345b9/Runtime/CompilerServices/StateMachineRunner.cs:328)
Cysharp.Threading.Tasks.CompilerServices.AsyncUniTaskMethodBuilder`1<OneStarMaker.Runtime.AssetManagement.Internal.IBackendAsset>:SetResult (OneStarMaker.Runtime.AssetManagement.Internal.IBackendAsset) (at ./Library/PackageCache/com.cysharp.unitask@360e370345b9/Runtime/CompilerServices/AsyncUniTaskMethodBuilder.cs:201)
OneStarMaker.Runtime.AssetManagement.Internal.AddressableBackend/<LoadAssetAsync>d__0`1<OneStarMaker.Runtime.SceneSystem.SceneResourceMap>:MoveNext () (at Assets/OneStarMaker/Scripts/Runtime/AssetManagement/Internal/AddressableBackend.cs:26)
Cysharp.Threading.Tasks.CompilerServices.AsyncUniTask`2<OneStarMaker.Runtime.AssetManagement.Internal.AddressableBackend/<LoadAssetAsync>d__0`1<OneStarMaker.Runtime.SceneSystem.SceneResourceMap>, OneStarMaker.Runtime.AssetManagement.Internal.IBackendAsset>:Run () (at ./Library/PackageCache/com.cysharp.unitask@360e370345b9/Runtime/CompilerServices/StateMachineRunner.cs:313)
Cysharp.Threading.Tasks.AwaiterActions:Continuation (object) (at ./Library/PackageCache/com.cysharp.unitask@360e370345b9/Runtime/UniTask.cs:25)
Cysharp.Threading.Tasks.UniTaskCompletionSourceCore`1<Cysharp.Threading.Tasks.AsyncUnit>:TrySetResult (Cysharp.Threading.Tasks.AsyncUnit) (at ./Library/PackageCache/com.cysharp.unitask@360e370345b9/Runtime/UniTaskCompletionSource.cs:139)
Cysharp.Threading.Tasks.CompilerServices.AsyncUniTask`1<OneStarMaker.Runtime.AssetManagement.Internal.AddressableBackend/<AwaitHandle>d__6`1<OneStarMaker.Runtime.SceneSystem.SceneResourceMap>>:SetResult () (at ./Library/PackageCache/com.cysharp.unitask@360e370345b9/Runtime/CompilerServices/StateMachineRunner.cs:204)
Cysharp.Threading.Tasks.CompilerServices.AsyncUniTaskMethodBuilder:SetResult () (at ./Library/PackageCache/com.cysharp.unitask@360e370345b9/Runtime/CompilerServices/AsyncUniTaskMethodBuilder.cs:70)
OneStarMaker.Runtime.AssetManagement.Internal.AddressableBackend/<AwaitHandle>d__6`1<OneStarMaker.Runtime.SceneSystem.SceneResourceMap>:MoveNext () (at Assets/OneStarMaker/Scripts/Runtime/AssetManagement/Internal/AddressableBackend.cs:105)
Cysharp.Threading.Tasks.CompilerServices.AsyncUniTask`1<OneStarMaker.Runtime.AssetManagement.Internal.AddressableBackend/<AwaitHandle>d__6`1<OneStarMaker.Runtime.SceneSystem.SceneResourceMap>>:Run () (at ./Library/PackageCache/com.cysharp.unitask@360e370345b9/Runtime/CompilerServices/StateMachineRunner.cs:189)
Cysharp.Threading.Tasks.AwaiterActions:Continuation (object) (at ./Library/PackageCache/com.cysharp.unitask@360e370345b9/Runtime/UniTask.cs:25)
Cysharp.Threading.Tasks.UniTaskCompletionSourceCore`1<OneStarMaker.Runtime.SceneSystem.SceneResourceMap>:TrySetResult (OneStarMaker.Runtime.SceneSystem.SceneResourceMap) (at ./Library/PackageCache/com.cysharp.unitask@360e370345b9/Runtime/UniTaskCompletionSource.cs:139)
Cysharp.Threading.Tasks.AddressablesAsyncExtensions/AsyncOperationHandleConfiguredSource`1<OneStarMaker.Runtime.SceneSystem.SceneResourceMap>:HandleCompleted (UnityEngine.ResourceManagement.AsyncOperations.AsyncOperationHandle`1<OneStarMaker.Runtime.SceneSystem.SceneResourceMap>) (at ./Library/PackageCache/com.cysharp.unitask@360e370345b9/Runtime/External/Addressables/AddressablesAsyncExtensions.cs:398)
DelegateList`1<UnityEngine.ResourceManagement.AsyncOperations.AsyncOperationHandle`1<OneStarMaker.Runtime.SceneSystem.SceneResourceMap>>:Invoke (UnityEngine.ResourceManagement.AsyncOperations.AsyncOperationHandle`1<OneStarMaker.Runtime.SceneSystem.SceneResourceMap>) (at ./Library/PackageCache/com.unity.addressables@42676f2a154e/Runtime/ResourceManager/Util/DelegateList.cs:75)
UnityEngine.ResourceManagement.AsyncOperations.AsyncOperationBase`1<OneStarMaker.Runtime.SceneSystem.SceneResourceMap>:InvokeCompletionEvent () (at ./Library/PackageCache/com.unity.addressables@42676f2a154e/Runtime/ResourceManager/AsyncOperations/AsyncOperationBase.cs:391)
UnityEngine.ResourceManagement.AsyncOperations.AsyncOperationBase`1<OneStarMaker.Runtime.SceneSystem.SceneResourceMap>:Complete (OneStarMaker.Runtime.SceneSystem.SceneResourceMap,bool,System.Exception,bool) (at ./Library/PackageCache/com.unity.addressables@42676f2a154e/Runtime/ResourceManager/AsyncOperations/AsyncOperationBase.cs:494)
UnityEngine.ResourceManagement.AsyncOperations.ProviderOperation`1<OneStarMaker.Runtime.SceneSystem.SceneResourceMap>:ProviderCompleted<object> (object,bool,System.Exception) (at ./Library/PackageCache/com.unity.addressables@42676f2a154e/Runtime/ResourceManager/AsyncOperations/ProviderOperation.cs:189)
UnityEngine.ResourceManagement.ResourceProviders.ProvideHandle:Complete<object> (object,bool,System.Exception) (at ./Library/PackageCache/com.unity.addressables@42676f2a154e/Runtime/ResourceManager/ResourceProviders/IResourceProvider.cs:146)
UnityEngine.ResourceManagement.ResourceProviders.AssetDatabaseProvider/InternalOp:LoadImmediate () (at ./Library/PackageCache/com.unity.addressables@42676f2a154e/Runtime/ResourceManager/ResourceProviders/AssetDatabaseProvider.cs:130)
System.Reflection.RuntimeMethodInfo:Invoke (object,System.Reflection.BindingFlags,System.Reflection.Binder,object[],System.Globalization.CultureInfo)
System.Reflection.MethodBase:Invoke (object,object[])
System.Delegate:DynamicInvokeImpl (object[])
System.MulticastDelegate:DynamicInvokeImpl (object[])
System.Delegate:DynamicInvoke (object[])
UnityEngine.ResourceManagement.Util.DelayedActionManager/DelegateInfo:Invoke () (at ./Library/PackageCache/com.unity.addressables@42676f2a154e/Runtime/ResourceManager/Util/DelayedActionManager.cs:55)
UnityEngine.ResourceManagement.Util.DelayedActionManager:InternalLateUpdate (single) (at ./Library/PackageCache/com.unity.addressables@42676f2a154e/Runtime/ResourceManager/Util/DelayedActionManager.cs:192)
UnityEngine.ResourceManagement.Util.DelayedActionManager:LateUpdate () (at ./Library/PackageCache/com.unity.addressables@42676f2a154e/Runtime/ResourceManager/Util/DelayedActionManager.cs:171)

(Filename: Assets/OneStarMaker/Scripts/Runtime/DebugSocketServices/Transport/DebugSocketTransportHost.cs Line: 148)

[AppInit] DebugSocket transport start sequence finished. mode=Connect, isRunning=True.
UnityEngine.Debug:ExtractStackTraceNoAlloc (byte*,int,string)
UnityEngine.StackTraceUtility:ExtractStackTrace ()
UnityEngine.DebugLogHandler:Internal_Log (UnityEngine.LogType,UnityEngine.LogOption,string,UnityEngine.Object)
UnityEngine.DebugLogHandler:LogFormat (UnityEngine.LogType,UnityEngine.Object,string,object[])
UnityEngine.Logger:Log (UnityEngine.LogType,object)
UnityEngine.Debug:Log (object)
OneStarMaker.Runtime.AbstractApplicationInitializer/<StartFrameworkServicesAsync>d__39:MoveNext () (at Assets/OneStarMaker/Scripts/Runtime/Bootstrap/AbstractApplicationInitializer.cs:679)
Cysharp.Threading.Tasks.CompilerServices.AsyncUniTaskMethodBuilder:Start<OneStarMaker.Runtime.AbstractApplicationInitializer/<StartFrameworkServicesAsync>d__39> (OneStarMaker.Runtime.AbstractApplicationInitializer/<StartFrameworkServicesAsync>d__39&) (at ./Library/PackageCache/com.cysharp.unitask@360e370345b9/Runtime/CompilerServices/AsyncUniTaskMethodBuilder.cs:111)
OneStarMaker.Runtime.AbstractApplicationInitializer:StartFrameworkServicesAsync (System.Threading.CancellationToken)
OneStarMaker.Runtime.AbstractApplicationInitializer/<InitializeAfterSceneLoad>d__28:MoveNext () (at Assets/OneStarMaker/Scripts/Runtime/Bootstrap/AbstractApplicationInitializer.cs:263)
Cysharp.Threading.Tasks.CompilerServices.AsyncUniTaskVoid`1<OneStarMaker.Runtime.AbstractApplicationInitializer/<InitializeAfterSceneLoad>d__28>:Run () (at ./Library/PackageCache/com.cysharp.unitask@360e370345b9/Runtime/CompilerServices/StateMachineRunner.cs:104)
Cysharp.Threading.Tasks.AwaiterActions:Continuation (object) (at ./Library/PackageCache/com.cysharp.unitask@360e370345b9/Runtime/UniTask.cs:25)
Cysharp.Threading.Tasks.UniTaskCompletionSourceCore`1<OneStarMaker.Runtime.SceneSystem.SceneResourceMap>:TrySetResult (OneStarMaker.Runtime.SceneSystem.SceneResourceMap) (at ./Library/PackageCache/com.cysharp.unitask@360e370345b9/Runtime/UniTaskCompletionSource.cs:139)
Cysharp.Threading.Tasks.CompilerServices.AsyncUniTask`2<OneStarMaker.Runtime.AbstractApplicationInitializer/<LoadSceneResourceMapAsync>d__31, OneStarMaker.Runtime.SceneSystem.SceneResourceMap>:SetResult (OneStarMaker.Runtime.SceneSystem.SceneResourceMap) (at ./Library/PackageCache/com.cysharp.unitask@360e370345b9/Runtime/CompilerServices/StateMachineRunner.cs:328)
Cysharp.Threading.Tasks.CompilerServices.AsyncUniTaskMethodBuilder`1<OneStarMaker.Runtime.SceneSystem.SceneResourceMap>:SetResult (OneStarMaker.Runtime.SceneSystem.SceneResourceMap) (at ./Library/PackageCache/com.cysharp.unitask@360e370345b9/Runtime/CompilerServices/AsyncUniTaskMethodBuilder.cs:201)
OneStarMaker.Runtime.AbstractApplicationInitializer/<LoadSceneResourceMapAsync>d__31:MoveNext () (at Assets/OneStarMaker/Scripts/Runtime/Bootstrap/AbstractApplicationInitializer.cs:460)
Cysharp.Threading.Tasks.CompilerServices.AsyncUniTask`2<OneStarMaker.Runtime.AbstractApplicationInitializer/<LoadSceneResourceMapAsync>d__31, OneStarMaker.Runtime.SceneSystem.SceneResourceMap>:Run () (at ./Library/PackageCache/com.cysharp.unitask@360e370345b9/Runtime/CompilerServices/StateMachineRunner.cs:313)
Cysharp.Threading.Tasks.AwaiterActions:Continuation (object) (at ./Library/PackageCache/com.cysharp.unitask@360e370345b9/Runtime/UniTask.cs:25)
Cysharp.Threading.Tasks.UniTaskCompletionSourceCore`1<OneStarMaker.Runtime.AssetManagement.IAssetHandle`1<OneStarMaker.Runtime.SceneSystem.SceneResourceMap>>:TrySetResult (OneStarMaker.Runtime.AssetManagement.IAssetHandle`1<OneStarMaker.Runtime.SceneSystem.SceneResourceMap>) (at ./Library/PackageCache/com.cysharp.unitask@360e370345b9/Runtime/UniTaskCompletionSource.cs:139)
Cysharp.Threading.Tasks.CompilerServices.AsyncUniTask`2<OneStarMaker.Runtime.AssetManagement.AssetManagement/<LoadAssetAsync>d__19`1<OneStarMaker.Runtime.SceneSystem.SceneResourceMap>, OneStarMaker.Runtime.AssetManagement.IAssetHandle`1<OneStarMaker.Runtime.SceneSystem.SceneResourceMap>>:SetResult (OneStarMaker.Runtime.AssetManagement.IAssetHandle`1<OneStarMaker.Runtime.SceneSystem.SceneResourceMap>) (at ./Library/PackageCache/com.cysharp.unitask@360e370345b9/Runtime/CompilerServices/StateMachineRunner.cs:328)
Cysharp.Threading.Tasks.CompilerServices.AsyncUniTaskMethodBuilder`1<OneStarMaker.Runtime.AssetManagement.IAssetHandle`1<OneStarMaker.Runtime.SceneSystem.SceneResourceMap>>:SetResult (OneStarMaker.Runtime.AssetManagement.IAssetHandle`1<OneStarMaker.Runtime.SceneSystem.SceneResourceMap>) (at ./Library/PackageCache/com.cysharp.unitask@360e370345b9/Runtime/CompilerServices/AsyncUniTaskMethodBuilder.cs:201)
OneStarMaker.Runtime.AssetManagement.AssetManagement/<LoadAssetAsync>d__19`1<OneStarMaker.Runtime.SceneSystem.SceneResourceMap>:MoveNext () (at Assets/OneStarMaker/Scripts/Runtime/AssetManagement/AssetManagement.cs:74)
Cysharp.Threading.Tasks.CompilerServices.AsyncUniTask`2<OneStarMaker.Runtime.AssetManagement.AssetManagement/<LoadAssetAsync>d__19`1<OneStarMaker.Runtime.SceneSystem.SceneResourceMap>, OneStarMaker.Runtime.AssetManagement.IAssetHandle`1<OneStarMaker.Runtime.SceneSystem.SceneResourceMap>>:Run () (at ./Library/PackageCache/com.cysharp.unitask@360e370345b9/Runtime/CompilerServices/StateMachineRunner.cs:313)
Cysharp.Threading.Tasks.AwaiterActions:Continuation (object) (at ./Library/PackageCache/com.cysharp.unitask@360e370345b9/Runtime/UniTask.cs:25)
Cysharp.Threading.Tasks.UniTaskCompletionSourceCore`1<OneStarMaker.Runtime.AssetManagement.Internal.IBackendAsset>:TrySetResult (OneStarMaker.Runtime.AssetManagement.Internal.IBackendAsset) (at ./Library/PackageCache/com.cysharp.unitask@360e370345b9/Runtime/UniTaskCompletionSource.cs:139)
Cysharp.Threading.Tasks.CompilerServices.AsyncUniTask`2<OneStarMaker.Runtime.AssetManagement.AssetManagement/<LoadBackendAssetDedup>d__37`1<OneStarMaker.Runtime.SceneSystem.SceneResourceMap>, OneStarMaker.Runtime.AssetManagement.Internal.IBackendAsset>:SetResult (OneStarMaker.Runtime.AssetManagement.Internal.IBackendAsset) (at ./Library/PackageCache/com.cysharp.unitask@360e370345b9/Runtime/CompilerServices/StateMachineRunner.cs:328)
Cysharp.Threading.Tasks.CompilerServices.AsyncUniTaskMethodBuilder`1<OneStarMaker.Runtime.AssetManagement.Internal.IBackendAsset>:SetResult (OneStarMaker.Runtime.AssetManagement.Internal.IBackendAsset) (at ./Library/PackageCache/com.cysharp.unitask@360e370345b9/Runtime/CompilerServices/AsyncUniTaskMethodBuilder.cs:201)
OneStarMaker.Runtime.AssetManagement.AssetManagement/<LoadBackendAssetDedup>d__37`1<OneStarMaker.Runtime.SceneSystem.SceneResourceMap>:MoveNext () (at Assets/OneStarMaker/Scripts/Runtime/AssetManagement/AssetManagement.cs:344)
Cysharp.Threading.Tasks.CompilerServices.AsyncUniTask`2<OneStarMaker.Runtime.AssetManagement.AssetManagement/<LoadBackendAssetDedup>d__37`1<OneStarMaker.Runtime.SceneSystem.SceneResourceMap>, OneStarMaker.Runtime.AssetManagement.Internal.IBackendAsset>:Run () (at ./Library/PackageCache/com.cysharp.unitask@360e370345b9/Runtime/CompilerServices/StateMachineRunner.cs:313)
Cysharp.Threading.Tasks.AwaiterActions:Continuation (object) (at ./Library/PackageCache/com.cysharp.unitask@360e370345b9/Runtime/UniTask.cs:25)
Cysharp.Threading.Tasks.UniTaskCompletionSourceCore`1<OneStarMaker.Runtime.AssetManagement.Internal.IBackendAsset>:TrySetResult (OneStarMaker.Runtime.AssetManagement.Internal.IBackendAsset) (at ./Library/PackageCache/com.cysharp.unitask@360e370345b9/Runtime/UniTaskCompletionSource.cs:139)
Cysharp.Threading.Tasks.CompilerServices.AsyncUniTask`2<OneStarMaker.Runtime.AssetManagement.Internal.AddressableBackend/<LoadAssetAsync>d__0`1<OneStarMaker.Runtime.SceneSystem.SceneResourceMap>, OneStarMaker.Runtime.AssetManagement.Internal.IBackendAsset>:SetResult (OneStarMaker.Runtime.AssetManagement.Internal.IBackendAsset) (at ./Library/PackageCache/com.cysharp.unitask@360e370345b9/Runtime/CompilerServices/StateMachineRunner.cs:328)
Cysharp.Threading.Tasks.CompilerServices.AsyncUniTaskMethodBuilder`1<OneStarMaker.Runtime.AssetManagement.Internal.IBackendAsset>:SetResult (OneStarMaker.Runtime.AssetManagement.Internal.IBackendAsset) (at ./Library/PackageCache/com.cysharp.unitask@360e370345b9/Runtime/CompilerServices/AsyncUniTaskMethodBuilder.cs:201)
OneStarMaker.Runtime.AssetManagement.Internal.AddressableBackend/<LoadAssetAsync>d__0`1<OneStarMaker.Runtime.SceneSystem.SceneResourceMap>:MoveNext () (at Assets/OneStarMaker/Scripts/Runtime/AssetManagement/Internal/AddressableBackend.cs:26)
Cysharp.Threading.Tasks.CompilerServices.AsyncUniTask`2<OneStarMaker.Runtime.AssetManagement.Internal.AddressableBackend/<LoadAssetAsync>d__0`1<OneStarMaker.Runtime.SceneSystem.SceneResourceMap>, OneStarMaker.Runtime.AssetManagement.Internal.IBackendAsset>:Run () (at ./Library/PackageCache/com.cysharp.unitask@360e370345b9/Runtime/CompilerServices/StateMachineRunner.cs:313)
Cysharp.Threading.Tasks.AwaiterActions:Continuation (object) (at ./Library/PackageCache/com.cysharp.unitask@360e370345b9/Runtime/UniTask.cs:25)
Cysharp.Threading.Tasks.UniTaskCompletionSourceCore`1<Cysharp.Threading.Tasks.AsyncUnit>:TrySetResult (Cysharp.Threading.Tasks.AsyncUnit) (at ./Library/PackageCache/com.cysharp.unitask@360e370345b9/Runtime/UniTaskCompletionSource.cs:139)
Cysharp.Threading.Tasks.CompilerServices.AsyncUniTask`1<OneStarMaker.Runtime.AssetManagement.Internal.AddressableBackend/<AwaitHandle>d__6`1<OneStarMaker.Runtime.SceneSystem.SceneResourceMap>>:SetResult () (at ./Library/PackageCache/com.cysharp.unitask@360e370345b9/Runtime/CompilerServices/StateMachineRunner.cs:204)
Cysharp.Threading.Tasks.CompilerServices.AsyncUniTaskMethodBuilder:SetResult () (at ./Library/PackageCache/com.cysharp.unitask@360e370345b9/Runtime/CompilerServices/AsyncUniTaskMethodBuilder.cs:70)
OneStarMaker.Runtime.AssetManagement.Internal.AddressableBackend/<AwaitHandle>d__6`1<OneStarMaker.Runtime.SceneSystem.SceneResourceMap>:MoveNext () (at Assets/OneStarMaker/Scripts/Runtime/AssetManagement/Internal/AddressableBackend.cs:105)
Cysharp.Threading.Tasks.CompilerServices.AsyncUniTask`1<OneStarMaker.Runtime.AssetManagement.Internal.AddressableBackend/<AwaitHandle>d__6`1<OneStarMaker.Runtime.SceneSystem.SceneResourceMap>>:Run () (at ./Library/PackageCache/com.cysharp.unitask@360e370345b9/Runtime/CompilerServices/StateMachineRunner.cs:189)
Cysharp.Threading.Tasks.AwaiterActions:Continuation (object) (at ./Library/PackageCache/com.cysharp.unitask@360e370345b9/Runtime/UniTask.cs:25)
Cysharp.Threading.Tasks.UniTaskCompletionSourceCore`1<OneStarMaker.Runtime.SceneSystem.SceneResourceMap>:TrySetResult (OneStarMaker.Runtime.SceneSystem.SceneResourceMap) (at ./Library/PackageCache/com.cysharp.unitask@360e370345b9/Runtime/UniTaskCompletionSource.cs:139)
Cysharp.Threading.Tasks.AddressablesAsyncExtensions/AsyncOperationHandleConfiguredSource`1<OneStarMaker.Runtime.SceneSystem.SceneResourceMap>:HandleCompleted (UnityEngine.ResourceManagement.AsyncOperations.AsyncOperationHandle`1<OneStarMaker.Runtime.SceneSystem.SceneResourceMap>) (at ./Library/PackageCache/com.cysharp.unitask@360e370345b9/Runtime/External/Addressables/AddressablesAsyncExtensions.cs:398)
DelegateList`1<UnityEngine.ResourceManagement.AsyncOperations.AsyncOperationHandle`1<OneStarMaker.Runtime.SceneSystem.SceneResourceMap>>:Invoke (UnityEngine.ResourceManagement.AsyncOperations.AsyncOperationHandle`1<OneStarMaker.Runtime.SceneSystem.SceneResourceMap>) (at ./Library/PackageCache/com.unity.addressables@42676f2a154e/Runtime/ResourceManager/Util/DelegateList.cs:75)
UnityEngine.ResourceManagement.AsyncOperations.AsyncOperationBase`1<OneStarMaker.Runtime.SceneSystem.SceneResourceMap>:InvokeCompletionEvent () (at ./Library/PackageCache/com.unity.addressables@42676f2a154e/Runtime/ResourceManager/AsyncOperations/AsyncOperationBase.cs:391)
UnityEngine.ResourceManagement.AsyncOperations.AsyncOperationBase`1<OneStarMaker.Runtime.SceneSystem.SceneResourceMap>:Complete (OneStarMaker.Runtime.SceneSystem.SceneResourceMap,bool,System.Exception,bool) (at ./Library/PackageCache/com.unity.addressables@42676f2a154e/Runtime/ResourceManager/AsyncOperations/AsyncOperationBase.cs:494)
UnityEngine.ResourceManagement.AsyncOperations.ProviderOperation`1<OneStarMaker.Runtime.SceneSystem.SceneResourceMap>:ProviderCompleted<object> (object,bool,System.Exception) (at ./Library/PackageCache/com.unity.addressables@42676f2a154e/Runtime/ResourceManager/AsyncOperations/ProviderOperation.cs:189)
UnityEngine.ResourceManagement.ResourceProviders.ProvideHandle:Complete<object> (object,bool,System.Exception) (at ./Library/PackageCache/com.unity.addressables@42676f2a154e/Runtime/ResourceManager/ResourceProviders/IResourceProvider.cs:146)
UnityEngine.ResourceManagement.ResourceProviders.AssetDatabaseProvider/InternalOp:LoadImmediate () (at ./Library/PackageCache/com.unity.addressables@42676f2a154e/Runtime/ResourceManager/ResourceProviders/AssetDatabaseProvider.cs:130)
System.Reflection.RuntimeMethodInfo:Invoke (object,System.Reflection.BindingFlags,System.Reflection.Binder,object[],System.Globalization.CultureInfo)
System.Reflection.MethodBase:Invoke (object,object[])
System.Delegate:DynamicInvokeImpl (object[])
System.MulticastDelegate:DynamicInvokeImpl (object[])
System.Delegate:DynamicInvoke (object[])
UnityEngine.ResourceManagement.Util.DelayedActionManager/DelegateInfo:Invoke () (at ./Library/PackageCache/com.unity.addressables@42676f2a154e/Runtime/ResourceManager/Util/DelayedActionManager.cs:55)
UnityEngine.ResourceManagement.Util.DelayedActionManager:InternalLateUpdate (single) (at ./Library/PackageCache/com.unity.addressables@42676f2a154e/Runtime/ResourceManager/Util/DelayedActionManager.cs:192)
UnityEngine.ResourceManagement.Util.DelayedActionManager:LateUpdate () (at ./Library/PackageCache/com.unity.addressables@42676f2a154e/Runtime/ResourceManager/Util/DelayedActionManager.cs:171)

(Filename: Assets/OneStarMaker/Scripts/Runtime/Bootstrap/AbstractApplicationInitializer.cs Line: 679)

[AppInit] SceneResourceMap に未登録のシーンをスキップ: 
UnityEngine.Debug:ExtractStackTraceNoAlloc (byte*,int,string)
UnityEngine.StackTraceUtility:ExtractStackTrace ()
UnityEngine.DebugLogHandler:Internal_Log (UnityEngine.LogType,UnityEngine.LogOption,string,UnityEngine.Object)
UnityEngine.DebugLogHandler:LogFormat (UnityEngine.LogType,UnityEngine.Object,string,object[])
UnityEngine.Logger:Log (UnityEngine.LogType,object)
UnityEngine.Debug:Log (object)
OneStarMaker.Runtime.AbstractApplicationInitializer/<RegisterAlreadyLoadedScenes>d__37:MoveNext () (at Assets/OneStarMaker/Scripts/Runtime/Bootstrap/AbstractApplicationInitializer.cs:637)
Cysharp.Threading.Tasks.CompilerServices.AsyncUniTaskMethodBuilder:Start<OneStarMaker.Runtime.AbstractApplicationInitializer/<RegisterAlreadyLoadedScenes>d__37> (OneStarMaker.Runtime.AbstractApplicationInitializer/<RegisterAlreadyLoadedScenes>d__37&) (at ./Library/PackageCache/com.cysharp.unitask@360e370345b9/Runtime/CompilerServices/AsyncUniTaskMethodBuilder.cs:111)
OneStarMaker.Runtime.AbstractApplicationInitializer:RegisterAlreadyLoadedScenes (System.Threading.CancellationToken)
OneStarMaker.Runtime.AbstractApplicationInitializer/<InitializeAfterSceneLoad>d__28:MoveNext () (at Assets/OneStarMaker/Scripts/Runtime/Bootstrap/AbstractApplicationInitializer.cs:323)
Cysharp.Threading.Tasks.CompilerServices.AsyncUniTaskVoid`1<OneStarMaker.Runtime.AbstractApplicationInitializer/<InitializeAfterSceneLoad>d__28>:Run () (at ./Library/PackageCache/com.cysharp.unitask@360e370345b9/Runtime/CompilerServices/StateMachineRunner.cs:104)
Cysharp.Threading.Tasks.AwaiterActions:Continuation (object) (at ./Library/PackageCache/com.cysharp.unitask@360e370345b9/Runtime/UniTask.cs:25)
Cysharp.Threading.Tasks.UniTaskCompletionSourceCore`1<OneStarMaker.Runtime.SceneSystem.SceneResourceMap>:TrySetResult (OneStarMaker.Runtime.SceneSystem.SceneResourceMap) (at ./Library/PackageCache/com.cysharp.unitask@360e370345b9/Runtime/UniTaskCompletionSource.cs:139)
Cysharp.Threading.Tasks.CompilerServices.AsyncUniTask`2<OneStarMaker.Runtime.AbstractApplicationInitializer/<LoadSceneResourceMapAsync>d__31, OneStarMaker.Runtime.SceneSystem.SceneResourceMap>:SetResult (OneStarMaker.Runtime.SceneSystem.SceneResourceMap) (at ./Library/PackageCache/com.cysharp.unitask@360e370345b9/Runtime/CompilerServices/StateMachineRunner.cs:328)
Cysharp.Threading.Tasks.CompilerServices.AsyncUniTaskMethodBuilder`1<OneStarMaker.Runtime.SceneSystem.SceneResourceMap>:SetResult (OneStarMaker.Runtime.SceneSystem.SceneResourceMap) (at ./Library/PackageCache/com.cysharp.unitask@360e370345b9/Runtime/CompilerServices/AsyncUniTaskMethodBuilder.cs:201)
OneStarMaker.Runtime.AbstractApplicationInitializer/<LoadSceneResourceMapAsync>d__31:MoveNext () (at Assets/OneStarMaker/Scripts/Runtime/Bootstrap/AbstractApplicationInitializer.cs:460)
Cysharp.Threading.Tasks.CompilerServices.AsyncUniTask`2<OneStarMaker.Runtime.AbstractApplicationInitializer/<LoadSceneResourceMapAsync>d__31, OneStarMaker.Runtime.SceneSystem.SceneResourceMap>:Run () (at ./Library/PackageCache/com.cysharp.unitask@360e370345b9/Runtime/CompilerServices/StateMachineRunner.cs:313)
Cysharp.Threading.Tasks.AwaiterActions:Continuation (object) (at ./Library/PackageCache/com.cysharp.unitask@360e370345b9/Runtime/UniTask.cs:25)
Cysharp.Threading.Tasks.UniTaskCompletionSourceCore`1<OneStarMaker.Runtime.AssetManagement.IAssetHandle`1<OneStarMaker.Runtime.SceneSystem.SceneResourceMap>>:TrySetResult (OneStarMaker.Runtime.AssetManagement.IAssetHandle`1<OneStarMaker.Runtime.SceneSystem.SceneResourceMap>) (at ./Library/PackageCache/com.cysharp.unitask@360e370345b9/Runtime/UniTaskCompletionSource.cs:139)
Cysharp.Threading.Tasks.CompilerServices.AsyncUniTask`2<OneStarMaker.Runtime.AssetManagement.AssetManagement/<LoadAssetAsync>d__19`1<OneStarMaker.Runtime.SceneSystem.SceneResourceMap>, OneStarMaker.Runtime.AssetManagement.IAssetHandle`1<OneStarMaker.Runtime.SceneSystem.SceneResourceMap>>:SetResult (OneStarMaker.Runtime.AssetManagement.IAssetHandle`1<OneStarMaker.Runtime.SceneSystem.SceneResourceMap>) (at ./Library/PackageCache/com.cysharp.unitask@360e370345b9/Runtime/CompilerServices/StateMachineRunner.cs:328)
Cysharp.Threading.Tasks.CompilerServices.AsyncUniTaskMethodBuilder`1<OneStarMaker.Runtime.AssetManagement.IAssetHandle`1<OneStarMaker.Runtime.SceneSystem.SceneResourceMap>>:SetResult (OneStarMaker.Runtime.AssetManagement.IAssetHandle`1<OneStarMaker.Runtime.SceneSystem.SceneResourceMap>) (at ./Library/PackageCache/com.cysharp.unitask@360e370345b9/Runtime/CompilerServices/AsyncUniTaskMethodBuilder.cs:201)
OneStarMaker.Runtime.AssetManagement.AssetManagement/<LoadAssetAsync>d__19`1<OneStarMaker.Runtime.SceneSystem.SceneResourceMap>:MoveNext () (at Assets/OneStarMaker/Scripts/Runtime/AssetManagement/AssetManagement.cs:74)
Cysharp.Threading.Tasks.CompilerServices.AsyncUniTask`2<OneStarMaker.Runtime.AssetManagement.AssetManagement/<LoadAssetAsync>d__19`1<OneStarMaker.Runtime.SceneSystem.SceneResourceMap>, OneStarMaker.Runtime.AssetManagement.IAssetHandle`1<OneStarMaker.Runtime.SceneSystem.SceneResourceMap>>:Run () (at ./Library/PackageCache/com.cysharp.unitask@360e370345b9/Runtime/CompilerServices/StateMachineRunner.cs:313)
Cysharp.Threading.Tasks.AwaiterActions:Continuation (object) (at ./Library/PackageCache/com.cysharp.unitask@360e370345b9/Runtime/UniTask.cs:25)
Cysharp.Threading.Tasks.UniTaskCompletionSourceCore`1<OneStarMaker.Runtime.AssetManagement.Internal.IBackendAsset>:TrySetResult (OneStarMaker.Runtime.AssetManagement.Internal.IBackendAsset) (at ./Library/PackageCache/com.cysharp.unitask@360e370345b9/Runtime/UniTaskCompletionSource.cs:139)
Cysharp.Threading.Tasks.CompilerServices.AsyncUniTask`2<OneStarMaker.Runtime.AssetManagement.AssetManagement/<LoadBackendAssetDedup>d__37`1<OneStarMaker.Runtime.SceneSystem.SceneResourceMap>, OneStarMaker.Runtime.AssetManagement.Internal.IBackendAsset>:SetResult (OneStarMaker.Runtime.AssetManagement.Internal.IBackendAsset) (at ./Library/PackageCache/com.cysharp.unitask@360e370345b9/Runtime/CompilerServices/StateMachineRunner.cs:328)
Cysharp.Threading.Tasks.CompilerServices.AsyncUniTaskMethodBuilder`1<OneStarMaker.Runtime.AssetManagement.Internal.IBackendAsset>:SetResult (OneStarMaker.Runtime.AssetManagement.Internal.IBackendAsset) (at ./Library/PackageCache/com.cysharp.unitask@360e370345b9/Runtime/CompilerServices/AsyncUniTaskMethodBuilder.cs:201)
OneStarMaker.Runtime.AssetManagement.AssetManagement/<LoadBackendAssetDedup>d__37`1<OneStarMaker.Runtime.SceneSystem.SceneResourceMap>:MoveNext () (at Assets/OneStarMaker/Scripts/Runtime/AssetManagement/AssetManagement.cs:344)
Cysharp.Threading.Tasks.CompilerServices.AsyncUniTask`2<OneStarMaker.Runtime.AssetManagement.AssetManagement/<LoadBackendAssetDedup>d__37`1<OneStarMaker.Runtime.SceneSystem.SceneResourceMap>, OneStarMaker.Runtime.AssetManagement.Internal.IBackendAsset>:Run () (at ./Library/PackageCache/com.cysharp.unitask@360e370345b9/Runtime/CompilerServices/StateMachineRunner.cs:313)
Cysharp.Threading.Tasks.AwaiterActions:Continuation (object) (at ./Library/PackageCache/com.cysharp.unitask@360e370345b9/Runtime/UniTask.cs:25)
Cysharp.Threading.Tasks.UniTaskCompletionSourceCore`1<OneStarMaker.Runtime.AssetManagement.Internal.IBackendAsset>:TrySetResult (OneStarMaker.Runtime.AssetManagement.Internal.IBackendAsset) (at ./Library/PackageCache/com.cysharp.unitask@360e370345b9/Runtime/UniTaskCompletionSource.cs:139)
Cysharp.Threading.Tasks.CompilerServices.AsyncUniTask`2<OneStarMaker.Runtime.AssetManagement.Internal.AddressableBackend/<LoadAssetAsync>d__0`1<OneStarMaker.Runtime.SceneSystem.SceneResourceMap>, OneStarMaker.Runtime.AssetManagement.Internal.IBackendAsset>:SetResult (OneStarMaker.Runtime.AssetManagement.Internal.IBackendAsset) (at ./Library/PackageCache/com.cysharp.unitask@360e370345b9/Runtime/CompilerServices/StateMachineRunner.cs:328)
Cysharp.Threading.Tasks.CompilerServices.AsyncUniTaskMethodBuilder`1<OneStarMaker.Runtime.AssetManagement.Internal.IBackendAsset>:SetResult (OneStarMaker.Runtime.AssetManagement.Internal.IBackendAsset) (at ./Library/PackageCache/com.cysharp.unitask@360e370345b9/Runtime/CompilerServices/AsyncUniTaskMethodBuilder.cs:201)
OneStarMaker.Runtime.AssetManagement.Internal.AddressableBackend/<LoadAssetAsync>d__0`1<OneStarMaker.Runtime.SceneSystem.SceneResourceMap>:MoveNext () (at Assets/OneStarMaker/Scripts/Runtime/AssetManagement/Internal/AddressableBackend.cs:26)
Cysharp.Threading.Tasks.CompilerServices.AsyncUniTask`2<OneStarMaker.Runtime.AssetManagement.Internal.AddressableBackend/<LoadAssetAsync>d__0`1<OneStarMaker.Runtime.SceneSystem.SceneResourceMap>, OneStarMaker.Runtime.AssetManagement.Internal.IBackendAsset>:Run () (at ./Library/PackageCache/com.cysharp.unitask@360e370345b9/Runtime/CompilerServices/StateMachineRunner.cs:313)
Cysharp.Threading.Tasks.AwaiterActions:Continuation (object) (at ./Library/PackageCache/com.cysharp.unitask@360e370345b9/Runtime/UniTask.cs:25)
Cysharp.Threading.Tasks.UniTaskCompletionSourceCore`1<Cysharp.Threading.Tasks.AsyncUnit>:TrySetResult (Cysharp.Threading.Tasks.AsyncUnit) (at ./Library/PackageCache/com.cysharp.unitask@360e370345b9/Runtime/UniTaskCompletionSource.cs:139)
Cysharp.Threading.Tasks.CompilerServices.AsyncUniTask`1<OneStarMaker.Runtime.AssetManagement.Internal.AddressableBackend/<AwaitHandle>d__6`1<OneStarMaker.Runtime.SceneSystem.SceneResourceMap>>:SetResult () (at ./Library/PackageCache/com.cysharp.unitask@360e370345b9/Runtime/CompilerServices/StateMachineRunner.cs:204)
Cysharp.Threading.Tasks.CompilerServices.AsyncUniTaskMethodBuilder:SetResult () (at ./Library/PackageCache/com.cysharp.unitask@360e370345b9/Runtime/CompilerServices/AsyncUniTaskMethodBuilder.cs:70)
OneStarMaker.Runtime.AssetManagement.Internal.AddressableBackend/<AwaitHandle>d__6`1<OneStarMaker.Runtime.SceneSystem.SceneResourceMap>:MoveNext () (at Assets/OneStarMaker/Scripts/Runtime/AssetManagement/Internal/AddressableBackend.cs:105)
Cysharp.Threading.Tasks.CompilerServices.AsyncUniTask`1<OneStarMaker.Runtime.AssetManagement.Internal.AddressableBackend/<AwaitHandle>d__6`1<OneStarMaker.Runtime.SceneSystem.SceneResourceMap>>:Run () (at ./Library/PackageCache/com.cysharp.unitask@360e370345b9/Runtime/CompilerServices/StateMachineRunner.cs:189)
Cysharp.Threading.Tasks.AwaiterActions:Continuation (object) (at ./Library/PackageCache/com.cysharp.unitask@360e370345b9/Runtime/UniTask.cs:25)
Cysharp.Threading.Tasks.UniTaskCompletionSourceCore`1<OneStarMaker.Runtime.SceneSystem.SceneResourceMap>:TrySetResult (OneStarMaker.Runtime.SceneSystem.SceneResourceMap) (at ./Library/PackageCache/com.cysharp.unitask@360e370345b9/Runtime/UniTaskCompletionSource.cs:139)
Cysharp.Threading.Tasks.AddressablesAsyncExtensions/AsyncOperationHandleConfiguredSource`1<OneStarMaker.Runtime.SceneSystem.SceneResourceMap>:HandleCompleted (UnityEngine.ResourceManagement.AsyncOperations.AsyncOperationHandle`1<OneStarMaker.Runtime.SceneSystem.SceneResourceMap>) (at ./Library/PackageCache/com.cysharp.unitask@360e370345b9/Runtime/External/Addressables/AddressablesAsyncExtensions.cs:398)
DelegateList`1<UnityEngine.ResourceManagement.AsyncOperations.AsyncOperationHandle`1<OneStarMaker.Runtime.SceneSystem.SceneResourceMap>>:Invoke (UnityEngine.ResourceManagement.AsyncOperations.AsyncOperationHandle`1<OneStarMaker.Runtime.SceneSystem.SceneResourceMap>) (at ./Library/PackageCache/com.unity.addressables@42676f2a154e/Runtime/ResourceManager/Util/DelegateList.cs:75)
UnityEngine.ResourceManagement.AsyncOperations.AsyncOperationBase`1<OneStarMaker.Runtime.SceneSystem.SceneResourceMap>:InvokeCompletionEvent () (at ./Library/PackageCache/com.unity.addressables@42676f2a154e/Runtime/ResourceManager/AsyncOperations/AsyncOperationBase.cs:391)
UnityEngine.ResourceManagement.AsyncOperations.AsyncOperationBase`1<OneStarMaker.Runtime.SceneSystem.SceneResourceMap>:Complete (OneStarMaker.Runtime.SceneSystem.SceneResourceMap,bool,System.Exception,bool) (at ./Library/PackageCache/com.unity.addressables@42676f2a154e/Runtime/ResourceManager/AsyncOperations/AsyncOperationBase.cs:494)
UnityEngine.ResourceManagement.AsyncOperations.ProviderOperation`1<OneStarMaker.Runtime.SceneSystem.SceneResourceMap>:ProviderCompleted<object> (object,bool,System.Exception) (at ./Library/PackageCache/com.unity.addressables@42676f2a154e/Runtime/ResourceManager/AsyncOperations/ProviderOperation.cs:189)
UnityEngine.ResourceManagement.ResourceProviders.ProvideHandle:Complete<object> (object,bool,System.Exception) (at ./Library/PackageCache/com.unity.addressables@42676f2a154e/Runtime/ResourceManager/ResourceProviders/IResourceProvider.cs:146)
UnityEngine.ResourceManagement.ResourceProviders.AssetDatabaseProvider/InternalOp:LoadImmediate () (at ./Library/PackageCache/com.unity.addressables@42676f2a154e/Runtime/ResourceManager/ResourceProviders/AssetDatabaseProvider.cs:130)
System.Reflection.RuntimeMethodInfo:Invoke (object,System.Reflection.BindingFlags,System.Reflection.Binder,object[],System.Globalization.CultureInfo)
System.Reflection.MethodBase:Invoke (object,object[])
System.Delegate:DynamicInvokeImpl (object[])
System.MulticastDelegate:DynamicInvokeImpl (object[])
System.Delegate:DynamicInvoke (object[])
UnityEngine.ResourceManagement.Util.DelayedActionManager/DelegateInfo:Invoke () (at ./Library/PackageCache/com.unity.addressables@42676f2a154e/Runtime/ResourceManager/Util/DelayedActionManager.cs:55)
UnityEngine.ResourceManagement.Util.DelayedActionManager:InternalLateUpdate (single) (at ./Library/PackageCache/com.unity.addressables@42676f2a154e/Runtime/ResourceManager/Util/DelayedActionManager.cs:192)
UnityEngine.ResourceManagement.Util.DelayedActionManager:LateUpdate () (at ./Library/PackageCache/com.unity.addressables@42676f2a154e/Runtime/ResourceManager/Util/DelayedActionManager.cs:171)

(Filename: Assets/OneStarMaker/Scripts/Runtime/Bootstrap/AbstractApplicationInitializer.cs Line: 637)

[AppInit] SceneResourceMap に未登録のシーンをスキップ: UIScene
UnityEngine.Debug:ExtractStackTraceNoAlloc (byte*,int,string)
UnityEngine.StackTraceUtility:ExtractStackTrace ()
UnityEngine.DebugLogHandler:Internal_Log (UnityEngine.LogType,UnityEngine.LogOption,string,UnityEngine.Object)
UnityEngine.DebugLogHandler:LogFormat (UnityEngine.LogType,UnityEngine.Object,string,object[])
UnityEngine.Logger:Log (UnityEngine.LogType,object)
UnityEngine.Debug:Log (object)
OneStarMaker.Runtime.AbstractApplicationInitializer/<RegisterAlreadyLoadedScenes>d__37:MoveNext () (at Assets/OneStarMaker/Scripts/Runtime/Bootstrap/AbstractApplicationInitializer.cs:637)
Cysharp.Threading.Tasks.CompilerServices.AsyncUniTaskMethodBuilder:Start<OneStarMaker.Runtime.AbstractApplicationInitializer/<RegisterAlreadyLoadedScenes>d__37> (OneStarMaker.Runtime.AbstractApplicationInitializer/<RegisterAlreadyLoadedScenes>d__37&) (at ./Library/PackageCache/com.cysharp.unitask@360e370345b9/Runtime/CompilerServices/AsyncUniTaskMethodBuilder.cs:111)
OneStarMaker.Runtime.AbstractApplicationInitializer:RegisterAlreadyLoadedScenes (System.Threading.CancellationToken)
OneStarMaker.Runtime.AbstractApplicationInitializer/<InitializeAfterSceneLoad>d__28:MoveNext () (at Assets/OneStarMaker/Scripts/Runtime/Bootstrap/AbstractApplicationInitializer.cs:323)
Cysharp.Threading.Tasks.CompilerServices.AsyncUniTaskVoid`1<OneStarMaker.Runtime.AbstractApplicationInitializer/<InitializeAfterSceneLoad>d__28>:Run () (at ./Library/PackageCache/com.cysharp.unitask@360e370345b9/Runtime/CompilerServices/StateMachineRunner.cs:104)
Cysharp.Threading.Tasks.AwaiterActions:Continuation (object) (at ./Library/PackageCache/com.cysharp.unitask@360e370345b9/Runtime/UniTask.cs:25)
Cysharp.Threading.Tasks.UniTaskCompletionSourceCore`1<OneStarMaker.Runtime.SceneSystem.SceneResourceMap>:TrySetResult (OneStarMaker.Runtime.SceneSystem.SceneResourceMap) (at ./Library/PackageCache/com.cysharp.unitask@360e370345b9/Runtime/UniTaskCompletionSource.cs:139)
Cysharp.Threading.Tasks.CompilerServices.AsyncUniTask`2<OneStarMaker.Runtime.AbstractApplicationInitializer/<LoadSceneResourceMapAsync>d__31, OneStarMaker.Runtime.SceneSystem.SceneResourceMap>:SetResult (OneStarMaker.Runtime.SceneSystem.SceneResourceMap) (at ./Library/PackageCache/com.cysharp.unitask@360e370345b9/Runtime/CompilerServices/StateMachineRunner.cs:328)
Cysharp.Threading.Tasks.CompilerServices.AsyncUniTaskMethodBuilder`1<OneStarMaker.Runtime.SceneSystem.SceneResourceMap>:SetResult (OneStarMaker.Runtime.SceneSystem.SceneResourceMap) (at ./Library/PackageCache/com.cysharp.unitask@360e370345b9/Runtime/CompilerServices/AsyncUniTaskMethodBuilder.cs:201)
OneStarMaker.Runtime.AbstractApplicationInitializer/<LoadSceneResourceMapAsync>d__31:MoveNext () (at Assets/OneStarMaker/Scripts/Runtime/Bootstrap/AbstractApplicationInitializer.cs:460)
Cysharp.Threading.Tasks.CompilerServices.AsyncUniTask`2<OneStarMaker.Runtime.AbstractApplicationInitializer/<LoadSceneResourceMapAsync>d__31, OneStarMaker.Runtime.SceneSystem.SceneResourceMap>:Run () (at ./Library/PackageCache/com.cysharp.unitask@360e370345b9/Runtime/CompilerServices/StateMachineRunner.cs:313)
Cysharp.Threading.Tasks.AwaiterActions:Continuation (object) (at ./Library/PackageCache/com.cysharp.unitask@360e370345b9/Runtime/UniTask.cs:25)
Cysharp.Threading.Tasks.UniTaskCompletionSourceCore`1<OneStarMaker.Runtime.AssetManagement.IAssetHandle`1<OneStarMaker.Runtime.SceneSystem.SceneResourceMap>>:TrySetResult (OneStarMaker.Runtime.AssetManagement.IAssetHandle`1<OneStarMaker.Runtime.SceneSystem.SceneResourceMap>) (at ./Library/PackageCache/com.cysharp.unitask@360e370345b9/Runtime/UniTaskCompletionSource.cs:139)
Cysharp.Threading.Tasks.CompilerServices.AsyncUniTask`2<OneStarMaker.Runtime.AssetManagement.AssetManagement/<LoadAssetAsync>d__19`1<OneStarMaker.Runtime.SceneSystem.SceneResourceMap>, OneStarMaker.Runtime.AssetManagement.IAssetHandle`1<OneStarMaker.Runtime.SceneSystem.SceneResourceMap>>:SetResult (OneStarMaker.Runtime.AssetManagement.IAssetHandle`1<OneStarMaker.Runtime.SceneSystem.SceneResourceMap>) (at ./Library/PackageCache/com.cysharp.unitask@360e370345b9/Runtime/CompilerServices/StateMachineRunner.cs:328)
Cysharp.Threading.Tasks.CompilerServices.AsyncUniTaskMethodBuilder`1<OneStarMaker.Runtime.AssetManagement.IAssetHandle`1<OneStarMaker.Runtime.SceneSystem.SceneResourceMap>>:SetResult (OneStarMaker.Runtime.AssetManagement.IAssetHandle`1<OneStarMaker.Runtime.SceneSystem.SceneResourceMap>) (at ./Library/PackageCache/com.cysharp.unitask@360e370345b9/Runtime/CompilerServices/AsyncUniTaskMethodBuilder.cs:201)
OneStarMaker.Runtime.AssetManagement.AssetManagement/<LoadAssetAsync>d__19`1<OneStarMaker.Runtime.SceneSystem.SceneResourceMap>:MoveNext () (at Assets/OneStarMaker/Scripts/Runtime/AssetManagement/AssetManagement.cs:74)
Cysharp.Threading.Tasks.CompilerServices.AsyncUniTask`2<OneStarMaker.Runtime.AssetManagement.AssetManagement/<LoadAssetAsync>d__19`1<OneStarMaker.Runtime.SceneSystem.SceneResourceMap>, OneStarMaker.Runtime.AssetManagement.IAssetHandle`1<OneStarMaker.Runtime.SceneSystem.SceneResourceMap>>:Run () (at ./Library/PackageCache/com.cysharp.unitask@360e370345b9/Runtime/CompilerServices/StateMachineRunner.cs:313)
Cysharp.Threading.Tasks.AwaiterActions:Continuation (object) (at ./Library/PackageCache/com.cysharp.unitask@360e370345b9/Runtime/UniTask.cs:25)
Cysharp.Threading.Tasks.UniTaskCompletionSourceCore`1<OneStarMaker.Runtime.AssetManagement.Internal.IBackendAsset>:TrySetResult (OneStarMaker.Runtime.AssetManagement.Internal.IBackendAsset) (at ./Library/PackageCache/com.cysharp.unitask@360e370345b9/Runtime/UniTaskCompletionSource.cs:139)
Cysharp.Threading.Tasks.CompilerServices.AsyncUniTask`2<OneStarMaker.Runtime.AssetManagement.AssetManagement/<LoadBackendAssetDedup>d__37`1<OneStarMaker.Runtime.SceneSystem.SceneResourceMap>, OneStarMaker.Runtime.AssetManagement.Internal.IBackendAsset>:SetResult (OneStarMaker.Runtime.AssetManagement.Internal.IBackendAsset) (at ./Library/PackageCache/com.cysharp.unitask@360e370345b9/Runtime/CompilerServices/StateMachineRunner.cs:328)
Cysharp.Threading.Tasks.CompilerServices.AsyncUniTaskMethodBuilder`1<OneStarMaker.Runtime.AssetManagement.Internal.IBackendAsset>:SetResult (OneStarMaker.Runtime.AssetManagement.Internal.IBackendAsset) (at ./Library/PackageCache/com.cysharp.unitask@360e370345b9/Runtime/CompilerServices/AsyncUniTaskMethodBuilder.cs:201)
OneStarMaker.Runtime.AssetManagement.AssetManagement/<LoadBackendAssetDedup>d__37`1<OneStarMaker.Runtime.SceneSystem.SceneResourceMap>:MoveNext () (at Assets/OneStarMaker/Scripts/Runtime/AssetManagement/AssetManagement.cs:344)
Cysharp.Threading.Tasks.CompilerServices.AsyncUniTask`2<OneStarMaker.Runtime.AssetManagement.AssetManagement/<LoadBackendAssetDedup>d__37`1<OneStarMaker.Runtime.SceneSystem.SceneResourceMap>, OneStarMaker.Runtime.AssetManagement.Internal.IBackendAsset>:Run () (at ./Library/PackageCache/com.cysharp.unitask@360e370345b9/Runtime/CompilerServices/StateMachineRunner.cs:313)
Cysharp.Threading.Tasks.AwaiterActions:Continuation (object) (at ./Library/PackageCache/com.cysharp.unitask@360e370345b9/Runtime/UniTask.cs:25)
Cysharp.Threading.Tasks.UniTaskCompletionSourceCore`1<OneStarMaker.Runtime.AssetManagement.Internal.IBackendAsset>:TrySetResult (OneStarMaker.Runtime.AssetManagement.Internal.IBackendAsset) (at ./Library/PackageCache/com.cysharp.unitask@360e370345b9/Runtime/UniTaskCompletionSource.cs:139)
Cysharp.Threading.Tasks.CompilerServices.AsyncUniTask`2<OneStarMaker.Runtime.AssetManagement.Internal.AddressableBackend/<LoadAssetAsync>d__0`1<OneStarMaker.Runtime.SceneSystem.SceneResourceMap>, OneStarMaker.Runtime.AssetManagement.Internal.IBackendAsset>:SetResult (OneStarMaker.Runtime.AssetManagement.Internal.IBackendAsset) (at ./Library/PackageCache/com.cysharp.unitask@360e370345b9/Runtime/CompilerServices/StateMachineRunner.cs:328)
Cysharp.Threading.Tasks.CompilerServices.AsyncUniTaskMethodBuilder`1<OneStarMaker.Runtime.AssetManagement.Internal.IBackendAsset>:SetResult (OneStarMaker.Runtime.AssetManagement.Internal.IBackendAsset) (at ./Library/PackageCache/com.cysharp.unitask@360e370345b9/Runtime/CompilerServices/AsyncUniTaskMethodBuilder.cs:201)
OneStarMaker.Runtime.AssetManagement.Internal.AddressableBackend/<LoadAssetAsync>d__0`1<OneStarMaker.Runtime.SceneSystem.SceneResourceMap>:MoveNext () (at Assets/OneStarMaker/Scripts/Runtime/AssetManagement/Internal/AddressableBackend.cs:26)
Cysharp.Threading.Tasks.CompilerServices.AsyncUniTask`2<OneStarMaker.Runtime.AssetManagement.Internal.AddressableBackend/<LoadAssetAsync>d__0`1<OneStarMaker.Runtime.SceneSystem.SceneResourceMap>, OneStarMaker.Runtime.AssetManagement.Internal.IBackendAsset>:Run () (at ./Library/PackageCache/com.cysharp.unitask@360e370345b9/Runtime/CompilerServices/StateMachineRunner.cs:313)
Cysharp.Threading.Tasks.AwaiterActions:Continuation (object) (at ./Library/PackageCache/com.cysharp.unitask@360e370345b9/Runtime/UniTask.cs:25)
Cysharp.Threading.Tasks.UniTaskCompletionSourceCore`1<Cysharp.Threading.Tasks.AsyncUnit>:TrySetResult (Cysharp.Threading.Tasks.AsyncUnit) (at ./Library/PackageCache/com.cysharp.unitask@360e370345b9/Runtime/UniTaskCompletionSource.cs:139)
Cysharp.Threading.Tasks.CompilerServices.AsyncUniTask`1<OneStarMaker.Runtime.AssetManagement.Internal.AddressableBackend/<AwaitHandle>d__6`1<OneStarMaker.Runtime.SceneSystem.SceneResourceMap>>:SetResult () (at ./Library/PackageCache/com.cysharp.unitask@360e370345b9/Runtime/CompilerServices/StateMachineRunner.cs:204)
Cysharp.Threading.Tasks.CompilerServices.AsyncUniTaskMethodBuilder:SetResult () (at ./Library/PackageCache/com.cysharp.unitask@360e370345b9/Runtime/CompilerServices/AsyncUniTaskMethodBuilder.cs:70)
OneStarMaker.Runtime.AssetManagement.Internal.AddressableBackend/<AwaitHandle>d__6`1<OneStarMaker.Runtime.SceneSystem.SceneResourceMap>:MoveNext () (at Assets/OneStarMaker/Scripts/Runtime/AssetManagement/Internal/AddressableBackend.cs:105)
Cysharp.Threading.Tasks.CompilerServices.AsyncUniTask`1<OneStarMaker.Runtime.AssetManagement.Internal.AddressableBackend/<AwaitHandle>d__6`1<OneStarMaker.Runtime.SceneSystem.SceneResourceMap>>:Run () (at ./Library/PackageCache/com.cysharp.unitask@360e370345b9/Runtime/CompilerServices/StateMachineRunner.cs:189)
Cysharp.Threading.Tasks.AwaiterActions:Continuation (object) (at ./Library/PackageCache/com.cysharp.unitask@360e370345b9/Runtime/UniTask.cs:25)
Cysharp.Threading.Tasks.UniTaskCompletionSourceCore`1<OneStarMaker.Runtime.SceneSystem.SceneResourceMap>:TrySetResult (OneStarMaker.Runtime.SceneSystem.SceneResourceMap) (at ./Library/PackageCache/com.cysharp.unitask@360e370345b9/Runtime/UniTaskCompletionSource.cs:139)
Cysharp.Threading.Tasks.AddressablesAsyncExtensions/AsyncOperationHandleConfiguredSource`1<OneStarMaker.Runtime.SceneSystem.SceneResourceMap>:HandleCompleted (UnityEngine.ResourceManagement.AsyncOperations.AsyncOperationHandle`1<OneStarMaker.Runtime.SceneSystem.SceneResourceMap>) (at ./Library/PackageCache/com.cysharp.unitask@360e370345b9/Runtime/External/Addressables/AddressablesAsyncExtensions.cs:398)
DelegateList`1<UnityEngine.ResourceManagement.AsyncOperations.AsyncOperationHandle`1<OneStarMaker.Runtime.SceneSystem.SceneResourceMap>>:Invoke (UnityEngine.ResourceManagement.AsyncOperations.AsyncOperationHandle`1<OneStarMaker.Runtime.SceneSystem.SceneResourceMap>) (at ./Library/PackageCache/com.unity.addressables@42676f2a154e/Runtime/ResourceManager/Util/DelegateList.cs:75)
UnityEngine.ResourceManagement.AsyncOperations.AsyncOperationBase`1<OneStarMaker.Runtime.SceneSystem.SceneResourceMap>:InvokeCompletionEvent () (at ./Library/PackageCache/com.unity.addressables@42676f2a154e/Runtime/ResourceManager/AsyncOperations/AsyncOperationBase.cs:391)
UnityEngine.ResourceManagement.AsyncOperations.AsyncOperationBase`1<OneStarMaker.Runtime.SceneSystem.SceneResourceMap>:Complete (OneStarMaker.Runtime.SceneSystem.SceneResourceMap,bool,System.Exception,bool) (at ./Library/PackageCache/com.unity.addressables@42676f2a154e/Runtime/ResourceManager/AsyncOperations/AsyncOperationBase.cs:494)
UnityEngine.ResourceManagement.AsyncOperations.ProviderOperation`1<OneStarMaker.Runtime.SceneSystem.SceneResourceMap>:ProviderCompleted<object> (object,bool,System.Exception) (at ./Library/PackageCache/com.unity.addressables@42676f2a154e/Runtime/ResourceManager/AsyncOperations/ProviderOperation.cs:189)
UnityEngine.ResourceManagement.ResourceProviders.ProvideHandle:Complete<object> (object,bool,System.Exception) (at ./Library/PackageCache/com.unity.addressables@42676f2a154e/Runtime/ResourceManager/ResourceProviders/IResourceProvider.cs:146)
UnityEngine.ResourceManagement.ResourceProviders.AssetDatabaseProvider/InternalOp:LoadImmediate () (at ./Library/PackageCache/com.unity.addressables@42676f2a154e/Runtime/ResourceManager/ResourceProviders/AssetDatabaseProvider.cs:130)
System.Reflection.RuntimeMethodInfo:Invoke (object,System.Reflection.BindingFlags,System.Reflection.Binder,object[],System.Globalization.CultureInfo)
System.Reflection.MethodBase:Invoke (object,object[])
System.Delegate:DynamicInvokeImpl (object[])
System.MulticastDelegate:DynamicInvokeImpl (object[])
System.Delegate:DynamicInvoke (object[])
UnityEngine.ResourceManagement.Util.DelayedActionManager/DelegateInfo:Invoke () (at ./Library/PackageCache/com.unity.addressables@42676f2a154e/Runtime/ResourceManager/Util/DelayedActionManager.cs:55)
UnityEngine.ResourceManagement.Util.DelayedActionManager:InternalLateUpdate (single) (at ./Library/PackageCache/com.unity.addressables@42676f2a154e/Runtime/ResourceManager/Util/DelayedActionManager.cs:192)
UnityEngine.ResourceManagement.Util.DelayedActionManager:LateUpdate () (at ./Library/PackageCache/com.unity.addressables@42676f2a154e/Runtime/ResourceManager/Util/DelayedActionManager.cs:171)

(Filename: Assets/OneStarMaker/Scripts/Runtime/Bootstrap/AbstractApplicationInitializer.cs Line: 637)

Unloading 17 Unused Serialized files (Serialized files now loaded: 0)
Loaded scene 'Temp/__Backupscenes/0.backup'
	Deserialize:            0.368 ms
	Integration:            39.078 ms
	Integration of assets:  0.002 ms
	Thread Wait Time:       0.012 ms
	Total Operation Time:   39.460 ms
Unloading 118 unused Assets / (98.4 KB). Loaded Objects now: 12283.
Memory consumption went from 0.71 GB to 0.71 GB.
Total: 36.157800 ms (FindLiveObjects: 0.646800 ms CreateObjectMapping: 0.195700 ms MarkObjects: 33.532200 ms  DeleteObjects: 1.469700 ms)

[DebugSocket] Failed to connect to DebugStudio server. endpoint=ws://127.0.0.1:5011/debugsocket/, detail=Unable to connect to the remote server
UnityEngine.Debug:ExtractStackTraceNoAlloc (byte*,int,string)
UnityEngine.StackTraceUtility:ExtractStackTrace ()
UnityEngine.DebugLogHandler:Internal_Log (UnityEngine.LogType,UnityEngine.LogOption,string,UnityEngine.Object)
UnityEngine.DebugLogHandler:LogFormat (UnityEngine.LogType,UnityEngine.Object,string,object[])
UnityEngine.Logger:Log (UnityEngine.LogType,object)
UnityEngine.Debug:LogWarning (object)
OneStarMaker.Runtime.DebugSocketServices.DebugSocketTransportHost/<ConnectLoopAsync>d__15:MoveNext () (at Assets/OneStarMaker/Scripts/Runtime/DebugSocketServices/Transport/DebugSocketTransportHost.cs:176)
Cysharp.Threading.Tasks.CompilerServices.AsyncUniTask`1<OneStarMaker.Runtime.DebugSocketServices.DebugSocketTransportHost/<ConnectLoopAsync>d__15>:Run () (at ./Library/PackageCache/com.cysharp.unitask@360e370345b9/Runtime/CompilerServices/StateMachineRunner.cs:189)
Cysharp.Threading.Tasks.AwaiterActions:Continuation (object) (at ./Library/PackageCache/com.cysharp.unitask@360e370345b9/Runtime/UniTask.cs:25)
Cysharp.Threading.Tasks.UniTaskCompletionSource:TrySignalCompletion (Cysharp.Threading.Tasks.UniTaskStatus) (at ./Library/PackageCache/com.cysharp.unitask@360e370345b9/Runtime/UniTaskCompletionSource.cs:721)
Cysharp.Threading.Tasks.UniTaskCompletionSource:TrySetException (System.Exception) (at ./Library/PackageCache/com.cysharp.unitask@360e370345b9/Runtime/UniTaskCompletionSource.cs:635)
Cysharp.Threading.Tasks.UniTaskExtensions/<>c:<AsUniTask>b__33_0 (System.Threading.Tasks.Task,object) (at ./Library/PackageCache/com.cysharp.unitask@360e370345b9/Runtime/UniTaskExtensions.cs:61)
System.Threading.Tasks.ContinuationTaskFromTask:InnerInvoke ()
System.Threading.Tasks.Task:Execute ()
System.Threading.Tasks.Task:ExecutionContextCallback (object)
System.Threading.ExecutionContext:RunInternal (System.Threading.ExecutionContext,System.Threading.ContextCallback,object,bool)
System.Threading.ExecutionContext:Run (System.Threading.ExecutionContext,System.Threading.ContextCallback,object,bool)
System.Threading.Tasks.Task:ExecuteWithThreadLocal (System.Threading.Tasks.Task&)
System.Threading.Tasks.Task:ExecuteEntry (bool)
System.Threading.Tasks.SynchronizationContextTaskScheduler/<>c:<.cctor>b__8_0 (object)
UnityEngine.UnitySynchronizationContext/WorkRequest:Invoke ()
UnityEngine.UnitySynchronizationContext:Exec ()
UnityEngine.UnitySynchronizationContext:ExecuteTasks ()

(Filename: Assets/OneStarMaker/Scripts/Runtime/DebugSocketServices/Transport/DebugSocketTransportHost.cs Line: 176)

Refreshing native plugins compatible for Editor in 21.76 ms, found 4 plugins.
Asset Pipeline Refresh (id=a2daad2d893f3114fb39cf493f737d0f): Total: 0.172 seconds - Initiated by StopAssetImportingV2(NoUpdateAssetOptions)
Refreshing native plugins compatible for Editor in 22.88 ms, found 4 plugins.
Asset Pipeline Refresh (id=4e288a75885ac364e9d126d7fdf101e3): Total: 0.182 seconds - Initiated by StopAssetImportingV2(NoUpdateAssetOptions)
Saving results to: C:/Users/void/AppData/LocalLow/DefaultCompany/SampleGame\TestResults.xml
Saving results to: D:\repositories\unity\SampleGameForOneStarMakerFramework\TestResults\results-ContentDirectory-20260918-203134.xml
Executing IPostBuildCleanup for: Unity.PerformanceTesting.Editor.TestRunBuilder.
UnityEngine.Debug:ExtractStackTraceNoAlloc (byte*,int,string)
UnityEngine.StackTraceUtility:ExtractStackTrace ()
UnityEngine.DebugLogHandler:Internal_Log (UnityEngine.LogType,UnityEngine.LogOption,string,UnityEngine.Object)
UnityEngine.DebugLogHandler:LogFormat (UnityEngine.LogType,UnityEngine.Object,string,object[])
UnityEngine.Logger:Log (UnityEngine.LogType,object)
UnityEngine.Debug:Log (object)
UnityEditor.TestTools.TestRunner.TestRun.Tasks.BuildActionTaskBase`1/<ExecuteMethods>d__8<UnityEngine.TestTools.IPostBuildCleanup>:MoveNext () (at ./Library/PackageCache/com.unity.test-framework@7a3849e09bd0/UnityEditor.TestRunner/TestRun/Tasks/BuildActionTaskBase.cs:48)
UnityEditor.TestTools.TestRunner.TestRun.Tasks.BuildActionTaskBase`1/<Execute>d__7<UnityEngine.TestTools.IPostBuildCleanup>:MoveNext () (at ./Library/PackageCache/com.unity.test-framework@7a3849e09bd0/UnityEditor.TestRunner/TestRun/Tasks/BuildActionTaskBase.cs:34)
UnityEditor.TestTools.TestRunner.TestRun.TestJobRunner:ExecuteStep () (at ./Library/PackageCache/com.unity.test-framework@7a3849e09bd0/UnityEditor.TestRunner/TestRun/TestJobRunner.cs:194)
UnityEditor.TestTools.TestRunner.TestRun.TestJobRunner:ExecuteCallback () (at ./Library/PackageCache/com.unity.test-framework@7a3849e09bd0/UnityEditor.TestRunner/TestRun/TestJobRunner.cs:129)
UnityEditor.EditorApplication:Internal_CallUpdateFunctions ()

(Filename: ./Library/PackageCache/com.unity.test-framework@7a3849e09bd0/UnityEditor.TestRunner/TestRun/Tasks/BuildActionTaskBase.cs Line: 48)

Unloading 1 Unused Serialized files (Serialized files now loaded: 0)
Unloading 83 unused Assets / (63.5 KB). Loaded Objects now: 12285.
Memory consumption went from 0.67 GB to 0.67 GB.
Total: 39.666300 ms (FindLiveObjects: 0.558000 ms CreateObjectMapping: 0.214300 ms MarkObjects: 37.782200 ms  DeleteObjects: 0.778400 ms)

DisplayProgressbar: Undo
Files generated by test without cleanup.
    Found 7 new files.
    Library/BuildInstructions/b34c37a9e07004d49ae2fae2d6d855e7.buildinst
    Library/BuildInstructions/7147af7a6b410738d43222e3a5bb5e7c.buildinst
    Library/BuildInstructions/9d1e8e0c9e4160245a6d52424fc90e73.buildinst
    Library/BuildInstructions/0a8459f83480f1eca54045c4e1eb083e.buildinst
    Library/BuildInstructions/870821a9692f60d4fa6884a2970f4570.buildinst
    Library/BuildInstructions/fcf6b9a916570d64abfb6c17398dd873.buildinst
    Library/BuildInstructions/3ddeb8c75d22327468c4d7cb38843b24.buildinst
UnityEngine.Debug:ExtractStackTraceNoAlloc (byte*,int,string)
UnityEngine.StackTraceUtility:ExtractStackTrace ()
UnityEngine.DebugLogHandler:Internal_Log (UnityEngine.LogType,UnityEngine.LogOption,string,UnityEngine.Object)
UnityEngine.DebugLogHandler:LogFormat (UnityEngine.LogType,UnityEngine.Object,string,object[])
UnityEngine.Logger:Log (UnityEngine.LogType,object)
UnityEngine.Debug:LogWarning (object)
UnityEditor.TestTools.TestRunner.TestRun.Tasks.CleanupVerificationTask:LogWarningForFilesIfAny (string[],bool) (at ./Library/PackageCache/com.unity.test-framework@7a3849e09bd0/UnityEditor.TestRunner/TestRun/Tasks/CleanupVerificationTask.cs:55)
UnityEditor.TestTools.TestRunner.TestRun.Tasks.CleanupVerificationTask/<Execute>d__3:MoveNext () (at ./Library/PackageCache/com.unity.test-framework@7a3849e09bd0/UnityEditor.TestRunner/TestRun/Tasks/CleanupVerificationTask.cs:27)
UnityEditor.TestTools.TestRunner.TestRun.TestJobRunner:ExecuteStep () (at ./Library/PackageCache/com.unity.test-framework@7a3849e09bd0/UnityEditor.TestRunner/TestRun/TestJobRunner.cs:194)
UnityEditor.TestTools.TestRunner.TestRun.TestJobRunner:ExecuteCallback () (at ./Library/PackageCache/com.unity.test-framework@7a3849e09bd0/UnityEditor.TestRunner/TestRun/TestJobRunner.cs:129)
UnityEditor.EditorApplication:Internal_CallUpdateFunctions ()

(Filename: ./Library/PackageCache/com.unity.test-framework@7a3849e09bd0/UnityEditor.TestRunner/TestRun/Tasks/CleanupVerificationTask.cs Line: 55)

Test run completed. Exiting with code 0 (Ok). Run completed.
UnityEngine.Debug:ExtractStackTraceNoAlloc (byte*,int,string)
UnityEngine.StackTraceUtility:ExtractStackTrace ()
UnityEngine.DebugLogHandler:Internal_Log (UnityEngine.LogType,UnityEngine.LogOption,string,UnityEngine.Object)
UnityEngine.DebugLogHandler:LogFormat (UnityEngine.LogType,UnityEngine.Object,string,object[])
UnityEngine.Logger:Log (UnityEngine.LogType,object)
UnityEngine.Debug:Log (object)
UnityEditor.TestTools.TestRunner.CommandLineTest.Executer:ExitApplication (UnityEditor.TestTools.TestRunner.CommandLineTest.Executer/ReturnCodes,string) (at ./Library/PackageCache/com.unity.test-framework@7a3849e09bd0/UnityEditor.TestRunner/CommandLineTest/Executer.cs:81)
UnityEditor.TestTools.TestRunner.CommandLineTest.Executer:ExitIfRunIsCompleted () (at ./Library/PackageCache/com.unity.test-framework@7a3849e09bd0/UnityEditor.TestRunner/CommandLineTest/Executer.cs:74)
UnityEditor.EditorApplication:Internal_CallUpdateFunctions ()

(Filename: ./Library/PackageCache/com.unity.test-framework@7a3849e09bd0/UnityEditor.TestRunner/CommandLineTest/Executer.cs Line: 81)

MonoPathRemapper: Attempts to remap: 358252; Successful remaps: 37122
Serialized file version minimum: 22, current 23
Pipeline Server stopped
[Physics::Module] Cleanup current backend.
[Physics::Module] Id: 0xf2b8ea05
Input System module state changed to: ShutdownInProgress.
Input Polling Thread exited.
Input System module state changed to: Shutdown.
[Licensing::IpcConnector] LicenseClient-void-notifications channel disconnected successfully.
[Licensing::IpcConnector] LicenseClient-void channel disconnected successfully.
Lingering sessions upon destruction of worker manager
Unity Data Store service was successfully shut down
UDS shutting down local client system
AcceleratorClientConnectionCallback - disconnected - :0
Cleanup mono
CodeReloadManager destroyed
Checking for leaked weakptr:
  Found no leaked weakptrs.
[Package Manager] Server process was shutdown
##utp:{"type":"MemoryLeaks","version":2,"phase":"Immediate","time":1789731208497,"processId":34844,"allocatedMemory":21707072,"memoryLabels":[{"Default":312876},{"Permanent":15516},{"NewDelete":74783},{"Thread":4197944},{"Manager":34917},{"VertexData":8},{"Geometry":816},{"Texture":24},{"Shader":853032},{"Material":24},{"GfxDevice":55968},{"Animation":952},{"Audio":408},{"FreeType":8},{"FontEngine":736},{"Physics":1970},{"Physics2D":16},{"Serialization":33152},{"Input":42840},{"JobScheduler":256},{"TextLib":336},{"Mono":48},{"MonoCode":64},{"ScriptingNativeRuntime":1483432},{"BaseObject":49968},{"Resource":1208},{"Renderer":2376},{"Transform":4685},{"File":84955},{"WebCam":616},{"Culling":32},{"Terrain":11442},{"Wind":24},{"STL":40},{"String":1890988},{"StaticString":3808},{"Utility":2674806},{"Curl":2478},{"PoolAlloc":2264},{"AI":80},{"TypeTree":14869},{"ScriptManager":12640},{"CodeReload":448},{"RuntimeInitializeOnLoadManager":64},{"Sprites":102},{"SpriteAtlas":120},{"GI":7816},{"Director":8296},{"CloudService":288},{"WebRequest":552},{"VR":49650},{"SceneManager":608},{"Video":64},{"LazyScriptCache":32},{"Camera":729},{"Secure":2377},{"SerializationCache":9256},{"APIUpdating":10320},{"Subsystems":336},{"VirtualTexturing":57888},{"StaticSafetyDebugInfo":278528},{"Analytics":464},{"Hierarchy":1188},{"UIElements":40},{"CoreStats":14456},{"Identifiers":7152},{"Gui":128},{"EditorUtility":159851},{"VersionControl":8},{"Undo":931},{"AssetDatabase":9170090},{"AssetImporter":40},{"EditorGi":328},{"UnityConnect":40465},{"Upm":1912},{"UpmDiagnostics":8},{"AssetCompliance":96},{"DrivenProperties":72},{"LocalIPC":210},{"ProfilerEditor":9746},{"CoreBusinessMetrics":3224},{"Windowing":456},{"Licensing":1264},{"AssetReference":32},{"IPCStream":32}]}
