VBCSCompilerPreWarmer: pre-warm launched (dotnet PID 26216)
VBCSCompiler prewarm took 8.71 ms
[Licensing::Module] Trying to connect to existing licensing client channel...
Built from '6000.6/respin/6000.6.0f1-fa21a270ab12' branch; Version is '6000.6.0f1 (f7f8ed4d1e24) revision 16251117'; Using compiler version '194234433'; Build Type 'Release'
[Licensing::IpcConnector] Channel LicenseClient-void doesn't exist
OS: 'Windows 11  (10.0.26200) Core' Language: 'ja' Physical Memory: 16316 MB
BatchMode: 1, IsHumanControllingUs: 0, StartBugReporterOnCrash: 0, Is64bit: 1
System  architecture: x64
Process architecture: x64
Date: 2026-09-18T11:13:22Z
[Licensing::Module] Successfully launched the LicensingClient (PId: 3300)

COMMAND LINE ARGUMENTS:
D:\UnityEditor\6000.6.0f1\Editor\Unity.exe
-nographics
-batchmode
-projectPath
D:\repositories\unity\SampleGameForOneStarMakerFramework\unity
-runTests
-testPlatform
EditMode
-testResults
D:\repositories\unity\SampleGameForOneStarMakerFramework\TestResults\results-ContentDirectory-20260918-201321.xml
-logFile
D:\repositories\unity\SampleGameForOneStarMakerFramework\TestResults\unity-ContentDirectory-20260918-201321.log
-testFilter
ContentDirectory
Successfully changed project path to: D:\repositories\unity\SampleGameForOneStarMakerFramework\unity
D:/repositories/unity/SampleGameForOneStarMakerFramework/unity
[UnityMemory] Configuration Parameters - Can be set up in boot.config
    "memorysetup-temp-allocator-size-gi-baking-worker=262144"
    "memorysetup-temp-allocator-size-gi-baking-worker=262144"
    "memorysetup-temp-allocator-size-gi-baking-worker=262144"
    "memorysetup-temp-allocator-size-gi-baking-worker=262144"
    "memorysetup-temp-allocator-size-gi-baking-worker=262144"
    "memorysetup-temp-allocator-size-nav-mesh-worker=65536"
    "memorysetup-temp-allocator-size-audio-worker=65536"
    "memorysetup-temp-allocator-size-cloud-worker=32768"
    "memorysetup-temp-allocator-size-gfx=262144"
    "memorysetup-remapper-allocator-initial-capacity=32768"
    "memorysetup-temp-allocator-size-preload-manager=33554432"
    "memorysetup-allocator-temp-initial-block-size-main=262144"
    "memorysetup-allocator-temp-initial-block-size-worker=262144"
    "memorysetup-temp-allocator-size-job-worker=262144"
    "memorysetup-temp-allocator-size-background-worker=32768"
    "memorysetup-bucket-allocator-granularity=16"
    "memorysetup-bucket-allocator-bucket-count=8"
    "memorysetup-bucket-allocator-block-size=33554432"
    "memorysetup-bucket-allocator-block-count=8"
    "memorysetup-main-allocator-block-size=16777216"
    "memorysetup-thread-allocator-block-size=16777216"
    "memorysetup-main-allocator-mimalloc-enabled=1"
    "memorysetup-gfx-main-allocator-block-size=16777216"
    "memorysetup-gfx-thread-allocator-block-size=16777216"
    "memorysetup-cache-allocator-block-size=4194304"
    "memorysetup-typetree-allocator-block-size=2097152"
    "memorysetup-profiler-bucket-allocator-granularity=16"
    "memorysetup-profiler-bucket-allocator-bucket-count=8"
    "memorysetup-profiler-bucket-allocator-block-size=33554432"
    "memorysetup-profiler-bucket-allocator-block-count=8"
    "memorysetup-profiler-allocator-block-size=16777216"
    "memorysetup-profiler-editor-allocator-block-size=1048576"
    "memorysetup-temp-allocator-size-main=16777216"
    "memorysetup-job-temp-allocator-block-size=2097152"
    "memorysetup-job-temp-allocator-block-size-background=1048576"
    "memorysetup-job-temp-allocator-reduction-small-platforms=262144"
Logging is directed to a specific file, skipping project log.
Player connection [30232]  Target information:

Player connection [30232]  * "[IP] 192.168.1.9 [Port] 55504 [Flags] 2 [Guid] 3888001926 [EditorId] 3888001926 [Version] 1048832 [Id] WindowsEditor(7,DESKTOP-U4E3PM1) [Debug] 1 [PackageName] WindowsEditor [ProjectName] Editor" 

Player connection [30232] Host joined multi-casting on [225.0.0.222:54997]...
Player connection [30232] Host joined alternative multi-casting on [225.0.0.222:34997]...
Input System module state changed to: Initialized.
[Physics::Module] Initialized fallback backend.
[Physics::Module] Id: 0xdecafbad
[Package Manager] Connected to IPC stream "Upm-10816" after 0.3 seconds.
[Licensing::Module] Licensing is not yet initialized.
[Licensing::IpcConnector] Successfully connected to: "LicenseClient-void" at "2026-09-18T11:13:22.7676118Z"
[Licensing::Client] Code 10 while verifying Licensing Client signature (process Id: 3300, path: "D:/UnityEditor/6000.6.0f1/Editor/Data/Resources/Licensing/Client/Unity.Licensing.Client.exe")
[Licensing::Module] LicensingClient has failed validation; ignoring
[Licensing::Client] Handshaking with LicensingClient:
  Version:                 1.18.3+d7ffd15
  Session Id:              d2d925f2bd7b458683c84bbef2cc7e70
  Correlation Id:          aaedf097c1f21f8359a3551172b9ada0
  External correlation Id: 4451699561142880509
  Machine Id:              ALR1Ic4uZ9EdQzr0pucorcGNQXM=
[Licensing::Module] Successfully connected to LicensingClient on channel: "LicenseClient-void" (connect: 0.57s, validation: 0.20s, handshake: 0.05s)
[Licensing::IpcConnector] Successfully connected to: "LicenseClient-void-notifications" at "2026-09-18T11:13:23.0214675Z"
[Licensing::Module] Connected to LicensingClient (PId: 3300, launch time: 0.01, total connection time: 0.82s)
[Licensing::Module] Error: Access token is unavailable; failed to update
[Licensing::Client] Successfully resolved entitlement details
[Licensing::Module] License group:
  Id: F4-FHTT-UPW9-SBMJ-JZ5Q-XXXX
  Product: Unity Personal
  Type: ULF
  Expiration: Unlimited
[Licensing::Module] License group:
  Id: 720108-UnityPersXXXX
  Product: Unity Personal
  Type: Assigned
  Expiration: Unlimited
[Licensing::Client] Successfully updated license, isAsync: True, time: 0.01
[Licensing::Module] Licensing Background thread has ended after 0.87s
[Licensing::Module] Licensing is initialized (took 0.37s).
[Licensing::Client] Successfully resolved entitlement details
[Licensing::Module] License group:
  Id: F4-FHTT-UPW9-SBMJ-JZ5Q-XXXX
  Product: Unity Personal
  Type: ULF
  Expiration: Unlimited
[Licensing::Module] License group:
  Id: 720108-UnityPersXXXX
  Product: Unity Personal
  Type: Assigned
  Expiration: Unlimited
Library Redirect Path: Library/
Launching Unity Data Store - D:/UnityEditor/6000.6.0f1/Editor/Data/Tools/Unity.DataStore.exe 
Unity Data Store artifact dir = Library/DataStore, working dir = D:/repositories/unity/SampleGameForOneStarMakerFramework/unity[Physics::Module] Selected backend.
[Physics::Module] Name: PhysX
[Physics::Module] Id: 0xf2b8ea05
[Physics::Module] SDK Version: 4.1.2
[Physics::Module] Integration Version: 1.0.0
[Physics::Module] Threading Mode: Multi-Threaded
Unity Data Store running and initialised
Refreshing native plugins compatible for Editor in 5.27 ms, found 0 plugins.
Initialize engine version: 6000.6.0f1 (f7f8ed4d1e24)
[EntityIdStore] init: VM path (explicit commit), pageSize=4096, blockCount=1048576, entitiesPerBlock=256, slots reserved=4294967296 bytes
[Subsystems] Discovering subsystems at path D:/UnityEditor/6000.6.0f1/Editor/Data/Resources/UnitySubsystems
[Subsystems] Discovering subsystems at path D:/repositories/unity/SampleGameForOneStarMakerFramework/unity/Assets
Forcing GfxDevice: Null
GfxDevice: creating device client; kGfxThreadingModeNonThreaded
NullGfxDevice:
    Version:  NULL 1.0 [1.0]
    Renderer: Null Device
    Vendor:   Unity Technologies
Initialize mono
Mono path[0] = 'D:/UnityEditor/6000.6.0f1/Editor/Data/Managed'
Mono path[1] = 'D:/UnityEditor/6000.6.0f1/Editor/Data/BCLExtensions/runtime/netstandard2.1'
Mono path[2] = 'D:/UnityEditor/6000.6.0f1/Editor/Data/MonoBleedingEdge/lib/mono/unityjit-win32'
Mono config path = 'D:/UnityEditor/6000.6.0f1/Editor/Data/MonoBleedingEdge/etc'
Using monoOptions --debugger-agent=transport=dt_socket,embedding=1,server=y,suspend=n,address=127.0.0.1:56816
CodeReloadManager initialized
ImportWorker Server TCP listen port: 0
AcceleratorClientConnectionCallback - disconnected - :0
Begin MonoManager ReloadAssembly
Registering precompiled unity dll's ...
Register platform support module: D:/UnityEditor/6000.6.0f1/Editor/Data/PlaybackEngines/WindowsStandaloneSupport/UnityEditor.WindowsStandalone.Extensions.dll
Registered in 0.003369 seconds.
Native extension for WindowsStandalone target not found
Package Manager log level set to [2]
ScheduleIndexationOnStartup MainProcess:False IndexOnStartup:True
Scripting: successfully reloaded assembly
- Finished resetting the current domain, in  0.952 seconds
Domain Reload Profiling: 1709ms
	BeginReloadAssembly (211ms)
		CreateAndSetChildDomain (18ms)
	RebuildCommonClasses (6ms)
	RebuildNativeTypeToScriptingClass (22ms)
	initialDomainReloadingComplete (102ms)
	LoadAllAssembliesAndSetupDomain (414ms)
		LoadAssemblies (184ms)
		TypeCache.Refresh (274ms)
			TypeCache.ScanAssembly (257ms)
		AnalyzeDomain (1ms)
	FinalizeReload (954ms)
		SetupLoadedEditorAssemblies (0ms)
			InitializePlatformSupportModulesInManaged (4ms)
			BeforeProcessingInitializeOnLoad (157ms)
			ProcessInitializeOnLoadAttributes (176ms)
			ProcessInitializeOnLoadMethodAttributes (291ms)
[Licensing::Client] Successfully resolved entitlement details
[Licensing::Module] License group:
  Id: F4-FHTT-UPW9-SBMJ-JZ5Q-XXXX
  Product: Unity Personal
  Type: ULF
  Expiration: Unlimited
[Licensing::Module] License group:
  Id: 720108-UnityPersXXXX
  Product: Unity Personal
  Type: Assigned
  Expiration: Unlimited
Application.AssetDatabase Initial Refresh Start
[Package Manager] Restoring resolved packages state from cache
[Licensing::Client] Successfully resolved entitlement details
[Package Manager] Registered 80 packages:
  Packages from [https://packages.unity.com]:
    com.unity.addressables@2.11.2 (location: D:\repositories\unity\SampleGameForOneStarMakerFramework\unity\Library\PackageCache\com.unity.addressables@42676f2a154e)
    com.unity.ads@4.19.0 (location: D:\repositories\unity\SampleGameForOneStarMakerFramework\unity\Library\PackageCache\com.unity.ads@dbd68e7e78e9)
    com.unity.ai.navigation@2.0.14 (location: D:\repositories\unity\SampleGameForOneStarMakerFramework\unity\Library\PackageCache\com.unity.ai.navigation@134dd6a3b97b)
    com.unity.analytics@3.8.2 (location: D:\repositories\unity\SampleGameForOneStarMakerFramework\unity\Library\PackageCache\com.unity.analytics@c9d14a6bdec6)
    com.unity.collab-proxy@2.13.6 (location: D:\repositories\unity\SampleGameForOneStarMakerFramework\unity\Library\PackageCache\com.unity.collab-proxy@4628d2ba6ea4)
    com.unity.ide.rider@3.0.39 (location: D:\repositories\unity\SampleGameForOneStarMakerFramework\unity\Library\PackageCache\com.unity.ide.rider@4504839d03f7)
    com.unity.ide.visualstudio@2.0.26 (location: D:\repositories\unity\SampleGameForOneStarMakerFramework\unity\Library\PackageCache\com.unity.ide.visualstudio@a99d56dec63f)
    com.unity.inputsystem@1.20.0 (location: D:\repositories\unity\SampleGameForOneStarMakerFramework\unity\Library\PackageCache\com.unity.inputsystem@7a4e1a2a8194)
    com.unity.pipeline@0.4.0-exp.1 (location: D:\repositories\unity\SampleGameForOneStarMakerFramework\unity\Library\PackageCache\com.unity.pipeline@f49636739437)
    com.unity.project-auditor-rules@1.0.3 (location: D:\repositories\unity\SampleGameForOneStarMakerFramework\unity\Library\PackageCache\com.unity.project-auditor-rules@1fa74fdf90ed)
    com.unity.purchasing@5.4.2 (location: D:\repositories\unity\SampleGameForOneStarMakerFramework\unity\Library\PackageCache\com.unity.purchasing@290a16a9a099)
    com.unity.visualscripting@1.9.12 (location: D:\repositories\unity\SampleGameForOneStarMakerFramework\unity\Library\PackageCache\com.unity.visualscripting@4edfcc09512f)
    com.unity.xr.legacyinputhelpers@3.0.1 (location: D:\repositories\unity\SampleGameForOneStarMakerFramework\unity\Library\PackageCache\com.unity.xr.legacyinputhelpers@3f62d634f63b)
    com.unity.services.core@1.18.0 (location: D:\repositories\unity\SampleGameForOneStarMakerFramework\unity\Library\PackageCache\com.unity.services.core@3464cb68d709)
    com.unity.nuget.mono-cecil@1.11.6 (location: D:\repositories\unity\SampleGameForOneStarMakerFramework\unity\Library\PackageCache\com.unity.nuget.mono-cecil@ecb9724e46ff)
    com.unity.nuget.newtonsoft-json@3.2.2 (location: D:\repositories\unity\SampleGameForOneStarMakerFramework\unity\Library\PackageCache\com.unity.nuget.newtonsoft-json@4dfd81071c64)
    com.unity.splines@2.9.0 (location: D:\repositories\unity\SampleGameForOneStarMakerFramework\unity\Library\PackageCache\com.unity.splines@e6e1d5900acc)
    com.unity.services.analytics@6.3.0 (location: D:\repositories\unity\SampleGameForOneStarMakerFramework\unity\Library\PackageCache\com.unity.services.analytics@cde4e6cf92f9)
    com.unity.profiling.core@1.0.3 (location: D:\repositories\unity\SampleGameForOneStarMakerFramework\unity\Library\PackageCache\com.unity.profiling.core@8a49f7027d06)
    com.unity.scriptablebuildpipeline@3.0.3 (location: D:\repositories\unity\SampleGameForOneStarMakerFramework\unity\Library\PackageCache\com.unity.scriptablebuildpipeline@61526b33bf2c)
    com.unity.searcher@4.9.5 (location: D:\repositories\unity\SampleGameForOneStarMakerFramework\unity\Library\PackageCache\com.unity.searcher@a463122f2c00)
    com.unity.settings-manager@2.1.1 (location: D:\repositories\unity\SampleGameForOneStarMakerFramework\unity\Library\PackageCache\com.unity.settings-manager@0b8638c5ce86)
  Built-in packages:
    com.unity.2d.sprite@1.0.0 (location: D:\repositories\unity\SampleGameForOneStarMakerFramework\unity\Library\PackageCache\com.unity.2d.sprite@947350d67f82)
    com.unity.2d.tilemap@1.0.0 (location: D:\repositories\unity\SampleGameForOneStarMakerFramework\unity\Library\PackageCache\com.unity.2d.tilemap@639ca1d99254)
    com.unity.cinemachine@6.6.0 (location: D:\repositories\unity\SampleGameForOneStarMakerFramework\unity\Library\PackageCache\com.unity.cinemachine@f53aa49b3acc)
    com.unity.multiplayer.center@2.0.1 (location: D:\repositories\unity\SampleGameForOneStarMakerFramework\unity\Library\PackageCache\com.unity.multiplayer.center@549886182930)
    com.unity.render-pipelines.universal@17.6.0 (location: D:\repositories\unity\SampleGameForOneStarMakerFramework\unity\Library\PackageCache\com.unity.render-pipelines.universal@8457e85b8184)
    com.unity.test-framework@1.8.0 (location: D:\repositories\unity\SampleGameForOneStarMakerFramework\unity\Library\PackageCache\com.unity.test-framework@7a3849e09bd0)
    com.unity.timeline@6.6.0 (location: D:\repositories\unity\SampleGameForOneStarMakerFramework\unity\Library\PackageCache\com.unity.timeline@281d5f7e7d7d)
    com.unity.ugui@2.6.0 (location: D:\repositories\unity\SampleGameForOneStarMakerFramework\unity\Library\PackageCache\com.unity.ugui@23caec89ae27)
    com.unity.modules.accessibility@1.0.0 (location: D:\repositories\unity\SampleGameForOneStarMakerFramework\unity\Library\PackageCache\com.unity.modules.accessibility)
    com.unity.modules.adaptiveperformance@1.0.0 (location: D:\repositories\unity\SampleGameForOneStarMakerFramework\unity\Library\PackageCache\com.unity.modules.adaptiveperformance)
    com.unity.modules.ai@1.0.0 (location: D:\repositories\unity\SampleGameForOneStarMakerFramework\unity\Library\PackageCache\com.unity.modules.ai)
    com.unity.modules.androidjni@1.0.0 (location: D:\repositories\unity\SampleGameForOneStarMakerFramework\unity\Library\PackageCache\com.unity.modules.androidjni)
    com.unity.modules.animation@1.0.0 (location: D:\repositories\unity\SampleGameForOneStarMakerFramework\unity\Library\PackageCache\com.unity.modules.animation)
    com.unity.modules.assetbundle@1.0.0 (location: D:\repositories\unity\SampleGameForOneStarMakerFramework\unity\Library\PackageCache\com.unity.modules.assetbundle)
    com.unity.modules.audio@1.0.0 (location: D:\repositories\unity\SampleGameForOneStarMakerFramework\unity\Library\PackageCache\com.unity.modules.audio)
    com.unity.modules.cloth@1.0.0 (location: D:\repositories\unity\SampleGameForOneStarMakerFramework\unity\Library\PackageCache\com.unity.modules.cloth)
    com.unity.modules.director@1.0.0 (location: D:\repositories\unity\SampleGameForOneStarMakerFramework\unity\Library\PackageCache\com.unity.modules.director)
    com.unity.modules.imageconversion@1.0.0 (location: D:\repositories\unity\SampleGameForOneStarMakerFramework\unity\Library\PackageCache\com.unity.modules.imageconversion)
    com.unity.modules.imgui@1.0.0 (location: D:\repositories\unity\SampleGameForOneStarMakerFramework\unity\Library\PackageCache\com.unity.modules.imgui)
    com.unity.modules.jsonserialize@1.0.0 (location: D:\repositories\unity\SampleGameForOneStarMakerFramework\unity\Library\PackageCache\com.unity.modules.jsonserialize)
    com.unity.modules.particlesystem@1.0.0 (location: D:\repositories\unity\SampleGameForOneStarMakerFramework\unity\Library\PackageCache\com.unity.modules.particlesystem)
    com.unity.modules.physics@1.0.0 (location: D:\repositories\unity\SampleGameForOneStarMakerFramework\unity\Library\PackageCache\com.unity.modules.physics)
    com.unity.modules.physics2d@1.0.0 (location: D:\repositories\unity\SampleGameForOneStarMakerFramework\unity\Library\PackageCache\com.unity.modules.physics2d)
    com.unity.modules.physicscore2d@1.0.0 (location: D:\repositories\unity\SampleGameForOneStarMakerFramework\unity\Library\PackageCache\com.unity.modules.physicscore2d)
    com.unity.modules.screencapture@1.0.0 (location: D:\repositories\unity\SampleGameForOneStarMakerFramework\unity\Library\PackageCache\com.unity.modules.screencapture)
    com.unity.modules.terrain@1.0.0 (location: D:\repositories\unity\SampleGameForOneStarMakerFramework\unity\Library\PackageCache\com.unity.modules.terrain)
    com.unity.modules.terrainphysics@1.0.0 (location: D:\repositories\unity\SampleGameForOneStarMakerFramework\unity\Library\PackageCache\com.unity.modules.terrainphysics)
    com.unity.modules.tetgen@1.0.0 (location: D:\repositories\unity\SampleGameForOneStarMakerFramework\unity\Library\PackageCache\com.unity.modules.tetgen)
    com.unity.modules.tilemap@1.0.0 (location: D:\repositories\unity\SampleGameForOneStarMakerFramework\unity\Library\PackageCache\com.unity.modules.tilemap)
    com.unity.modules.ui@1.0.0 (location: D:\repositories\unity\SampleGameForOneStarMakerFramework\unity\Library\PackageCache\com.unity.modules.ui)
    com.unity.modules.uielements@1.0.0 (location: D:\repositories\unity\SampleGameForOneStarMakerFramework\unity\Library\PackageCache\com.unity.modules.uielements)
    com.unity.modules.umbra@1.0.0 (location: D:\repositories\unity\SampleGameForOneStarMakerFramework\unity\Library\PackageCache\com.unity.modules.umbra)
    com.unity.modules.unityanalytics@1.0.0 (location: D:\repositories\unity\SampleGameForOneStarMakerFramework\unity\Library\PackageCache\com.unity.modules.unityanalytics)
    com.unity.modules.unitywebrequest@1.0.0 (location: D:\repositories\unity\SampleGameForOneStarMakerFramework\unity\Library\PackageCache\com.unity.modules.unitywebrequest)
    com.unity.modules.unitywebrequestassetbundle@1.0.0 (location: D:\repositories\unity\SampleGameForOneStarMakerFramework\unity\Library\PackageCache\com.unity.modules.unitywebrequestassetbundle)
    com.unity.modules.unitywebrequestaudio@1.0.0 (location: D:\repositories\unity\SampleGameForOneStarMakerFramework\unity\Library\PackageCache\com.unity.modules.unitywebrequestaudio)
    com.unity.modules.unitywebrequesttexture@1.0.0 (location: D:\repositories\unity\SampleGameForOneStarMakerFramework\unity\Library\PackageCache\com.unity.modules.unitywebrequesttexture)
    com.unity.modules.unitywebrequestwww@1.0.0 (location: D:\repositories\unity\SampleGameForOneStarMakerFramework\unity\Library\PackageCache\com.unity.modules.unitywebrequestwww)
    com.unity.modules.vectorgraphics@1.0.0 (location: D:\repositories\unity\SampleGameForOneStarMakerFramework\unity\Library\PackageCache\com.unity.modules.vectorgraphics)
    com.unity.modules.vehicles@1.0.0 (location: D:\repositories\unity\SampleGameForOneStarMakerFramework\unity\Library\PackageCache\com.unity.modules.vehicles)
    com.unity.modules.video@1.0.0 (location: D:\repositories\unity\SampleGameForOneStarMakerFramework\unity\Library\PackageCache\com.unity.modules.video)
    com.unity.modules.wind@1.0.0 (location: D:\repositories\unity\SampleGameForOneStarMakerFramework\unity\Library\PackageCache\com.unity.modules.wind)
    com.unity.modules.xr@1.0.0 (location: D:\repositories\unity\SampleGameForOneStarMakerFramework\unity\Library\PackageCache\com.unity.modules.xr)
    com.unity.modules.subsystems@1.0.0 (location: D:\repositories\unity\SampleGameForOneStarMakerFramework\unity\Library\PackageCache\com.unity.modules.subsystems)
    com.unity.modules.hierarchycore@1.0.0 (location: D:\repositories\unity\SampleGameForOneStarMakerFramework\unity\Library\PackageCache\com.unity.modules.hierarchycore)
    com.unity.ext.nunit@2.1.0 (location: D:\repositories\unity\SampleGameForOneStarMakerFramework\unity\Library\PackageCache\com.unity.ext.nunit@0198eae3b53e)
    com.unity.render-pipelines.core@17.6.0 (location: D:\repositories\unity\SampleGameForOneStarMakerFramework\unity\Library\PackageCache\com.unity.render-pipelines.core@2d66c71e606e)
    com.unity.shadergraph@17.6.0 (location: D:\repositories\unity\SampleGameForOneStarMakerFramework\unity\Library\PackageCache\com.unity.shadergraph@ef6135652377)
    com.unity.render-pipelines.universal-config@17.6.0 (location: D:\repositories\unity\SampleGameForOneStarMakerFramework\unity\Library\PackageCache\com.unity.render-pipelines.universal-config@561422b74439)
    com.unity.burst@2.0.0 (location: D:\repositories\unity\SampleGameForOneStarMakerFramework\unity\Library\PackageCache\com.unity.burst@626e66ab421b)
    com.unity.collections@6.6.0 (location: D:\repositories\unity\SampleGameForOneStarMakerFramework\unity\Library\PackageCache\com.unity.collections@10fff0607388)
    com.unity.mathematics@1.4.0 (location: D:\repositories\unity\SampleGameForOneStarMakerFramework\unity\Library\PackageCache\com.unity.mathematics@8306a64d0cd6)
    com.unity.graph-authoring@1.0.0 (location: D:\repositories\unity\SampleGameForOneStarMakerFramework\unity\Library\PackageCache\com.unity.graph-authoring@cfd2588851ee)
    com.unity.test-framework.performance@6.6.0 (location: D:\repositories\unity\SampleGameForOneStarMakerFramework\unity\Library\PackageCache\com.unity.test-framework.performance@0a60b857a52e)
  Git packages:
    com.annulusgames.lit-motion@https://github.com/annulusgames/LitMotion.git?path=src/LitMotion/Assets/LitMotion (location: D:\repositories\unity\SampleGameForOneStarMakerFramework\unity\Library\PackageCache\com.annulusgames.lit-motion@2317f5d282a9)
    com.cysharp.csprojmodifier@https://github.com/Cysharp/CsprojModifier.git?path=src/CsprojModifier/Assets/CsprojModifier (location: D:\repositories\unity\SampleGameForOneStarMakerFramework\unity\Library\PackageCache\com.cysharp.csprojmodifier@939808655b39)
    com.cysharp.unitask@https://github.com/Cysharp/UniTask.git?path=src/UniTask/Assets/Plugins/UniTask (location: D:\repositories\unity\SampleGameForOneStarMakerFramework\unity\Library\PackageCache\com.cysharp.unitask@360e370345b9)
    com.github-glitchenzo.nugetforunity@https://github.com/GlitchEnzo/NuGetForUnity.git?path=/src/NuGetForUnity (location: D:\repositories\unity\SampleGameForOneStarMakerFramework\unity\Library\PackageCache\com.github-glitchenzo.nugetforunity@1c1553136be4)
[Package Manager] com.unity.analytics is deprecated: This package is deprecated and won't be compatible with future Unity versions. It will only receive critical updates, with no new features or bug fixes. Migrate to Unity Analytics: https://docs.unity.com/en-us/analytics
[Subsystems] No new subsystems found in resolved package list.
[Package Manager] Done registering packages in 0.03 seconds
Assembly reference Packages/com.unity.cinemachine/Editor/Samples/ExposeHDRPInternals/HDRP-Editor-ref.asmref has no target assembly definition
Assembly reference Packages/com.unity.cinemachine/Editor/Samples/ExposeHDRPInternals/HDRP-Editor-ref.asmref has no target assembly definition
[ScriptCompilation] Requested script compilation because: AssetDatabase observed changes in script compilation related files
Starting: D:\UnityEditor\6000.6.0f1\Editor\Data\Tools\BuildPipeline\bee_backend.exe --ipc --defer-dag-verification --dagfile="Library/Bee/1900b0aEDbg.dag" --continue-on-failure --profile="Library/Bee/backend1.traceevents" ScriptAssemblies
WorkingDir: D:/repositories/unity/SampleGameForOneStarMakerFramework/unity
DisplayProgressbar: Compiling Scripts
ExitCode: 0 Duration: 5s482ms
[1443/1925  0s] ILPP-Configuration Library/ilpp-configuration.nevergeneratedoutput
[1921/1925  4s] Csc Library/Bee/artifacts/1900b0aEDbg.dag/OneStarMaker.Tests.Editor.dll (+2 others)
[1922/1925  0s] ILPostProcess Library/Bee/artifacts/1900b0aEDbg.dag/post-processed/OneStarMaker.Tests.Editor.dll (+pdb)
Processing assembly Library/Bee/artifacts/1900b0aEDbg.dag/OneStarMaker.Tests.Editor.dll, with 146 defines and 310 references

processors: Unity.Jobs.CodeGen.JobsILPostProcessor, Unity.Pipeline.CodeGen.HotReloadInPlaceILPostProcessor, zzzUnity.Burst.CodeGen.BurstILPostProcessor

1 processor(s) skipped this assembly

running Unity.Jobs.CodeGen.JobsILPostProcessor

running Unity.Pipeline.CodeGen.HotReloadInPlaceILPostProcessor
[1923/1925  0s] CopyFiles Library/ScriptAssemblies/OneStarMaker.Tests.Editor.pdb
[1924/1925  0s] CopyFiles Library/ScriptAssemblies/OneStarMaker.Tests.Editor.dll
*** Tundra build success (5.42 seconds), 5 items updated, 1925 evaluated
Total cache size 267210888
Total cache size after purge 267210888, took 00:00:00.9239237
AssetDatabase: script compilation time: 8.830799s
Begin MonoManager ReloadAssembly
Assembly reference Packages/com.unity.cinemachine/Editor/Samples/ExposeHDRPInternals/HDRP-Editor-ref.asmref has no target assembly definition
'Packages/com.unity.render-pipelines.core/Editor/Deprecated.cs' contains partial class of Unity.Object, exactly 1 of the partial classes needs to be in a file with the same filename. This is to know the one that can be referenced from ie. GameObjects
'Packages/com.unity.render-pipelines.core/Editor/Deprecated.cs' contains partial class of Unity.Object, exactly 1 of the partial classes needs to be in a file with the same filename. This is to know the one that can be referenced from ie. GameObjects
'Packages/com.unity.cinemachine/Editor/Editors/CinemachineVirtualCameraBaseEditor.cs' contains partial class of Unity.Object, exactly 1 of the partial classes needs to be in a file with the same filename. This is to know the one that can be referenced from ie. GameObjects
'Packages/com.unity.cinemachine/Editor/Obsolete/CinemachineVirtualCameraBaseEditor.cs' contains partial class of Unity.Object, exactly 1 of the partial classes needs to be in a file with the same filename. This is to know the one that can be referenced from ie. GameObjects
Refreshing native plugins compatible for Editor in 25.15 ms, found 4 plugins.
Native extension for WindowsStandalone target not found
Start HTTP server: port:7800
ScheduleIndexationOnStartup MainProcess:True IndexOnStartup:True
Scripting: successfully reloaded assembly
- Finished resetting the current domain, in  2.660 seconds
Domain Reload Profiling: 7430ms
	BeginReloadAssembly (354ms)
		DisableScriptedObjects (33ms)
		CreateAndSetChildDomain (69ms)
	RebuildCommonClasses (12ms)
	RebuildNativeTypeToScriptingClass (21ms)
	initialDomainReloadingComplete (187ms)
	LoadAllAssembliesAndSetupDomain (4193ms)
		LoadAssemblies (3215ms)
		TypeCache.Refresh (473ms)
			TypeCache.ScanAssembly (447ms)
		AnalyzeDomain (188ms)
			BuildScriptInfoCaches (175ms)
			ResolveRequiredComponents (11ms)
	FinalizeReload (2662ms)
		SetupLoadedEditorAssemblies (0ms)
			LogAssemblyErrors (3ms)
			BeforeProcessingInitializeOnLoad (160ms)
			ProcessInitializeOnLoadAttributes (1769ms)
			ProcessInitializeOnLoadMethodAttributes (178ms)
			AfterProcessingInitializeOnLoad (18ms)
			EditorAssembliesLoaded (3ms)
		AwakeInstancesAfterBackupRestoration (33ms)
Starting new worker id: 0 with log in D:/repositories/unity/SampleGameForOneStarMakerFramework/unity/Logs/AssetImportWorkerHW0.log
Refreshing native plugins compatible for Editor in 22.82 ms, found 4 plugins.

Asset Pipeline Refresh (id=4e226d22301ce714b90786491cdc0a29): Total: 18.693 seconds - Initiated by InitialRefreshV2(ForceSynchronousImport)
	(Values over 0.05ms)
	Summary:
		Imports: total=0 (actual=0, local cache=0, cache server=0)
		Asset DB Process Time: managed=0 ms, native=4123 ms
		Asset DB Callback time: managed=265 ms, native=76 ms
		Scripting: domain reloads=1, domain reload time=4993 ms, compile time=8834 ms, other=399 ms
		Project Asset Count: scripts=3594, non-scripts=5007
		Asset File Changes: new=0, changed=1, moved=0, deleted=0
		Scan Filter Count: 0
	InvokePackagesCallback: 42.080ms
	ApplyChangesToAssetFolders: 1.085ms
	Scan: 281.499ms
	Collect global state as custom dependencies: 27.291ms
	OnSourceAssetsModified: 0.670ms
	CategorizeScriptCompilationAssets: 142.548ms
	ProcessAssetsWithTransientArtifactChanges: 186.757ms
	CategorizeAssets: 111.573ms
	CompileScripts: 8834.296ms
	ImportOutOfDateAssets: 2753.302ms (2734.466ms without children)
		ReloadNativeAssets: 0.698ms
		UnloadImportedAssets: 3.722ms
		EnsureUptoDateAssetsAreRegisteredWithGuidPM: 1.806ms
		ImportSchedulerStart: 12.606ms
	PostProcessAllAssets: 277.128ms
		XRBuildSystem.XRAssetImported 10.113ms
		VCAutoAddAssetPostprocess 0.972ms
		MonoPostProcessAllAssets: 265.364ms
			AssetPostprocessor.OnPostprocessAllAssets 132.227ms
			StyleCatalogPostProcessor.OnPostprocessAllAssets 39.483ms
			UniversalRenderPipelineGlobalSettingsPostprocessor.OnPostprocessAllAssets 23.153ms
			NugetAssetPostprocessor.OnPostprocessAllAssets 5.626ms
			BuilderAssetPostprocessor.OnPostprocessAllAssets 5.600ms
			SyncVS.PostprocessSyncProject 5.096ms
			AddressablesAssetPostProcessor.OnPostprocessAllAssets 3.885ms
			SpriteSlicePostprocessor.OnPostprocessAllAssets 3.206ms
			WindowAssetPostprocessingWatcher.OnPostprocessAllAssets 2.340ms
			PackageManagerResolver.OnPostprocessAllAssets 2.136ms
			VersionHandlerImpl.OnPostprocessAllAssets 1.984ms
			AssetChangedListener.OnPostprocessAllAssets 1.967ms
			SpeedTree9Postprocessor.OnPostprocessAllAssets 1.889ms
			ShaderGraphAssetPostProcessor.OnPostprocessAllAssets 1.838ms
			RetainedModeAssetPostprocessor.OnPostprocessAllAssets 1.507ms
			EditModeScopePostprocessor.OnPostprocessAllAssets 1.059ms
			MaterialPostprocessor.OnPostprocessAllAssets 1.036ms
			RenderPipelineGlobalSettingsPostprocessor.OnPostprocessAllAssets 0.887ms
			InputActionJsonNameModifierAssetProcessor.OnPostprocessAllAssets 0.868ms
			ArtifactBrowserPostProcessor.OnPostprocessAllAssets 0.724ms
			SpriteEditorTexturePostprocessor.OnPostprocessAllAssets 0.686ms
			AudioMixerPostprocessor.OnPostprocessAllAssets 0.656ms
			UVCSAssetPostprocessor.OnPostprocessAllAssets 0.594ms
			PlayServicesResolver.OnPostprocessAllAssets 0.557ms
			InputActionAssetPostprocessor.OnPostprocessAllAssets 0.515ms
			AssetEvents.OnPostprocessAllAssets 0.495ms
			ShaderReflectionAssetPostProcessor.OnPostprocessAllAssets 0.491ms
			PostProcessor.OnPostprocessAllAssets 0.466ms
			AssetProcessor.OnPostprocessAllAssets 0.427ms
			TextAssetPostProcessor.OnPostprocessAllAssets 0.416ms
			IOSResolver.OnPostprocessAllAssets 0.404ms
			TMPro_TexturePostProcessor.OnPostprocessAllAssets 0.392ms
			CinemachineSettings.OnPostprocessAllAssets 0.392ms
			DomainReloadProcessor.OnPostprocessAllAssets 0.375ms
			AssetPathToTypes.OnPostprocessAllAssets 0.371ms
			ReferencedClipsPostProcessor.OnPostprocessAllAssets 0.271ms
			AssetDatabaseCallbacks.OnPostprocessAllAssets 0.244ms
			TerrainToolbarOverlayPostProcessor.OnPostprocessAllAssets 0.240ms
			ConfigAssetsTracker.OnPostprocessAllAssets 0.240ms
			ThemePostprocessor.OnPostprocessAllAssets 0.233ms
			AssetPostprocessorProxy.OnPostprocessAllAssets 0.208ms
			ProjectSettingsPostprocessor.OnPostprocessAllAssets 0.202ms
			SamplePostprocessor.OnPostprocessAllAssets 0.196ms
			SpeedTreePostProcessor.OnPostprocessAllAssets 0.176ms
			ScenarioDriftAssetsTracker.OnPostprocessAllAssets 0.170ms
			AudioContainerPostProcessor.OnPostprocessAllAssets 0.156ms
			AssetReloadNotifier.OnPostprocessAllAssets 0.138ms
	PostAssetChangesProfiler: 26.511ms
	UnloadStreamsBegin: 2.348ms
	PersistCurrentRevisions: 0.267ms
	GenerateScriptTypeHashes: 2.607ms
	GenerateScriptTypeSerializationHashes: 4.950ms
	Untracked: 5976.931ms

Application.AssetDatabase Initial Refresh End
Shader Hidden/ChartRasterizerHardware is not supported: GPU does not support conservative rasterization
Shader Hidden/ChartRasterizerHardware is not supported: GPU does not support conservative rasterization
Scanning for USB devices : 11.645ms
Initializing Unity extensions:
Worker ready: AssetImportWorkerHW0 0
[MODES] ModeService[none].Initialize
[MODES] ModeService[none].LoadModes
[MODES] Loading mode Default (0) for mode-current-id-SampleGame
Unloading 29 Unused Serialized files (Serialized files now loaded: 0)
Unloading 10818 unused Assets / (5.4 MB). Loaded Objects now: 12090.
Memory consumption went from 0.52 GB to 0.51 GB.
Total: 18.386800 ms (FindLiveObjects: 0.999800 ms CreateObjectMapping: 0.714200 ms MarkObjects: 13.403900 ms  DeleteObjects: 2.953600 ms)

Microsoft Media Foundation video decoding to texture disabled: graphics device is Null, only Direct3D 11 and Direct3D 12 (only on desktop) are supported for hardware-accelerated video decoding.
[Project] Loading completed in 25.533 seconds
	Project init time: 				25.134 seconds
		Template init time: 		0.000 seconds
		Package Manager init time: 		0.661 seconds
		Asset Database init time: 		0.424 seconds
		Global illumination init time: 	0.003 seconds
		Assemblies load time: 			1.797 seconds
		Unity extensions init time: 	0.040 seconds
		Asset Database refresh time: 	18.694 seconds
	Scene opening time: 			0.220 seconds
##utp:{"type":"ProjectInfo","version":2,"phase":"Immediate","time":1789730027711,"processId":10816,"projectLoad":25.532968,"projectInit":25.1344972,"templateInit":0.0,"packageManagerInit":0.6612996,"assetDatabaseInit":0.4238428,"globalIlluminationInit":0.0027643,"assembliesLoad":1.7974733,"unityExtensionsInit":0.039825,"assetDatabaseRefresh":18.6935385,"sceneOpening":0.2198022}
##utp:{"type":"EditorInfo","version":2,"phase":"Immediate","time":1789730027711,"processId":10816,"editorVersion":"6000.6.0f1 (f7f8ed4d1e24)","branch":"6000.6/respin/6000.6.0f1-fa21a270ab12","buildType":"Release","platform":"Windows"}
[Licensing::Client] Successfully resolved entitlement details
Running tests for ExecutionSettings with details:
targetPlatform = 
playerHeartbeatTimeout = 600
filters[0] = 
   Filter with settings:
   testMode = EditMode
   targetPlatform = 
   testNames = null
   groupNames = ContentDirectory
   categoryNames = null
   assemblyNames = null
ignoreTests = {}
featureFlags = null

UnityEngine.Debug:ExtractStackTraceNoAlloc (byte*,int,string)
UnityEngine.StackTraceUtility:ExtractStackTrace ()
UnityEngine.DebugLogHandler:Internal_Log (UnityEngine.LogType,UnityEngine.LogOption,string,UnityEngine.Object)
UnityEngine.DebugLogHandler:LogFormat (UnityEngine.LogType,UnityEngine.Object,string,object[])
UnityEngine.Logger:Log (UnityEngine.LogType,object)
UnityEngine.Debug:Log (object)
UnityEditor.TestTools.TestRunner.CommandLineTest.Executer:InitializeAndExecuteRun (string[]) (at ./Library/PackageCache/com.unity.test-framework@7a3849e09bd0/UnityEditor.TestRunner/CommandLineTest/Executer.cs:53)
UnityEditor.TestTools.TestRunner.CommandLineTest.TestStarter:InitializeAndExecuteRun () (at ./Library/PackageCache/com.unity.test-framework@7a3849e09bd0/UnityEditor.TestRunner/CommandLineTest/TestStarter.cs:64)
UnityEditor.EditorApplication:Internal_CallUpdateFunctions ()

(Filename: ./Library/PackageCache/com.unity.test-framework@7a3849e09bd0/UnityEditor.TestRunner/CommandLineTest/Executer.cs Line: 53)

Start Indexing on Editor startup
[Indexing] Starting Initial Indexing for Assets
[UnityConnectServicesConfig] config is NOT valid, switching to default
Created GICache directory at C:/Users/void/AppData/LocalLow/Unity/Caches/GiCache. Took: 0.031s, timestamps: [25.536 - 25.568]
[Licensing::Client] Successfully resolved entitlement details
[Licensing::Client] Successfully resolved entitlement details
Unloading 15 Unused Serialized files (Serialized files now loaded: 0)
Unloading 18 unused Assets / (165.6 KB). Loaded Objects now: 12253.
Memory consumption went from 0.53 GB to 0.53 GB.
Total: 15.936600 ms (FindLiveObjects: 0.716600 ms CreateObjectMapping: 0.285900 ms MarkObjects: 14.462500 ms  DeleteObjects: 0.112000 ms)

Executing IPrebuildSetup for: Unity.PerformanceTesting.Editor.TestRunBuilder.
UnityEngine.Debug:ExtractStackTraceNoAlloc (byte*,int,string)
UnityEngine.StackTraceUtility:ExtractStackTrace ()
UnityEngine.DebugLogHandler:Internal_Log (UnityEngine.LogType,UnityEngine.LogOption,string,UnityEngine.Object)
UnityEngine.DebugLogHandler:LogFormat (UnityEngine.LogType,UnityEngine.Object,string,object[])
UnityEngine.Logger:Log (UnityEngine.LogType,object)
UnityEngine.Debug:Log (object)
UnityEditor.TestTools.TestRunner.TestRun.Tasks.BuildActionTaskBase`1/<ExecuteMethods>d__8<UnityEngine.TestTools.IPrebuildSetup>:MoveNext () (at ./Library/PackageCache/com.unity.test-framework@7a3849e09bd0/UnityEditor.TestRunner/TestRun/Tasks/BuildActionTaskBase.cs:48)
UnityEditor.TestTools.TestRunner.TestRun.Tasks.BuildActionTaskBase`1/<Execute>d__7<UnityEngine.TestTools.IPrebuildSetup>:MoveNext () (at ./Library/PackageCache/com.unity.test-framework@7a3849e09bd0/UnityEditor.TestRunner/TestRun/Tasks/BuildActionTaskBase.cs:34)
UnityEditor.TestTools.TestRunner.TestRun.TestJobRunner:ExecuteStep () (at ./Library/PackageCache/com.unity.test-framework@7a3849e09bd0/UnityEditor.TestRunner/TestRun/TestJobRunner.cs:194)
UnityEditor.TestTools.TestRunner.TestRun.TestJobRunner:ExecuteCallback () (at ./Library/PackageCache/com.unity.test-framework@7a3849e09bd0/UnityEditor.TestRunner/TestRun/TestJobRunner.cs:129)
UnityEditor.EditorApplication:Internal_CallUpdateFunctions ()

(Filename: ./Library/PackageCache/com.unity.test-framework@7a3849e09bd0/UnityEditor.TestRunner/TestRun/Tasks/BuildActionTaskBase.cs Line: 48)

Importing 'GUID: 23bfca591f7a40d4da58ab0975239ec3 - Path: Assets/OneStarMakerGenerated' with importer (DefaultImporter)
Imported 'GUID: 23bfca591f7a40d4da58ab0975239ec3' -> (Import Result ID: '3f1bc5155954e6969843c5d179906f53') in 0.018 seconds [static dependencies only]. Details - ImportResultOutputID=1f10bb31a671845564fee7516a4bb920 DependenciesID=5f1b1049d68e6a933109fff46d0416d8 StaticDependenciesID=be521d742a623d545f57be551d0f0f85 
Refreshing native plugins compatible for Editor in 22.75 ms, found 4 plugins.
Asset Pipeline Refresh (id=4cf029ff3e9d7b3458f071f05c9523e6): Total: 0.226 seconds - Initiated by StopAssetImportingV2(NoUpdateAssetOptions)
Importing 'GUID: 77725b0afd447de4ab0749299e88d538 - Path: Assets/OneStarMakerGenerated/BS3Tests' with importer (DefaultImporter)
Imported 'GUID: 77725b0afd447de4ab0749299e88d538' -> (Import Result ID: '122f45c9c6b1a2e0f8985c5d6e23a7a9') in 0.008 seconds [static dependencies only]. Details - ImportResultOutputID=0d4c3881afd819b8124a2ce17b7e38b7 DependenciesID=a5f933ec9491b95457a3f95f0240358d StaticDependenciesID=495c83e723a765bd0a8af5c150db7c79 
Refreshing native plugins compatible for Editor in 23.22 ms, found 4 plugins.
Asset Pipeline Refresh (id=13a6927450aa33b468b23a975f0b47fb): Total: 0.102 seconds - Initiated by StopAssetImportingV2(NoUpdateAssetOptions)
Importing 'GUID: 83e1bab280557764686eef6c9f82287c - Path: Assets/OneStarMakerGenerated/BS3Tests/6c82c7a3a1034fa690d7667a7a604dd8' with importer (DefaultImporter)
Imported 'GUID: 83e1bab280557764686eef6c9f82287c' -> (Import Result ID: 'a95b396df654a314ca68faa80e7f71fc') in 0.009 seconds [static dependencies only]. Details - ImportResultOutputID=b461faa109e161bf33a5959cbf645885 DependenciesID=808982283bed8849e38f1f224a335629 StaticDependenciesID=1d94854511a1b7e25910819410c96cf7 
Refreshing native plugins compatible for Editor in 23.52 ms, found 4 plugins.
Asset Pipeline Refresh (id=59086b72c398c434c9fdc1455737f496): Total: 0.096 seconds - Initiated by StopAssetImportingV2(NoUpdateAssetOptions)
Importing 'GUID: 8dba4bf16ed7692448361bdccc49c448 - Path: Assets/OneStarMakerGenerated/BS3Tests/6c82c7a3a1034fa690d7667a7a604dd8/Texture.png' with importer (TextureImporter)
Imported 'GUID: 8dba4bf16ed7692448361bdccc49c448' -> (Import Result ID: '379660f08c566610120bd9ade69909cf') in 0.025 seconds [static and dynamic dependencies]. Details - ImportResultOutputID=1d297827997541185c81b62a95c57373 DependenciesID=c7dd3ef9fef482b8a0cbe51156ba6ef9 StaticDependenciesID=d9f888edeb854a9678327fab1222ba46 
Refreshing native plugins compatible for Editor in 27.14 ms, found 4 plugins.
Asset Pipeline Refresh (id=64c41bc207d17894e9fb67705849c2f3): Total: 0.140 seconds - Initiated by StopAssetImportingV2(NoUpdateAssetOptions)
Importing 'GUID: fc0d0ec38a68c1146907f0da3bb634a5 - Path: Assets/OneStarMakerGenerated/BS3Tests/6c82c7a3a1034fa690d7667a7a604dd8/Shared.mat' with importer (NativeFormatImporter)
Imported 'GUID: fc0d0ec38a68c1146907f0da3bb634a5' -> (Import Result ID: '43026f2728c44a1000c73c0d76e2244b') in 0.002 seconds [static dependencies only]. Details - ImportResultOutputID=1347ced8546abcabecd069884d987e1b DependenciesID=0ac2f468c855ba05fed1bfc554c4ff20 StaticDependenciesID=fa9c382b487fd759f194523cd261dd85 
Refreshing native plugins compatible for Editor in 24.77 ms, found 4 plugins.
Asset Pipeline Refresh (id=d4bd856cc591fbd48a9cf37b3d6d7b16): Total: 0.106 seconds - Initiated by StopAssetImportingV2(NoUpdateAssetOptions)
Unloading 3 Unused Serialized files (Serialized files now loaded: 0)
Unloading 85 unused Assets / (80.7 KB). Loaded Objects now: 12251.
Memory consumption went from 0.52 GB to 0.52 GB.
Total: 16.203600 ms (FindLiveObjects: 0.533200 ms CreateObjectMapping: 0.205800 ms MarkObjects: 15.070000 ms  DeleteObjects: 0.079900 ms)

Importing 'GUID: fc0d0ec38a68c1146907f0da3bb634a5 - Path: Assets/OneStarMakerGenerated/BS3Tests/6c82c7a3a1034fa690d7667a7a604dd8/Shared.mat' with importer (NativeFormatImporter)
Imported 'GUID: fc0d0ec38a68c1146907f0da3bb634a5' -> (Import Result ID: 'c17aa134d5d029c12a13828fbbb33b89') in 0.002 seconds [static dependencies only]. Details - ImportResultOutputID=1347ced8546abcabecd069884d987e1b DependenciesID=db608e6292d2d6c9d5acc2681d493a65 StaticDependenciesID=2830fd3b6840ad0803dc572fc9c0166a 
Refreshing native plugins compatible for Editor in 30.03 ms, found 4 plugins.
Asset Pipeline Refresh (id=4803feefacdd1ac46b7928b11d124bab): Total: 0.151 seconds - Initiated by StopAssetImportingV2(NoUpdateAssetOptions)
Importing 'GUID: 9555dc6b9ff0e2941812fc1b1a7ca7e9 - Path: Assets/OneStarMakerGenerated/BS3Tests/6c82c7a3a1034fa690d7667a7a604dd8/Scene.unity' with importer (DefaultImporter)
Imported 'GUID: 9555dc6b9ff0e2941812fc1b1a7ca7e9' -> (Import Result ID: '2a513c66758337c18131808480fafefa') in 0.002 seconds [static dependencies only]. Details - ImportResultOutputID=b5a5177de843b79ad93feec866aefb54 DependenciesID=c7859f53cfe356b5c215612261621725 StaticDependenciesID=a04a387698291546acf274cbbb3c564a 
Refreshing native plugins compatible for Editor in 35.40 ms, found 4 plugins.
Asset Pipeline Refresh (id=c4b13d783ad6d224c9827d1d2949cb5b): Total: 0.113 seconds - Initiated by StopAssetImportingV2(NoUpdateAssetOptions)
Importing 'GUID: 3cf5bd0fe56e89f429df9f43858891a1 - Path: Assets/OneStarMakerGenerated/BS3Tests/6c82c7a3a1034fa690d7667a7a604dd8/High.prefab' with importer (PrefabImporter)
Imported 'GUID: 3cf5bd0fe56e89f429df9f43858891a1' -> (Import Result ID: '390250ba74e8cb5505e615bf3ea089b9') in 0.010 seconds [static dependencies only]. Details - ImportResultOutputID=aea933ffbea2acbce3f1f8e043feafe7 DependenciesID=481c5c5cd85781f91a8074b4731a76a4 StaticDependenciesID=85462240bb19698c328af1bd14d27703 
Refreshing native plugins compatible for Editor in 24.32 ms, found 4 plugins.
Asset Pipeline Refresh (id=5233c64e33c060a4abc234630cca92d8): Total: 0.127 seconds - Initiated by StopAssetImportingV2(NoUpdateAssetOptions)
Importing 'GUID: c523f6e87c82e0740bc0f93aa02d9289 - Path: Assets/OneStarMakerGenerated/BS3Tests/6c82c7a3a1034fa690d7667a7a604dd8/Low.prefab' with importer (PrefabImporter)
Imported 'GUID: c523f6e87c82e0740bc0f93aa02d9289' -> (Import Result ID: '53becc8b9b6cabc22de7fb7bd0ad9bf2') in 0.010 seconds [static dependencies only]. Details - ImportResultOutputID=09bc4057dd01f2093d3e7fbd81f5eb4a DependenciesID=52c0d023e8507b5f415d922937df24ba StaticDependenciesID=d0ae045b30ae692d51e38c2b3168c8b7 
Refreshing native plugins compatible for Editor in 25.27 ms, found 4 plugins.
Asset Pipeline Refresh (id=d823925ba97b12048a03d48ade137ebf): Total: 0.107 seconds - Initiated by StopAssetImportingV2(NoUpdateAssetOptions)
Importing 'GUID: 3e5e679361d2ca54ca48239e7502cae7 - Path: Assets/OneStarMakerGenerated/BS3Tests/6c82c7a3a1034fa690d7667a7a604dd8/Excluded.prefab' with importer (PrefabImporter)
Imported 'GUID: 3e5e679361d2ca54ca48239e7502cae7' -> (Import Result ID: 'ca7ed0537b57dee2a001dce52b11d2c1') in 0.010 seconds [static dependencies only]. Details - ImportResultOutputID=482e6e922b780ad62a086d6c6cd1cf56 DependenciesID=9adfeeb4cafed711aa80d6ff40ad1e2b StaticDependenciesID=878a984fb8d93cf56dc28b4e3b604a6e 
Refreshing native plugins compatible for Editor in 25.42 ms, found 4 plugins.
Asset Pipeline Refresh (id=6be62f08fb8897c4dbde6639fe99b51d): Total: 0.108 seconds - Initiated by StopAssetImportingV2(NoUpdateAssetOptions)
Importing 'GUID: 9555dc6b9ff0e2941812fc1b1a7ca7e9 - Path: Assets/OneStarMakerGenerated/BS3Tests/6c82c7a3a1034fa690d7667a7a604dd8/Scene.unity' with importer (DefaultImporter)
Imported 'GUID: 9555dc6b9ff0e2941812fc1b1a7ca7e9' -> (Import Result ID: '7785e8433ccf6be19119af6d984eec99') in 0.002 seconds [static dependencies only]. Details - ImportResultOutputID=b5a5177de843b79ad93feec866aefb54 DependenciesID=bdd13fdcd1f6d14035459ff363ec0b23 StaticDependenciesID=29adaad6dd74592d703d5cf48649bfcc 
Refreshing native plugins compatible for Editor in 25.17 ms, found 4 plugins.
Asset Pipeline Refresh (id=9e0ee5607b375734baadce29a8b9515c): Total: 0.095 seconds - Initiated by StopAssetImportingV2(NoUpdateAssetOptions)
Importing 'GUID: d80a3448b285648448bec8101a4f2967 - Path: Assets/OneStarMakerGenerated/BS2b' with importer (DefaultImporter)
Imported 'GUID: d80a3448b285648448bec8101a4f2967' -> (Import Result ID: '9bdb54f7f67feddc2d51653e56bb738e') in 0.010 seconds [static dependencies only]. Details - ImportResultOutputID=cce920550bc516bd1274d47fb045c1ff DependenciesID=7781fb56f51ab3e0fa06f9b6fbe572c2 StaticDependenciesID=86001ca4c9618d2ea2354509d597a002 
Refreshing native plugins compatible for Editor in 35.06 ms, found 4 plugins.
Asset Pipeline Refresh (id=bc39d8cf81b98364e88ce177fc71cee1): Total: 0.126 seconds - Initiated by StopAssetImportingV2(NoUpdateAssetOptions)
Importing 'GUID: 7fe6528e33b70384c81fa45838105167 - Path: Assets/OneStarMakerGenerated/BS2b/20260918T111352212Z-e06c2ecab7ad43ecace0c40f4f90641e' with importer (DefaultImporter)
Imported 'GUID: 7fe6528e33b70384c81fa45838105167' -> (Import Result ID: '4011e2a57c153628856da2c40b6d0405') in 0.010 seconds [static dependencies only]. Details - ImportResultOutputID=182f2dd5c498da56d763885915dcd585 DependenciesID=596b07bccba1dbe59bb3737d8e774f5d StaticDependenciesID=6588edc3135740404a24e91c9045578d 
Refreshing native plugins compatible for Editor in 23.49 ms, found 4 plugins.
Asset Pipeline Refresh (id=3d988ebff115561438b3559fc983f1d9): Total: 0.107 seconds - Initiated by StopAssetImportingV2(NoUpdateAssetOptions)
Importing 'GUID: b1ced139c393cb440ae76e45c0116a50 - Path: Assets/OneStarMakerGenerated/BS2b/20260918T111352212Z-e06c2ecab7ad43ecace0c40f4f90641e/bs2b-owner.marker' with importer (DefaultImporter)
Imported 'GUID: b1ced139c393cb440ae76e45c0116a50' -> (Import Result ID: '68df15240c990da87054132af3181ff9') in 0.045 seconds [static dependencies only]. Details - ImportResultOutputID=e3a9c5bcb850bbb9c7b2786b32db8471 DependenciesID=b703a35e69916a9fc9bfdda38544628e StaticDependenciesID=8c0f25115d5ee81249b76fe74e928bab 
Refreshing native plugins compatible for Editor in 23.19 ms, found 4 plugins.
Asset Pipeline Refresh (id=ef59c2e6b87ec704dbf482e6bb0215b0): Total: 0.156 seconds - Initiated by RefreshV2(NoUpdateAssetOptions)
Importing 'GUID: 7049d8f019d41db49a273158e5823fcb - Path: Assets/OneStarMakerGenerated/BS2b/20260918T111352212Z-e06c2ecab7ad43ecace0c40f4f90641e/BuildContentRoot.asset' with importer (NativeFormatImporter)
Imported 'GUID: 7049d8f019d41db49a273158e5823fcb' -> (Import Result ID: '55e971b07ae8ec7ff1c7f591ca4d31c2') in 0.001 seconds [static dependencies only]. Details - ImportResultOutputID=5fda2de02c072061d39f5d078a638451 DependenciesID=9a147f819c33d4327e0d881db87fa284 StaticDependenciesID=5ea91bfd3b84c03169694a6e9c57d090 
Refreshing native plugins compatible for Editor in 21.76 ms, found 4 plugins.
Asset Pipeline Refresh (id=b8a0c561d82d47a49bbae04753e6c155): Total: 0.090 seconds - Initiated by StopAssetImportingV2(NoUpdateAssetOptions)
Importing 'GUID: 7049d8f019d41db49a273158e5823fcb - Path: Assets/OneStarMakerGenerated/BS2b/20260918T111352212Z-e06c2ecab7ad43ecace0c40f4f90641e/BuildContentRoot.asset' with importer (NativeFormatImporter)
Imported 'GUID: 7049d8f019d41db49a273158e5823fcb' -> (Import Result ID: '55e971b07ae8ec7ff1c7f591ca4d31c2') in 0.001 seconds [static dependencies only]. Details - ImportResultOutputID=5fda2de02c072061d39f5d078a638451 DependenciesID=9a147f819c33d4327e0d881db87fa284 StaticDependenciesID=5ea91bfd3b84c03169694a6e9c57d090 
Refreshing native plugins compatible for Editor in 21.60 ms, found 4 plugins.
Asset Pipeline Refresh (id=89fc3c286b02b41499c9d9992de59dc7): Total: 0.061 seconds - Initiated by StopAssetImportingV2(NoUpdateAssetOptions)
Importing 'GUID: 7049d8f019d41db49a273158e5823fcb - Path: Assets/OneStarMakerGenerated/BS2b/20260918T111352212Z-e06c2ecab7ad43ecace0c40f4f90641e/BuildContentRoot.asset' with importer (NativeFormatImporter)
Imported 'GUID: 7049d8f019d41db49a273158e5823fcb' -> (Import Result ID: '55e971b07ae8ec7ff1c7f591ca4d31c2') in 0.001 seconds [static dependencies only]. Details - ImportResultOutputID=5fda2de02c072061d39f5d078a638451 DependenciesID=9a147f819c33d4327e0d881db87fa284 StaticDependenciesID=5ea91bfd3b84c03169694a6e9c57d090 
Refreshing native plugins compatible for Editor in 22.16 ms, found 4 plugins.
Asset Pipeline Refresh (id=b01409db6ca32ea4382abb06dc2b2a24): Total: 0.063 seconds - Initiated by StopAssetImportingV2(NoUpdateAssetOptions)
Importing 'GUID: 4b83569d67af61e458304325a23e5dfd - Path: Assets/Settings/PC_RPAsset.asset' with importer (NativeFormatImporter)
Imported 'GUID: 4b83569d67af61e458304325a23e5dfd' -> (Import Result ID: '2fcb55e6f37e916feb23474e154663f8') in 0.001 seconds [static dependencies only]. Details - ImportResultOutputID=eae66dc0e7a749d738136f6c7279b2f0 DependenciesID=d67c03d163a158e1a173c7d4f8dea317 StaticDependenciesID=272ab2bf0d55e49a9c6ca9c634f4d9aa 
Refreshing native plugins compatible for Editor in 23.73 ms, found 4 plugins.
Asset Pipeline Refresh (id=9518519efeb4177428b2ebb9e2bfcb77): Total: 0.065 seconds - Initiated by StopAssetImportingV2(NoUpdateAssetOptions)
Launched and connected shader compiler UnityShaderCompiler.exe after 0.07 seconds
Asset Pipeline Refresh (id=602df39b218c28944974bfde205dfb3d): Total: 0.080 seconds - Initiated by StopAssetImportingV2(NoUpdateAssetOptions)
Opening scene 'Assets/SampleGame/OutGame/Title/Title.unity additively'
Loaded scene 'Assets/SampleGame/OutGame/Title/Title.unity'
	Deserialize:            4.422 ms
	Integration:            0.469 ms
	Integration of assets:  0.042 ms
	Thread Wait Time:       0.019 ms
	Total Operation Time:   4.952 ms
Pipeline: No RuntimePipelineManager components found in build scenes. Pipeline will be disabled in Player builds.
UnityEngine.Debug:ExtractStackTraceNoAlloc (byte*,int,string)
UnityEngine.StackTraceUtility:ExtractStackTrace ()
UnityEngine.DebugLogHandler:Internal_Log (UnityEngine.LogType,UnityEngine.LogOption,string,UnityEngine.Object)
UnityEngine.DebugLogHandler:LogFormat (UnityEngine.LogType,UnityEngine.Object,string,object[])
UnityEngine.Logger:Log (UnityEngine.LogType,object)
UnityEngine.Debug:LogWarning (object)
Unity.Pipeline.Editor.BuildProcessors.PipelineRuntimeBuildProcessor:OnPreprocessBuild (UnityEditor.Build.BuildCallbackContext) (at ./Library/PackageCache/com.unity.pipeline@f49636739437/Editor/BuildProcessors/PipelineRuntimeBuildProcessor.cs:48)
UnityEditor.Build.BuildPipelineInterfaces:OnBuildPreProcessWithContext (UnityEditor.Build.BuildCallbackContext)
UnityEditor.BuildPipeline:BuildContentDirectoryInternal (UnityEditor.BuildContentDirectoryParameters,UnityEngine.GUID)
UnityEditor.BuildPipeline:BuildContentDirectory (UnityEditor.BuildContentDirectoryParameters)
OneStarMaker.Editor.Build.Content.UnityContentDirectoryAdapter:Build (OneStarMaker.Editor.Build.Content.BuildContentProjectionResult,string,string) (at Assets/OneStarMaker/Scripts/Editor/Build/Content/UnityContentDirectoryAdapter.cs:93)
OneStarMaker.Editor.Build.Content.BuildContentCoordinator:Build (OneStarMaker.Editor.Build.Content.BuildContentRequest) (at Assets/OneStarMaker/Scripts/Editor/Build/Content/BuildContentCoordinator.cs:74)
OneStarMaker.Tests.Editor.Build.BuildContentDirectoryIntegrationTests/<ScenePrefabTextureAndTwoRepresentationsBuildAndMoveAsOneDirectory>d__4:MoveNext () (at Assets/OneStarMaker/Tests/Editor/Build/BuildContentDirectoryIntegrationTests.cs:120)
UnityEngine.TestTools.TestEnumerator/<Execute>d__8:MoveNext () (at ./Library/PackageCache/com.unity.test-framework@7a3849e09bd0/UnityEngine.TestRunner/NUnitExtensions/Attributes/TestEnumerator.cs:52)
UnityEngine.TestTools.EnumerableTestMethodCommand/<ExecuteEnumerableAndRecordExceptions>d__4:MoveNext () (at ./Library/PackageCache/com.unity.test-framework@7a3849e09bd0/UnityEngine.TestRunner/NUnitExtensions/Commands/EnumerableTestMethodCommand.cs:85)
UnityEngine.TestTools.EnumerableTestMethodCommand:AdvanceEnumerator (System.Collections.IEnumerator) (at ./Library/PackageCache/com.unity.test-framework@7a3849e09bd0/UnityEngine.TestRunner/NUnitExtensions/Commands/EnumerableTestMethodCommand.cs:64)
UnityEngine.TestTools.EnumerableTestMethodCommand/<ExecuteEnumerable>d__2:MoveNext () (at ./Library/PackageCache/com.unity.test-framework@7a3849e09bd0/UnityEngine.TestRunner/NUnitExtensions/Commands/EnumerableTestMethodCommand.cs:47)
UnityEngine.TestRunner.NUnitExtensions.Runner.UnityLogCheckDelegatingCommand/<ExecuteEnumerable>d__4:MoveNext () (at ./Library/PackageCache/com.unity.test-framework@7a3849e09bd0/UnityEngine.TestRunner/NUnitExtensions/Runner/UnityLogCheckDelegatingCommand.cs:66)
UnityEngine.TestTools.BeforeAfterTestCommandBase`1/<ExecuteEnumerable>d__16<NUnit.Framework.ITestAction>:MoveNext () (at ./Library/PackageCache/com.unity.test-framework@7a3849e09bd0/UnityEngine.TestRunner/NUnitExtensions/Commands/BeforeAfterTestCommandBase.cs:213)
UnityEngine.TestTools.BeforeAfterTestCommandBase`1/<ExecuteEnumerable>d__16<System.Reflection.MethodInfo>:MoveNext () (at ./Library/PackageCache/com.unity.test-framework@7a3849e09bd0/UnityEngine.TestRunner/NUnitExtensions/Commands/BeforeAfterTestCommandBase.cs:213)
UnityEngine.TestTools.BeforeAfterTestCommandBase`1/<ExecuteEnumerable>d__16<System.Reflection.MethodInfo>:MoveNext () (at ./Library/PackageCache/com.unity.test-framework@7a3849e09bd0/UnityEngine.TestRunner/NUnitExtensions/Commands/BeforeAfterTestCommandBase.cs:213)
UnityEngine.TestTools.BeforeAfterTestCommandBase`1/<ExecuteEnumerable>d__16<UnityEngine.TestTools.IOuterUnityTestAction>:MoveNext () (at ./Library/PackageCache/com.unity.test-framework@7a3849e09bd0/UnityEngine.TestRunner/NUnitExtensions/Commands/BeforeAfterTestCommandBase.cs:213)
UnityEngine.TestTools.RetryCommand/<ExecuteEnumerable>d__2:MoveNext () (at ./Library/PackageCache/com.unity.test-framework@7a3849e09bd0/UnityEngine.TestRunner/NUnitExtensions/Commands/RetryCommand.cs:37)
UnityEngine.TestTools.RepeatCommand/<ExecuteEnumerable>d__2:MoveNext () (at ./Library/PackageCache/com.unity.test-framework@7a3849e09bd0/UnityEngine.TestRunner/NUnitExtensions/Commands/RepeatCommand.cs:36)
UnityEngine.TestTools.IgnoreTestCommand/<ExecuteEnumerable>d__3:MoveNext () (at ./Library/PackageCache/com.unity.test-framework@7a3849e09bd0/UnityEngine.TestRunner/NUnitExtensions/Commands/IgnoreTestCommand.cs:42)
UnityEngine.TestTools.StrictCheckCommand/<ExecuteEnumerable>d__2:MoveNext () (at ./Library/PackageCache/com.unity.test-framework@7a3849e09bd0/UnityEngine.TestRunner/NUnitExtensions/Commands/StrictCheckCommand.cs:29)
UnityEditor.TestTools.TestRunner.EditorEnumeratorTestWorkItem/<PerformWork>d__3:MoveNext () (at ./Library/PackageCache/com.unity.test-framework@7a3849e09bd0/UnityEditor.TestRunner/TestRunner/EditorEnumeratorTestWorkItem.cs:97)
UnityEngine.TestRunner.NUnitExtensions.Runner.CompositeWorkItem/<RunChildren>d__17:MoveNext () (at ./Library/PackageCache/com.unity.test-framework@7a3849e09bd0/UnityEngine.TestRunner/NUnitExtensions/Runner/CompositeWorkItem.cs:209)
UnityEngine.TestRunner.NUnitExtensions.Runner.CompositeWorkItem/<PerformWork>d__13:MoveNext () (at ./Library/PackageCache/com.unity.test-framework@7a3849e09bd0/UnityEngine.TestRunner/NUnitExtensions/Runner/CompositeWorkItem.cs:83)
UnityEngine.TestRunner.NUnitExtensions.Runner.CompositeWorkItem/<RunChildren>d__17:MoveNext () (at ./Library/PackageCache/com.unity.test-framework@7a3849e09bd0/UnityEngine.TestRunner/NUnitExtensions/Runner/CompositeWorkItem.cs:209)
UnityEngine.TestRunner.NUnitExtensions.Runner.CompositeWorkItem/<PerformWork>d__13:MoveNext () (at ./Library/PackageCache/com.unity.test-framework@7a3849e09bd0/UnityEngine.TestRunner/NUnitExtensions/Runner/CompositeWorkItem.cs:83)
UnityEngine.TestRunner.NUnitExtensions.Runner.CompositeWorkItem/<RunChildren>d__17:MoveNext () (at ./Library/PackageCache/com.unity.test-framework@7a3849e09bd0/UnityEngine.TestRunner/NUnitExtensions/Runner/CompositeWorkItem.cs:209)
UnityEngine.TestRunner.NUnitExtensions.Runner.CompositeWorkItem/<PerformWork>d__13:MoveNext () (at ./Library/PackageCache/com.unity.test-framework@7a3849e09bd0/UnityEngine.TestRunner/NUnitExtensions/Runner/CompositeWorkItem.cs:83)
UnityEngine.TestRunner.NUnitExtensions.Runner.CompositeWorkItem/<RunChildren>d__17:MoveNext () (at ./Library/PackageCache/com.unity.test-framework@7a3849e09bd0/UnityEngine.TestRunner/NUnitExtensions/Runner/CompositeWorkItem.cs:209)
UnityEngine.TestRunner.NUnitExtensions.Runner.CompositeWorkItem/<PerformWork>d__13:MoveNext () (at ./Library/PackageCache/com.unity.test-framework@7a3849e09bd0/UnityEngine.TestRunner/NUnitExtensions/Runner/CompositeWorkItem.cs:83)
UnityEngine.TestRunner.NUnitExtensions.Runner.CompositeWorkItem/<RunChildren>d__17:MoveNext () (at ./Library/PackageCache/com.unity.test-framework@7a3849e09bd0/UnityEngine.TestRunner/NUnitExtensions/Runner/CompositeWorkItem.cs:209)
UnityEngine.TestRunner.NUnitExtensions.Runner.CompositeWorkItem/<PerformWork>d__13:MoveNext () (at ./Library/PackageCache/com.unity.test-framework@7a3849e09bd0/UnityEngine.TestRunner/NUnitExtensions/Runner/CompositeWorkItem.cs:83)
UnityEngine.TestRunner.NUnitExtensions.Runner.CompositeWorkItem/<RunChildren>d__17:MoveNext () (at ./Library/PackageCache/com.unity.test-framework@7a3849e09bd0/UnityEngine.TestRunner/NUnitExtensions/Runner/CompositeWorkItem.cs:209)
UnityEngine.TestRunner.NUnitExtensions.Runner.CompositeWorkItem/<PerformWork>d__13:MoveNext () (at ./Library/PackageCache/com.unity.test-framework@7a3849e09bd0/UnityEngine.TestRunner/NUnitExtensions/Runner/CompositeWorkItem.cs:83)
UnityEngine.TestRunner.NUnitExtensions.Runner.CompositeWorkItem/<RunChildren>d__17:MoveNext () (at ./Library/PackageCache/com.unity.test-framework@7a3849e09bd0/UnityEngine.TestRunner/NUnitExtensions/Runner/CompositeWorkItem.cs:209)
UnityEngine.TestRunner.NUnitExtensions.Runner.CompositeWorkItem/<PerformWork>d__13:MoveNext () (at ./Library/PackageCache/com.unity.test-framework@7a3849e09bd0/UnityEngine.TestRunner/NUnitExtensions/Runner/CompositeWorkItem.cs:83)
UnityEditor.TestTools.TestRunner.EditModeRunner:MoveNextAndUpdateYieldObject () (at ./Library/PackageCache/com.unity.test-framework@7a3849e09bd0/UnityEditor.TestRunner/TestRunner/EditModeRunner.cs:180)
UnityEditor.TestTools.TestRunner.EditModeRunner:TestConsumer (UnityEditor.TestTools.TestRunner.TestRunnerStateSerializer) (at ./Library/PackageCache/com.unity.test-framework@7a3849e09bd0/UnityEditor.TestRunner/TestRunner/EditModeRunner.cs:220)
UnityEditor.TestTools.TestRunner.TestRun.Tasks.EditModeRunTask/<Execute>d__1:MoveNext () (at ./Library/PackageCache/com.unity.test-framework@7a3849e09bd0/UnityEditor.TestRunner/TestRun/Tasks/EditModeRunTask.cs:48)
UnityEditor.TestTools.TestRunner.TestRun.TestJobRunner:ExecuteStep () (at ./Library/PackageCache/com.unity.test-framework@7a3849e09bd0/UnityEditor.TestRunner/TestRun/TestJobRunner.cs:194)
UnityEditor.TestTools.TestRunner.TestRun.TestJobRunner:ExecuteCallback () (at ./Library/PackageCache/com.unity.test-framework@7a3849e09bd0/UnityEditor.TestRunner/TestRun/TestJobRunner.cs:129)
UnityEditor.EditorApplication:Internal_CallUpdateFunctions ()

(Filename: ./Library/PackageCache/com.unity.pipeline@f49636739437/Editor/BuildProcessors/PipelineRuntimeBuildProcessor.cs Line: 48)

Importing 'GUID: 4b83569d67af61e458304325a23e5dfd - Path: Assets/Settings/PC_RPAsset.asset' with importer (NativeFormatImporter)
Imported 'GUID: 4b83569d67af61e458304325a23e5dfd' -> (Import Result ID: '2fcb55e6f37e916feb23474e154663f8') in 0.001 seconds [static dependencies only]. Details - ImportResultOutputID=eae66dc0e7a749d738136f6c7279b2f0 DependenciesID=d67c03d163a158e1a173c7d4f8dea317 StaticDependenciesID=272ab2bf0d55e49a9c6ca9c634f4d9aa 
Refreshing native plugins compatible for Editor in 24.38 ms, found 4 plugins.
Asset Pipeline Refresh (id=a7e66c90d640d574ea251db1d955b74e): Total: 0.066 seconds - Initiated by StopAssetImportingV2(NoUpdateAssetOptions)
Asset Pipeline Refresh (id=6b32c03a1cd34024b80c8e96a9de8974): Total: 0.111 seconds - Initiated by RefreshV2(NoUpdateAssetOptions)
[ScriptCompilation] Requested script compilation because: Recompiling all scripts before compiling player scripts because Auto Refresh is disabled.
Starting: D:\UnityEditor\6000.6.0f1\Editor\Data\Tools\BuildPipeline\bee_backend.exe --ipc --defer-dag-verification --dagfile="Library/Bee/1900b0aEDbg.dag" --continue-on-failure --profile="Library/Bee/backend1.traceevents" ScriptAssemblies
WorkingDir: D:/repositories/unity/SampleGameForOneStarMakerFramework/unity
ExitCode: 0 Duration: 1s95ms
[1434/1925  0s] ILPP-Configuration Library/ilpp-configuration.nevergeneratedoutput
*** Tundra build success (1.06 seconds), 1 items updated, 1925 evaluated
Total cache size 267210888
Total cache size after purge 267210888, took 00:00:00.8852277
[ScriptCompilation] Requested script compilation because: Compiling scripts for player
Starting: D:\UnityEditor\6000.6.0f1\Editor\Data\Tools\BuildPipeline\bee_backend.exe --ipc --defer-dag-verification --dagfile="Library/Bee/1900b0aP.dag" --continue-on-failure --profile="Library/Bee/backend1.traceevents" ScriptAssembliesAndTypeDB
WorkingDir: D:/repositories/unity/SampleGameForOneStarMakerFramework/unity
ExitCode: 0 Duration: 3s615ms
[ 416/1248  0s] WriteResponseFile Library/Bee/artifacts/rsp/4747638433968585886.rsp
[ 987/1248  0s] ILPP-Configuration Library/ilpp-configuration.nevergeneratedoutput
[1074/1248  0s] CopyFiles Library/PlayerScriptAssemblies/Unity.Purchasing.SecurityCore.dll
[1075/1248  0s] CopyFiles Library/PlayerScriptAssemblies/Unity.Purchasing.Stores.XboxCloudServices.dll
[1076/1248  0s] CopyFiles Library/PlayerScriptAssemblies/Unity.RenderPipelines.Core.Runtime.Shared.dll
[1077/1248  0s] CopyFiles Library/PlayerScriptAssemblies/Unity.Purchasing.SecurityStub.dll
[1078/1248  0s] CopyFiles Library/PlayerScriptAssemblies/Unity.Purchasing.AppleMacosStub.dll
[1079/1248  0s] CopyFiles Library/PlayerScriptAssemblies/Unity.RenderPipelines.ShaderGraph.ShaderGraphLibrary.dll
[1080/1248  0s] CopyFiles Library/PlayerScriptAssemblies/Unity.Services.Core.Internal.dll
[1081/1248  0s] CopyFiles Library/PlayerScriptAssemblies/Unity.Purchasing.LiveContentAdapterService.dll
[1082/1248  0s] CopyFiles Library/PlayerScriptAssemblies/Unity.Services.Core.Telemetry.dll
[1083/1248  0s] CopyFiles Library/PlayerScriptAssemblies/Unity.Services.Core.Environments.dll
[1084/1248  0s] CopyFiles Library/PlayerScriptAssemblies/Unity.Services.Core.dll
[1085/1248  0s] CopyFiles Library/PlayerScriptAssemblies/Unity.Collections.Tests.CoreCLR.InternalJobNestedPrivate.dll
[1086/1248  0s] CopyFiles Library/PlayerScriptAssemblies/Unity.InternalAPIEngineBridge.RenderPipelines.Core.Runtime.Shared.dll
[1087/1248  0s] CopyFiles Library/PlayerScriptAssemblies/Unity.Pipeline.dll
[1088/1248  0s] CopyFiles Library/PlayerScriptAssemblies/UnityEngine.Advertisements.dll
[1089/1248  0s] CopyFiles Library/PlayerScriptAssemblies/Unity.VisualScripting.State.dll
[1090/1248  0s] CopyFiles Library/PlayerScriptAssemblies/Unity.InternalAPIEngineBridge.ObjectDispatcher.Runtime.dll
[1091/1248  0s] CopyFiles Library/PlayerScriptAssemblies/Unity.RenderPipelines.Universal.Shaders.dll
[1092/1248  0s] CopyFiles Library/PlayerScriptAssemblies/Unity.Burst.dll
[1093/1248  0s] CopyFiles Library/PlayerScriptAssemblies/SampleGame.DependOnAll.dll
[1094/1248  0s] CopyFiles Library/PlayerScriptAssemblies/Unity.RenderPipelines.Universal.Runtime.dll
[1095/1248  0s] CopyFiles Library/PlayerScriptAssemblies/UnityEngine.SpatialTracking.dll
[1096/1248  0s] CopyFiles Library/PlayerScriptAssemblies/LitMotion.Extensions.dll
[1097/1248  0s] CopyFiles Library/PlayerScriptAssemblies/OneStarMaker.Debug.dll
[1098/1248  0s] CopyFiles Library/PlayerScriptAssemblies/Unity.RenderPipelines.Core.Runtime.dll
[1099/1248  0s] CopyFiles Library/PlayerScriptAssemblies/Unity.Profiling.Core.dll
[1100/1248  0s] CopyFiles Library/PlayerScriptAssemblies/Unity.VisualScripting.Flow.dll
[1101/1248  0s] CopyFiles Library/PlayerScriptAssemblies/Unity.PathTracing.Runtime.dll
[1102/1248  0s] CopyFiles Library/PlayerScriptAssemblies/OneStarMaker.Runtime.dll
[1103/1248  0s] CopyFiles Library/PlayerScriptAssemblies/Unity.AI.Navigation.dll
[1104/1248  0s] CopyFiles Library/PlayerScriptAssemblies/SampleGame.Common.dll
[1105/1248  0s] CopyFiles Library/PlayerScriptAssemblies/Unity.RenderPipelines.Universal.Config.Runtime.dll
[1106/1248  0s] CopyFiles Library/PlayerScriptAssemblies/Unity.RenderPipelines.Universal.2D.Runtime.dll
[1107/1248  0s] CopyFiles Library/PlayerScriptAssemblies/Unity.Cinemachine.dll
[1108/1248  0s] CopyFiles Library/PlayerScriptAssemblies/Unity.Services.Core.Registration.dll
[1109/1248  0s] CopyFiles Library/PlayerScriptAssemblies/Unity.InternalAPIEngineBridge.004.dll
[1110/1248  0s] CopyFiles Library/PlayerScriptAssemblies/Assembly-CSharp.dll
[1111/1248  0s] CopyFiles Library/PlayerScriptAssemblies/Unity.Addressables.dll
[1112/1248  0s] CopyFiles Library/PlayerScriptAssemblies/Unity.Services.Core.Analytics.dll
[1113/1248  0s] CopyFiles Library/PlayerScriptAssemblies/Unity.Purchasing.AppleStub.dll
[1114/1248  0s] CopyFiles Library/PlayerScriptAssemblies/Unity.ScriptableBuildPipeline.dll
[1115/1248  0s] CopyFiles Library/PlayerScriptAssemblies/Unity.Collections.Tests.CoreCLR.PublicJobPrivateGeneric.dll
[1116/1248  0s] CopyFiles Library/PlayerScriptAssemblies/Unity.Collections.Tests.CoreCLR.PrivateJobNested.dll
[1117/1248  0s] CopyFiles Library/PlayerScriptAssemblies/Unity.Timeline.dll
[1118/1248  0s] CopyFiles Library/PlayerScriptAssemblies/UniTask.dll
[1119/1248  0s] CopyFiles Library/PlayerScriptAssemblies/Unity.Analytics.DataPrivacy.dll
[1120/1248  0s] CopyFiles Library/PlayerScriptAssemblies/Unity.RenderPipelines.GPUDriven.Runtime.dll
[1121/1248  0s] CopyFiles Library/PlayerScriptAssemblies/Unity.UnifiedRayTracing.Runtime.dll
[1122/1248  0s] CopyFiles Library/PlayerScriptAssemblies/Unity.Collections.dll
[1123/1248  0s] CopyFiles Library/PlayerScriptAssemblies/Unity.Purchasing.dll
[1124/1248  0s] CopyFiles Library/PlayerScriptAssemblies/Unity.Splines.dll
[1125/1248  0s] CopyFiles Library/PlayerScriptAssemblies/Unity.RenderPipeline.Universal.ShaderLibrary.dll
[1126/1248  0s] CopyFiles Library/PlayerScriptAssemblies/Unity.SurfaceCache.Runtime.dll
[1127/1248  0s] CopyFiles Library/PlayerScriptAssemblies/LitMotion.dll
[1128/1248  0s] CopyFiles Library/PlayerScriptAssemblies/Unity.Collections.Tests.CoreCLR.ProtectedJobNested.dll
[1129/1248  0s] CopyFiles Library/PlayerScriptAssemblies/SampleGame.OutGame.dll
[1130/1248  0s] CopyFiles Library/PlayerScriptAssemblies/SampleGame.InGame.dll
[1131/1248  0s] CopyFiles Library/PlayerScriptAssemblies/Unity.Purchasing.Stores.dll
[1132/1248  0s] CopyFiles Library/PlayerScriptAssemblies/UniTask.DOTween.dll
[1133/1248  0s] CopyFiles Library/PlayerScriptAssemblies/UniTask.Linq.dll
[1134/1248  0s] CopyFiles Library/PlayerScriptAssemblies/Unity.Purchasing.Codeless.dll
[1135/1248  0s] CopyFiles Library/PlayerScriptAssemblies/Unity.VisualScripting.DocCodeExamples.dll
[1136/1248  0s] CopyFiles Library/PlayerScriptAssemblies/Unity.Mathematics.dll
[1137/1248  0s] CopyFiles Library/PlayerScriptAssemblies/Unity.InputSystem.ForUI.dll
[1138/1248  0s] CopyFiles Library/PlayerScriptAssemblies/Unity.Services.Core.Components.dll
[1139/1248  0s] CopyFiles Library/PlayerScriptAssemblies/Unity.ResourceManager.dll
[1140/1248  0s] CopyFiles Library/PlayerScriptAssemblies/Unity.VisualScripting.Core.dll
[1141/1248  0s] CopyFiles Library/PlayerScriptAssemblies/UnityEngine.UI.dll
[1142/1248  0s] CopyFiles Library/PlayerScriptAssemblies/Unity.Purchasing.WebshopService.dll
[1143/1248  0s] CopyFiles Library/PlayerScriptAssemblies/Unity.Services.Core.Scheduler.dll
[1144/1248  0s] CopyFiles Library/PlayerScriptAssemblies/Unity.Services.Core.Device.dll
[1145/1248  0s] CopyFiles Library/PlayerScriptAssemblies/OneStarMaker.Foundation.dll
[1146/1248  0s] CopyFiles Library/PlayerScriptAssemblies/Unity.Services.Core.Environments.Internal.dll
[1147/1248  0s] CopyFiles Library/PlayerScriptAssemblies/Unity.RenderPipelines.Core.ShaderLibrary.dll
[1148/1248  0s] CopyFiles Library/PlayerScriptAssemblies/Unity.Services.Core.Threading.dll
[1149/1248  0s] CopyFiles Library/PlayerScriptAssemblies/Unity.Services.Analytics.dll
[1150/1248  0s] CopyFiles Library/PlayerScriptAssemblies/UniTask.TextMeshPro.dll
[1151/1248  0s] CopyFiles Library/PlayerScriptAssemblies/UniTask.Addressables.dll
[1152/1248  0s] CopyFiles Library/PlayerScriptAssemblies/Unity.InputSystem.dll
[1153/1248  0s] CopyFiles Library/PlayerScriptAssemblies/Unity.Purchasing.Utilities.dll
[1154/1248  0s] CopyFiles Library/PlayerScriptAssemblies/Unity.Services.Core.Networking.dll
[1155/1248  0s] CopyFiles Library/PlayerScriptAssemblies/Domain_Reload.dll
[1156/1248  0s] CopyFiles Library/PlayerScriptAssemblies/Unity.Services.Core.Configuration.dll
[1157/1248  0s] CopyFiles Library/PlayerScriptAssemblies/UnityEngine.XR.LegacyInputHelpers.dll
[1158/1248  0s] CopyFiles Library/PlayerScriptAssemblies/Unity.Purchasing.PaymentProviderService.dll
[1159/1248  0s] CopyFiles Library/PlayerScriptAssemblies/Unity.TextMeshPro.dll
[1160/1248  0s] CopyFiles Library/PlayerScriptAssemblies/UnityEngine.Advertisements.pdb
[1161/1248  0s] CopyFiles Library/PlayerScriptAssemblies/Unity.InternalAPIEngineBridge.ObjectDispatcher.Runtime.pdb
[1162/1248  0s] CopyFiles Library/PlayerScriptAssemblies/Unity.RenderPipelines.Universal.Runtime.pdb
[1163/1248  0s] CopyFiles Library/PlayerScriptAssemblies/Unity.Services.Core.pdb
[1164/1248  0s] CopyFiles Library/PlayerScriptAssemblies/Unity.Burst.pdb
[1165/1248  0s] CopyFiles Library/PlayerScriptAssemblies/SampleGame.DependOnAll.pdb
[1166/1248  0s] CopyFiles Library/PlayerScriptAssemblies/Unity.Services.Core.Telemetry.pdb
[1167/1248  0s] CopyFiles Library/PlayerScriptAssemblies/OneStarMaker.Debug.pdb
[1168/1248  0s] CopyFiles Library/PlayerScriptAssemblies/LitMotion.Extensions.pdb
[1169/1248  0s] CopyFiles Library/PlayerScriptAssemblies/Unity.PathTracing.Runtime.pdb
[1170/1248  0s] CopyFiles Library/PlayerScriptAssemblies/Unity.RenderPipelines.Core.Runtime.pdb
[1171/1248  0s] CopyFiles Library/PlayerScriptAssemblies/Unity.Purchasing.Stores.XboxCloudServices.pdb
[1172/1248  0s] CopyFiles Library/PlayerScriptAssemblies/OneStarMaker.Runtime.pdb
[1173/1248  0s] CopyFiles Library/PlayerScriptAssemblies/Unity.AI.Navigation.pdb
[1174/1248  0s] CopyFiles Library/PlayerScriptAssemblies/SampleGame.Common.pdb
[1175/1248  0s] CopyFiles Library/PlayerScriptAssemblies/Unity.Purchasing.SecurityCore.pdb
[1176/1248  0s] CopyFiles Library/PlayerScriptAssemblies/Unity.RenderPipelines.Universal.2D.Runtime.pdb
[1177/1248  0s] CopyFiles Library/PlayerScriptAssemblies/Unity.RenderPipelines.Universal.Config.Runtime.pdb
[1178/1248  0s] CopyFiles Library/PlayerScriptAssemblies/Unity.Cinemachine.pdb
[1179/1248  0s] CopyFiles Library/PlayerScriptAssemblies/Unity.InternalAPIEngineBridge.RenderPipelines.Core.Runtime.Shared.pdb
[1180/1248  0s] CopyFiles Library/PlayerScriptAssemblies/Unity.Services.Core.Internal.pdb
[1181/1248  0s] CopyFiles Library/PlayerScriptAssemblies/Unity.Services.Core.Environments.pdb
[1182/1248  0s] CopyFiles Library/PlayerScriptAssemblies/Unity.Purchasing.SecurityStub.pdb
[1183/1248  0s] CopyFiles Library/PlayerScriptAssemblies/Unity.Purchasing.AppleMacosStub.pdb
[1184/1248  0s] CopyFiles Library/PlayerScriptAssemblies/Unity.UnifiedRayTracing.Runtime.pdb
[1185/1248  0s] CopyFiles Library/PlayerScriptAssemblies/Unity.Purchasing.pdb
[1186/1248  0s] CopyFiles Library/PlayerScriptAssemblies/Unity.Splines.pdb
[1187/1248  0s] CopyFiles Library/PlayerScriptAssemblies/Unity.SurfaceCache.Runtime.pdb
[1188/1248  0s] CopyFiles Library/PlayerScriptAssemblies/Unity.InternalAPIEngineBridge.004.pdb
[1189/1248  0s] CopyFiles Library/PlayerScriptAssemblies/Unity.Services.Core.Analytics.pdb
[1190/1248  0s] CopyFiles Library/PlayerScriptAssemblies/Unity.Timeline.pdb
[1191/1248  0s] CopyFiles Library/PlayerScriptAssemblies/Unity.ScriptableBuildPipeline.pdb
[1192/1248  0s] CopyFiles Library/PlayerScriptAssemblies/Unity.Services.Core.Device.pdb
[1193/1248  0s] CopyFiles Library/PlayerScriptAssemblies/Unity.RenderPipelines.Core.Runtime.Shared.pdb
[1194/1248  0s] CopyFiles Library/PlayerScriptAssemblies/UnityEngine.UI.pdb
[1195/1248  0s] CopyFiles Library/PlayerScriptAssemblies/Unity.Purchasing.WebshopService.pdb
[1196/1248  0s] CopyFiles Library/PlayerScriptAssemblies/Unity.Addressables.pdb
[1197/1248  0s] CopyFiles Library/PlayerScriptAssemblies/Unity.RenderPipelines.Core.ShaderLibrary.pdb
[1198/1248  0s] CopyFiles Library/PlayerScriptAssemblies/Unity.Services.Core.Environments.Internal.pdb
[1199/1248  0s] CopyFiles Library/PlayerScriptAssemblies/Unity.Services.Analytics.pdb
[1200/1248  0s] CopyFiles Library/PlayerScriptAssemblies/UniTask.Addressables.pdb
[1201/1248  0s] CopyFiles Library/PlayerScriptAssemblies/Unity.Services.Core.Networking.pdb
[1202/1248  0s] CopyFiles Library/PlayerScriptAssemblies/Unity.ResourceManager.pdb
[1203/1248  0s] CopyFiles Library/PlayerScriptAssemblies/UnityEngine.XR.LegacyInputHelpers.pdb
[1204/1248  0s] CopyFiles Library/PlayerScriptAssemblies/Unity.Collections.Tests.CoreCLR.ProtectedJobNested.pdb
[1205/1248  0s] CopyFiles Library/PlayerScriptAssemblies/SampleGame.OutGame.pdb
[1206/1248  0s] CopyFiles Library/PlayerScriptAssemblies/UnityEngine.SpatialTracking.pdb
[1207/1248  0s] CopyFiles Library/PlayerScriptAssemblies/UniTask.Linq.pdb
[1208/1248  0s] CopyFiles Library/PlayerScriptAssemblies/UniTask.DOTween.pdb
[1209/1248  0s] CopyFiles Library/PlayerScriptAssemblies/Unity.Mathematics.pdb
[1210/1248  0s] CopyFiles Library/PlayerScriptAssemblies/Unity.InputSystem.ForUI.pdb
[1211/1248  0s] CopyFiles Library/PlayerScriptAssemblies/Unity.RenderPipelines.GPUDriven.Runtime.pdb
[1212/1248  0s] CopyFiles Library/PlayerScriptAssemblies/Unity.Services.Core.Registration.pdb
[1213/1248  0s] CopyFiles Library/PlayerScriptAssemblies/Assembly-CSharp.pdb
[1214/1248  0s] CopyFiles Library/PlayerScriptAssemblies/Unity.Purchasing.LiveContentAdapterService.pdb
[1215/1248  0s] CopyFiles Library/PlayerScriptAssemblies/Unity.Services.Core.Scheduler.pdb
[1216/1248  0s] CopyFiles Library/PlayerScriptAssemblies/OneStarMaker.Foundation.pdb
[1217/1248  0s] CopyFiles Library/PlayerScriptAssemblies/Unity.Collections.pdb
[1218/1248  0s] CopyFiles Library/PlayerScriptAssemblies/SampleGame.InGame.pdb
[1219/1248  0s] CopyFiles Library/PlayerScriptAssemblies/Unity.Purchasing.Codeless.pdb
[1220/1248  0s] CopyFiles Library/PlayerScriptAssemblies/UniTask.TextMeshPro.pdb
[1221/1248  0s] CopyFiles Library/PlayerScriptAssemblies/LitMotion.pdb
[1222/1248  0s] CopyFiles Library/PlayerScriptAssemblies/Unity.InputSystem.pdb
[1223/1248  0s] CopyFiles Library/PlayerScriptAssemblies/Unity.Services.Core.Configuration.pdb
[1224/1248  0s] CopyFiles Library/PlayerScriptAssemblies/Domain_Reload.pdb
[1225/1248  0s] CopyFiles Library/PlayerScriptAssemblies/Unity.TextMeshPro.pdb
[1226/1248  0s] CopyFiles Library/PlayerScriptAssemblies/Unity.RenderPipelines.Universal.Shaders.pdb
[1227/1248  0s] CopyFiles Library/PlayerScriptAssemblies/Unity.VisualScripting.Flow.pdb
[1228/1248  0s] CopyFiles Library/PlayerScriptAssemblies/Unity.Purchasing.PaymentProviderService.pdb
[1229/1248  0s] CopyFiles Library/PlayerScriptAssemblies/Unity.Pipeline.pdb
[1230/1248  0s] CopyFiles Library/PlayerScriptAssemblies/Unity.Collections.Tests.CoreCLR.InternalJobNestedPrivate.pdb
[1231/1248  0s] CopyFiles Library/PlayerScriptAssemblies/Unity.RenderPipelines.ShaderGraph.ShaderGraphLibrary.pdb
[1232/1248  0s] CopyFiles Library/PlayerScriptAssemblies/Unity.RenderPipeline.Universal.ShaderLibrary.pdb
[1233/1248  0s] CopyFiles Library/PlayerScriptAssemblies/UniTask.pdb
[1234/1248  0s] CopyFiles Library/PlayerScriptAssemblies/Unity.Services.Core.Threading.pdb
[1235/1248  0s] CopyFiles Library/PlayerScriptAssemblies/Unity.VisualScripting.DocCodeExamples.pdb
[1236/1248  0s] CopyFiles Library/PlayerScriptAssemblies/Unity.VisualScripting.Core.pdb
[1237/1248  0s] CopyFiles Library/PlayerScriptAssemblies/Unity.Purchasing.Utilities.pdb
[1238/1248  0s] CopyFiles Library/PlayerScriptAssemblies/Unity.Profiling.Core.pdb
[1239/1248  0s] CopyFiles Library/PlayerScriptAssemblies/Unity.Collections.Tests.CoreCLR.PublicJobPrivateGeneric.pdb
[1240/1248  0s] CopyFiles Library/PlayerScriptAssemblies/Unity.VisualScripting.State.pdb
[1241/1248  0s] CopyFiles Library/PlayerScriptAssemblies/Unity.Collections.Tests.CoreCLR.PrivateJobNested.pdb
[1242/1248  0s] CopyFiles Library/PlayerScriptAssemblies/Unity.Purchasing.AppleStub.pdb
[1243/1248  0s] CopyFiles Library/PlayerScriptAssemblies/Unity.Purchasing.Stores.pdb
[1244/1248  0s] CopyFiles Library/PlayerScriptAssemblies/Unity.Services.Core.Components.pdb
[1245/1248  0s] CopyFiles Library/PlayerScriptAssemblies/Unity.Analytics.DataPrivacy.pdb
*** Tundra build success (3.59 seconds), 174 items updated, 1248 evaluated
Starting: D:\UnityEditor\6000.6.0f1\Editor\Data\Tools\BuildPipeline\bee_backend.exe --ipc --defer-dag-verification --dagfile="Library/Bee/1900b0aEDbg.dag" --continue-on-failure --profile="Library/Bee/backend1.traceevents" ScriptAssembliesAndTypeDB
WorkingDir: D:/repositories/unity/SampleGameForOneStarMakerFramework/unity
Total cache size 267210888
Total cache size after purge 267210888, took 00:00:01.0442177
ExitCode: 0 Duration: 0s962ms
[ 316/1928  0s] WriteResponseFile Library/Bee/artifacts/rsp/4747638433968585886.rsp
[1445/1928  0s] ILPP-Configuration Library/ilpp-configuration.nevergeneratedoutput
*** Tundra build success (0.91 seconds), 2 items updated, 1928 evaluated
Total cache size 267210888
Total cache size after purge 267210888, took 00:00:00.8954787
Starting new worker id: 1 with log in D:/repositories/unity/SampleGameForOneStarMakerFramework/unity/Logs/AssetImportWorkerHW1.log
[Worker0] Imported GUID: 7049d8f019d41db49a273158e5823fcb - Path: Assets/OneStarMakerGenerated/BS2b/20260918T111352212Z-e06c2ecab7ad43ecace0c40f4f90641e/BuildContentRoot.asset - Importer: BuildMetaDataImporter -> (ImportResultId: 'dd4a067f50fdeff2095389e47d00a981') in 0.0274164 seconds
[Worker0] Imported GUID: c523f6e87c82e0740bc0f93aa02d9289 - Path: Assets/OneStarMakerGenerated/BS3Tests/6c82c7a3a1034fa690d7667a7a604dd8/Low.prefab - Importer: BuildMetaDataImporter -> (ImportResultId: '666112cc406ac6d119bef2d3c80bee3b') in 0.0027375 seconds
[Worker0] Imported GUID: 3cf5bd0fe56e89f429df9f43858891a1 - Path: Assets/OneStarMakerGenerated/BS3Tests/6c82c7a3a1034fa690d7667a7a604dd8/High.prefab - Importer: BuildMetaDataImporter -> (ImportResultId: '290c6690ce4e217eb96ddbe2c091a212') in 0.0016682 seconds
[Worker0] Imported GUID: 8dba4bf16ed7692448361bdccc49c448 - Path: Assets/OneStarMakerGenerated/BS3Tests/6c82c7a3a1034fa690d7667a7a604dd8/Texture.png - Importer: BuildMetaDataImporter -> (ImportResultId: '0f6cb03f0e795d056cfdfd7476ea4628') in 0.0008796 seconds
[Worker0] Imported GUID: 9555dc6b9ff0e2941812fc1b1a7ca7e9 - Path: Assets/OneStarMakerGenerated/BS3Tests/6c82c7a3a1034fa690d7667a7a604dd8/Scene.unity - Importer: BuildMetaDataImporter -> (ImportResultId: '79633b859dd17f294ebbffa202968006') in 0.3498717 seconds
[Worker0] Imported GUID: fc0d0ec38a68c1146907f0da3bb634a5 - Path: Assets/OneStarMakerGenerated/BS3Tests/6c82c7a3a1034fa690d7667a7a604dd8/Shared.mat - Importer: BuildMetaDataImporter -> (ImportResultId: 'e93cdc52eee45be9d617cf7af42f2348') in 0.0043756 seconds
Importing 'GUID: 0293e28932ba65899c222a0c6de668c5 - Path: Library/BuildInstructions/9459547d99165b80d451faa82e6094dd.buildinst' with importer (DefaultImporter)
Imported 'GUID: 0293e28932ba65899c222a0c6de668c5' -> (Import Result ID: '0f21f4fd110e99170bcd341d43dcffa7') in 0.004 seconds [static dependencies only]. Details - ImportResultOutputID=d9827c3e3bc74002dda05233a109fb80 DependenciesID=0aba446d1a4652266a8e6d3c96d5d9a2 StaticDependenciesID=306040e6f76570636d3f269086ffeaa0 
Importing 'GUID: 86374218bfa8caf1085d43a7c7915218 - Path: Library/BuildInstructions/22e7007137c676165aa5ec95696f2762.buildinst' with importer (DefaultImporter)
Imported 'GUID: 86374218bfa8caf1085d43a7c7915218' -> (Import Result ID: '5c5273a1de8e766b40bcfeebb07f94c7') in 0.001 seconds [static dependencies only]. Details - ImportResultOutputID=1e01206213932c3cf8e7805ed32345f0 DependenciesID=f8e16cfa6dad5c33394fe39b5806ecf9 StaticDependenciesID=bbe2b81436de27653ce27f52654f8168 
Importing 'GUID: e7672b0c602b6c995e20cc3f3e030955 - Path: Library/BuildInstructions/9555dc6b9ff0e2941812fc1b1a7ca7e9.buildinst' with importer (DefaultImporter)
Imported 'GUID: e7672b0c602b6c995e20cc3f3e030955' -> (Import Result ID: 'f6d0481675607ceeca36e60fbc3d0b99') in 0.001 seconds [static dependencies only]. Details - ImportResultOutputID=271518cc0ddf9739efb9f3b38a3aa15e DependenciesID=3e1c4a3c59eda7adda70793b40aa12e2 StaticDependenciesID=0669d4974b47e9a6d14c5907645da7e9 
Importing 'GUID: c8e06b1f08258231050a3eeaa9d60468 - Path: Library/BuildInstructions/c523f6e87c82e0740bc0f93aa02d9289.buildinst' with importer (DefaultImporter)
Imported 'GUID: c8e06b1f08258231050a3eeaa9d60468' -> (Import Result ID: 'e2469063b69527ef5dc99b4f3969c438') in 0.001 seconds [static dependencies only]. Details - ImportResultOutputID=76eb751258be4290d7782a9c6189daec DependenciesID=cb6b180c5f1bfddf30f09bd6d050bd91 StaticDependenciesID=d392c10fd3fec511ca9cbac969953ae1 
Importing 'GUID: aabfb7f9a1e3881e2d99fa01a1202ceb - Path: Library/BuildInstructions/7049d8f019d41db49a273158e5823fcb.buildinst' with importer (DefaultImporter)
Imported 'GUID: aabfb7f9a1e3881e2d99fa01a1202ceb' -> (Import Result ID: '25a2e273670aac36b58f6d874057de49') in 0.001 seconds [static dependencies only]. Details - ImportResultOutputID=2d5530aa14421e072373a9f2be654a06 DependenciesID=4b0a875ca8fa7cd41236470893df3ec0 StaticDependenciesID=a0ef8c0f789819d49e7d33e1db249ee7 
Importing 'GUID: fb966bf38f594b127853621e494a29b0 - Path: Library/BuildInstructions/3cf5bd0fe56e89f429df9f43858891a1.buildinst' with importer (DefaultImporter)
Imported 'GUID: fb966bf38f594b127853621e494a29b0' -> (Import Result ID: 'ba2af45c6162539d900303ee785b2690') in 0.001 seconds [static dependencies only]. Details - ImportResultOutputID=16018203a6ca9d25de55fb20a135c0fc DependenciesID=647c4e4fb820b7eec8c10295f87367bb StaticDependenciesID=1db6a7397a4d24f4e7648ac9fc21e244 
Refreshing native plugins compatible for Editor in 24.55 ms, found 4 plugins.
Asset Pipeline Refresh (id=7386a9dfd8b616b429a0a9b616df4d01): Total: 0.182 seconds - Initiated by RefreshV2(NoUpdateAssetOptions)
Starting new worker id: 2 with log in D:/repositories/unity/SampleGameForOneStarMakerFramework/unity/Logs/AssetImportWorkerHW2.log
[Worker0] Imported GUID: 0293e28932ba65899c222a0c6de668c5 - Path: Library/BuildInstructions/9459547d99165b80d451faa82e6094dd.buildinst - Importer: BuildInstructionImporter -> (ImportResultId: '4e8ca75c18fafe9d698d9ec5b8ac363b') in 0.0036704 seconds
[Worker0] Imported GUID: 86374218bfa8caf1085d43a7c7915218 - Path: Library/BuildInstructions/22e7007137c676165aa5ec95696f2762.buildinst - Importer: BuildInstructionImporter -> (ImportResultId: '049cba3cbb198079d9732e36442fc216') in 0.002536 seconds
[Worker0] Imported GUID: fb966bf38f594b127853621e494a29b0 - Path: Library/BuildInstructions/3cf5bd0fe56e89f429df9f43858891a1.buildinst - Importer: BuildInstructionImporter -> (ImportResultId: '449606da73790f341939d5d9031aa77d') in 0.0019102 seconds
[Worker0] Imported GUID: c8e06b1f08258231050a3eeaa9d60468 - Path: Library/BuildInstructions/c523f6e87c82e0740bc0f93aa02d9289.buildinst - Importer: BuildInstructionImporter -> (ImportResultId: '4cc0a327f4bb032da2a4147b01ac3592') in 0.0018568 seconds
[Worker0] Imported GUID: e7672b0c602b6c995e20cc3f3e030955 - Path: Library/BuildInstructions/9555dc6b9ff0e2941812fc1b1a7ca7e9.buildinst - Importer: BuildInstructionImporter -> (ImportResultId: '56c499adc340552dc942998e39d49121') in 0.228417 seconds
[Worker0] Imported GUID: aabfb7f9a1e3881e2d99fa01a1202ceb - Path: Library/BuildInstructions/7049d8f019d41db49a273158e5823fcb.buildinst - Importer: BuildInstructionImporter -> (ImportResultId: 'da292994d2c94cd0554ce7a7293dd847') in 0.0075995 seconds
-------------------------------------------------------------------------------
Build Report - Content Size Statistics
Serialized File count                     11
Resource file count                        2
Object count                              23
Serialized Files                     491.9 kb	  49.0%
Serialized Files Headers             362.4 kb	  36.1%
Resource data (Texture,Audio...)     512.0 kb	  51.0%
Total build size                    1003.9 kb

Largest Types:
   512.2 kb	  51.0% Cubemap
   125.1 kb	  12.5% Shader

Largest Assets:
   522.5 kb	  52.0% Resources/unity_builtin_extra
   107.2 kb	  10.7% Packages/com.unity.render-pipelines.universal/Shaders/Lit.shader
-------------------------------------------------------------------------------
BuildReport, and other content build meta-data, are written to Library/BuildHistory/20260918-111352Z-b0f89410Unloading 6 Unused Serialized files (Serialized files now loaded: 0)
Unloading 419 unused Assets / (423.7 KB). Loaded Objects now: 12273.
Memory consumption went from 0.54 GB to 0.54 GB.
Total: 19.049900 ms (FindLiveObjects: 0.792000 ms CreateObjectMapping: 0.320200 ms MarkObjects: 17.240600 ms  DeleteObjects: 0.378600 ms)

SpriteAtlasDatabase::Cleanup
Refreshing native plugins compatible for Editor in 24.31 ms, found 4 plugins.
Asset Pipeline Refresh (id=fe9829aac22895e4fa4792b68db72fe7): Total: 0.123 seconds - Initiated by StopAssetImportingV2(NoUpdateAssetOptions)
Refreshing native plugins compatible for Editor in 23.55 ms, found 4 plugins.
Asset Pipeline Refresh (id=e02caf497d68b5641ac6f7697f4f9219): Total: 0.105 seconds - Initiated by StopAssetImportingV2(NoUpdateAssetOptions)
Refreshing native plugins compatible for Editor in 21.81 ms, found 4 plugins.
Asset Pipeline Refresh (id=d34d93c82d121d243845c45f3e83b82e): Total: 0.099 seconds - Initiated by StopAssetImportingV2(NoUpdateAssetOptions)
Importing 'GUID: d80a3448b285648448bec8101a4f2967 - Path: Assets/OneStarMakerGenerated/BS2b' with importer (DefaultImporter)
Imported 'GUID: d80a3448b285648448bec8101a4f2967' -> (Import Result ID: '9bdb54f7f67feddc2d51653e56bb738e') in 0.005 seconds [static dependencies only]. Details - ImportResultOutputID=cce920550bc516bd1274d47fb045c1ff DependenciesID=7781fb56f51ab3e0fa06f9b6fbe572c2 StaticDependenciesID=86001ca4c9618d2ea2354509d597a002 
Refreshing native plugins compatible for Editor in 24.77 ms, found 4 plugins.
Asset Pipeline Refresh (id=55dc8b1d2ee206f478c352d750c5c2fd): Total: 0.119 seconds - Initiated by StopAssetImportingV2(NoUpdateAssetOptions)
Importing 'GUID: 33029ac65c9e7f246be5104e61532701 - Path: Assets/OneStarMakerGenerated/BS2b/20260918T111413372Z-cca6b58c4f3a419c94ad3892a445fc19' with importer (DefaultImporter)
Imported 'GUID: 33029ac65c9e7f246be5104e61532701' -> (Import Result ID: '03b4a80317631a3bd5a71c4ef800925b') in 0.013 seconds [static dependencies only]. Details - ImportResultOutputID=e3131d7dcdd899c60358894020bdef25 DependenciesID=f3aaa7a0718af5bbe70b628e63d95746 StaticDependenciesID=58dd73ade8b0d891332cef6eee216b04 
Refreshing native plugins compatible for Editor in 24.73 ms, found 4 plugins.
Asset Pipeline Refresh (id=c39bf8ef071da6f48b0d8b4cf192bc30): Total: 0.112 seconds - Initiated by StopAssetImportingV2(NoUpdateAssetOptions)
Importing 'GUID: fdec7e5f0c0cdf6488a95bb017d41583 - Path: Assets/OneStarMakerGenerated/BS2b/20260918T111413372Z-cca6b58c4f3a419c94ad3892a445fc19/bs2b-owner.marker' with importer (DefaultImporter)
Imported 'GUID: fdec7e5f0c0cdf6488a95bb017d41583' -> (Import Result ID: 'c3e86a6211eeba67fc29af8699d507be') in 0.010 seconds [static dependencies only]. Details - ImportResultOutputID=d81e45c0b577165b752e35a007d1c3b2 DependenciesID=3af05babb32aaaa4ab0a86a29e9cec1a StaticDependenciesID=4af8fcc6404388e4a1e0c9ccecace56e 
Refreshing native plugins compatible for Editor in 24.98 ms, found 4 plugins.
Asset Pipeline Refresh (id=478b259ae8cdb4c4dac9b91a1ee5f3c2): Total: 0.111 seconds - Initiated by RefreshV2(NoUpdateAssetOptions)
Importing 'GUID: 410928bbb8abd9c46b4d1ba830697f4b - Path: Assets/OneStarMakerGenerated/BS2b/20260918T111413372Z-cca6b58c4f3a419c94ad3892a445fc19/BuildContentRoot.asset' with importer (NativeFormatImporter)
Imported 'GUID: 410928bbb8abd9c46b4d1ba830697f4b' -> (Import Result ID: '7e6bb50eef9e2f301ede0e4b9ee81dad') in 0.001 seconds [static dependencies only]. Details - ImportResultOutputID=674af982eb46a5f3185fb82b795c4ff3 DependenciesID=396b601de1b1f6578412165b25e555db StaticDependenciesID=425664d3184c24d0eb823b4a9bf63f08 
Refreshing native plugins compatible for Editor in 22.62 ms, found 4 plugins.
Asset Pipeline Refresh (id=c57e955d683f65c46b1976d58a2559a8): Total: 0.096 seconds - Initiated by StopAssetImportingV2(NoUpdateAssetOptions)
Importing 'GUID: 410928bbb8abd9c46b4d1ba830697f4b - Path: Assets/OneStarMakerGenerated/BS2b/20260918T111413372Z-cca6b58c4f3a419c94ad3892a445fc19/BuildContentRoot.asset' with importer (NativeFormatImporter)
Imported 'GUID: 410928bbb8abd9c46b4d1ba830697f4b' -> (Import Result ID: '7e6bb50eef9e2f301ede0e4b9ee81dad') in 0.001 seconds [static dependencies only]. Details - ImportResultOutputID=674af982eb46a5f3185fb82b795c4ff3 DependenciesID=396b601de1b1f6578412165b25e555db StaticDependenciesID=425664d3184c24d0eb823b4a9bf63f08 
Refreshing native plugins compatible for Editor in 24.02 ms, found 4 plugins.
Asset Pipeline Refresh (id=2ed02dfe0f9624546a47e63344e1ad2d): Total: 0.066 seconds - Initiated by StopAssetImportingV2(NoUpdateAssetOptions)
Importing 'GUID: 410928bbb8abd9c46b4d1ba830697f4b - Path: Assets/OneStarMakerGenerated/BS2b/20260918T111413372Z-cca6b58c4f3a419c94ad3892a445fc19/BuildContentRoot.asset' with importer (NativeFormatImporter)
Imported 'GUID: 410928bbb8abd9c46b4d1ba830697f4b' -> (Import Result ID: '7e6bb50eef9e2f301ede0e4b9ee81dad') in 0.002 seconds [static dependencies only]. Details - ImportResultOutputID=674af982eb46a5f3185fb82b795c4ff3 DependenciesID=396b601de1b1f6578412165b25e555db StaticDependenciesID=425664d3184c24d0eb823b4a9bf63f08 
Refreshing native plugins compatible for Editor in 24.98 ms, found 4 plugins.
Asset Pipeline Refresh (id=117095fde76680f4283b39063728d273): Total: 0.074 seconds - Initiated by StopAssetImportingV2(NoUpdateAssetOptions)
Importing 'GUID: 4b83569d67af61e458304325a23e5dfd - Path: Assets/Settings/PC_RPAsset.asset' with importer (NativeFormatImporter)
Imported 'GUID: 4b83569d67af61e458304325a23e5dfd' -> (Import Result ID: '2fcb55e6f37e916feb23474e154663f8') in 0.002 seconds [static dependencies only]. Details - ImportResultOutputID=eae66dc0e7a749d738136f6c7279b2f0 DependenciesID=d67c03d163a158e1a173c7d4f8dea317 StaticDependenciesID=272ab2bf0d55e49a9c6ca9c634f4d9aa 
Refreshing native plugins compatible for Editor in 31.41 ms, found 4 plugins.
Asset Pipeline Refresh (id=4b029a33a5143974bbf8cc711bab9ff7): Total: 0.075 seconds - Initiated by StopAssetImportingV2(NoUpdateAssetOptions)
Asset Pipeline Refresh (id=ceaef842f08fd38458ae5c14f5c63809): Total: 0.087 seconds - Initiated by StopAssetImportingV2(NoUpdateAssetOptions)
Worker ready: AssetImportWorkerHW1 1
Opening scene 'Assets/SampleGame/OutGame/Title/Title.unity additively'
Pipeline: No RuntimePipelineManager components found in build scenes. Pipeline will be disabled in Player builds.
UnityEngine.Debug:ExtractStackTraceNoAlloc (byte*,int,string)
UnityEngine.StackTraceUtility:ExtractStackTrace ()
UnityEngine.DebugLogHandler:Internal_Log (UnityEngine.LogType,UnityEngine.LogOption,string,UnityEngine.Object)
UnityEngine.DebugLogHandler:LogFormat (UnityEngine.LogType,UnityEngine.Object,string,object[])
UnityEngine.Logger:Log (UnityEngine.LogType,object)
UnityEngine.Debug:LogWarning (object)
Unity.Pipeline.Editor.BuildProcessors.PipelineRuntimeBuildProcessor:OnPreprocessBuild (UnityEditor.Build.BuildCallbackContext) (at ./Library/PackageCache/com.unity.pipeline@f49636739437/Editor/BuildProcessors/PipelineRuntimeBuildProcessor.cs:48)
UnityEditor.Build.BuildPipelineInterfaces:OnBuildPreProcessWithContext (UnityEditor.Build.BuildCallbackContext)
UnityEditor.BuildPipeline:BuildContentDirectoryInternal (UnityEditor.BuildContentDirectoryParameters,UnityEngine.GUID)
UnityEditor.BuildPipeline:BuildContentDirectory (UnityEditor.BuildContentDirectoryParameters)
OneStarMaker.Editor.Build.Content.UnityContentDirectoryAdapter:Build (OneStarMaker.Editor.Build.Content.BuildContentProjectionResult,string,string) (at Assets/OneStarMaker/Scripts/Editor/Build/Content/UnityContentDirectoryAdapter.cs:93)
OneStarMaker.Editor.Build.Content.BuildContentCoordinator:Build (OneStarMaker.Editor.Build.Content.BuildContentRequest) (at Assets/OneStarMaker/Scripts/Editor/Build/Content/BuildContentCoordinator.cs:74)
OneStarMaker.Tests.Editor.Build.BuildContentDirectoryIntegrationTests/<ScenePrefabTextureAndTwoRepresentationsBuildAndMoveAsOneDirectory>d__4:MoveNext () (at Assets/OneStarMaker/Tests/Editor/Build/BuildContentDirectoryIntegrationTests.cs:123)
UnityEngine.TestTools.TestEnumerator/<Execute>d__8:MoveNext () (at ./Library/PackageCache/com.unity.test-framework@7a3849e09bd0/UnityEngine.TestRunner/NUnitExtensions/Attributes/TestEnumerator.cs:52)
UnityEngine.TestTools.EnumerableTestMethodCommand/<ExecuteEnumerableAndRecordExceptions>d__4:MoveNext () (at ./Library/PackageCache/com.unity.test-framework@7a3849e09bd0/UnityEngine.TestRunner/NUnitExtensions/Commands/EnumerableTestMethodCommand.cs:85)
UnityEngine.TestTools.EnumerableTestMethodCommand:AdvanceEnumerator (System.Collections.IEnumerator) (at ./Library/PackageCache/com.unity.test-framework@7a3849e09bd0/UnityEngine.TestRunner/NUnitExtensions/Commands/EnumerableTestMethodCommand.cs:64)
UnityEngine.TestTools.EnumerableTestMethodCommand/<ExecuteEnumerable>d__2:MoveNext () (at ./Library/PackageCache/com.unity.test-framework@7a3849e09bd0/UnityEngine.TestRunner/NUnitExtensions/Commands/EnumerableTestMethodCommand.cs:47)
UnityEngine.TestRunner.NUnitExtensions.Runner.UnityLogCheckDelegatingCommand/<ExecuteEnumerable>d__4:MoveNext () (at ./Library/PackageCache/com.unity.test-framework@7a3849e09bd0/UnityEngine.TestRunner/NUnitExtensions/Runner/UnityLogCheckDelegatingCommand.cs:66)
UnityEngine.TestTools.BeforeAfterTestCommandBase`1/<ExecuteEnumerable>d__16<NUnit.Framework.ITestAction>:MoveNext () (at ./Library/PackageCache/com.unity.test-framework@7a3849e09bd0/UnityEngine.TestRunner/NUnitExtensions/Commands/BeforeAfterTestCommandBase.cs:213)
UnityEngine.TestTools.BeforeAfterTestCommandBase`1/<ExecuteEnumerable>d__16<System.Reflection.MethodInfo>:MoveNext () (at ./Library/PackageCache/com.unity.test-framework@7a3849e09bd0/UnityEngine.TestRunner/NUnitExtensions/Commands/BeforeAfterTestCommandBase.cs:213)
UnityEngine.TestTools.BeforeAfterTestCommandBase`1/<ExecuteEnumerable>d__16<System.Reflection.MethodInfo>:MoveNext () (at ./Library/PackageCache/com.unity.test-framework@7a3849e09bd0/UnityEngine.TestRunner/NUnitExtensions/Commands/BeforeAfterTestCommandBase.cs:213)
UnityEngine.TestTools.BeforeAfterTestCommandBase`1/<ExecuteEnumerable>d__16<UnityEngine.TestTools.IOuterUnityTestAction>:MoveNext () (at ./Library/PackageCache/com.unity.test-framework@7a3849e09bd0/UnityEngine.TestRunner/NUnitExtensions/Commands/BeforeAfterTestCommandBase.cs:213)
UnityEngine.TestTools.RetryCommand/<ExecuteEnumerable>d__2:MoveNext () (at ./Library/PackageCache/com.unity.test-framework@7a3849e09bd0/UnityEngine.TestRunner/NUnitExtensions/Commands/RetryCommand.cs:37)
UnityEngine.TestTools.RepeatCommand/<ExecuteEnumerable>d__2:MoveNext () (at ./Library/PackageCache/com.unity.test-framework@7a3849e09bd0/UnityEngine.TestRunner/NUnitExtensions/Commands/RepeatCommand.cs:36)
UnityEngine.TestTools.IgnoreTestCommand/<ExecuteEnumerable>d__3:MoveNext () (at ./Library/PackageCache/com.unity.test-framework@7a3849e09bd0/UnityEngine.TestRunner/NUnitExtensions/Commands/IgnoreTestCommand.cs:42)
UnityEngine.TestTools.StrictCheckCommand/<ExecuteEnumerable>d__2:MoveNext () (at ./Library/PackageCache/com.unity.test-framework@7a3849e09bd0/UnityEngine.TestRunner/NUnitExtensions/Commands/StrictCheckCommand.cs:29)
UnityEditor.TestTools.TestRunner.EditorEnumeratorTestWorkItem/<PerformWork>d__3:MoveNext () (at ./Library/PackageCache/com.unity.test-framework@7a3849e09bd0/UnityEditor.TestRunner/TestRunner/EditorEnumeratorTestWorkItem.cs:97)
UnityEngine.TestRunner.NUnitExtensions.Runner.CompositeWorkItem/<RunChildren>d__17:MoveNext () (at ./Library/PackageCache/com.unity.test-framework@7a3849e09bd0/UnityEngine.TestRunner/NUnitExtensions/Runner/CompositeWorkItem.cs:209)
UnityEngine.TestRunner.NUnitExtensions.Runner.CompositeWorkItem/<PerformWork>d__13:MoveNext () (at ./Library/PackageCache/com.unity.test-framework@7a3849e09bd0/UnityEngine.TestRunner/NUnitExtensions/Runner/CompositeWorkItem.cs:83)
UnityEngine.TestRunner.NUnitExtensions.Runner.CompositeWorkItem/<RunChildren>d__17:MoveNext () (at ./Library/PackageCache/com.unity.test-framework@7a3849e09bd0/UnityEngine.TestRunner/NUnitExtensions/Runner/CompositeWorkItem.cs:209)
UnityEngine.TestRunner.NUnitExtensions.Runner.CompositeWorkItem/<PerformWork>d__13:MoveNext () (at ./Library/PackageCache/com.unity.test-framework@7a3849e09bd0/UnityEngine.TestRunner/NUnitExtensions/Runner/CompositeWorkItem.cs:83)
UnityEngine.TestRunner.NUnitExtensions.Runner.CompositeWorkItem/<RunChildren>d__17:MoveNext () (at ./Library/PackageCache/com.unity.test-framework@7a3849e09bd0/UnityEngine.TestRunner/NUnitExtensions/Runner/CompositeWorkItem.cs:209)
UnityEngine.TestRunner.NUnitExtensions.Runner.CompositeWorkItem/<PerformWork>d__13:MoveNext () (at ./Library/PackageCache/com.unity.test-framework@7a3849e09bd0/UnityEngine.TestRunner/NUnitExtensions/Runner/CompositeWorkItem.cs:83)
UnityEngine.TestRunner.NUnitExtensions.Runner.CompositeWorkItem/<RunChildren>d__17:MoveNext () (at ./Library/PackageCache/com.unity.test-framework@7a3849e09bd0/UnityEngine.TestRunner/NUnitExtensions/Runner/CompositeWorkItem.cs:209)
UnityEngine.TestRunner.NUnitExtensions.Runner.CompositeWorkItem/<PerformWork>d__13:MoveNext () (at ./Library/PackageCache/com.unity.test-framework@7a3849e09bd0/UnityEngine.TestRunner/NUnitExtensions/Runner/CompositeWorkItem.cs:83)
UnityEngine.TestRunner.NUnitExtensions.Runner.CompositeWorkItem/<RunChildren>d__17:MoveNext () (at ./Library/PackageCache/com.unity.test-framework@7a3849e09bd0/UnityEngine.TestRunner/NUnitExtensions/Runner/CompositeWorkItem.cs:209)
UnityEngine.TestRunner.NUnitExtensions.Runner.CompositeWorkItem/<PerformWork>d__13:MoveNext () (at ./Library/PackageCache/com.unity.test-framework@7a3849e09bd0/UnityEngine.TestRunner/NUnitExtensions/Runner/CompositeWorkItem.cs:83)
UnityEngine.TestRunner.NUnitExtensions.Runner.CompositeWorkItem/<RunChildren>d__17:MoveNext () (at ./Library/PackageCache/com.unity.test-framework@7a3849e09bd0/UnityEngine.TestRunner/NUnitExtensions/Runner/CompositeWorkItem.cs:209)
UnityEngine.TestRunner.NUnitExtensions.Runner.CompositeWorkItem/<PerformWork>d__13:MoveNext () (at ./Library/PackageCache/com.unity.test-framework@7a3849e09bd0/UnityEngine.TestRunner/NUnitExtensions/Runner/CompositeWorkItem.cs:83)
UnityEngine.TestRunner.NUnitExtensions.Runner.CompositeWorkItem/<RunChildren>d__17:MoveNext () (at ./Library/PackageCache/com.unity.test-framework@7a3849e09bd0/UnityEngine.TestRunner/NUnitExtensions/Runner/CompositeWorkItem.cs:209)
UnityEngine.TestRunner.NUnitExtensions.Runner.CompositeWorkItem/<PerformWork>d__13:MoveNext () (at ./Library/PackageCache/com.unity.test-framework@7a3849e09bd0/UnityEngine.TestRunner/NUnitExtensions/Runner/CompositeWorkItem.cs:83)
UnityEditor.TestTools.TestRunner.EditModeRunner:MoveNextAndUpdateYieldObject () (at ./Library/PackageCache/com.unity.test-framework@7a3849e09bd0/UnityEditor.TestRunner/TestRunner/EditModeRunner.cs:180)
UnityEditor.TestTools.TestRunner.EditModeRunner:TestConsumer (UnityEditor.TestTools.TestRunner.TestRunnerStateSerializer) (at ./Library/PackageCache/com.unity.test-framework@7a3849e09bd0/UnityEditor.TestRunner/TestRunner/EditModeRunner.cs:220)
UnityEditor.TestTools.TestRunner.TestRun.Tasks.EditModeRunTask/<Execute>d__1:MoveNext () (at ./Library/PackageCache/com.unity.test-framework@7a3849e09bd0/UnityEditor.TestRunner/TestRun/Tasks/EditModeRunTask.cs:48)
UnityEditor.TestTools.TestRunner.TestRun.TestJobRunner:ExecuteStep () (at ./Library/PackageCache/com.unity.test-framework@7a3849e09bd0/UnityEditor.TestRunner/TestRun/TestJobRunner.cs:194)
UnityEditor.TestTools.TestRunner.TestRun.TestJobRunner:ExecuteCallback () (at ./Library/PackageCache/com.unity.test-framework@7a3849e09bd0/UnityEditor.TestRunner/TestRun/TestJobRunner.cs:129)
UnityEditor.EditorApplication:Internal_CallUpdateFunctions ()

(Filename: ./Library/PackageCache/com.unity.pipeline@f49636739437/Editor/BuildProcessors/PipelineRuntimeBuildProcessor.cs Line: 48)

Importing 'GUID: 4b83569d67af61e458304325a23e5dfd - Path: Assets/Settings/PC_RPAsset.asset' with importer (NativeFormatImporter)
Imported 'GUID: 4b83569d67af61e458304325a23e5dfd' -> (Import Result ID: '2fcb55e6f37e916feb23474e154663f8') in 0.002 seconds [static dependencies only]. Details - ImportResultOutputID=eae66dc0e7a749d738136f6c7279b2f0 DependenciesID=d67c03d163a158e1a173c7d4f8dea317 StaticDependenciesID=272ab2bf0d55e49a9c6ca9c634f4d9aa 
Refreshing native plugins compatible for Editor in 27.28 ms, found 4 plugins.
Asset Pipeline Refresh (id=08fc4efe087d93b43b536bdfd7e9526d): Total: 0.067 seconds - Initiated by StopAssetImportingV2(NoUpdateAssetOptions)
Asset Pipeline Refresh (id=9bbc24294bfe3dc4dbd64a8afe7ddc3c): Total: 0.138 seconds - Initiated by RefreshV2(NoUpdateAssetOptions)
[ScriptCompilation] Requested script compilation because: Recompiling all scripts before compiling player scripts because Auto Refresh is disabled.
Worker ready: AssetImportWorkerHW2 2
Starting: D:\UnityEditor\6000.6.0f1\Editor\Data\Tools\BuildPipeline\bee_backend.exe --ipc --defer-dag-verification --dagfile="Library/Bee/1900b0aEDbg.dag" --continue-on-failure --profile="Library/Bee/backend1.traceevents" ScriptAssemblies
WorkingDir: D:/repositories/unity/SampleGameForOneStarMakerFramework/unity
ExitCode: 0 Duration: 1s129ms
[1398/1925  0s] ILPP-Configuration Library/ilpp-configuration.nevergeneratedoutput
*** Tundra build success (1.06 seconds), 1 items updated, 1925 evaluated
Total cache size 267210888
Total cache size after purge 267210888, took 00:00:00.9184582
[ScriptCompilation] Requested script compilation because: Compiling scripts for player
Starting: D:\UnityEditor\6000.6.0f1\Editor\Data\Tools\BuildPipeline\bee_backend.exe --ipc --defer-dag-verification --dagfile="Library/Bee/1900b0aP.dag" --continue-on-failure --profile="Library/Bee/backend1.traceevents" ScriptAssembliesAndTypeDB
WorkingDir: D:/repositories/unity/SampleGameForOneStarMakerFramework/unity
ExitCode: 0 Duration: 4s425ms
[ 433/1248  0s] WriteResponseFile Library/Bee/artifacts/rsp/4747638433968585886.rsp
[ 987/1248  0s] ILPP-Configuration Library/ilpp-configuration.nevergeneratedoutput
[1074/1248  0s] CopyFiles Library/PlayerScriptAssemblies/Unity.RenderPipelines.Core.Runtime.Shared.dll
[1075/1248  0s] CopyFiles Library/PlayerScriptAssemblies/Unity.Purchasing.Stores.XboxCloudServices.dll
[1076/1248  0s] CopyFiles Library/PlayerScriptAssemblies/Unity.RenderPipelines.Universal.Config.Runtime.dll
[1077/1248  0s] CopyFiles Library/PlayerScriptAssemblies/Unity.Collections.Tests.CoreCLR.InternalJobNestedPrivate.dll
[1078/1248  0s] CopyFiles Library/PlayerScriptAssemblies/Unity.Cinemachine.dll
[1079/1248  0s] CopyFiles Library/PlayerScriptAssemblies/Unity.Purchasing.Stores.dll
[1080/1248  0s] CopyFiles Library/PlayerScriptAssemblies/Unity.Services.Core.Telemetry.dll
[1081/1248  0s] CopyFiles Library/PlayerScriptAssemblies/Unity.Services.Core.Environments.dll
[1082/1248  0s] CopyFiles Library/PlayerScriptAssemblies/Unity.Services.Core.Device.dll
[1083/1248  0s] CopyFiles Library/PlayerScriptAssemblies/Unity.Purchasing.AppleMacosStub.dll
[1084/1248  0s] CopyFiles Library/PlayerScriptAssemblies/UnityEngine.Advertisements.dll
[1085/1248  0s] CopyFiles Library/PlayerScriptAssemblies/Unity.Services.Core.dll
[1086/1248  0s] CopyFiles Library/PlayerScriptAssemblies/Unity.Services.Core.Internal.dll
[1087/1248  0s] CopyFiles Library/PlayerScriptAssemblies/Unity.Collections.Tests.CoreCLR.PublicJobPrivateGeneric.dll
[1088/1248  0s] CopyFiles Library/PlayerScriptAssemblies/Unity.InternalAPIEngineBridge.RenderPipelines.Core.Runtime.Shared.dll
[1089/1248  0s] CopyFiles Library/PlayerScriptAssemblies/Unity.InternalAPIEngineBridge.ObjectDispatcher.Runtime.dll
[1090/1248  0s] CopyFiles Library/PlayerScriptAssemblies/Unity.RenderPipelines.ShaderGraph.ShaderGraphLibrary.dll
[1091/1248  0s] CopyFiles Library/PlayerScriptAssemblies/Unity.Burst.dll
[1092/1248  0s] CopyFiles Library/PlayerScriptAssemblies/Unity.RenderPipelines.Universal.Runtime.dll
[1093/1248  0s] CopyFiles Library/PlayerScriptAssemblies/Unity.Mathematics.dll
[1094/1248  0s] CopyFiles Library/PlayerScriptAssemblies/SampleGame.DependOnAll.dll
[1095/1248  0s] CopyFiles Library/PlayerScriptAssemblies/LitMotion.Extensions.dll
[1096/1248  0s] CopyFiles Library/PlayerScriptAssemblies/Unity.PathTracing.Runtime.dll
[1097/1248  0s] CopyFiles Library/PlayerScriptAssemblies/UniTask.Linq.dll
[1098/1248  0s] CopyFiles Library/PlayerScriptAssemblies/Unity.RenderPipelines.Core.Runtime.dll
[1099/1248  0s] CopyFiles Library/PlayerScriptAssemblies/Unity.RenderPipelines.Universal.2D.Runtime.dll
[1100/1248  0s] CopyFiles Library/PlayerScriptAssemblies/Unity.Purchasing.AppleStub.dll
[1101/1248  0s] CopyFiles Library/PlayerScriptAssemblies/Unity.Services.Core.Registration.dll
[1102/1248  0s] CopyFiles Library/PlayerScriptAssemblies/SampleGame.Common.dll
[1103/1248  0s] CopyFiles Library/PlayerScriptAssemblies/OneStarMaker.Debug.dll
[1104/1248  0s] CopyFiles Library/PlayerScriptAssemblies/Unity.Analytics.DataPrivacy.dll
[1105/1248  0s] CopyFiles Library/PlayerScriptAssemblies/Unity.ResourceManager.dll
[1106/1248  0s] CopyFiles Library/PlayerScriptAssemblies/Unity.Splines.dll
[1107/1248  0s] CopyFiles Library/PlayerScriptAssemblies/Unity.InputSystem.ForUI.dll
[1108/1248  0s] CopyFiles Library/PlayerScriptAssemblies/OneStarMaker.Runtime.dll
[1109/1248  0s] CopyFiles Library/PlayerScriptAssemblies/Unity.Profiling.Core.dll
[1110/1248  0s] CopyFiles Library/PlayerScriptAssemblies/Unity.VisualScripting.Flow.dll
[1111/1248  0s] CopyFiles Library/PlayerScriptAssemblies/Unity.Purchasing.SecurityStub.dll
[1112/1248  0s] CopyFiles Library/PlayerScriptAssemblies/Unity.Services.Core.Analytics.dll
[1113/1248  0s] CopyFiles Library/PlayerScriptAssemblies/Unity.RenderPipelines.Universal.Shaders.dll
[1114/1248  0s] CopyFiles Library/PlayerScriptAssemblies/Unity.Purchasing.LiveContentAdapterService.dll
[1115/1248  0s] CopyFiles Library/PlayerScriptAssemblies/Unity.ScriptableBuildPipeline.dll
[1116/1248  0s] CopyFiles Library/PlayerScriptAssemblies/Unity.Purchasing.SecurityCore.dll
[1117/1248  0s] CopyFiles Library/PlayerScriptAssemblies/Unity.SurfaceCache.Runtime.dll
[1118/1248  0s] CopyFiles Library/PlayerScriptAssemblies/UniTask.dll
[1119/1248  0s] CopyFiles Library/PlayerScriptAssemblies/Unity.AI.Navigation.dll
[1120/1248  0s] CopyFiles Library/PlayerScriptAssemblies/Unity.InputSystem.dll
[1121/1248  0s] CopyFiles Library/PlayerScriptAssemblies/Unity.Purchasing.dll
[1122/1248  0s] CopyFiles Library/PlayerScriptAssemblies/Unity.InternalAPIEngineBridge.004.dll
[1123/1248  0s] CopyFiles Library/PlayerScriptAssemblies/Unity.UnifiedRayTracing.Runtime.dll
[1124/1248  0s] CopyFiles Library/PlayerScriptAssemblies/Unity.Services.Core.Environments.Internal.dll
[1125/1248  0s] CopyFiles Library/PlayerScriptAssemblies/Unity.RenderPipeline.Universal.ShaderLibrary.dll
[1126/1248  0s] CopyFiles Library/PlayerScriptAssemblies/Unity.Timeline.dll
[1127/1248  0s] CopyFiles Library/PlayerScriptAssemblies/Unity.Services.Core.Networking.dll
[1128/1248  0s] CopyFiles Library/PlayerScriptAssemblies/Unity.VisualScripting.State.dll
[1129/1248  0s] CopyFiles Library/PlayerScriptAssemblies/Unity.Services.Analytics.dll
[1130/1248  0s] CopyFiles Library/PlayerScriptAssemblies/Unity.Services.Core.Configuration.dll
[1131/1248  0s] CopyFiles Library/PlayerScriptAssemblies/UnityEngine.SpatialTracking.dll
[1132/1248  0s] CopyFiles Library/PlayerScriptAssemblies/Unity.RenderPipelines.GPUDriven.Runtime.dll
[1133/1248  0s] CopyFiles Library/PlayerScriptAssemblies/Unity.RenderPipelines.Core.ShaderLibrary.dll
[1134/1248  0s] CopyFiles Library/PlayerScriptAssemblies/Unity.Purchasing.Utilities.dll
[1135/1248  0s] CopyFiles Library/PlayerScriptAssemblies/OneStarMaker.Foundation.dll
[1136/1248  0s] CopyFiles Library/PlayerScriptAssemblies/Unity.Collections.Tests.CoreCLR.ProtectedJobNested.dll
[1137/1248  0s] CopyFiles Library/PlayerScriptAssemblies/Unity.Addressables.dll
[1138/1248  0s] CopyFiles Library/PlayerScriptAssemblies/Assembly-CSharp.dll
[1139/1248  0s] CopyFiles Library/PlayerScriptAssemblies/Unity.Purchasing.WebshopService.dll
[1140/1248  0s] CopyFiles Library/PlayerScriptAssemblies/Unity.Services.Core.Scheduler.dll
[1141/1248  0s] CopyFiles Library/PlayerScriptAssemblies/LitMotion.dll
[1142/1248  0s] CopyFiles Library/PlayerScriptAssemblies/Domain_Reload.dll
[1143/1248  0s] CopyFiles Library/PlayerScriptAssemblies/UnityEngine.XR.LegacyInputHelpers.dll
[1144/1248  0s] CopyFiles Library/PlayerScriptAssemblies/Unity.VisualScripting.DocCodeExamples.dll
[1145/1248  0s] CopyFiles Library/PlayerScriptAssemblies/Unity.TextMeshPro.dll
[1146/1248  0s] CopyFiles Library/PlayerScriptAssemblies/Unity.Collections.dll
[1147/1248  0s] CopyFiles Library/PlayerScriptAssemblies/UniTask.Addressables.dll
[1148/1248  0s] CopyFiles Library/PlayerScriptAssemblies/UnityEngine.UI.dll
[1149/1248  0s] CopyFiles Library/PlayerScriptAssemblies/UniTask.TextMeshPro.dll
[1150/1248  0s] CopyFiles Library/PlayerScriptAssemblies/Unity.Pipeline.dll
[1151/1248  0s] CopyFiles Library/PlayerScriptAssemblies/UniTask.DOTween.dll
[1152/1248  0s] CopyFiles Library/PlayerScriptAssemblies/Unity.Services.Core.Threading.dll
[1153/1248  0s] CopyFiles Library/PlayerScriptAssemblies/Unity.Purchasing.Codeless.dll
[1154/1248  0s] CopyFiles Library/PlayerScriptAssemblies/SampleGame.OutGame.dll
[1155/1248  0s] CopyFiles Library/PlayerScriptAssemblies/Unity.Collections.Tests.CoreCLR.PrivateJobNested.dll
[1156/1248  0s] CopyFiles Library/PlayerScriptAssemblies/Unity.Purchasing.PaymentProviderService.dll
[1157/1248  0s] CopyFiles Library/PlayerScriptAssemblies/SampleGame.InGame.dll
[1158/1248  0s] CopyFiles Library/PlayerScriptAssemblies/Unity.Services.Core.Components.dll
[1159/1248  0s] CopyFiles Library/PlayerScriptAssemblies/Unity.InternalAPIEngineBridge.ObjectDispatcher.Runtime.pdb
[1160/1248  0s] CopyFiles Library/PlayerScriptAssemblies/Unity.VisualScripting.Core.dll
[1161/1248  0s] CopyFiles Library/PlayerScriptAssemblies/Unity.Burst.pdb
[1162/1248  0s] CopyFiles Library/PlayerScriptAssemblies/Unity.RenderPipelines.Universal.Runtime.pdb
[1163/1248  0s] CopyFiles Library/PlayerScriptAssemblies/SampleGame.DependOnAll.pdb
[1164/1248  0s] CopyFiles Library/PlayerScriptAssemblies/Unity.Services.Core.pdb
[1165/1248  0s] CopyFiles Library/PlayerScriptAssemblies/Unity.PathTracing.Runtime.pdb
[1166/1248  0s] CopyFiles Library/PlayerScriptAssemblies/UnityEngine.Advertisements.pdb
[1167/1248  0s] CopyFiles Library/PlayerScriptAssemblies/LitMotion.Extensions.pdb
[1168/1248  0s] CopyFiles Library/PlayerScriptAssemblies/Unity.RenderPipelines.Core.Runtime.pdb
[1169/1248  0s] CopyFiles Library/PlayerScriptAssemblies/Unity.Services.Core.Telemetry.pdb
[1170/1248  0s] CopyFiles Library/PlayerScriptAssemblies/SampleGame.Common.pdb
[1171/1248  0s] CopyFiles Library/PlayerScriptAssemblies/OneStarMaker.Debug.pdb
[1172/1248  0s] CopyFiles Library/PlayerScriptAssemblies/Unity.RenderPipelines.Universal.Config.Runtime.pdb
[1173/1248  0s] CopyFiles Library/PlayerScriptAssemblies/Unity.Purchasing.Stores.XboxCloudServices.pdb
[1174/1248  0s] CopyFiles Library/PlayerScriptAssemblies/Unity.RenderPipelines.Universal.2D.Runtime.pdb
[1175/1248  0s] CopyFiles Library/PlayerScriptAssemblies/Unity.Cinemachine.pdb
[1176/1248  0s] CopyFiles Library/PlayerScriptAssemblies/Unity.Purchasing.pdb
[1177/1248  0s] CopyFiles Library/PlayerScriptAssemblies/OneStarMaker.Runtime.pdb
[1178/1248  0s] CopyFiles Library/PlayerScriptAssemblies/Unity.InternalAPIEngineBridge.RenderPipelines.Core.Runtime.Shared.pdb
[1179/1248  0s] CopyFiles Library/PlayerScriptAssemblies/Unity.Purchasing.SecurityStub.pdb
[1180/1248  0s] CopyFiles Library/PlayerScriptAssemblies/Unity.Purchasing.AppleMacosStub.pdb
[1181/1248  0s] CopyFiles Library/PlayerScriptAssemblies/Unity.Services.Core.Environments.pdb
[1182/1248  0s] CopyFiles Library/PlayerScriptAssemblies/Unity.Purchasing.SecurityCore.pdb
[1183/1248  0s] CopyFiles Library/PlayerScriptAssemblies/Unity.AI.Navigation.pdb
[1184/1248  0s] CopyFiles Library/PlayerScriptAssemblies/Unity.Splines.pdb
[1185/1248  0s] CopyFiles Library/PlayerScriptAssemblies/Unity.Addressables.pdb
[1186/1248  0s] CopyFiles Library/PlayerScriptAssemblies/Unity.Timeline.pdb
[1187/1248  0s] CopyFiles Library/PlayerScriptAssemblies/Unity.Services.Core.Analytics.pdb
[1188/1248  0s] CopyFiles Library/PlayerScriptAssemblies/Unity.Services.Core.Internal.pdb
[1189/1248  0s] CopyFiles Library/PlayerScriptAssemblies/Unity.ScriptableBuildPipeline.pdb
[1190/1248  0s] CopyFiles Library/PlayerScriptAssemblies/Unity.RenderPipelines.Core.Runtime.Shared.pdb
[1191/1248  0s] CopyFiles Library/PlayerScriptAssemblies/Unity.Purchasing.Stores.pdb
[1192/1248  0s] CopyFiles Library/PlayerScriptAssemblies/Unity.InternalAPIEngineBridge.004.pdb
[1193/1248  0s] CopyFiles Library/PlayerScriptAssemblies/Unity.Purchasing.WebshopService.pdb
[1194/1248  0s] CopyFiles Library/PlayerScriptAssemblies/Unity.RenderPipelines.Core.ShaderLibrary.pdb
[1195/1248  0s] CopyFiles Library/PlayerScriptAssemblies/UnityEngine.UI.pdb
[1196/1248  0s] CopyFiles Library/PlayerScriptAssemblies/Unity.SurfaceCache.Runtime.pdb
[1197/1248  0s] CopyFiles Library/PlayerScriptAssemblies/Unity.UnifiedRayTracing.Runtime.pdb
[1198/1248  0s] CopyFiles Library/PlayerScriptAssemblies/UniTask.Addressables.pdb
[1199/1248  0s] CopyFiles Library/PlayerScriptAssemblies/Unity.Services.Analytics.pdb
[1200/1248  0s] CopyFiles Library/PlayerScriptAssemblies/SampleGame.OutGame.pdb
[1201/1248  0s] CopyFiles Library/PlayerScriptAssemblies/Unity.Services.Core.Environments.Internal.pdb
[1202/1248  0s] CopyFiles Library/PlayerScriptAssemblies/Unity.InputSystem.ForUI.pdb
[1203/1248  0s] CopyFiles Library/PlayerScriptAssemblies/Unity.Services.Core.Networking.pdb
[1204/1248  0s] CopyFiles Library/PlayerScriptAssemblies/UniTask.DOTween.pdb
[1205/1248  0s] CopyFiles Library/PlayerScriptAssemblies/UnityEngine.SpatialTracking.pdb
[1206/1248  0s] CopyFiles Library/PlayerScriptAssemblies/Unity.Mathematics.pdb
[1207/1248  0s] CopyFiles Library/PlayerScriptAssemblies/UniTask.Linq.pdb
[1208/1248  0s] CopyFiles Library/PlayerScriptAssemblies/Unity.RenderPipelines.GPUDriven.Runtime.pdb
[1209/1248  0s] CopyFiles Library/PlayerScriptAssemblies/Unity.Collections.Tests.CoreCLR.ProtectedJobNested.pdb
[1210/1248  0s] CopyFiles Library/PlayerScriptAssemblies/Unity.Services.Core.Registration.pdb
[1211/1248  0s] CopyFiles Library/PlayerScriptAssemblies/Unity.ResourceManager.pdb
[1212/1248  0s] CopyFiles Library/PlayerScriptAssemblies/Assembly-CSharp.pdb
[1213/1248  0s] CopyFiles Library/PlayerScriptAssemblies/Unity.Services.Core.Scheduler.pdb
[1214/1248  0s] CopyFiles Library/PlayerScriptAssemblies/UnityEngine.XR.LegacyInputHelpers.pdb
[1215/1248  0s] CopyFiles Library/PlayerScriptAssemblies/Unity.Purchasing.LiveContentAdapterService.pdb
[1216/1248  0s] CopyFiles Library/PlayerScriptAssemblies/Unity.Collections.pdb
[1217/1248  0s] CopyFiles Library/PlayerScriptAssemblies/Unity.Services.Core.Configuration.pdb
[1218/1248  0s] CopyFiles Library/PlayerScriptAssemblies/Unity.VisualScripting.Flow.pdb
[1219/1248  0s] CopyFiles Library/PlayerScriptAssemblies/UniTask.TextMeshPro.pdb
[1220/1248  0s] CopyFiles Library/PlayerScriptAssemblies/Unity.Purchasing.Codeless.pdb
[1221/1248  0s] CopyFiles Library/PlayerScriptAssemblies/Unity.InputSystem.pdb
[1222/1248  0s] CopyFiles Library/PlayerScriptAssemblies/Unity.Pipeline.pdb
[1223/1248  0s] CopyFiles Library/PlayerScriptAssemblies/Unity.TextMeshPro.pdb
[1224/1248  0s] CopyFiles Library/PlayerScriptAssemblies/SampleGame.InGame.pdb
[1225/1248  0s] CopyFiles Library/PlayerScriptAssemblies/Unity.Purchasing.PaymentProviderService.pdb
[1226/1248  0s] CopyFiles Library/PlayerScriptAssemblies/Unity.RenderPipelines.Universal.Shaders.pdb
[1227/1248  0s] CopyFiles Library/PlayerScriptAssemblies/Unity.RenderPipelines.ShaderGraph.ShaderGraphLibrary.pdb
[1228/1248  0s] CopyFiles Library/PlayerScriptAssemblies/Domain_Reload.pdb
[1229/1248  0s] CopyFiles Library/PlayerScriptAssemblies/OneStarMaker.Foundation.pdb
[1230/1248  0s] CopyFiles Library/PlayerScriptAssemblies/LitMotion.pdb
[1231/1248  0s] CopyFiles Library/PlayerScriptAssemblies/Unity.VisualScripting.DocCodeExamples.pdb
[1232/1248  0s] CopyFiles Library/PlayerScriptAssemblies/Unity.RenderPipeline.Universal.ShaderLibrary.pdb
[1233/1248  0s] CopyFiles Library/PlayerScriptAssemblies/Unity.Collections.Tests.CoreCLR.InternalJobNestedPrivate.pdb
[1234/1248  0s] CopyFiles Library/PlayerScriptAssemblies/Unity.Services.Core.Device.pdb
[1235/1248  0s] CopyFiles Library/PlayerScriptAssemblies/UniTask.pdb
[1236/1248  0s] CopyFiles Library/PlayerScriptAssemblies/Unity.Analytics.DataPrivacy.pdb
[1237/1248  0s] CopyFiles Library/PlayerScriptAssemblies/Unity.Collections.Tests.CoreCLR.PrivateJobNested.pdb
[1238/1248  0s] CopyFiles Library/PlayerScriptAssemblies/Unity.Profiling.Core.pdb
[1239/1248  0s] CopyFiles Library/PlayerScriptAssemblies/Unity.Purchasing.Utilities.pdb
[1240/1248  0s] CopyFiles Library/PlayerScriptAssemblies/Unity.Services.Core.Threading.pdb
[1241/1248  0s] CopyFiles Library/PlayerScriptAssemblies/Unity.VisualScripting.State.pdb
[1242/1248  0s] CopyFiles Library/PlayerScriptAssemblies/Unity.Services.Core.Components.pdb
[1243/1248  0s] CopyFiles Library/PlayerScriptAssemblies/Unity.VisualScripting.Core.pdb
[1244/1248  0s] CopyFiles Library/PlayerScriptAssemblies/Unity.Collections.Tests.CoreCLR.PublicJobPrivateGeneric.pdb
[1245/1248  0s] CopyFiles Library/PlayerScriptAssemblies/Unity.Purchasing.AppleStub.pdb
*** Tundra build success (4.28 seconds), 174 items updated, 1248 evaluated
[Licensing::Client] Successfully resolved entitlement details
[Licensing::Module] License group:
  Id: F4-FHTT-UPW9-SBMJ-JZ5Q-XXXX
  Product: Unity Personal
  Type: ULF
  Expiration: Unlimited
[Licensing::Module] License group:
  Id: 720108-UnityPersXXXX
  Product: Unity Personal
  Type: Assigned
  Expiration: Unlimited
Starting: D:\UnityEditor\6000.6.0f1\Editor\Data\Tools\BuildPipeline\bee_backend.exe --ipc --defer-dag-verification --dagfile="Library/Bee/1900b0aEDbg.dag" --continue-on-failure --profile="Library/Bee/backend1.traceevents" ScriptAssembliesAndTypeDB
WorkingDir: D:/repositories/unity/SampleGameForOneStarMakerFramework/unity
Total cache size 267210888
Total cache size after purge 267210888, took 00:00:01.0884734
ExitCode: 0 Duration: 2s610ms
[ 329/1928  0s] WriteResponseFile Library/Bee/artifacts/rsp/4747638433968585886.rsp
[1445/1928  0s] ILPP-Configuration Library/ilpp-configuration.nevergeneratedoutput
*** Tundra build success (2.54 seconds), 2 items updated, 1928 evaluated
Total cache size 267210888
Total cache size after purge 267210888, took 00:00:00.9143655
[Worker2] Imported GUID: 410928bbb8abd9c46b4d1ba830697f4b - Path: Assets/OneStarMakerGenerated/BS2b/20260918T111413372Z-cca6b58c4f3a419c94ad3892a445fc19/BuildContentRoot.asset - Importer: BuildMetaDataImporter -> (ImportResultId: '360e403b90d3420b1b0c9f63230f18cf') in 0.0280702 seconds
Importing 'GUID: 3bca8f196d9830204f93bcc8cc75e96c - Path: Library/BuildInstructions/410928bbb8abd9c46b4d1ba830697f4b.buildinst' with importer (DefaultImporter)
Imported 'GUID: 3bca8f196d9830204f93bcc8cc75e96c' -> (Import Result ID: '5321b1581a1d09d31ddd7c4f7ad97f15') in 0.001 seconds [static dependencies only]. Details - ImportResultOutputID=d2b1aca042aa255e2aa88019397ce3a9 DependenciesID=9b9bf69da343bd101897ab34ad82881a StaticDependenciesID=368d84596a340f1c66c98abeb1f931ae 
Refreshing native plugins compatible for Editor in 32.94 ms, found 4 plugins.
Asset Pipeline Refresh (id=0b0142cf345001442938bb58589190e1): Total: 0.300 seconds - Initiated by RefreshV2(NoUpdateAssetOptions)
[Worker2] Imported GUID: 3bca8f196d9830204f93bcc8cc75e96c - Path: Library/BuildInstructions/410928bbb8abd9c46b4d1ba830697f4b.buildinst - Importer: BuildInstructionImporter -> (ImportResultId: '2efca50b79e03009d5424183ff6c73ae') in 0.0113828 seconds
-------------------------------------------------------------------------------
Build Report - Content Size Statistics
Serialized File count                     11
Resource file count                        2
Object count                              23
Serialized Files                     491.9 kb	  49.0%
Serialized Files Headers             362.4 kb	  36.1%
Resource data (Texture,Audio...)     512.0 kb	  51.0%
Total build size                    1003.9 kb

Largest Types:
   512.2 kb	  51.0% Cubemap
   125.1 kb	  12.5% Shader

Largest Assets:
   522.5 kb	  52.0% Resources/unity_builtin_extra
   107.2 kb	  10.7% Packages/com.unity.render-pipelines.universal/Shaders/Lit.shader
-------------------------------------------------------------------------------
BuildReport, and other content build meta-data, are written to Library/BuildHistory/20260918-111413Z-c4a21b27Unloading 1 Unused Serialized files (Serialized files now loaded: 0)
Unloading 259 unused Assets / (92.3 KB). Loaded Objects now: 12273.
Memory consumption went from 0.54 GB to 0.54 GB.
Total: 17.242700 ms (FindLiveObjects: 0.681100 ms CreateObjectMapping: 0.217400 ms MarkObjects: 15.872900 ms  DeleteObjects: 0.167600 ms)

SpriteAtlasDatabase::Cleanup
Refreshing native plugins compatible for Editor in 23.13 ms, found 4 plugins.

Asset Pipeline Refresh (id=eec0cd6f3b8024f43850b98151a6661a): Total: 0.301 seconds - Initiated by StopAssetImportingV2(NoUpdateAssetOptions)
	(Values over 0.05ms)
	Summary:
		Imports: total=0 (actual=0, local cache=0, cache server=0)
		Asset DB Process Time: managed=0 ms, native=236 ms
		Asset DB Callback time: managed=2 ms, native=62 ms
		Scripting: domain reloads=0, domain reload time=0 ms, compile time=0 ms, other=0 ms
		Project Asset Count: scripts=3599, non-scripts=5021
		Asset File Changes: new=0, changed=0, moved=0, deleted=1
		Scan Filter Count: 5
	ApplyChangesToAssetFolders: 0.181ms
	Scan: 199.236ms
	Collect global state as custom dependencies: 0.610ms
	OnSourceAssetsModified: 0.086ms
	ProcessAssetsWithTransientArtifactChanges: 0.068ms
	CategorizeAssets: 25.862ms
	ImportOutOfDateAssets: 3.137ms (0.372ms without children)
		ReloadNativeAssets: 0.726ms
		UnloadImportedAssets: 0.232ms
		EnsureUptoDateAssetsAreRegisteredWithGuidPM: 1.494ms
		ImportSchedulerStart: 0.311ms
	PostProcessAllAssets: 41.614ms
		XRBuildSystem.XRAssetImported 39.459ms
		MonoPostProcessAllAssets: 1.947ms
			SyncVS.PostprocessSyncProject 0.673ms
			ShaderGraphAssetPostProcessor.OnPostprocessAllAssets 0.287ms
			VersionHandlerImpl.OnPostprocessAllAssets 0.198ms
			RenderPipelineGlobalSettingsPostprocessor.OnPostprocessAllAssets 0.118ms
			SpriteEditorTexturePostprocessor.OnPostprocessAllAssets 0.063ms
			AssetPostprocessor.OnPostprocessAllAssets 0.052ms
	PostAssetChangesProfiler: 23.708ms
	GatherAllCurrentPrimaryImportResultRevisions: 0.721ms
	PersistCurrentRevisions: 0.380ms
	Untracked: 5.824ms

Refreshing native plugins compatible for Editor in 22.58 ms, found 4 plugins.
Asset Pipeline Refresh (id=48b92a0805cab2c429fe9fd0adaeccc3): Total: 0.099 seconds - Initiated by StopAssetImportingV2(NoUpdateAssetOptions)
Refreshing native plugins compatible for Editor in 22.75 ms, found 4 plugins.
Asset Pipeline Refresh (id=91ad4372f4227434b9a0879a65d59a13): Total: 0.123 seconds - Initiated by StopAssetImportingV2(NoUpdateAssetOptions)
Unloading 0 Unused Serialized files (Serialized files now loaded: 0)
Unloading 87 unused Assets / (78.8 KB). Loaded Objects now: 12258.
Memory consumption went from 0.53 GB to 0.53 GB.
Total: 17.149100 ms (FindLiveObjects: 0.702700 ms CreateObjectMapping: 0.254100 ms MarkObjects: 15.504600 ms  DeleteObjects: 0.369500 ms)

Refreshing native plugins compatible for Editor in 23.26 ms, found 4 plugins.
Asset Pipeline Refresh (id=2cca50ef516b1ae48b52631663450471): Total: 0.222 seconds - Initiated by StopAssetImportingV2(NoUpdateAssetOptions)
Entering Playmode with Reload Domain disabled.
If you experience any issues, please disable "Enter Play Mode Options" in Editor Settings
[AppInit] DebugSocket configured. mode=Connect, endpoint=ws://127.0.0.1:5011/debugsocket/, autoStart=True, sendLogs=True, sendTelemetry=True.
UnityEngine.Debug:ExtractStackTraceNoAlloc (byte*,int,string)
UnityEngine.StackTraceUtility:ExtractStackTrace ()
UnityEngine.DebugLogHandler:Internal_Log (UnityEngine.LogType,UnityEngine.LogOption,string,UnityEngine.Object)
UnityEngine.DebugLogHandler:LogFormat (UnityEngine.LogType,UnityEngine.Object,string,object[])
UnityEngine.Logger:Log (UnityEngine.LogType,object)
UnityEngine.Debug:Log (object)
OneStarMaker.Runtime.AbstractApplicationInitializer:LogDebugSocketBootstrapStatus (OneStarMaker.Foundation.Config.AppConfig) (at Assets/OneStarMaker/Scripts/Runtime/Bootstrap/AbstractApplicationInitializer.cs:907)
OneStarMaker.Runtime.AbstractApplicationInitializer:InitializeBeforeSceneLoad () (at Assets/OneStarMaker/Scripts/Runtime/Bootstrap/AbstractApplicationInitializer.cs:202)
OneStarMaker.Runtime.AbstractApplicationInitializer:BootstrapBeforeSceneLoad (OneStarMaker.Runtime.AbstractApplicationInitializer) (at Assets/OneStarMaker/Scripts/Runtime/Bootstrap/AbstractApplicationInitializer.cs:145)
SampleGame.DependOnAll.AppInitializer:Before () (at Assets/SampleGame/DependOnAll/AppInitializer.cs:49)

(Filename: Assets/OneStarMaker/Scripts/Runtime/Bootstrap/AbstractApplicationInitializer.cs Line: 907)

[AppInit] AfterSceneLoad: loading UICommon.
UnityEngine.Debug:ExtractStackTraceNoAlloc (byte*,int,string)
UnityEngine.StackTraceUtility:ExtractStackTrace ()
UnityEngine.DebugLogHandler:Internal_Log (UnityEngine.LogType,UnityEngine.LogOption,string,UnityEngine.Object)
UnityEngine.DebugLogHandler:LogFormat (UnityEngine.LogType,UnityEngine.Object,string,object[])
UnityEngine.Logger:Log (UnityEngine.LogType,object)
UnityEngine.Debug:Log (object)
OneStarMaker.Runtime.AbstractApplicationInitializer/<InitializeAfterSceneLoad>d__28:MoveNext () (at Assets/OneStarMaker/Scripts/Runtime/Bootstrap/AbstractApplicationInitializer.cs:244)
Cysharp.Threading.Tasks.CompilerServices.AsyncUniTaskVoidMethodBuilder:Start<OneStarMaker.Runtime.AbstractApplicationInitializer/<InitializeAfterSceneLoad>d__28> (OneStarMaker.Runtime.AbstractApplicationInitializer/<InitializeAfterSceneLoad>d__28&) (at ./Library/PackageCache/com.cysharp.unitask@360e370345b9/Runtime/CompilerServices/AsyncUniTaskVoidMethodBuilder.cs:110)
OneStarMaker.Runtime.AbstractApplicationInitializer:InitializeAfterSceneLoad ()
OneStarMaker.Runtime.AbstractApplicationInitializer:BootstrapAfterSceneLoad (OneStarMaker.Runtime.AbstractApplicationInitializer) (at Assets/OneStarMaker/Scripts/Runtime/Bootstrap/AbstractApplicationInitializer.cs:160)
SampleGame.DependOnAll.AppInitializer:After () (at Assets/SampleGame/DependOnAll/AppInitializer.cs:62)

(Filename: Assets/OneStarMaker/Scripts/Runtime/Bootstrap/AbstractApplicationInitializer.cs Line: 244)

Loaded scene 'Temp/__Backupscenes/0.backup'
	Deserialize:            0.422 ms
	Integration:            2133.999 ms
	Integration of assets:  0.002 ms
	Thread Wait Time:       0.021 ms
	Total Operation Time:   2134.443 ms
Loaded scene 'Assets/OneStarMaker/Scenes/UISystem/UIScene.unity'
	Deserialize:            127.446 ms
	Integration:            211.288 ms
	Integration of assets:  2.809 ms
	Thread Wait Time:       -0.025 ms
	Total Operation Time:   341.519 ms
[AppInit] AfterSceneLoad: loading SceneResourceMap.
UnityEngine.Debug:ExtractStackTraceNoAlloc (byte*,int,string)
UnityEngine.StackTraceUtility:ExtractStackTrace ()
UnityEngine.DebugLogHandler:Internal_Log (UnityEngine.LogType,UnityEngine.LogOption,string,UnityEngine.Object)
UnityEngine.DebugLogHandler:LogFormat (UnityEngine.LogType,UnityEngine.Object,string,object[])
UnityEngine.Logger:Log (UnityEngine.LogType,object)
UnityEngine.Debug:Log (object)
OneStarMaker.Runtime.AbstractApplicationInitializer/<InitializeAfterSceneLoad>d__28:MoveNext () (at Assets/OneStarMaker/Scripts/Runtime/Bootstrap/AbstractApplicationInitializer.cs:248)
Cysharp.Threading.Tasks.CompilerServices.AsyncUniTaskVoid`1<OneStarMaker.Runtime.AbstractApplicationInitializer/<InitializeAfterSceneLoad>d__28>:Run () (at ./Library/PackageCache/com.cysharp.unitask@360e370345b9/Runtime/CompilerServices/StateMachineRunner.cs:104)
Cysharp.Threading.Tasks.AwaiterActions:Continuation (object) (at ./Library/PackageCache/com.cysharp.unitask@360e370345b9/Runtime/UniTask.cs:25)
Cysharp.Threading.Tasks.UniTaskCompletionSourceCore`1<OneStarMaker.Runtime.UISystem.UICommon>:TrySetResult (OneStarMaker.Runtime.UISystem.UICommon) (at ./Library/PackageCache/com.cysharp.unitask@360e370345b9/Runtime/UniTaskCompletionSource.cs:139)
Cysharp.Threading.Tasks.CompilerServices.AsyncUniTask`2<OneStarMaker.Runtime.AbstractApplicationInitializer/<LoadUICommonAsync>d__30, OneStarMaker.Runtime.UISystem.UICommon>:SetResult (OneStarMaker.Runtime.UISystem.UICommon) (at ./Library/PackageCache/com.cysharp.unitask@360e370345b9/Runtime/CompilerServices/StateMachineRunner.cs:328)
Cysharp.Threading.Tasks.CompilerServices.AsyncUniTaskMethodBuilder`1<OneStarMaker.Runtime.UISystem.UICommon>:SetResult (OneStarMaker.Runtime.UISystem.UICommon) (at ./Library/PackageCache/com.cysharp.unitask@360e370345b9/Runtime/CompilerServices/AsyncUniTaskMethodBuilder.cs:201)
OneStarMaker.Runtime.AbstractApplicationInitializer/<LoadUICommonAsync>d__30:MoveNext () (at Assets/OneStarMaker/Scripts/Runtime/Bootstrap/AbstractApplicationInitializer.cs:449)
Cysharp.Threading.Tasks.CompilerServices.AsyncUniTask`2<OneStarMaker.Runtime.AbstractApplicationInitializer/<LoadUICommonAsync>d__30, OneStarMaker.Runtime.UISystem.UICommon>:Run () (at ./Library/PackageCache/com.cysharp.unitask@360e370345b9/Runtime/CompilerServices/StateMachineRunner.cs:313)
Cysharp.Threading.Tasks.AwaiterActions:Continuation (object) (at ./Library/PackageCache/com.cysharp.unitask@360e370345b9/Runtime/UniTask.cs:25)
Cysharp.Threading.Tasks.UniTaskCompletionSourceCore`1<OneStarMaker.Runtime.AssetManagement.ISceneHandle>:TrySetResult (OneStarMaker.Runtime.AssetManagement.ISceneHandle) (at ./Library/PackageCache/com.cysharp.unitask@360e370345b9/Runtime/UniTaskCompletionSource.cs:139)
Cysharp.Threading.Tasks.CompilerServices.AsyncUniTask`2<OneStarMaker.Runtime.AssetManagement.AssetManagement/<LoadSceneAsync>d__21, OneStarMaker.Runtime.AssetManagement.ISceneHandle>:SetResult (OneStarMaker.Runtime.AssetManagement.ISceneHandle) (at ./Library/PackageCache/com.cysharp.unitask@360e370345b9/Runtime/CompilerServices/StateMachineRunner.cs:328)
Cysharp.Threading.Tasks.CompilerServices.AsyncUniTaskMethodBuilder`1<OneStarMaker.Runtime.AssetManagement.ISceneHandle>:SetResult (OneStarMaker.Runtime.AssetManagement.ISceneHandle) (at ./Library/PackageCache/com.cysharp.unitask@360e370345b9/Runtime/CompilerServices/AsyncUniTaskMethodBuilder.cs:201)
OneStarMaker.Runtime.AssetManagement.AssetManagement/<LoadSceneAsync>d__21:MoveNext () (at Assets/OneStarMaker/Scripts/Runtime/AssetManagement/AssetManagement.cs:122)
Cysharp.Threading.Tasks.CompilerServices.AsyncUniTask`2<OneStarMaker.Runtime.AssetManagement.AssetManagement/<LoadSceneAsync>d__21, OneStarMaker.Runtime.AssetManagement.ISceneHandle>:Run () (at ./Library/PackageCache/com.cysharp.unitask@360e370345b9/Runtime/CompilerServices/StateMachineRunner.cs:313)
Cysharp.Threading.Tasks.AwaiterActions:Continuation (object) (at ./Library/PackageCache/com.cysharp.unitask@360e370345b9/Runtime/UniTask.cs:25)
Cysharp.Threading.Tasks.UniTaskCompletionSourceCore`1<OneStarMaker.Runtime.AssetManagement.Internal.IBackendScene>:TrySetResult (OneStarMaker.Runtime.AssetManagement.Internal.IBackendScene) (at ./Library/PackageCache/com.cysharp.unitask@360e370345b9/Runtime/UniTaskCompletionSource.cs:139)
Cysharp.Threading.Tasks.CompilerServices.AsyncUniTask`2<OneStarMaker.Runtime.AssetManagement.Internal.AddressableBackend/<LoadSceneAsync>d__2, OneStarMaker.Runtime.AssetManagement.Internal.IBackendScene>:SetResult (OneStarMaker.Runtime.AssetManagement.Internal.IBackendScene) (at ./Library/PackageCache/com.cysharp.unitask@360e370345b9/Runtime/CompilerServices/StateMachineRunner.cs:328)
Cysharp.Threading.Tasks.CompilerServices.AsyncUniTaskMethodBuilder`1<OneStarMaker.Runtime.AssetManagement.Internal.IBackendScene>:SetResult (OneStarMaker.Runtime.AssetManagement.Internal.IBackendScene) (at ./Library/PackageCache/com.cysharp.unitask@360e370345b9/Runtime/CompilerServices/AsyncUniTaskMethodBuilder.cs:201)
OneStarMaker.Runtime.AssetManagement.Internal.AddressableBackend/<LoadSceneAsync>d__2:MoveNext () (at Assets/OneStarMaker/Scripts/Runtime/AssetManagement/Internal/AddressableBackend.cs:53)
Cysharp.Threading.Tasks.CompilerServices.AsyncUniTask`2<OneStarMaker.Runtime.AssetManagement.Internal.AddressableBackend/<LoadSceneAsync>d__2, OneStarMaker.Runtime.AssetManagement.Internal.IBackendScene>:Run () (at ./Library/PackageCache/com.cysharp.unitask@360e370345b9/Runtime/CompilerServices/StateMachineRunner.cs:313)
Cysharp.Threading.Tasks.AwaiterActions:Continuation (object) (at ./Library/PackageCache/com.cysharp.unitask@360e370345b9/Runtime/UniTask.cs:25)
Cysharp.Threading.Tasks.UniTaskCompletionSourceCore`1<Cysharp.Threading.Tasks.AsyncUnit>:TrySetResult (Cysharp.Threading.Tasks.AsyncUnit) (at ./Library/PackageCache/com.cysharp.unitask@360e370345b9/Runtime/UniTaskCompletionSource.cs:139)
Cysharp.Threading.Tasks.CompilerServices.AsyncUniTask`1<OneStarMaker.Runtime.AssetManagement.Internal.AddressableBackend/<AwaitHandle>d__6`1<UnityEngine.ResourceManagement.ResourceProviders.SceneInstance>>:SetResult () (at ./Library/PackageCache/com.cysharp.unitask@360e370345b9/Runtime/CompilerServices/StateMachineRunner.cs:204)
Cysharp.Threading.Tasks.CompilerServices.AsyncUniTaskMethodBuilder:SetResult () (at ./Library/PackageCache/com.cysharp.unitask@360e370345b9/Runtime/CompilerServices/AsyncUniTaskMethodBuilder.cs:70)
OneStarMaker.Runtime.AssetManagement.Internal.AddressableBackend/<AwaitHandle>d__6`1<UnityEngine.ResourceManagement.ResourceProviders.SceneInstance>:MoveNext () (at Assets/OneStarMaker/Scripts/Runtime/AssetManagement/Internal/AddressableBackend.cs:105)
Cysharp.Threading.Tasks.CompilerServices.AsyncUniTask`1<OneStarMaker.Runtime.AssetManagement.Internal.AddressableBackend/<AwaitHandle>d__6`1<UnityEngine.ResourceManagement.ResourceProviders.SceneInstance>>:Run () (at ./Library/PackageCache/com.cysharp.unitask@360e370345b9/Runtime/CompilerServices/StateMachineRunner.cs:189)
Cysharp.Threading.Tasks.AwaiterActions:Continuation (object) (at ./Library/PackageCache/com.cysharp.unitask@360e370345b9/Runtime/UniTask.cs:25)
Cysharp.Threading.Tasks.UniTaskCompletionSourceCore`1<UnityEngine.ResourceManagement.ResourceProviders.SceneInstance>:TrySetResult (UnityEngine.ResourceManagement.ResourceProviders.SceneInstance) (at ./Library/PackageCache/com.cysharp.unitask@360e370345b9/Runtime/UniTaskCompletionSource.cs:139)
Cysharp.Threading.Tasks.AddressablesAsyncExtensions/AsyncOperationHandleConfiguredSource`1<UnityEngine.ResourceManagement.ResourceProviders.SceneInstance>:HandleCompleted (UnityEngine.ResourceManagement.AsyncOperations.AsyncOperationHandle`1<UnityEngine.ResourceManagement.ResourceProviders.SceneInstance>) (at ./Library/PackageCache/com.cysharp.unitask@360e370345b9/Runtime/External/Addressables/AddressablesAsyncExtensions.cs:398)
DelegateList`1<UnityEngine.ResourceManagement.AsyncOperations.AsyncOperationHandle`1<UnityEngine.ResourceManagement.ResourceProviders.SceneInstance>>:Invoke (UnityEngine.ResourceManagement.AsyncOperations.AsyncOperationHandle`1<UnityEngine.ResourceManagement.ResourceProviders.SceneInstance>) (at ./Library/PackageCache/com.unity.addressables@42676f2a154e/Runtime/ResourceManager/Util/DelegateList.cs:75)
UnityEngine.ResourceManagement.AsyncOperations.AsyncOperationBase`1<UnityEngine.ResourceManagement.ResourceProviders.SceneInstance>:InvokeCompletionEvent () (at ./Library/PackageCache/com.unity.addressables@42676f2a154e/Runtime/ResourceManager/AsyncOperations/AsyncOperationBase.cs:391)
UnityEngine.ResourceManagement.AsyncOperations.AsyncOperationBase`1<UnityEngine.ResourceManagement.ResourceProviders.SceneInstance>:Complete (UnityEngine.ResourceManagement.ResourceProviders.SceneInstance,bool,System.Exception,bool) (at ./Library/PackageCache/com.unity.addressables@42676f2a154e/Runtime/ResourceManager/AsyncOperations/AsyncOperationBase.cs:494)
UnityEngine.ResourceManagement.AsyncOperations.AsyncOperationBase`1<UnityEngine.ResourceManagement.ResourceProviders.SceneInstance>:Complete (UnityEngine.ResourceManagement.ResourceProviders.SceneInstance,bool,string,bool) (at ./Library/PackageCache/com.unity.addressables@42676f2a154e/Runtime/ResourceManager/AsyncOperations/AsyncOperationBase.cs:447)
UnityEngine.ResourceManagement.AsyncOperations.AsyncOperationBase`1<UnityEngine.ResourceManagement.ResourceProviders.SceneInstance>:Complete (UnityEngine.ResourceManagement.ResourceProviders.SceneInstance,bool,string) (at ./Library/PackageCache/com.unity.addressables@42676f2a154e/Runtime/ResourceManager/AsyncOperations/AsyncOperationBase.cs:431)
UnityEngine.ResourceManagement.ResourceProviders.SceneProvider/SceneOp:UnityEngine.ResourceManagement.IUpdateReceiver.Update (single) (at ./Library/PackageCache/com.unity.addressables@42676f2a154e/Runtime/ResourceManager/ResourceProviders/SceneProvider.cs:208)
UnityEngine.ResourceManagement.AsyncOperations.AsyncOperationBase`1<UnityEngine.ResourceManagement.ResourceProviders.SceneInstance>:UpdateCallback (single) (at ./Library/PackageCache/com.unity.addressables@42676f2a154e/Runtime/ResourceManager/AsyncOperations/AsyncOperationBase.cs:415)
DelegateList`1<single>:Invoke (single) (at ./Library/PackageCache/com.unity.addressables@42676f2a154e/Runtime/ResourceManager/Util/DelegateList.cs:75)
UnityEngine.ResourceManagement.ResourceManager:Update (single) (at ./Library/PackageCache/com.unity.addressables@42676f2a154e/Runtime/ResourceManager/ResourceManager.cs:1109)
MonoBehaviourCallbackHooks:Update () (at ./Library/PackageCache/com.unity.addressables@42676f2a154e/Runtime/ResourceManager/Util/MonoBehaviourCallbackHooks.cs:29)

(Filename: Assets/OneStarMaker/Scripts/Runtime/Bootstrap/AbstractApplicationInitializer.cs Line: 248)

TrimDiskCacheJob: Current cache size 5mb
[AppInit] Starting DebugSocket transport. mode=Connect, endpoint=ws://127.0.0.1:5011/debugsocket/, autoStart=True.
UnityEngine.Debug:ExtractStackTraceNoAlloc (byte*,int,string)
UnityEngine.StackTraceUtility:ExtractStackTrace ()
UnityEngine.DebugLogHandler:Internal_Log (UnityEngine.LogType,UnityEngine.LogOption,string,UnityEngine.Object)
UnityEngine.DebugLogHandler:LogFormat (UnityEngine.LogType,UnityEngine.Object,string,object[])
UnityEngine.Logger:Log (UnityEngine.LogType,object)
UnityEngine.Debug:Log (object)
OneStarMaker.Runtime.AbstractApplicationInitializer/<StartFrameworkServicesAsync>d__39:MoveNext () (at Assets/OneStarMaker/Scripts/Runtime/Bootstrap/AbstractApplicationInitializer.cs:676)
Cysharp.Threading.Tasks.CompilerServices.AsyncUniTaskMethodBuilder:Start<OneStarMaker.Runtime.AbstractApplicationInitializer/<StartFrameworkServicesAsync>d__39> (OneStarMaker.Runtime.AbstractApplicationInitializer/<StartFrameworkServicesAsync>d__39&) (at ./Library/PackageCache/com.cysharp.unitask@360e370345b9/Runtime/CompilerServices/AsyncUniTaskMethodBuilder.cs:111)
OneStarMaker.Runtime.AbstractApplicationInitializer:StartFrameworkServicesAsync (System.Threading.CancellationToken)
OneStarMaker.Runtime.AbstractApplicationInitializer/<InitializeAfterSceneLoad>d__28:MoveNext () (at Assets/OneStarMaker/Scripts/Runtime/Bootstrap/AbstractApplicationInitializer.cs:263)
Cysharp.Threading.Tasks.CompilerServices.AsyncUniTaskVoid`1<OneStarMaker.Runtime.AbstractApplicationInitializer/<InitializeAfterSceneLoad>d__28>:Run () (at ./Library/PackageCache/com.cysharp.unitask@360e370345b9/Runtime/CompilerServices/StateMachineRunner.cs:104)
Cysharp.Threading.Tasks.AwaiterActions:Continuation (object) (at ./Library/PackageCache/com.cysharp.unitask@360e370345b9/Runtime/UniTask.cs:25)
Cysharp.Threading.Tasks.UniTaskCompletionSourceCore`1<OneStarMaker.Runtime.SceneSystem.SceneResourceMap>:TrySetResult (OneStarMaker.Runtime.SceneSystem.SceneResourceMap) (at ./Library/PackageCache/com.cysharp.unitask@360e370345b9/Runtime/UniTaskCompletionSource.cs:139)
Cysharp.Threading.Tasks.CompilerServices.AsyncUniTask`2<OneStarMaker.Runtime.AbstractApplicationInitializer/<LoadSceneResourceMapAsync>d__31, OneStarMaker.Runtime.SceneSystem.SceneResourceMap>:SetResult (OneStarMaker.Runtime.SceneSystem.SceneResourceMap) (at ./Library/PackageCache/com.cysharp.unitask@360e370345b9/Runtime/CompilerServices/StateMachineRunner.cs:328)
Cysharp.Threading.Tasks.CompilerServices.AsyncUniTaskMethodBuilder`1<OneStarMaker.Runtime.SceneSystem.SceneResourceMap>:SetResult (OneStarMaker.Runtime.SceneSystem.SceneResourceMap) (at ./Library/PackageCache/com.cysharp.unitask@360e370345b9/Runtime/CompilerServices/AsyncUniTaskMethodBuilder.cs:201)
OneStarMaker.Runtime.AbstractApplicationInitializer/<LoadSceneResourceMapAsync>d__31:MoveNext () (at Assets/OneStarMaker/Scripts/Runtime/Bootstrap/AbstractApplicationInitializer.cs:460)
Cysharp.Threading.Tasks.CompilerServices.AsyncUniTask`2<OneStarMaker.Runtime.AbstractApplicationInitializer/<LoadSceneResourceMapAsync>d__31, OneStarMaker.Runtime.SceneSystem.SceneResourceMap>:Run () (at ./Library/PackageCache/com.cysharp.unitask@360e370345b9/Runtime/CompilerServices/StateMachineRunner.cs:313)
Cysharp.Threading.Tasks.AwaiterActions:Continuation (object) (at ./Library/PackageCache/com.cysharp.unitask@360e370345b9/Runtime/UniTask.cs:25)
Cysharp.Threading.Tasks.UniTaskCompletionSourceCore`1<OneStarMaker.Runtime.AssetManagement.IAssetHandle`1<OneStarMaker.Runtime.SceneSystem.SceneResourceMap>>:TrySetResult (OneStarMaker.Runtime.AssetManagement.IAssetHandle`1<OneStarMaker.Runtime.SceneSystem.SceneResourceMap>) (at ./Library/PackageCache/com.cysharp.unitask@360e370345b9/Runtime/UniTaskCompletionSource.cs:139)
Cysharp.Threading.Tasks.CompilerServices.AsyncUniTask`2<OneStarMaker.Runtime.AssetManagement.AssetManagement/<LoadAssetAsync>d__19`1<OneStarMaker.Runtime.SceneSystem.SceneResourceMap>, OneStarMaker.Runtime.AssetManagement.IAssetHandle`1<OneStarMaker.Runtime.SceneSystem.SceneResourceMap>>:SetResult (OneStarMaker.Runtime.AssetManagement.IAssetHandle`1<OneStarMaker.Runtime.SceneSystem.SceneResourceMap>) (at ./Library/PackageCache/com.cysharp.unitask@360e370345b9/Runtime/CompilerServices/StateMachineRunner.cs:328)
Cysharp.Threading.Tasks.CompilerServices.AsyncUniTaskMethodBuilder`1<OneStarMaker.Runtime.AssetManagement.IAssetHandle`1<OneStarMaker.Runtime.SceneSystem.SceneResourceMap>>:SetResult (OneStarMaker.Runtime.AssetManagement.IAssetHandle`1<OneStarMaker.Runtime.SceneSystem.SceneResourceMap>) (at ./Library/PackageCache/com.cysharp.unitask@360e370345b9/Runtime/CompilerServices/AsyncUniTaskMethodBuilder.cs:201)
OneStarMaker.Runtime.AssetManagement.AssetManagement/<LoadAssetAsync>d__19`1<OneStarMaker.Runtime.SceneSystem.SceneResourceMap>:MoveNext () (at Assets/OneStarMaker/Scripts/Runtime/AssetManagement/AssetManagement.cs:74)
Cysharp.Threading.Tasks.CompilerServices.AsyncUniTask`2<OneStarMaker.Runtime.AssetManagement.AssetManagement/<LoadAssetAsync>d__19`1<OneStarMaker.Runtime.SceneSystem.SceneResourceMap>, OneStarMaker.Runtime.AssetManagement.IAssetHandle`1<OneStarMaker.Runtime.SceneSystem.SceneResourceMap>>:Run () (at ./Library/PackageCache/com.cysharp.unitask@360e370345b9/Runtime/CompilerServices/StateMachineRunner.cs:313)
Cysharp.Threading.Tasks.AwaiterActions:Continuation (object) (at ./Library/PackageCache/com.cysharp.unitask@360e370345b9/Runtime/UniTask.cs:25)
Cysharp.Threading.Tasks.UniTaskCompletionSourceCore`1<OneStarMaker.Runtime.AssetManagement.Internal.IBackendAsset>:TrySetResult (OneStarMaker.Runtime.AssetManagement.Internal.IBackendAsset) (at ./Library/PackageCache/com.cysharp.unitask@360e370345b9/Runtime/UniTaskCompletionSource.cs:139)
Cysharp.Threading.Tasks.CompilerServices.AsyncUniTask`2<OneStarMaker.Runtime.AssetManagement.AssetManagement/<LoadBackendAssetDedup>d__37`1<OneStarMaker.Runtime.SceneSystem.SceneResourceMap>, OneStarMaker.Runtime.AssetManagement.Internal.IBackendAsset>:SetResult (OneStarMaker.Runtime.AssetManagement.Internal.IBackendAsset) (at ./Library/PackageCache/com.cysharp.unitask@360e370345b9/Runtime/CompilerServices/StateMachineRunner.cs:328)
Cysharp.Threading.Tasks.CompilerServices.AsyncUniTaskMethodBuilder`1<OneStarMaker.Runtime.AssetManagement.Internal.IBackendAsset>:SetResult (OneStarMaker.Runtime.AssetManagement.Internal.IBackendAsset) (at ./Library/PackageCache/com.cysharp.unitask@360e370345b9/Runtime/CompilerServices/AsyncUniTaskMethodBuilder.cs:201)
OneStarMaker.Runtime.AssetManagement.AssetManagement/<LoadBackendAssetDedup>d__37`1<OneStarMaker.Runtime.SceneSystem.SceneResourceMap>:MoveNext () (at Assets/OneStarMaker/Scripts/Runtime/AssetManagement/AssetManagement.cs:343)
Cysharp.Threading.Tasks.CompilerServices.AsyncUniTask`2<OneStarMaker.Runtime.AssetManagement.AssetManagement/<LoadBackendAssetDedup>d__37`1<OneStarMaker.Runtime.SceneSystem.SceneResourceMap>, OneStarMaker.Runtime.AssetManagement.Internal.IBackendAsset>:Run () (at ./Library/PackageCache/com.cysharp.unitask@360e370345b9/Runtime/CompilerServices/StateMachineRunner.cs:313)
Cysharp.Threading.Tasks.AwaiterActions:Continuation (object) (at ./Library/PackageCache/com.cysharp.unitask@360e370345b9/Runtime/UniTask.cs:25)
Cysharp.Threading.Tasks.UniTaskCompletionSourceCore`1<OneStarMaker.Runtime.AssetManagement.Internal.IBackendAsset>:TrySetResult (OneStarMaker.Runtime.AssetManagement.Internal.IBackendAsset) (at ./Library/PackageCache/com.cysharp.unitask@360e370345b9/Runtime/UniTaskCompletionSource.cs:139)
Cysharp.Threading.Tasks.CompilerServices.AsyncUniTask`2<OneStarMaker.Runtime.AssetManagement.Internal.AddressableBackend/<LoadAssetAsync>d__0`1<OneStarMaker.Runtime.SceneSystem.SceneResourceMap>, OneStarMaker.Runtime.AssetManagement.Internal.IBackendAsset>:SetResult (OneStarMaker.Runtime.AssetManagement.Internal.IBackendAsset) (at ./Library/PackageCache/com.cysharp.unitask@360e370345b9/Runtime/CompilerServices/StateMachineRunner.cs:328)
Cysharp.Threading.Tasks.CompilerServices.AsyncUniTaskMethodBuilder`1<OneStarMaker.Runtime.AssetManagement.Internal.IBackendAsset>:SetResult (OneStarMaker.Runtime.AssetManagement.Internal.IBackendAsset) (at ./Library/PackageCache/com.cysharp.unitask@360e370345b9/Runtime/CompilerServices/AsyncUniTaskMethodBuilder.cs:201)
OneStarMaker.Runtime.AssetManagement.Internal.AddressableBackend/<LoadAssetAsync>d__0`1<OneStarMaker.Runtime.SceneSystem.SceneResourceMap>:MoveNext () (at Assets/OneStarMaker/Scripts/Runtime/AssetManagement/Internal/AddressableBackend.cs:26)
Cysharp.Threading.Tasks.CompilerServices.AsyncUniTask`2<OneStarMaker.Runtime.AssetManagement.Internal.AddressableBackend/<LoadAssetAsync>d__0`1<OneStarMaker.Runtime.SceneSystem.SceneResourceMap>, OneStarMaker.Runtime.AssetManagement.Internal.IBackendAsset>:Run () (at ./Library/PackageCache/com.cysharp.unitask@360e370345b9/Runtime/CompilerServices/StateMachineRunner.cs:313)
Cysharp.Threading.Tasks.AwaiterActions:Continuation (object) (at ./Library/PackageCache/com.cysharp.unitask@360e370345b9/Runtime/UniTask.cs:25)
Cysharp.Threading.Tasks.UniTaskCompletionSourceCore`1<Cysharp.Threading.Tasks.AsyncUnit>:TrySetResult (Cysharp.Threading.Tasks.AsyncUnit) (at ./Library/PackageCache/com.cysharp.unitask@360e370345b9/Runtime/UniTaskCompletionSource.cs:139)
Cysharp.Threading.Tasks.CompilerServices.AsyncUniTask`1<OneStarMaker.Runtime.AssetManagement.Internal.AddressableBackend/<AwaitHandle>d__6`1<OneStarMaker.Runtime.SceneSystem.SceneResourceMap>>:SetResult () (at ./Library/PackageCache/com.cysharp.unitask@360e370345b9/Runtime/CompilerServices/StateMachineRunner.cs:204)
Cysharp.Threading.Tasks.CompilerServices.AsyncUniTaskMethodBuilder:SetResult () (at ./Library/PackageCache/com.cysharp.unitask@360e370345b9/Runtime/CompilerServices/AsyncUniTaskMethodBuilder.cs:70)
OneStarMaker.Runtime.AssetManagement.Internal.AddressableBackend/<AwaitHandle>d__6`1<OneStarMaker.Runtime.SceneSystem.SceneResourceMap>:MoveNext () (at Assets/OneStarMaker/Scripts/Runtime/AssetManagement/Internal/AddressableBackend.cs:105)
Cysharp.Threading.Tasks.CompilerServices.AsyncUniTask`1<OneStarMaker.Runtime.AssetManagement.Internal.AddressableBackend/<AwaitHandle>d__6`1<OneStarMaker.Runtime.SceneSystem.SceneResourceMap>>:Run () (at ./Library/PackageCache/com.cysharp.unitask@360e370345b9/Runtime/CompilerServices/StateMachineRunner.cs:189)
Cysharp.Threading.Tasks.AwaiterActions:Continuation (object) (at ./Library/PackageCache/com.cysharp.unitask@360e370345b9/Runtime/UniTask.cs:25)
Cysharp.Threading.Tasks.UniTaskCompletionSourceCore`1<OneStarMaker.Runtime.SceneSystem.SceneResourceMap>:TrySetResult (OneStarMaker.Runtime.SceneSystem.SceneResourceMap) (at ./Library/PackageCache/com.cysharp.unitask@360e370345b9/Runtime/UniTaskCompletionSource.cs:139)
Cysharp.Threading.Tasks.AddressablesAsyncExtensions/AsyncOperationHandleConfiguredSource`1<OneStarMaker.Runtime.SceneSystem.SceneResourceMap>:HandleCompleted (UnityEngine.ResourceManagement.AsyncOperations.AsyncOperationHandle`1<OneStarMaker.Runtime.SceneSystem.SceneResourceMap>) (at ./Library/PackageCache/com.cysharp.unitask@360e370345b9/Runtime/External/Addressables/AddressablesAsyncExtensions.cs:398)
DelegateList`1<UnityEngine.ResourceManagement.AsyncOperations.AsyncOperationHandle`1<OneStarMaker.Runtime.SceneSystem.SceneResourceMap>>:Invoke (UnityEngine.ResourceManagement.AsyncOperations.AsyncOperationHandle`1<OneStarMaker.Runtime.SceneSystem.SceneResourceMap>) (at ./Library/PackageCache/com.unity.addressables@42676f2a154e/Runtime/ResourceManager/Util/DelegateList.cs:75)
UnityEngine.ResourceManagement.AsyncOperations.AsyncOperationBase`1<OneStarMaker.Runtime.SceneSystem.SceneResourceMap>:InvokeCompletionEvent () (at ./Library/PackageCache/com.unity.addressables@42676f2a154e/Runtime/ResourceManager/AsyncOperations/AsyncOperationBase.cs:391)
UnityEngine.ResourceManagement.AsyncOperations.AsyncOperationBase`1<OneStarMaker.Runtime.SceneSystem.SceneResourceMap>:Complete (OneStarMaker.Runtime.SceneSystem.SceneResourceMap,bool,System.Exception,bool) (at ./Library/PackageCache/com.unity.addressables@42676f2a154e/Runtime/ResourceManager/AsyncOperations/AsyncOperationBase.cs:494)
UnityEngine.ResourceManagement.AsyncOperations.ProviderOperation`1<OneStarMaker.Runtime.SceneSystem.SceneResourceMap>:ProviderCompleted<object> (object,bool,System.Exception) (at ./Library/PackageCache/com.unity.addressables@42676f2a154e/Runtime/ResourceManager/AsyncOperations/ProviderOperation.cs:189)
UnityEngine.ResourceManagement.ResourceProviders.ProvideHandle:Complete<object> (object,bool,System.Exception) (at ./Library/PackageCache/com.unity.addressables@42676f2a154e/Runtime/ResourceManager/ResourceProviders/IResourceProvider.cs:146)
UnityEngine.ResourceManagement.ResourceProviders.AssetDatabaseProvider/InternalOp:LoadImmediate () (at ./Library/PackageCache/com.unity.addressables@42676f2a154e/Runtime/ResourceManager/ResourceProviders/AssetDatabaseProvider.cs:130)
System.Reflection.RuntimeMethodInfo:Invoke (object,System.Reflection.BindingFlags,System.Reflection.Binder,object[],System.Globalization.CultureInfo)
System.Reflection.MethodBase:Invoke (object,object[])
System.Delegate:DynamicInvokeImpl (object[])
System.MulticastDelegate:DynamicInvokeImpl (object[])
System.Delegate:DynamicInvoke (object[])
UnityEngine.ResourceManagement.Util.DelayedActionManager/DelegateInfo:Invoke () (at ./Library/PackageCache/com.unity.addressables@42676f2a154e/Runtime/ResourceManager/Util/DelayedActionManager.cs:55)
UnityEngine.ResourceManagement.Util.DelayedActionManager:InternalLateUpdate (single) (at ./Library/PackageCache/com.unity.addressables@42676f2a154e/Runtime/ResourceManager/Util/DelayedActionManager.cs:192)
UnityEngine.ResourceManagement.Util.DelayedActionManager:LateUpdate () (at ./Library/PackageCache/com.unity.addressables@42676f2a154e/Runtime/ResourceManager/Util/DelayedActionManager.cs:171)

(Filename: Assets/OneStarMaker/Scripts/Runtime/Bootstrap/AbstractApplicationInitializer.cs Line: 676)

[DebugSocket] Starting outbound client transport. endpoint=ws://127.0.0.1:5011/debugsocket/
UnityEngine.Debug:ExtractStackTraceNoAlloc (byte*,int,string)
UnityEngine.StackTraceUtility:ExtractStackTrace ()
UnityEngine.DebugLogHandler:Internal_Log (UnityEngine.LogType,UnityEngine.LogOption,string,UnityEngine.Object)
UnityEngine.DebugLogHandler:LogFormat (UnityEngine.LogType,UnityEngine.Object,string,object[])
UnityEngine.Logger:Log (UnityEngine.LogType,object)
UnityEngine.Debug:Log (object)
OneStarMaker.Runtime.DebugSocketServices.DebugSocketTransportHost:StartOutbound (System.Threading.CancellationToken) (at Assets/OneStarMaker/Scripts/Runtime/DebugSocketServices/Transport/DebugSocketTransportHost.cs:51)
OneStarMaker.Runtime.DebugSocketServices.DebugSocketService:StartAsync (System.Threading.CancellationToken) (at Assets/OneStarMaker/Scripts/Runtime/DebugSocketServices/DebugSocketService.cs:238)
OneStarMaker.Runtime.AbstractApplicationInitializer/<StartFrameworkServicesAsync>d__39:MoveNext () (at Assets/OneStarMaker/Scripts/Runtime/Bootstrap/AbstractApplicationInitializer.cs:678)
Cysharp.Threading.Tasks.CompilerServices.AsyncUniTaskMethodBuilder:Start<OneStarMaker.Runtime.AbstractApplicationInitializer/<StartFrameworkServicesAsync>d__39> (OneStarMaker.Runtime.AbstractApplicationInitializer/<StartFrameworkServicesAsync>d__39&) (at ./Library/PackageCache/com.cysharp.unitask@360e370345b9/Runtime/CompilerServices/AsyncUniTaskMethodBuilder.cs:111)
OneStarMaker.Runtime.AbstractApplicationInitializer:StartFrameworkServicesAsync (System.Threading.CancellationToken)
OneStarMaker.Runtime.AbstractApplicationInitializer/<InitializeAfterSceneLoad>d__28:MoveNext () (at Assets/OneStarMaker/Scripts/Runtime/Bootstrap/AbstractApplicationInitializer.cs:263)
Cysharp.Threading.Tasks.CompilerServices.AsyncUniTaskVoid`1<OneStarMaker.Runtime.AbstractApplicationInitializer/<InitializeAfterSceneLoad>d__28>:Run () (at ./Library/PackageCache/com.cysharp.unitask@360e370345b9/Runtime/CompilerServices/StateMachineRunner.cs:104)
Cysharp.Threading.Tasks.AwaiterActions:Continuation (object) (at ./Library/PackageCache/com.cysharp.unitask@360e370345b9/Runtime/UniTask.cs:25)
Cysharp.Threading.Tasks.UniTaskCompletionSourceCore`1<OneStarMaker.Runtime.SceneSystem.SceneResourceMap>:TrySetResult (OneStarMaker.Runtime.SceneSystem.SceneResourceMap) (at ./Library/PackageCache/com.cysharp.unitask@360e370345b9/Runtime/UniTaskCompletionSource.cs:139)
Cysharp.Threading.Tasks.CompilerServices.AsyncUniTask`2<OneStarMaker.Runtime.AbstractApplicationInitializer/<LoadSceneResourceMapAsync>d__31, OneStarMaker.Runtime.SceneSystem.SceneResourceMap>:SetResult (OneStarMaker.Runtime.SceneSystem.SceneResourceMap) (at ./Library/PackageCache/com.cysharp.unitask@360e370345b9/Runtime/CompilerServices/StateMachineRunner.cs:328)
Cysharp.Threading.Tasks.CompilerServices.AsyncUniTaskMethodBuilder`1<OneStarMaker.Runtime.SceneSystem.SceneResourceMap>:SetResult (OneStarMaker.Runtime.SceneSystem.SceneResourceMap) (at ./Library/PackageCache/com.cysharp.unitask@360e370345b9/Runtime/CompilerServices/AsyncUniTaskMethodBuilder.cs:201)
OneStarMaker.Runtime.AbstractApplicationInitializer/<LoadSceneResourceMapAsync>d__31:MoveNext () (at Assets/OneStarMaker/Scripts/Runtime/Bootstrap/AbstractApplicationInitializer.cs:460)
Cysharp.Threading.Tasks.CompilerServices.AsyncUniTask`2<OneStarMaker.Runtime.AbstractApplicationInitializer/<LoadSceneResourceMapAsync>d__31, OneStarMaker.Runtime.SceneSystem.SceneResourceMap>:Run () (at ./Library/PackageCache/com.cysharp.unitask@360e370345b9/Runtime/CompilerServices/StateMachineRunner.cs:313)
Cysharp.Threading.Tasks.AwaiterActions:Continuation (object) (at ./Library/PackageCache/com.cysharp.unitask@360e370345b9/Runtime/UniTask.cs:25)
Cysharp.Threading.Tasks.UniTaskCompletionSourceCore`1<OneStarMaker.Runtime.AssetManagement.IAssetHandle`1<OneStarMaker.Runtime.SceneSystem.SceneResourceMap>>:TrySetResult (OneStarMaker.Runtime.AssetManagement.IAssetHandle`1<OneStarMaker.Runtime.SceneSystem.SceneResourceMap>) (at ./Library/PackageCache/com.cysharp.unitask@360e370345b9/Runtime/UniTaskCompletionSource.cs:139)
Cysharp.Threading.Tasks.CompilerServices.AsyncUniTask`2<OneStarMaker.Runtime.AssetManagement.AssetManagement/<LoadAssetAsync>d__19`1<OneStarMaker.Runtime.SceneSystem.SceneResourceMap>, OneStarMaker.Runtime.AssetManagement.IAssetHandle`1<OneStarMaker.Runtime.SceneSystem.SceneResourceMap>>:SetResult (OneStarMaker.Runtime.AssetManagement.IAssetHandle`1<OneStarMaker.Runtime.SceneSystem.SceneResourceMap>) (at ./Library/PackageCache/com.cysharp.unitask@360e370345b9/Runtime/CompilerServices/StateMachineRunner.cs:328)
Cysharp.Threading.Tasks.CompilerServices.AsyncUniTaskMethodBuilder`1<OneStarMaker.Runtime.AssetManagement.IAssetHandle`1<OneStarMaker.Runtime.SceneSystem.SceneResourceMap>>:SetResult (OneStarMaker.Runtime.AssetManagement.IAssetHandle`1<OneStarMaker.Runtime.SceneSystem.SceneResourceMap>) (at ./Library/PackageCache/com.cysharp.unitask@360e370345b9/Runtime/CompilerServices/AsyncUniTaskMethodBuilder.cs:201)
OneStarMaker.Runtime.AssetManagement.AssetManagement/<LoadAssetAsync>d__19`1<OneStarMaker.Runtime.SceneSystem.SceneResourceMap>:MoveNext () (at Assets/OneStarMaker/Scripts/Runtime/AssetManagement/AssetManagement.cs:74)
Cysharp.Threading.Tasks.CompilerServices.AsyncUniTask`2<OneStarMaker.Runtime.AssetManagement.AssetManagement/<LoadAssetAsync>d__19`1<OneStarMaker.Runtime.SceneSystem.SceneResourceMap>, OneStarMaker.Runtime.AssetManagement.IAssetHandle`1<OneStarMaker.Runtime.SceneSystem.SceneResourceMap>>:Run () (at ./Library/PackageCache/com.cysharp.unitask@360e370345b9/Runtime/CompilerServices/StateMachineRunner.cs:313)
Cysharp.Threading.Tasks.AwaiterActions:Continuation (object) (at ./Library/PackageCache/com.cysharp.unitask@360e370345b9/Runtime/UniTask.cs:25)
Cysharp.Threading.Tasks.UniTaskCompletionSourceCore`1<OneStarMaker.Runtime.AssetManagement.Internal.IBackendAsset>:TrySetResult (OneStarMaker.Runtime.AssetManagement.Internal.IBackendAsset) (at ./Library/PackageCache/com.cysharp.unitask@360e370345b9/Runtime/UniTaskCompletionSource.cs:139)
Cysharp.Threading.Tasks.CompilerServices.AsyncUniTask`2<OneStarMaker.Runtime.AssetManagement.AssetManagement/<LoadBackendAssetDedup>d__37`1<OneStarMaker.Runtime.SceneSystem.SceneResourceMap>, OneStarMaker.Runtime.AssetManagement.Internal.IBackendAsset>:SetResult (OneStarMaker.Runtime.AssetManagement.Internal.IBackendAsset) (at ./Library/PackageCache/com.cysharp.unitask@360e370345b9/Runtime/CompilerServices/StateMachineRunner.cs:328)
Cysharp.Threading.Tasks.CompilerServices.AsyncUniTaskMethodBuilder`1<OneStarMaker.Runtime.AssetManagement.Internal.IBackendAsset>:SetResult (OneStarMaker.Runtime.AssetManagement.Internal.IBackendAsset) (at ./Library/PackageCache/com.cysharp.unitask@360e370345b9/Runtime/CompilerServices/AsyncUniTaskMethodBuilder.cs:201)
OneStarMaker.Runtime.AssetManagement.AssetManagement/<LoadBackendAssetDedup>d__37`1<OneStarMaker.Runtime.SceneSystem.SceneResourceMap>:MoveNext () (at Assets/OneStarMaker/Scripts/Runtime/AssetManagement/AssetManagement.cs:343)
Cysharp.Threading.Tasks.CompilerServices.AsyncUniTask`2<OneStarMaker.Runtime.AssetManagement.AssetManagement/<LoadBackendAssetDedup>d__37`1<OneStarMaker.Runtime.SceneSystem.SceneResourceMap>, OneStarMaker.Runtime.AssetManagement.Internal.IBackendAsset>:Run () (at ./Library/PackageCache/com.cysharp.unitask@360e370345b9/Runtime/CompilerServices/StateMachineRunner.cs:313)
Cysharp.Threading.Tasks.AwaiterActions:Continuation (object) (at ./Library/PackageCache/com.cysharp.unitask@360e370345b9/Runtime/UniTask.cs:25)
Cysharp.Threading.Tasks.UniTaskCompletionSourceCore`1<OneStarMaker.Runtime.AssetManagement.Internal.IBackendAsset>:TrySetResult (OneStarMaker.Runtime.AssetManagement.Internal.IBackendAsset) (at ./Library/PackageCache/com.cysharp.unitask@360e370345b9/Runtime/UniTaskCompletionSource.cs:139)
Cysharp.Threading.Tasks.CompilerServices.AsyncUniTask`2<OneStarMaker.Runtime.AssetManagement.Internal.AddressableBackend/<LoadAssetAsync>d__0`1<OneStarMaker.Runtime.SceneSystem.SceneResourceMap>, OneStarMaker.Runtime.AssetManagement.Internal.IBackendAsset>:SetResult (OneStarMaker.Runtime.AssetManagement.Internal.IBackendAsset) (at ./Library/PackageCache/com.cysharp.unitask@360e370345b9/Runtime/CompilerServices/StateMachineRunner.cs:328)
Cysharp.Threading.Tasks.CompilerServices.AsyncUniTaskMethodBuilder`1<OneStarMaker.Runtime.AssetManagement.Internal.IBackendAsset>:SetResult (OneStarMaker.Runtime.AssetManagement.Internal.IBackendAsset) (at ./Library/PackageCache/com.cysharp.unitask@360e370345b9/Runtime/CompilerServices/AsyncUniTaskMethodBuilder.cs:201)
OneStarMaker.Runtime.AssetManagement.Internal.AddressableBackend/<LoadAssetAsync>d__0`1<OneStarMaker.Runtime.SceneSystem.SceneResourceMap>:MoveNext () (at Assets/OneStarMaker/Scripts/Runtime/AssetManagement/Internal/AddressableBackend.cs:26)
Cysharp.Threading.Tasks.CompilerServices.AsyncUniTask`2<OneStarMaker.Runtime.AssetManagement.Internal.AddressableBackend/<LoadAssetAsync>d__0`1<OneStarMaker.Runtime.SceneSystem.SceneResourceMap>, OneStarMaker.Runtime.AssetManagement.Internal.IBackendAsset>:Run () (at ./Library/PackageCache/com.cysharp.unitask@360e370345b9/Runtime/CompilerServices/StateMachineRunner.cs:313)
Cysharp.Threading.Tasks.AwaiterActions:Continuation (object) (at ./Library/PackageCache/com.cysharp.unitask@360e370345b9/Runtime/UniTask.cs:25)
Cysharp.Threading.Tasks.UniTaskCompletionSourceCore`1<Cysharp.Threading.Tasks.AsyncUnit>:TrySetResult (Cysharp.Threading.Tasks.AsyncUnit) (at ./Library/PackageCache/com.cysharp.unitask@360e370345b9/Runtime/UniTaskCompletionSource.cs:139)
Cysharp.Threading.Tasks.CompilerServices.AsyncUniTask`1<OneStarMaker.Runtime.AssetManagement.Internal.AddressableBackend/<AwaitHandle>d__6`1<OneStarMaker.Runtime.SceneSystem.SceneResourceMap>>:SetResult () (at ./Library/PackageCache/com.cysharp.unitask@360e370345b9/Runtime/CompilerServices/StateMachineRunner.cs:204)
Cysharp.Threading.Tasks.CompilerServices.AsyncUniTaskMethodBuilder:SetResult () (at ./Library/PackageCache/com.cysharp.unitask@360e370345b9/Runtime/CompilerServices/AsyncUniTaskMethodBuilder.cs:70)
OneStarMaker.Runtime.AssetManagement.Internal.AddressableBackend/<AwaitHandle>d__6`1<OneStarMaker.Runtime.SceneSystem.SceneResourceMap>:MoveNext () (at Assets/OneStarMaker/Scripts/Runtime/AssetManagement/Internal/AddressableBackend.cs:105)
Cysharp.Threading.Tasks.CompilerServices.AsyncUniTask`1<OneStarMaker.Runtime.AssetManagement.Internal.AddressableBackend/<AwaitHandle>d__6`1<OneStarMaker.Runtime.SceneSystem.SceneResourceMap>>:Run () (at ./Library/PackageCache/com.cysharp.unitask@360e370345b9/Runtime/CompilerServices/StateMachineRunner.cs:189)
Cysharp.Threading.Tasks.AwaiterActions:Continuation (object) (at ./Library/PackageCache/com.cysharp.unitask@360e370345b9/Runtime/UniTask.cs:25)
Cysharp.Threading.Tasks.UniTaskCompletionSourceCore`1<OneStarMaker.Runtime.SceneSystem.SceneResourceMap>:TrySetResult (OneStarMaker.Runtime.SceneSystem.SceneResourceMap) (at ./Library/PackageCache/com.cysharp.unitask@360e370345b9/Runtime/UniTaskCompletionSource.cs:139)
Cysharp.Threading.Tasks.AddressablesAsyncExtensions/AsyncOperationHandleConfiguredSource`1<OneStarMaker.Runtime.SceneSystem.SceneResourceMap>:HandleCompleted (UnityEngine.ResourceManagement.AsyncOperations.AsyncOperationHandle`1<OneStarMaker.Runtime.SceneSystem.SceneResourceMap>) (at ./Library/PackageCache/com.cysharp.unitask@360e370345b9/Runtime/External/Addressables/AddressablesAsyncExtensions.cs:398)
DelegateList`1<UnityEngine.ResourceManagement.AsyncOperations.AsyncOperationHandle`1<OneStarMaker.Runtime.SceneSystem.SceneResourceMap>>:Invoke (UnityEngine.ResourceManagement.AsyncOperations.AsyncOperationHandle`1<OneStarMaker.Runtime.SceneSystem.SceneResourceMap>) (at ./Library/PackageCache/com.unity.addressables@42676f2a154e/Runtime/ResourceManager/Util/DelegateList.cs:75)
UnityEngine.ResourceManagement.AsyncOperations.AsyncOperationBase`1<OneStarMaker.Runtime.SceneSystem.SceneResourceMap>:InvokeCompletionEvent () (at ./Library/PackageCache/com.unity.addressables@42676f2a154e/Runtime/ResourceManager/AsyncOperations/AsyncOperationBase.cs:391)
UnityEngine.ResourceManagement.AsyncOperations.AsyncOperationBase`1<OneStarMaker.Runtime.SceneSystem.SceneResourceMap>:Complete (OneStarMaker.Runtime.SceneSystem.SceneResourceMap,bool,System.Exception,bool) (at ./Library/PackageCache/com.unity.addressables@42676f2a154e/Runtime/ResourceManager/AsyncOperations/AsyncOperationBase.cs:494)
UnityEngine.ResourceManagement.AsyncOperations.ProviderOperation`1<OneStarMaker.Runtime.SceneSystem.SceneResourceMap>:ProviderCompleted<object> (object,bool,System.Exception) (at ./Library/PackageCache/com.unity.addressables@42676f2a154e/Runtime/ResourceManager/AsyncOperations/ProviderOperation.cs:189)
UnityEngine.ResourceManagement.ResourceProviders.ProvideHandle:Complete<object> (object,bool,System.Exception) (at ./Library/PackageCache/com.unity.addressables@42676f2a154e/Runtime/ResourceManager/ResourceProviders/IResourceProvider.cs:146)
UnityEngine.ResourceManagement.ResourceProviders.AssetDatabaseProvider/InternalOp:LoadImmediate () (at ./Library/PackageCache/com.unity.addressables@42676f2a154e/Runtime/ResourceManager/ResourceProviders/AssetDatabaseProvider.cs:130)
System.Reflection.RuntimeMethodInfo:Invoke (object,System.Reflection.BindingFlags,System.Reflection.Binder,object[],System.Globalization.CultureInfo)
System.Reflection.MethodBase:Invoke (object,object[])
System.Delegate:DynamicInvokeImpl (object[])
System.MulticastDelegate:DynamicInvokeImpl (object[])
System.Delegate:DynamicInvoke (object[])
UnityEngine.ResourceManagement.Util.DelayedActionManager/DelegateInfo:Invoke () (at ./Library/PackageCache/com.unity.addressables@42676f2a154e/Runtime/ResourceManager/Util/DelayedActionManager.cs:55)
UnityEngine.ResourceManagement.Util.DelayedActionManager:InternalLateUpdate (single) (at ./Library/PackageCache/com.unity.addressables@42676f2a154e/Runtime/ResourceManager/Util/DelayedActionManager.cs:192)
UnityEngine.ResourceManagement.Util.DelayedActionManager:LateUpdate () (at ./Library/PackageCache/com.unity.addressables@42676f2a154e/Runtime/ResourceManager/Util/DelayedActionManager.cs:171)

(Filename: Assets/OneStarMaker/Scripts/Runtime/DebugSocketServices/Transport/DebugSocketTransportHost.cs Line: 51)

[DebugSocket] Connecting to DebugStudio server. endpoint=ws://127.0.0.1:5011/debugsocket/
UnityEngine.Debug:ExtractStackTraceNoAlloc (byte*,int,string)
UnityEngine.StackTraceUtility:ExtractStackTrace ()
UnityEngine.DebugLogHandler:Internal_Log (UnityEngine.LogType,UnityEngine.LogOption,string,UnityEngine.Object)
UnityEngine.DebugLogHandler:LogFormat (UnityEngine.LogType,UnityEngine.Object,string,object[])
UnityEngine.Logger:Log (UnityEngine.LogType,object)
UnityEngine.Debug:Log (object)
OneStarMaker.Runtime.DebugSocketServices.DebugSocketTransportHost/<ConnectLoopAsync>d__15:MoveNext () (at Assets/OneStarMaker/Scripts/Runtime/DebugSocketServices/Transport/DebugSocketTransportHost.cs:148)
Cysharp.Threading.Tasks.CompilerServices.AsyncUniTaskMethodBuilder:Start<OneStarMaker.Runtime.DebugSocketServices.DebugSocketTransportHost/<ConnectLoopAsync>d__15> (OneStarMaker.Runtime.DebugSocketServices.DebugSocketTransportHost/<ConnectLoopAsync>d__15&) (at ./Library/PackageCache/com.cysharp.unitask@360e370345b9/Runtime/CompilerServices/AsyncUniTaskMethodBuilder.cs:111)
OneStarMaker.Runtime.DebugSocketServices.DebugSocketTransportHost:ConnectLoopAsync (System.Uri,System.Threading.CancellationToken)
OneStarMaker.Runtime.DebugSocketServices.DebugSocketTransportHost:StartOutbound (System.Threading.CancellationToken) (at Assets/OneStarMaker/Scripts/Runtime/DebugSocketServices/Transport/DebugSocketTransportHost.cs:52)
OneStarMaker.Runtime.DebugSocketServices.DebugSocketService:StartAsync (System.Threading.CancellationToken) (at Assets/OneStarMaker/Scripts/Runtime/DebugSocketServices/DebugSocketService.cs:238)
OneStarMaker.Runtime.AbstractApplicationInitializer/<StartFrameworkServicesAsync>d__39:MoveNext () (at Assets/OneStarMaker/Scripts/Runtime/Bootstrap/AbstractApplicationInitializer.cs:678)
Cysharp.Threading.Tasks.CompilerServices.AsyncUniTaskMethodBuilder:Start<OneStarMaker.Runtime.AbstractApplicationInitializer/<StartFrameworkServicesAsync>d__39> (OneStarMaker.Runtime.AbstractApplicationInitializer/<StartFrameworkServicesAsync>d__39&) (at ./Library/PackageCache/com.cysharp.unitask@360e370345b9/Runtime/CompilerServices/AsyncUniTaskMethodBuilder.cs:111)
OneStarMaker.Runtime.AbstractApplicationInitializer:StartFrameworkServicesAsync (System.Threading.CancellationToken)
OneStarMaker.Runtime.AbstractApplicationInitializer/<InitializeAfterSceneLoad>d__28:MoveNext () (at Assets/OneStarMaker/Scripts/Runtime/Bootstrap/AbstractApplicationInitializer.cs:263)
Cysharp.Threading.Tasks.CompilerServices.AsyncUniTaskVoid`1<OneStarMaker.Runtime.AbstractApplicationInitializer/<InitializeAfterSceneLoad>d__28>:Run () (at ./Library/PackageCache/com.cysharp.unitask@360e370345b9/Runtime/CompilerServices/StateMachineRunner.cs:104)
Cysharp.Threading.Tasks.AwaiterActions:Continuation (object) (at ./Library/PackageCache/com.cysharp.unitask@360e370345b9/Runtime/UniTask.cs:25)
Cysharp.Threading.Tasks.UniTaskCompletionSourceCore`1<OneStarMaker.Runtime.SceneSystem.SceneResourceMap>:TrySetResult (OneStarMaker.Runtime.SceneSystem.SceneResourceMap) (at ./Library/PackageCache/com.cysharp.unitask@360e370345b9/Runtime/UniTaskCompletionSource.cs:139)
Cysharp.Threading.Tasks.CompilerServices.AsyncUniTask`2<OneStarMaker.Runtime.AbstractApplicationInitializer/<LoadSceneResourceMapAsync>d__31, OneStarMaker.Runtime.SceneSystem.SceneResourceMap>:SetResult (OneStarMaker.Runtime.SceneSystem.SceneResourceMap) (at ./Library/PackageCache/com.cysharp.unitask@360e370345b9/Runtime/CompilerServices/StateMachineRunner.cs:328)
Cysharp.Threading.Tasks.CompilerServices.AsyncUniTaskMethodBuilder`1<OneStarMaker.Runtime.SceneSystem.SceneResourceMap>:SetResult (OneStarMaker.Runtime.SceneSystem.SceneResourceMap) (at ./Library/PackageCache/com.cysharp.unitask@360e370345b9/Runtime/CompilerServices/AsyncUniTaskMethodBuilder.cs:201)
OneStarMaker.Runtime.AbstractApplicationInitializer/<LoadSceneResourceMapAsync>d__31:MoveNext () (at Assets/OneStarMaker/Scripts/Runtime/Bootstrap/AbstractApplicationInitializer.cs:460)
Cysharp.Threading.Tasks.CompilerServices.AsyncUniTask`2<OneStarMaker.Runtime.AbstractApplicationInitializer/<LoadSceneResourceMapAsync>d__31, OneStarMaker.Runtime.SceneSystem.SceneResourceMap>:Run () (at ./Library/PackageCache/com.cysharp.unitask@360e370345b9/Runtime/CompilerServices/StateMachineRunner.cs:313)
Cysharp.Threading.Tasks.AwaiterActions:Continuation (object) (at ./Library/PackageCache/com.cysharp.unitask@360e370345b9/Runtime/UniTask.cs:25)
Cysharp.Threading.Tasks.UniTaskCompletionSourceCore`1<OneStarMaker.Runtime.AssetManagement.IAssetHandle`1<OneStarMaker.Runtime.SceneSystem.SceneResourceMap>>:TrySetResult (OneStarMaker.Runtime.AssetManagement.IAssetHandle`1<OneStarMaker.Runtime.SceneSystem.SceneResourceMap>) (at ./Library/PackageCache/com.cysharp.unitask@360e370345b9/Runtime/UniTaskCompletionSource.cs:139)
Cysharp.Threading.Tasks.CompilerServices.AsyncUniTask`2<OneStarMaker.Runtime.AssetManagement.AssetManagement/<LoadAssetAsync>d__19`1<OneStarMaker.Runtime.SceneSystem.SceneResourceMap>, OneStarMaker.Runtime.AssetManagement.IAssetHandle`1<OneStarMaker.Runtime.SceneSystem.SceneResourceMap>>:SetResult (OneStarMaker.Runtime.AssetManagement.IAssetHandle`1<OneStarMaker.Runtime.SceneSystem.SceneResourceMap>) (at ./Library/PackageCache/com.cysharp.unitask@360e370345b9/Runtime/CompilerServices/StateMachineRunner.cs:328)
Cysharp.Threading.Tasks.CompilerServices.AsyncUniTaskMethodBuilder`1<OneStarMaker.Runtime.AssetManagement.IAssetHandle`1<OneStarMaker.Runtime.SceneSystem.SceneResourceMap>>:SetResult (OneStarMaker.Runtime.AssetManagement.IAssetHandle`1<OneStarMaker.Runtime.SceneSystem.SceneResourceMap>) (at ./Library/PackageCache/com.cysharp.unitask@360e370345b9/Runtime/CompilerServices/AsyncUniTaskMethodBuilder.cs:201)
OneStarMaker.Runtime.AssetManagement.AssetManagement/<LoadAssetAsync>d__19`1<OneStarMaker.Runtime.SceneSystem.SceneResourceMap>:MoveNext () (at Assets/OneStarMaker/Scripts/Runtime/AssetManagement/AssetManagement.cs:74)
Cysharp.Threading.Tasks.CompilerServices.AsyncUniTask`2<OneStarMaker.Runtime.AssetManagement.AssetManagement/<LoadAssetAsync>d__19`1<OneStarMaker.Runtime.SceneSystem.SceneResourceMap>, OneStarMaker.Runtime.AssetManagement.IAssetHandle`1<OneStarMaker.Runtime.SceneSystem.SceneResourceMap>>:Run () (at ./Library/PackageCache/com.cysharp.unitask@360e370345b9/Runtime/CompilerServices/StateMachineRunner.cs:313)
Cysharp.Threading.Tasks.AwaiterActions:Continuation (object) (at ./Library/PackageCache/com.cysharp.unitask@360e370345b9/Runtime/UniTask.cs:25)
Cysharp.Threading.Tasks.UniTaskCompletionSourceCore`1<OneStarMaker.Runtime.AssetManagement.Internal.IBackendAsset>:TrySetResult (OneStarMaker.Runtime.AssetManagement.Internal.IBackendAsset) (at ./Library/PackageCache/com.cysharp.unitask@360e370345b9/Runtime/UniTaskCompletionSource.cs:139)
Cysharp.Threading.Tasks.CompilerServices.AsyncUniTask`2<OneStarMaker.Runtime.AssetManagement.AssetManagement/<LoadBackendAssetDedup>d__37`1<OneStarMaker.Runtime.SceneSystem.SceneResourceMap>, OneStarMaker.Runtime.AssetManagement.Internal.IBackendAsset>:SetResult (OneStarMaker.Runtime.AssetManagement.Internal.IBackendAsset) (at ./Library/PackageCache/com.cysharp.unitask@360e370345b9/Runtime/CompilerServices/StateMachineRunner.cs:328)
Cysharp.Threading.Tasks.CompilerServices.AsyncUniTaskMethodBuilder`1<OneStarMaker.Runtime.AssetManagement.Internal.IBackendAsset>:SetResult (OneStarMaker.Runtime.AssetManagement.Internal.IBackendAsset) (at ./Library/PackageCache/com.cysharp.unitask@360e370345b9/Runtime/CompilerServices/AsyncUniTaskMethodBuilder.cs:201)
OneStarMaker.Runtime.AssetManagement.AssetManagement/<LoadBackendAssetDedup>d__37`1<OneStarMaker.Runtime.SceneSystem.SceneResourceMap>:MoveNext () (at Assets/OneStarMaker/Scripts/Runtime/AssetManagement/AssetManagement.cs:343)
Cysharp.Threading.Tasks.CompilerServices.AsyncUniTask`2<OneStarMaker.Runtime.AssetManagement.AssetManagement/<LoadBackendAssetDedup>d__37`1<OneStarMaker.Runtime.SceneSystem.SceneResourceMap>, OneStarMaker.Runtime.AssetManagement.Internal.IBackendAsset>:Run () (at ./Library/PackageCache/com.cysharp.unitask@360e370345b9/Runtime/CompilerServices/StateMachineRunner.cs:313)
Cysharp.Threading.Tasks.AwaiterActions:Continuation (object) (at ./Library/PackageCache/com.cysharp.unitask@360e370345b9/Runtime/UniTask.cs:25)
Cysharp.Threading.Tasks.UniTaskCompletionSourceCore`1<OneStarMaker.Runtime.AssetManagement.Internal.IBackendAsset>:TrySetResult (OneStarMaker.Runtime.AssetManagement.Internal.IBackendAsset) (at ./Library/PackageCache/com.cysharp.unitask@360e370345b9/Runtime/UniTaskCompletionSource.cs:139)
Cysharp.Threading.Tasks.CompilerServices.AsyncUniTask`2<OneStarMaker.Runtime.AssetManagement.Internal.AddressableBackend/<LoadAssetAsync>d__0`1<OneStarMaker.Runtime.SceneSystem.SceneResourceMap>, OneStarMaker.Runtime.AssetManagement.Internal.IBackendAsset>:SetResult (OneStarMaker.Runtime.AssetManagement.Internal.IBackendAsset) (at ./Library/PackageCache/com.cysharp.unitask@360e370345b9/Runtime/CompilerServices/StateMachineRunner.cs:328)
Cysharp.Threading.Tasks.CompilerServices.AsyncUniTaskMethodBuilder`1<OneStarMaker.Runtime.AssetManagement.Internal.IBackendAsset>:SetResult (OneStarMaker.Runtime.AssetManagement.Internal.IBackendAsset) (at ./Library/PackageCache/com.cysharp.unitask@360e370345b9/Runtime/CompilerServices/AsyncUniTaskMethodBuilder.cs:201)
OneStarMaker.Runtime.AssetManagement.Internal.AddressableBackend/<LoadAssetAsync>d__0`1<OneStarMaker.Runtime.SceneSystem.SceneResourceMap>:MoveNext () (at Assets/OneStarMaker/Scripts/Runtime/AssetManagement/Internal/AddressableBackend.cs:26)
Cysharp.Threading.Tasks.CompilerServices.AsyncUniTask`2<OneStarMaker.Runtime.AssetManagement.Internal.AddressableBackend/<LoadAssetAsync>d__0`1<OneStarMaker.Runtime.SceneSystem.SceneResourceMap>, OneStarMaker.Runtime.AssetManagement.Internal.IBackendAsset>:Run () (at ./Library/PackageCache/com.cysharp.unitask@360e370345b9/Runtime/CompilerServices/StateMachineRunner.cs:313)
Cysharp.Threading.Tasks.AwaiterActions:Continuation (object) (at ./Library/PackageCache/com.cysharp.unitask@360e370345b9/Runtime/UniTask.cs:25)
Cysharp.Threading.Tasks.UniTaskCompletionSourceCore`1<Cysharp.Threading.Tasks.AsyncUnit>:TrySetResult (Cysharp.Threading.Tasks.AsyncUnit) (at ./Library/PackageCache/com.cysharp.unitask@360e370345b9/Runtime/UniTaskCompletionSource.cs:139)
Cysharp.Threading.Tasks.CompilerServices.AsyncUniTask`1<OneStarMaker.Runtime.AssetManagement.Internal.AddressableBackend/<AwaitHandle>d__6`1<OneStarMaker.Runtime.SceneSystem.SceneResourceMap>>:SetResult () (at ./Library/PackageCache/com.cysharp.unitask@360e370345b9/Runtime/CompilerServices/StateMachineRunner.cs:204)
Cysharp.Threading.Tasks.CompilerServices.AsyncUniTaskMethodBuilder:SetResult () (at ./Library/PackageCache/com.cysharp.unitask@360e370345b9/Runtime/CompilerServices/AsyncUniTaskMethodBuilder.cs:70)
OneStarMaker.Runtime.AssetManagement.Internal.AddressableBackend/<AwaitHandle>d__6`1<OneStarMaker.Runtime.SceneSystem.SceneResourceMap>:MoveNext () (at Assets/OneStarMaker/Scripts/Runtime/AssetManagement/Internal/AddressableBackend.cs:105)
Cysharp.Threading.Tasks.CompilerServices.AsyncUniTask`1<OneStarMaker.Runtime.AssetManagement.Internal.AddressableBackend/<AwaitHandle>d__6`1<OneStarMaker.Runtime.SceneSystem.SceneResourceMap>>:Run () (at ./Library/PackageCache/com.cysharp.unitask@360e370345b9/Runtime/CompilerServices/StateMachineRunner.cs:189)
Cysharp.Threading.Tasks.AwaiterActions:Continuation (object) (at ./Library/PackageCache/com.cysharp.unitask@360e370345b9/Runtime/UniTask.cs:25)
Cysharp.Threading.Tasks.UniTaskCompletionSourceCore`1<OneStarMaker.Runtime.SceneSystem.SceneResourceMap>:TrySetResult (OneStarMaker.Runtime.SceneSystem.SceneResourceMap) (at ./Library/PackageCache/com.cysharp.unitask@360e370345b9/Runtime/UniTaskCompletionSource.cs:139)
Cysharp.Threading.Tasks.AddressablesAsyncExtensions/AsyncOperationHandleConfiguredSource`1<OneStarMaker.Runtime.SceneSystem.SceneResourceMap>:HandleCompleted (UnityEngine.ResourceManagement.AsyncOperations.AsyncOperationHandle`1<OneStarMaker.Runtime.SceneSystem.SceneResourceMap>) (at ./Library/PackageCache/com.cysharp.unitask@360e370345b9/Runtime/External/Addressables/AddressablesAsyncExtensions.cs:398)
DelegateList`1<UnityEngine.ResourceManagement.AsyncOperations.AsyncOperationHandle`1<OneStarMaker.Runtime.SceneSystem.SceneResourceMap>>:Invoke (UnityEngine.ResourceManagement.AsyncOperations.AsyncOperationHandle`1<OneStarMaker.Runtime.SceneSystem.SceneResourceMap>) (at ./Library/PackageCache/com.unity.addressables@42676f2a154e/Runtime/ResourceManager/Util/DelegateList.cs:75)
UnityEngine.ResourceManagement.AsyncOperations.AsyncOperationBase`1<OneStarMaker.Runtime.SceneSystem.SceneResourceMap>:InvokeCompletionEvent () (at ./Library/PackageCache/com.unity.addressables@42676f2a154e/Runtime/ResourceManager/AsyncOperations/AsyncOperationBase.cs:391)
UnityEngine.ResourceManagement.AsyncOperations.AsyncOperationBase`1<OneStarMaker.Runtime.SceneSystem.SceneResourceMap>:Complete (OneStarMaker.Runtime.SceneSystem.SceneResourceMap,bool,System.Exception,bool) (at ./Library/PackageCache/com.unity.addressables@42676f2a154e/Runtime/ResourceManager/AsyncOperations/AsyncOperationBase.cs:494)
UnityEngine.ResourceManagement.AsyncOperations.ProviderOperation`1<OneStarMaker.Runtime.SceneSystem.SceneResourceMap>:ProviderCompleted<object> (object,bool,System.Exception) (at ./Library/PackageCache/com.unity.addressables@42676f2a154e/Runtime/ResourceManager/AsyncOperations/ProviderOperation.cs:189)
UnityEngine.ResourceManagement.ResourceProviders.ProvideHandle:Complete<object> (object,bool,System.Exception) (at ./Library/PackageCache/com.unity.addressables@42676f2a154e/Runtime/ResourceManager/ResourceProviders/IResourceProvider.cs:146)
UnityEngine.ResourceManagement.ResourceProviders.AssetDatabaseProvider/InternalOp:LoadImmediate () (at ./Library/PackageCache/com.unity.addressables@42676f2a154e/Runtime/ResourceManager/ResourceProviders/AssetDatabaseProvider.cs:130)
System.Reflection.RuntimeMethodInfo:Invoke (object,System.Reflection.BindingFlags,System.Reflection.Binder,object[],System.Globalization.CultureInfo)
System.Reflection.MethodBase:Invoke (object,object[])
System.Delegate:DynamicInvokeImpl (object[])
System.MulticastDelegate:DynamicInvokeImpl (object[])
System.Delegate:DynamicInvoke (object[])
UnityEngine.ResourceManagement.Util.DelayedActionManager/DelegateInfo:Invoke () (at ./Library/PackageCache/com.unity.addressables@42676f2a154e/Runtime/ResourceManager/Util/DelayedActionManager.cs:55)
UnityEngine.ResourceManagement.Util.DelayedActionManager:InternalLateUpdate (single) (at ./Library/PackageCache/com.unity.addressables@42676f2a154e/Runtime/ResourceManager/Util/DelayedActionManager.cs:192)
UnityEngine.ResourceManagement.Util.DelayedActionManager:LateUpdate () (at ./Library/PackageCache/com.unity.addressables@42676f2a154e/Runtime/ResourceManager/Util/DelayedActionManager.cs:171)

(Filename: Assets/OneStarMaker/Scripts/Runtime/DebugSocketServices/Transport/DebugSocketTransportHost.cs Line: 148)

[AppInit] DebugSocket transport start sequence finished. mode=Connect, isRunning=True.
UnityEngine.Debug:ExtractStackTraceNoAlloc (byte*,int,string)
UnityEngine.StackTraceUtility:ExtractStackTrace ()
UnityEngine.DebugLogHandler:Internal_Log (UnityEngine.LogType,UnityEngine.LogOption,string,UnityEngine.Object)
UnityEngine.DebugLogHandler:LogFormat (UnityEngine.LogType,UnityEngine.Object,string,object[])
UnityEngine.Logger:Log (UnityEngine.LogType,object)
UnityEngine.Debug:Log (object)
OneStarMaker.Runtime.AbstractApplicationInitializer/<StartFrameworkServicesAsync>d__39:MoveNext () (at Assets/OneStarMaker/Scripts/Runtime/Bootstrap/AbstractApplicationInitializer.cs:679)
Cysharp.Threading.Tasks.CompilerServices.AsyncUniTaskMethodBuilder:Start<OneStarMaker.Runtime.AbstractApplicationInitializer/<StartFrameworkServicesAsync>d__39> (OneStarMaker.Runtime.AbstractApplicationInitializer/<StartFrameworkServicesAsync>d__39&) (at ./Library/PackageCache/com.cysharp.unitask@360e370345b9/Runtime/CompilerServices/AsyncUniTaskMethodBuilder.cs:111)
OneStarMaker.Runtime.AbstractApplicationInitializer:StartFrameworkServicesAsync (System.Threading.CancellationToken)
OneStarMaker.Runtime.AbstractApplicationInitializer/<InitializeAfterSceneLoad>d__28:MoveNext () (at Assets/OneStarMaker/Scripts/Runtime/Bootstrap/AbstractApplicationInitializer.cs:263)
Cysharp.Threading.Tasks.CompilerServices.AsyncUniTaskVoid`1<OneStarMaker.Runtime.AbstractApplicationInitializer/<InitializeAfterSceneLoad>d__28>:Run () (at ./Library/PackageCache/com.cysharp.unitask@360e370345b9/Runtime/CompilerServices/StateMachineRunner.cs:104)
Cysharp.Threading.Tasks.AwaiterActions:Continuation (object) (at ./Library/PackageCache/com.cysharp.unitask@360e370345b9/Runtime/UniTask.cs:25)
Cysharp.Threading.Tasks.UniTaskCompletionSourceCore`1<OneStarMaker.Runtime.SceneSystem.SceneResourceMap>:TrySetResult (OneStarMaker.Runtime.SceneSystem.SceneResourceMap) (at ./Library/PackageCache/com.cysharp.unitask@360e370345b9/Runtime/UniTaskCompletionSource.cs:139)
Cysharp.Threading.Tasks.CompilerServices.AsyncUniTask`2<OneStarMaker.Runtime.AbstractApplicationInitializer/<LoadSceneResourceMapAsync>d__31, OneStarMaker.Runtime.SceneSystem.SceneResourceMap>:SetResult (OneStarMaker.Runtime.SceneSystem.SceneResourceMap) (at ./Library/PackageCache/com.cysharp.unitask@360e370345b9/Runtime/CompilerServices/StateMachineRunner.cs:328)
Cysharp.Threading.Tasks.CompilerServices.AsyncUniTaskMethodBuilder`1<OneStarMaker.Runtime.SceneSystem.SceneResourceMap>:SetResult (OneStarMaker.Runtime.SceneSystem.SceneResourceMap) (at ./Library/PackageCache/com.cysharp.unitask@360e370345b9/Runtime/CompilerServices/AsyncUniTaskMethodBuilder.cs:201)
OneStarMaker.Runtime.AbstractApplicationInitializer/<LoadSceneResourceMapAsync>d__31:MoveNext () (at Assets/OneStarMaker/Scripts/Runtime/Bootstrap/AbstractApplicationInitializer.cs:460)
Cysharp.Threading.Tasks.CompilerServices.AsyncUniTask`2<OneStarMaker.Runtime.AbstractApplicationInitializer/<LoadSceneResourceMapAsync>d__31, OneStarMaker.Runtime.SceneSystem.SceneResourceMap>:Run () (at ./Library/PackageCache/com.cysharp.unitask@360e370345b9/Runtime/CompilerServices/StateMachineRunner.cs:313)
Cysharp.Threading.Tasks.AwaiterActions:Continuation (object) (at ./Library/PackageCache/com.cysharp.unitask@360e370345b9/Runtime/UniTask.cs:25)
Cysharp.Threading.Tasks.UniTaskCompletionSourceCore`1<OneStarMaker.Runtime.AssetManagement.IAssetHandle`1<OneStarMaker.Runtime.SceneSystem.SceneResourceMap>>:TrySetResult (OneStarMaker.Runtime.AssetManagement.IAssetHandle`1<OneStarMaker.Runtime.SceneSystem.SceneResourceMap>) (at ./Library/PackageCache/com.cysharp.unitask@360e370345b9/Runtime/UniTaskCompletionSource.cs:139)
Cysharp.Threading.Tasks.CompilerServices.AsyncUniTask`2<OneStarMaker.Runtime.AssetManagement.AssetManagement/<LoadAssetAsync>d__19`1<OneStarMaker.Runtime.SceneSystem.SceneResourceMap>, OneStarMaker.Runtime.AssetManagement.IAssetHandle`1<OneStarMaker.Runtime.SceneSystem.SceneResourceMap>>:SetResult (OneStarMaker.Runtime.AssetManagement.IAssetHandle`1<OneStarMaker.Runtime.SceneSystem.SceneResourceMap>) (at ./Library/PackageCache/com.cysharp.unitask@360e370345b9/Runtime/CompilerServices/StateMachineRunner.cs:328)
Cysharp.Threading.Tasks.CompilerServices.AsyncUniTaskMethodBuilder`1<OneStarMaker.Runtime.AssetManagement.IAssetHandle`1<OneStarMaker.Runtime.SceneSystem.SceneResourceMap>>:SetResult (OneStarMaker.Runtime.AssetManagement.IAssetHandle`1<OneStarMaker.Runtime.SceneSystem.SceneResourceMap>) (at ./Library/PackageCache/com.cysharp.unitask@360e370345b9/Runtime/CompilerServices/AsyncUniTaskMethodBuilder.cs:201)
OneStarMaker.Runtime.AssetManagement.AssetManagement/<LoadAssetAsync>d__19`1<OneStarMaker.Runtime.SceneSystem.SceneResourceMap>:MoveNext () (at Assets/OneStarMaker/Scripts/Runtime/AssetManagement/AssetManagement.cs:74)
Cysharp.Threading.Tasks.CompilerServices.AsyncUniTask`2<OneStarMaker.Runtime.AssetManagement.AssetManagement/<LoadAssetAsync>d__19`1<OneStarMaker.Runtime.SceneSystem.SceneResourceMap>, OneStarMaker.Runtime.AssetManagement.IAssetHandle`1<OneStarMaker.Runtime.SceneSystem.SceneResourceMap>>:Run () (at ./Library/PackageCache/com.cysharp.unitask@360e370345b9/Runtime/CompilerServices/StateMachineRunner.cs:313)
Cysharp.Threading.Tasks.AwaiterActions:Continuation (object) (at ./Library/PackageCache/com.cysharp.unitask@360e370345b9/Runtime/UniTask.cs:25)
Cysharp.Threading.Tasks.UniTaskCompletionSourceCore`1<OneStarMaker.Runtime.AssetManagement.Internal.IBackendAsset>:TrySetResult (OneStarMaker.Runtime.AssetManagement.Internal.IBackendAsset) (at ./Library/PackageCache/com.cysharp.unitask@360e370345b9/Runtime/UniTaskCompletionSource.cs:139)
Cysharp.Threading.Tasks.CompilerServices.AsyncUniTask`2<OneStarMaker.Runtime.AssetManagement.AssetManagement/<LoadBackendAssetDedup>d__37`1<OneStarMaker.Runtime.SceneSystem.SceneResourceMap>, OneStarMaker.Runtime.AssetManagement.Internal.IBackendAsset>:SetResult (OneStarMaker.Runtime.AssetManagement.Internal.IBackendAsset) (at ./Library/PackageCache/com.cysharp.unitask@360e370345b9/Runtime/CompilerServices/StateMachineRunner.cs:328)
Cysharp.Threading.Tasks.CompilerServices.AsyncUniTaskMethodBuilder`1<OneStarMaker.Runtime.AssetManagement.Internal.IBackendAsset>:SetResult (OneStarMaker.Runtime.AssetManagement.Internal.IBackendAsset) (at ./Library/PackageCache/com.cysharp.unitask@360e370345b9/Runtime/CompilerServices/AsyncUniTaskMethodBuilder.cs:201)
OneStarMaker.Runtime.AssetManagement.AssetManagement/<LoadBackendAssetDedup>d__37`1<OneStarMaker.Runtime.SceneSystem.SceneResourceMap>:MoveNext () (at Assets/OneStarMaker/Scripts/Runtime/AssetManagement/AssetManagement.cs:343)
Cysharp.Threading.Tasks.CompilerServices.AsyncUniTask`2<OneStarMaker.Runtime.AssetManagement.AssetManagement/<LoadBackendAssetDedup>d__37`1<OneStarMaker.Runtime.SceneSystem.SceneResourceMap>, OneStarMaker.Runtime.AssetManagement.Internal.IBackendAsset>:Run () (at ./Library/PackageCache/com.cysharp.unitask@360e370345b9/Runtime/CompilerServices/StateMachineRunner.cs:313)
Cysharp.Threading.Tasks.AwaiterActions:Continuation (object) (at ./Library/PackageCache/com.cysharp.unitask@360e370345b9/Runtime/UniTask.cs:25)
Cysharp.Threading.Tasks.UniTaskCompletionSourceCore`1<OneStarMaker.Runtime.AssetManagement.Internal.IBackendAsset>:TrySetResult (OneStarMaker.Runtime.AssetManagement.Internal.IBackendAsset) (at ./Library/PackageCache/com.cysharp.unitask@360e370345b9/Runtime/UniTaskCompletionSource.cs:139)
Cysharp.Threading.Tasks.CompilerServices.AsyncUniTask`2<OneStarMaker.Runtime.AssetManagement.Internal.AddressableBackend/<LoadAssetAsync>d__0`1<OneStarMaker.Runtime.SceneSystem.SceneResourceMap>, OneStarMaker.Runtime.AssetManagement.Internal.IBackendAsset>:SetResult (OneStarMaker.Runtime.AssetManagement.Internal.IBackendAsset) (at ./Library/PackageCache/com.cysharp.unitask@360e370345b9/Runtime/CompilerServices/StateMachineRunner.cs:328)
Cysharp.Threading.Tasks.CompilerServices.AsyncUniTaskMethodBuilder`1<OneStarMaker.Runtime.AssetManagement.Internal.IBackendAsset>:SetResult (OneStarMaker.Runtime.AssetManagement.Internal.IBackendAsset) (at ./Library/PackageCache/com.cysharp.unitask@360e370345b9/Runtime/CompilerServices/AsyncUniTaskMethodBuilder.cs:201)
OneStarMaker.Runtime.AssetManagement.Internal.AddressableBackend/<LoadAssetAsync>d__0`1<OneStarMaker.Runtime.SceneSystem.SceneResourceMap>:MoveNext () (at Assets/OneStarMaker/Scripts/Runtime/AssetManagement/Internal/AddressableBackend.cs:26)
Cysharp.Threading.Tasks.CompilerServices.AsyncUniTask`2<OneStarMaker.Runtime.AssetManagement.Internal.AddressableBackend/<LoadAssetAsync>d__0`1<OneStarMaker.Runtime.SceneSystem.SceneResourceMap>, OneStarMaker.Runtime.AssetManagement.Internal.IBackendAsset>:Run () (at ./Library/PackageCache/com.cysharp.unitask@360e370345b9/Runtime/CompilerServices/StateMachineRunner.cs:313)
Cysharp.Threading.Tasks.AwaiterActions:Continuation (object) (at ./Library/PackageCache/com.cysharp.unitask@360e370345b9/Runtime/UniTask.cs:25)
Cysharp.Threading.Tasks.UniTaskCompletionSourceCore`1<Cysharp.Threading.Tasks.AsyncUnit>:TrySetResult (Cysharp.Threading.Tasks.AsyncUnit) (at ./Library/PackageCache/com.cysharp.unitask@360e370345b9/Runtime/UniTaskCompletionSource.cs:139)
Cysharp.Threading.Tasks.CompilerServices.AsyncUniTask`1<OneStarMaker.Runtime.AssetManagement.Internal.AddressableBackend/<AwaitHandle>d__6`1<OneStarMaker.Runtime.SceneSystem.SceneResourceMap>>:SetResult () (at ./Library/PackageCache/com.cysharp.unitask@360e370345b9/Runtime/CompilerServices/StateMachineRunner.cs:204)
Cysharp.Threading.Tasks.CompilerServices.AsyncUniTaskMethodBuilder:SetResult () (at ./Library/PackageCache/com.cysharp.unitask@360e370345b9/Runtime/CompilerServices/AsyncUniTaskMethodBuilder.cs:70)
OneStarMaker.Runtime.AssetManagement.Internal.AddressableBackend/<AwaitHandle>d__6`1<OneStarMaker.Runtime.SceneSystem.SceneResourceMap>:MoveNext () (at Assets/OneStarMaker/Scripts/Runtime/AssetManagement/Internal/AddressableBackend.cs:105)
Cysharp.Threading.Tasks.CompilerServices.AsyncUniTask`1<OneStarMaker.Runtime.AssetManagement.Internal.AddressableBackend/<AwaitHandle>d__6`1<OneStarMaker.Runtime.SceneSystem.SceneResourceMap>>:Run () (at ./Library/PackageCache/com.cysharp.unitask@360e370345b9/Runtime/CompilerServices/StateMachineRunner.cs:189)
Cysharp.Threading.Tasks.AwaiterActions:Continuation (object) (at ./Library/PackageCache/com.cysharp.unitask@360e370345b9/Runtime/UniTask.cs:25)
Cysharp.Threading.Tasks.UniTaskCompletionSourceCore`1<OneStarMaker.Runtime.SceneSystem.SceneResourceMap>:TrySetResult (OneStarMaker.Runtime.SceneSystem.SceneResourceMap) (at ./Library/PackageCache/com.cysharp.unitask@360e370345b9/Runtime/UniTaskCompletionSource.cs:139)
Cysharp.Threading.Tasks.AddressablesAsyncExtensions/AsyncOperationHandleConfiguredSource`1<OneStarMaker.Runtime.SceneSystem.SceneResourceMap>:HandleCompleted (UnityEngine.ResourceManagement.AsyncOperations.AsyncOperationHandle`1<OneStarMaker.Runtime.SceneSystem.SceneResourceMap>) (at ./Library/PackageCache/com.cysharp.unitask@360e370345b9/Runtime/External/Addressables/AddressablesAsyncExtensions.cs:398)
DelegateList`1<UnityEngine.ResourceManagement.AsyncOperations.AsyncOperationHandle`1<OneStarMaker.Runtime.SceneSystem.SceneResourceMap>>:Invoke (UnityEngine.ResourceManagement.AsyncOperations.AsyncOperationHandle`1<OneStarMaker.Runtime.SceneSystem.SceneResourceMap>) (at ./Library/PackageCache/com.unity.addressables@42676f2a154e/Runtime/ResourceManager/Util/DelegateList.cs:75)
UnityEngine.ResourceManagement.AsyncOperations.AsyncOperationBase`1<OneStarMaker.Runtime.SceneSystem.SceneResourceMap>:InvokeCompletionEvent () (at ./Library/PackageCache/com.unity.addressables@42676f2a154e/Runtime/ResourceManager/AsyncOperations/AsyncOperationBase.cs:391)
UnityEngine.ResourceManagement.AsyncOperations.AsyncOperationBase`1<OneStarMaker.Runtime.SceneSystem.SceneResourceMap>:Complete (OneStarMaker.Runtime.SceneSystem.SceneResourceMap,bool,System.Exception,bool) (at ./Library/PackageCache/com.unity.addressables@42676f2a154e/Runtime/ResourceManager/AsyncOperations/AsyncOperationBase.cs:494)
UnityEngine.ResourceManagement.AsyncOperations.ProviderOperation`1<OneStarMaker.Runtime.SceneSystem.SceneResourceMap>:ProviderCompleted<object> (object,bool,System.Exception) (at ./Library/PackageCache/com.unity.addressables@42676f2a154e/Runtime/ResourceManager/AsyncOperations/ProviderOperation.cs:189)
UnityEngine.ResourceManagement.ResourceProviders.ProvideHandle:Complete<object> (object,bool,System.Exception) (at ./Library/PackageCache/com.unity.addressables@42676f2a154e/Runtime/ResourceManager/ResourceProviders/IResourceProvider.cs:146)
UnityEngine.ResourceManagement.ResourceProviders.AssetDatabaseProvider/InternalOp:LoadImmediate () (at ./Library/PackageCache/com.unity.addressables@42676f2a154e/Runtime/ResourceManager/ResourceProviders/AssetDatabaseProvider.cs:130)
System.Reflection.RuntimeMethodInfo:Invoke (object,System.Reflection.BindingFlags,System.Reflection.Binder,object[],System.Globalization.CultureInfo)
System.Reflection.MethodBase:Invoke (object,object[])
System.Delegate:DynamicInvokeImpl (object[])
System.MulticastDelegate:DynamicInvokeImpl (object[])
System.Delegate:DynamicInvoke (object[])
UnityEngine.ResourceManagement.Util.DelayedActionManager/DelegateInfo:Invoke () (at ./Library/PackageCache/com.unity.addressables@42676f2a154e/Runtime/ResourceManager/Util/DelayedActionManager.cs:55)
UnityEngine.ResourceManagement.Util.DelayedActionManager:InternalLateUpdate (single) (at ./Library/PackageCache/com.unity.addressables@42676f2a154e/Runtime/ResourceManager/Util/DelayedActionManager.cs:192)
UnityEngine.ResourceManagement.Util.DelayedActionManager:LateUpdate () (at ./Library/PackageCache/com.unity.addressables@42676f2a154e/Runtime/ResourceManager/Util/DelayedActionManager.cs:171)

(Filename: Assets/OneStarMaker/Scripts/Runtime/Bootstrap/AbstractApplicationInitializer.cs Line: 679)

[AppInit] SceneResourceMap に未登録のシーンをスキップ: 
UnityEngine.Debug:ExtractStackTraceNoAlloc (byte*,int,string)
UnityEngine.StackTraceUtility:ExtractStackTrace ()
UnityEngine.DebugLogHandler:Internal_Log (UnityEngine.LogType,UnityEngine.LogOption,string,UnityEngine.Object)
UnityEngine.DebugLogHandler:LogFormat (UnityEngine.LogType,UnityEngine.Object,string,object[])
UnityEngine.Logger:Log (UnityEngine.LogType,object)
UnityEngine.Debug:Log (object)
OneStarMaker.Runtime.AbstractApplicationInitializer/<RegisterAlreadyLoadedScenes>d__37:MoveNext () (at Assets/OneStarMaker/Scripts/Runtime/Bootstrap/AbstractApplicationInitializer.cs:637)
Cysharp.Threading.Tasks.CompilerServices.AsyncUniTaskMethodBuilder:Start<OneStarMaker.Runtime.AbstractApplicationInitializer/<RegisterAlreadyLoadedScenes>d__37> (OneStarMaker.Runtime.AbstractApplicationInitializer/<RegisterAlreadyLoadedScenes>d__37&) (at ./Library/PackageCache/com.cysharp.unitask@360e370345b9/Runtime/CompilerServices/AsyncUniTaskMethodBuilder.cs:111)
OneStarMaker.Runtime.AbstractApplicationInitializer:RegisterAlreadyLoadedScenes (System.Threading.CancellationToken)
OneStarMaker.Runtime.AbstractApplicationInitializer/<InitializeAfterSceneLoad>d__28:MoveNext () (at Assets/OneStarMaker/Scripts/Runtime/Bootstrap/AbstractApplicationInitializer.cs:323)
Cysharp.Threading.Tasks.CompilerServices.AsyncUniTaskVoid`1<OneStarMaker.Runtime.AbstractApplicationInitializer/<InitializeAfterSceneLoad>d__28>:Run () (at ./Library/PackageCache/com.cysharp.unitask@360e370345b9/Runtime/CompilerServices/StateMachineRunner.cs:104)
Cysharp.Threading.Tasks.AwaiterActions:Continuation (object) (at ./Library/PackageCache/com.cysharp.unitask@360e370345b9/Runtime/UniTask.cs:25)
Cysharp.Threading.Tasks.UniTaskCompletionSourceCore`1<OneStarMaker.Runtime.SceneSystem.SceneResourceMap>:TrySetResult (OneStarMaker.Runtime.SceneSystem.SceneResourceMap) (at ./Library/PackageCache/com.cysharp.unitask@360e370345b9/Runtime/UniTaskCompletionSource.cs:139)
Cysharp.Threading.Tasks.CompilerServices.AsyncUniTask`2<OneStarMaker.Runtime.AbstractApplicationInitializer/<LoadSceneResourceMapAsync>d__31, OneStarMaker.Runtime.SceneSystem.SceneResourceMap>:SetResult (OneStarMaker.Runtime.SceneSystem.SceneResourceMap) (at ./Library/PackageCache/com.cysharp.unitask@360e370345b9/Runtime/CompilerServices/StateMachineRunner.cs:328)
Cysharp.Threading.Tasks.CompilerServices.AsyncUniTaskMethodBuilder`1<OneStarMaker.Runtime.SceneSystem.SceneResourceMap>:SetResult (OneStarMaker.Runtime.SceneSystem.SceneResourceMap) (at ./Library/PackageCache/com.cysharp.unitask@360e370345b9/Runtime/CompilerServices/AsyncUniTaskMethodBuilder.cs:201)
OneStarMaker.Runtime.AbstractApplicationInitializer/<LoadSceneResourceMapAsync>d__31:MoveNext () (at Assets/OneStarMaker/Scripts/Runtime/Bootstrap/AbstractApplicationInitializer.cs:460)
Cysharp.Threading.Tasks.CompilerServices.AsyncUniTask`2<OneStarMaker.Runtime.AbstractApplicationInitializer/<LoadSceneResourceMapAsync>d__31, OneStarMaker.Runtime.SceneSystem.SceneResourceMap>:Run () (at ./Library/PackageCache/com.cysharp.unitask@360e370345b9/Runtime/CompilerServices/StateMachineRunner.cs:313)
Cysharp.Threading.Tasks.AwaiterActions:Continuation (object) (at ./Library/PackageCache/com.cysharp.unitask@360e370345b9/Runtime/UniTask.cs:25)
Cysharp.Threading.Tasks.UniTaskCompletionSourceCore`1<OneStarMaker.Runtime.AssetManagement.IAssetHandle`1<OneStarMaker.Runtime.SceneSystem.SceneResourceMap>>:TrySetResult (OneStarMaker.Runtime.AssetManagement.IAssetHandle`1<OneStarMaker.Runtime.SceneSystem.SceneResourceMap>) (at ./Library/PackageCache/com.cysharp.unitask@360e370345b9/Runtime/UniTaskCompletionSource.cs:139)
Cysharp.Threading.Tasks.CompilerServices.AsyncUniTask`2<OneStarMaker.Runtime.AssetManagement.AssetManagement/<LoadAssetAsync>d__19`1<OneStarMaker.Runtime.SceneSystem.SceneResourceMap>, OneStarMaker.Runtime.AssetManagement.IAssetHandle`1<OneStarMaker.Runtime.SceneSystem.SceneResourceMap>>:SetResult (OneStarMaker.Runtime.AssetManagement.IAssetHandle`1<OneStarMaker.Runtime.SceneSystem.SceneResourceMap>) (at ./Library/PackageCache/com.cysharp.unitask@360e370345b9/Runtime/CompilerServices/StateMachineRunner.cs:328)
Cysharp.Threading.Tasks.CompilerServices.AsyncUniTaskMethodBuilder`1<OneStarMaker.Runtime.AssetManagement.IAssetHandle`1<OneStarMaker.Runtime.SceneSystem.SceneResourceMap>>:SetResult (OneStarMaker.Runtime.AssetManagement.IAssetHandle`1<OneStarMaker.Runtime.SceneSystem.SceneResourceMap>) (at ./Library/PackageCache/com.cysharp.unitask@360e370345b9/Runtime/CompilerServices/AsyncUniTaskMethodBuilder.cs:201)
OneStarMaker.Runtime.AssetManagement.AssetManagement/<LoadAssetAsync>d__19`1<OneStarMaker.Runtime.SceneSystem.SceneResourceMap>:MoveNext () (at Assets/OneStarMaker/Scripts/Runtime/AssetManagement/AssetManagement.cs:74)
Cysharp.Threading.Tasks.CompilerServices.AsyncUniTask`2<OneStarMaker.Runtime.AssetManagement.AssetManagement/<LoadAssetAsync>d__19`1<OneStarMaker.Runtime.SceneSystem.SceneResourceMap>, OneStarMaker.Runtime.AssetManagement.IAssetHandle`1<OneStarMaker.Runtime.SceneSystem.SceneResourceMap>>:Run () (at ./Library/PackageCache/com.cysharp.unitask@360e370345b9/Runtime/CompilerServices/StateMachineRunner.cs:313)
Cysharp.Threading.Tasks.AwaiterActions:Continuation (object) (at ./Library/PackageCache/com.cysharp.unitask@360e370345b9/Runtime/UniTask.cs:25)
Cysharp.Threading.Tasks.UniTaskCompletionSourceCore`1<OneStarMaker.Runtime.AssetManagement.Internal.IBackendAsset>:TrySetResult (OneStarMaker.Runtime.AssetManagement.Internal.IBackendAsset) (at ./Library/PackageCache/com.cysharp.unitask@360e370345b9/Runtime/UniTaskCompletionSource.cs:139)
Cysharp.Threading.Tasks.CompilerServices.AsyncUniTask`2<OneStarMaker.Runtime.AssetManagement.AssetManagement/<LoadBackendAssetDedup>d__37`1<OneStarMaker.Runtime.SceneSystem.SceneResourceMap>, OneStarMaker.Runtime.AssetManagement.Internal.IBackendAsset>:SetResult (OneStarMaker.Runtime.AssetManagement.Internal.IBackendAsset) (at ./Library/PackageCache/com.cysharp.unitask@360e370345b9/Runtime/CompilerServices/StateMachineRunner.cs:328)
Cysharp.Threading.Tasks.CompilerServices.AsyncUniTaskMethodBuilder`1<OneStarMaker.Runtime.AssetManagement.Internal.IBackendAsset>:SetResult (OneStarMaker.Runtime.AssetManagement.Internal.IBackendAsset) (at ./Library/PackageCache/com.cysharp.unitask@360e370345b9/Runtime/CompilerServices/AsyncUniTaskMethodBuilder.cs:201)
OneStarMaker.Runtime.AssetManagement.AssetManagement/<LoadBackendAssetDedup>d__37`1<OneStarMaker.Runtime.SceneSystem.SceneResourceMap>:MoveNext () (at Assets/OneStarMaker/Scripts/Runtime/AssetManagement/AssetManagement.cs:343)
Cysharp.Threading.Tasks.CompilerServices.AsyncUniTask`2<OneStarMaker.Runtime.AssetManagement.AssetManagement/<LoadBackendAssetDedup>d__37`1<OneStarMaker.Runtime.SceneSystem.SceneResourceMap>, OneStarMaker.Runtime.AssetManagement.Internal.IBackendAsset>:Run () (at ./Library/PackageCache/com.cysharp.unitask@360e370345b9/Runtime/CompilerServices/StateMachineRunner.cs:313)
Cysharp.Threading.Tasks.AwaiterActions:Continuation (object) (at ./Library/PackageCache/com.cysharp.unitask@360e370345b9/Runtime/UniTask.cs:25)
Cysharp.Threading.Tasks.UniTaskCompletionSourceCore`1<OneStarMaker.Runtime.AssetManagement.Internal.IBackendAsset>:TrySetResult (OneStarMaker.Runtime.AssetManagement.Internal.IBackendAsset) (at ./Library/PackageCache/com.cysharp.unitask@360e370345b9/Runtime/UniTaskCompletionSource.cs:139)
Cysharp.Threading.Tasks.CompilerServices.AsyncUniTask`2<OneStarMaker.Runtime.AssetManagement.Internal.AddressableBackend/<LoadAssetAsync>d__0`1<OneStarMaker.Runtime.SceneSystem.SceneResourceMap>, OneStarMaker.Runtime.AssetManagement.Internal.IBackendAsset>:SetResult (OneStarMaker.Runtime.AssetManagement.Internal.IBackendAsset) (at ./Library/PackageCache/com.cysharp.unitask@360e370345b9/Runtime/CompilerServices/StateMachineRunner.cs:328)
Cysharp.Threading.Tasks.CompilerServices.AsyncUniTaskMethodBuilder`1<OneStarMaker.Runtime.AssetManagement.Internal.IBackendAsset>:SetResult (OneStarMaker.Runtime.AssetManagement.Internal.IBackendAsset) (at ./Library/PackageCache/com.cysharp.unitask@360e370345b9/Runtime/CompilerServices/AsyncUniTaskMethodBuilder.cs:201)
OneStarMaker.Runtime.AssetManagement.Internal.AddressableBackend/<LoadAssetAsync>d__0`1<OneStarMaker.Runtime.SceneSystem.SceneResourceMap>:MoveNext () (at Assets/OneStarMaker/Scripts/Runtime/AssetManagement/Internal/AddressableBackend.cs:26)
Cysharp.Threading.Tasks.CompilerServices.AsyncUniTask`2<OneStarMaker.Runtime.AssetManagement.Internal.AddressableBackend/<LoadAssetAsync>d__0`1<OneStarMaker.Runtime.SceneSystem.SceneResourceMap>, OneStarMaker.Runtime.AssetManagement.Internal.IBackendAsset>:Run () (at ./Library/PackageCache/com.cysharp.unitask@360e370345b9/Runtime/CompilerServices/StateMachineRunner.cs:313)
Cysharp.Threading.Tasks.AwaiterActions:Continuation (object) (at ./Library/PackageCache/com.cysharp.unitask@360e370345b9/Runtime/UniTask.cs:25)
Cysharp.Threading.Tasks.UniTaskCompletionSourceCore`1<Cysharp.Threading.Tasks.AsyncUnit>:TrySetResult (Cysharp.Threading.Tasks.AsyncUnit) (at ./Library/PackageCache/com.cysharp.unitask@360e370345b9/Runtime/UniTaskCompletionSource.cs:139)
Cysharp.Threading.Tasks.CompilerServices.AsyncUniTask`1<OneStarMaker.Runtime.AssetManagement.Internal.AddressableBackend/<AwaitHandle>d__6`1<OneStarMaker.Runtime.SceneSystem.SceneResourceMap>>:SetResult () (at ./Library/PackageCache/com.cysharp.unitask@360e370345b9/Runtime/CompilerServices/StateMachineRunner.cs:204)
Cysharp.Threading.Tasks.CompilerServices.AsyncUniTaskMethodBuilder:SetResult () (at ./Library/PackageCache/com.cysharp.unitask@360e370345b9/Runtime/CompilerServices/AsyncUniTaskMethodBuilder.cs:70)
OneStarMaker.Runtime.AssetManagement.Internal.AddressableBackend/<AwaitHandle>d__6`1<OneStarMaker.Runtime.SceneSystem.SceneResourceMap>:MoveNext () (at Assets/OneStarMaker/Scripts/Runtime/AssetManagement/Internal/AddressableBackend.cs:105)
Cysharp.Threading.Tasks.CompilerServices.AsyncUniTask`1<OneStarMaker.Runtime.AssetManagement.Internal.AddressableBackend/<AwaitHandle>d__6`1<OneStarMaker.Runtime.SceneSystem.SceneResourceMap>>:Run () (at ./Library/PackageCache/com.cysharp.unitask@360e370345b9/Runtime/CompilerServices/StateMachineRunner.cs:189)
Cysharp.Threading.Tasks.AwaiterActions:Continuation (object) (at ./Library/PackageCache/com.cysharp.unitask@360e370345b9/Runtime/UniTask.cs:25)
Cysharp.Threading.Tasks.UniTaskCompletionSourceCore`1<OneStarMaker.Runtime.SceneSystem.SceneResourceMap>:TrySetResult (OneStarMaker.Runtime.SceneSystem.SceneResourceMap) (at ./Library/PackageCache/com.cysharp.unitask@360e370345b9/Runtime/UniTaskCompletionSource.cs:139)
Cysharp.Threading.Tasks.AddressablesAsyncExtensions/AsyncOperationHandleConfiguredSource`1<OneStarMaker.Runtime.SceneSystem.SceneResourceMap>:HandleCompleted (UnityEngine.ResourceManagement.AsyncOperations.AsyncOperationHandle`1<OneStarMaker.Runtime.SceneSystem.SceneResourceMap>) (at ./Library/PackageCache/com.cysharp.unitask@360e370345b9/Runtime/External/Addressables/AddressablesAsyncExtensions.cs:398)
DelegateList`1<UnityEngine.ResourceManagement.AsyncOperations.AsyncOperationHandle`1<OneStarMaker.Runtime.SceneSystem.SceneResourceMap>>:Invoke (UnityEngine.ResourceManagement.AsyncOperations.AsyncOperationHandle`1<OneStarMaker.Runtime.SceneSystem.SceneResourceMap>) (at ./Library/PackageCache/com.unity.addressables@42676f2a154e/Runtime/ResourceManager/Util/DelegateList.cs:75)
UnityEngine.ResourceManagement.AsyncOperations.AsyncOperationBase`1<OneStarMaker.Runtime.SceneSystem.SceneResourceMap>:InvokeCompletionEvent () (at ./Library/PackageCache/com.unity.addressables@42676f2a154e/Runtime/ResourceManager/AsyncOperations/AsyncOperationBase.cs:391)
UnityEngine.ResourceManagement.AsyncOperations.AsyncOperationBase`1<OneStarMaker.Runtime.SceneSystem.SceneResourceMap>:Complete (OneStarMaker.Runtime.SceneSystem.SceneResourceMap,bool,System.Exception,bool) (at ./Library/PackageCache/com.unity.addressables@42676f2a154e/Runtime/ResourceManager/AsyncOperations/AsyncOperationBase.cs:494)
UnityEngine.ResourceManagement.AsyncOperations.ProviderOperation`1<OneStarMaker.Runtime.SceneSystem.SceneResourceMap>:ProviderCompleted<object> (object,bool,System.Exception) (at ./Library/PackageCache/com.unity.addressables@42676f2a154e/Runtime/ResourceManager/AsyncOperations/ProviderOperation.cs:189)
UnityEngine.ResourceManagement.ResourceProviders.ProvideHandle:Complete<object> (object,bool,System.Exception) (at ./Library/PackageCache/com.unity.addressables@42676f2a154e/Runtime/ResourceManager/ResourceProviders/IResourceProvider.cs:146)
UnityEngine.ResourceManagement.ResourceProviders.AssetDatabaseProvider/InternalOp:LoadImmediate () (at ./Library/PackageCache/com.unity.addressables@42676f2a154e/Runtime/ResourceManager/ResourceProviders/AssetDatabaseProvider.cs:130)
System.Reflection.RuntimeMethodInfo:Invoke (object,System.Reflection.BindingFlags,System.Reflection.Binder,object[],System.Globalization.CultureInfo)
System.Reflection.MethodBase:Invoke (object,object[])
System.Delegate:DynamicInvokeImpl (object[])
System.MulticastDelegate:DynamicInvokeImpl (object[])
System.Delegate:DynamicInvoke (object[])
UnityEngine.ResourceManagement.Util.DelayedActionManager/DelegateInfo:Invoke () (at ./Library/PackageCache/com.unity.addressables@42676f2a154e/Runtime/ResourceManager/Util/DelayedActionManager.cs:55)
UnityEngine.ResourceManagement.Util.DelayedActionManager:InternalLateUpdate (single) (at ./Library/PackageCache/com.unity.addressables@42676f2a154e/Runtime/ResourceManager/Util/DelayedActionManager.cs:192)
UnityEngine.ResourceManagement.Util.DelayedActionManager:LateUpdate () (at ./Library/PackageCache/com.unity.addressables@42676f2a154e/Runtime/ResourceManager/Util/DelayedActionManager.cs:171)

(Filename: Assets/OneStarMaker/Scripts/Runtime/Bootstrap/AbstractApplicationInitializer.cs Line: 637)

[AppInit] SceneResourceMap に未登録のシーンをスキップ: UIScene
UnityEngine.Debug:ExtractStackTraceNoAlloc (byte*,int,string)
UnityEngine.StackTraceUtility:ExtractStackTrace ()
UnityEngine.DebugLogHandler:Internal_Log (UnityEngine.LogType,UnityEngine.LogOption,string,UnityEngine.Object)
UnityEngine.DebugLogHandler:LogFormat (UnityEngine.LogType,UnityEngine.Object,string,object[])
UnityEngine.Logger:Log (UnityEngine.LogType,object)
UnityEngine.Debug:Log (object)
OneStarMaker.Runtime.AbstractApplicationInitializer/<RegisterAlreadyLoadedScenes>d__37:MoveNext () (at Assets/OneStarMaker/Scripts/Runtime/Bootstrap/AbstractApplicationInitializer.cs:637)
Cysharp.Threading.Tasks.CompilerServices.AsyncUniTaskMethodBuilder:Start<OneStarMaker.Runtime.AbstractApplicationInitializer/<RegisterAlreadyLoadedScenes>d__37> (OneStarMaker.Runtime.AbstractApplicationInitializer/<RegisterAlreadyLoadedScenes>d__37&) (at ./Library/PackageCache/com.cysharp.unitask@360e370345b9/Runtime/CompilerServices/AsyncUniTaskMethodBuilder.cs:111)
OneStarMaker.Runtime.AbstractApplicationInitializer:RegisterAlreadyLoadedScenes (System.Threading.CancellationToken)
OneStarMaker.Runtime.AbstractApplicationInitializer/<InitializeAfterSceneLoad>d__28:MoveNext () (at Assets/OneStarMaker/Scripts/Runtime/Bootstrap/AbstractApplicationInitializer.cs:323)
Cysharp.Threading.Tasks.CompilerServices.AsyncUniTaskVoid`1<OneStarMaker.Runtime.AbstractApplicationInitializer/<InitializeAfterSceneLoad>d__28>:Run () (at ./Library/PackageCache/com.cysharp.unitask@360e370345b9/Runtime/CompilerServices/StateMachineRunner.cs:104)
Cysharp.Threading.Tasks.AwaiterActions:Continuation (object) (at ./Library/PackageCache/com.cysharp.unitask@360e370345b9/Runtime/UniTask.cs:25)
Cysharp.Threading.Tasks.UniTaskCompletionSourceCore`1<OneStarMaker.Runtime.SceneSystem.SceneResourceMap>:TrySetResult (OneStarMaker.Runtime.SceneSystem.SceneResourceMap) (at ./Library/PackageCache/com.cysharp.unitask@360e370345b9/Runtime/UniTaskCompletionSource.cs:139)
Cysharp.Threading.Tasks.CompilerServices.AsyncUniTask`2<OneStarMaker.Runtime.AbstractApplicationInitializer/<LoadSceneResourceMapAsync>d__31, OneStarMaker.Runtime.SceneSystem.SceneResourceMap>:SetResult (OneStarMaker.Runtime.SceneSystem.SceneResourceMap) (at ./Library/PackageCache/com.cysharp.unitask@360e370345b9/Runtime/CompilerServices/StateMachineRunner.cs:328)
Cysharp.Threading.Tasks.CompilerServices.AsyncUniTaskMethodBuilder`1<OneStarMaker.Runtime.SceneSystem.SceneResourceMap>:SetResult (OneStarMaker.Runtime.SceneSystem.SceneResourceMap) (at ./Library/PackageCache/com.cysharp.unitask@360e370345b9/Runtime/CompilerServices/AsyncUniTaskMethodBuilder.cs:201)
OneStarMaker.Runtime.AbstractApplicationInitializer/<LoadSceneResourceMapAsync>d__31:MoveNext () (at Assets/OneStarMaker/Scripts/Runtime/Bootstrap/AbstractApplicationInitializer.cs:460)
Cysharp.Threading.Tasks.CompilerServices.AsyncUniTask`2<OneStarMaker.Runtime.AbstractApplicationInitializer/<LoadSceneResourceMapAsync>d__31, OneStarMaker.Runtime.SceneSystem.SceneResourceMap>:Run () (at ./Library/PackageCache/com.cysharp.unitask@360e370345b9/Runtime/CompilerServices/StateMachineRunner.cs:313)
Cysharp.Threading.Tasks.AwaiterActions:Continuation (object) (at ./Library/PackageCache/com.cysharp.unitask@360e370345b9/Runtime/UniTask.cs:25)
Cysharp.Threading.Tasks.UniTaskCompletionSourceCore`1<OneStarMaker.Runtime.AssetManagement.IAssetHandle`1<OneStarMaker.Runtime.SceneSystem.SceneResourceMap>>:TrySetResult (OneStarMaker.Runtime.AssetManagement.IAssetHandle`1<OneStarMaker.Runtime.SceneSystem.SceneResourceMap>) (at ./Library/PackageCache/com.cysharp.unitask@360e370345b9/Runtime/UniTaskCompletionSource.cs:139)
Cysharp.Threading.Tasks.CompilerServices.AsyncUniTask`2<OneStarMaker.Runtime.AssetManagement.AssetManagement/<LoadAssetAsync>d__19`1<OneStarMaker.Runtime.SceneSystem.SceneResourceMap>, OneStarMaker.Runtime.AssetManagement.IAssetHandle`1<OneStarMaker.Runtime.SceneSystem.SceneResourceMap>>:SetResult (OneStarMaker.Runtime.AssetManagement.IAssetHandle`1<OneStarMaker.Runtime.SceneSystem.SceneResourceMap>) (at ./Library/PackageCache/com.cysharp.unitask@360e370345b9/Runtime/CompilerServices/StateMachineRunner.cs:328)
Cysharp.Threading.Tasks.CompilerServices.AsyncUniTaskMethodBuilder`1<OneStarMaker.Runtime.AssetManagement.IAssetHandle`1<OneStarMaker.Runtime.SceneSystem.SceneResourceMap>>:SetResult (OneStarMaker.Runtime.AssetManagement.IAssetHandle`1<OneStarMaker.Runtime.SceneSystem.SceneResourceMap>) (at ./Library/PackageCache/com.cysharp.unitask@360e370345b9/Runtime/CompilerServices/AsyncUniTaskMethodBuilder.cs:201)
OneStarMaker.Runtime.AssetManagement.AssetManagement/<LoadAssetAsync>d__19`1<OneStarMaker.Runtime.SceneSystem.SceneResourceMap>:MoveNext () (at Assets/OneStarMaker/Scripts/Runtime/AssetManagement/AssetManagement.cs:74)
Cysharp.Threading.Tasks.CompilerServices.AsyncUniTask`2<OneStarMaker.Runtime.AssetManagement.AssetManagement/<LoadAssetAsync>d__19`1<OneStarMaker.Runtime.SceneSystem.SceneResourceMap>, OneStarMaker.Runtime.AssetManagement.IAssetHandle`1<OneStarMaker.Runtime.SceneSystem.SceneResourceMap>>:Run () (at ./Library/PackageCache/com.cysharp.unitask@360e370345b9/Runtime/CompilerServices/StateMachineRunner.cs:313)
Cysharp.Threading.Tasks.AwaiterActions:Continuation (object) (at ./Library/PackageCache/com.cysharp.unitask@360e370345b9/Runtime/UniTask.cs:25)
Cysharp.Threading.Tasks.UniTaskCompletionSourceCore`1<OneStarMaker.Runtime.AssetManagement.Internal.IBackendAsset>:TrySetResult (OneStarMaker.Runtime.AssetManagement.Internal.IBackendAsset) (at ./Library/PackageCache/com.cysharp.unitask@360e370345b9/Runtime/UniTaskCompletionSource.cs:139)
Cysharp.Threading.Tasks.CompilerServices.AsyncUniTask`2<OneStarMaker.Runtime.AssetManagement.AssetManagement/<LoadBackendAssetDedup>d__37`1<OneStarMaker.Runtime.SceneSystem.SceneResourceMap>, OneStarMaker.Runtime.AssetManagement.Internal.IBackendAsset>:SetResult (OneStarMaker.Runtime.AssetManagement.Internal.IBackendAsset) (at ./Library/PackageCache/com.cysharp.unitask@360e370345b9/Runtime/CompilerServices/StateMachineRunner.cs:328)
Cysharp.Threading.Tasks.CompilerServices.AsyncUniTaskMethodBuilder`1<OneStarMaker.Runtime.AssetManagement.Internal.IBackendAsset>:SetResult (OneStarMaker.Runtime.AssetManagement.Internal.IBackendAsset) (at ./Library/PackageCache/com.cysharp.unitask@360e370345b9/Runtime/CompilerServices/AsyncUniTaskMethodBuilder.cs:201)
OneStarMaker.Runtime.AssetManagement.AssetManagement/<LoadBackendAssetDedup>d__37`1<OneStarMaker.Runtime.SceneSystem.SceneResourceMap>:MoveNext () (at Assets/OneStarMaker/Scripts/Runtime/AssetManagement/AssetManagement.cs:343)
Cysharp.Threading.Tasks.CompilerServices.AsyncUniTask`2<OneStarMaker.Runtime.AssetManagement.AssetManagement/<LoadBackendAssetDedup>d__37`1<OneStarMaker.Runtime.SceneSystem.SceneResourceMap>, OneStarMaker.Runtime.AssetManagement.Internal.IBackendAsset>:Run () (at ./Library/PackageCache/com.cysharp.unitask@360e370345b9/Runtime/CompilerServices/StateMachineRunner.cs:313)
Cysharp.Threading.Tasks.AwaiterActions:Continuation (object) (at ./Library/PackageCache/com.cysharp.unitask@360e370345b9/Runtime/UniTask.cs:25)
Cysharp.Threading.Tasks.UniTaskCompletionSourceCore`1<OneStarMaker.Runtime.AssetManagement.Internal.IBackendAsset>:TrySetResult (OneStarMaker.Runtime.AssetManagement.Internal.IBackendAsset) (at ./Library/PackageCache/com.cysharp.unitask@360e370345b9/Runtime/UniTaskCompletionSource.cs:139)
Cysharp.Threading.Tasks.CompilerServices.AsyncUniTask`2<OneStarMaker.Runtime.AssetManagement.Internal.AddressableBackend/<LoadAssetAsync>d__0`1<OneStarMaker.Runtime.SceneSystem.SceneResourceMap>, OneStarMaker.Runtime.AssetManagement.Internal.IBackendAsset>:SetResult (OneStarMaker.Runtime.AssetManagement.Internal.IBackendAsset) (at ./Library/PackageCache/com.cysharp.unitask@360e370345b9/Runtime/CompilerServices/StateMachineRunner.cs:328)
Cysharp.Threading.Tasks.CompilerServices.AsyncUniTaskMethodBuilder`1<OneStarMaker.Runtime.AssetManagement.Internal.IBackendAsset>:SetResult (OneStarMaker.Runtime.AssetManagement.Internal.IBackendAsset) (at ./Library/PackageCache/com.cysharp.unitask@360e370345b9/Runtime/CompilerServices/AsyncUniTaskMethodBuilder.cs:201)
OneStarMaker.Runtime.AssetManagement.Internal.AddressableBackend/<LoadAssetAsync>d__0`1<OneStarMaker.Runtime.SceneSystem.SceneResourceMap>:MoveNext () (at Assets/OneStarMaker/Scripts/Runtime/AssetManagement/Internal/AddressableBackend.cs:26)
Cysharp.Threading.Tasks.CompilerServices.AsyncUniTask`2<OneStarMaker.Runtime.AssetManagement.Internal.AddressableBackend/<LoadAssetAsync>d__0`1<OneStarMaker.Runtime.SceneSystem.SceneResourceMap>, OneStarMaker.Runtime.AssetManagement.Internal.IBackendAsset>:Run () (at ./Library/PackageCache/com.cysharp.unitask@360e370345b9/Runtime/CompilerServices/StateMachineRunner.cs:313)
Cysharp.Threading.Tasks.AwaiterActions:Continuation (object) (at ./Library/PackageCache/com.cysharp.unitask@360e370345b9/Runtime/UniTask.cs:25)
Cysharp.Threading.Tasks.UniTaskCompletionSourceCore`1<Cysharp.Threading.Tasks.AsyncUnit>:TrySetResult (Cysharp.Threading.Tasks.AsyncUnit) (at ./Library/PackageCache/com.cysharp.unitask@360e370345b9/Runtime/UniTaskCompletionSource.cs:139)
Cysharp.Threading.Tasks.CompilerServices.AsyncUniTask`1<OneStarMaker.Runtime.AssetManagement.Internal.AddressableBackend/<AwaitHandle>d__6`1<OneStarMaker.Runtime.SceneSystem.SceneResourceMap>>:SetResult () (at ./Library/PackageCache/com.cysharp.unitask@360e370345b9/Runtime/CompilerServices/StateMachineRunner.cs:204)
Cysharp.Threading.Tasks.CompilerServices.AsyncUniTaskMethodBuilder:SetResult () (at ./Library/PackageCache/com.cysharp.unitask@360e370345b9/Runtime/CompilerServices/AsyncUniTaskMethodBuilder.cs:70)
OneStarMaker.Runtime.AssetManagement.Internal.AddressableBackend/<AwaitHandle>d__6`1<OneStarMaker.Runtime.SceneSystem.SceneResourceMap>:MoveNext () (at Assets/OneStarMaker/Scripts/Runtime/AssetManagement/Internal/AddressableBackend.cs:105)
Cysharp.Threading.Tasks.CompilerServices.AsyncUniTask`1<OneStarMaker.Runtime.AssetManagement.Internal.AddressableBackend/<AwaitHandle>d__6`1<OneStarMaker.Runtime.SceneSystem.SceneResourceMap>>:Run () (at ./Library/PackageCache/com.cysharp.unitask@360e370345b9/Runtime/CompilerServices/StateMachineRunner.cs:189)
Cysharp.Threading.Tasks.AwaiterActions:Continuation (object) (at ./Library/PackageCache/com.cysharp.unitask@360e370345b9/Runtime/UniTask.cs:25)
Cysharp.Threading.Tasks.UniTaskCompletionSourceCore`1<OneStarMaker.Runtime.SceneSystem.SceneResourceMap>:TrySetResult (OneStarMaker.Runtime.SceneSystem.SceneResourceMap) (at ./Library/PackageCache/com.cysharp.unitask@360e370345b9/Runtime/UniTaskCompletionSource.cs:139)
Cysharp.Threading.Tasks.AddressablesAsyncExtensions/AsyncOperationHandleConfiguredSource`1<OneStarMaker.Runtime.SceneSystem.SceneResourceMap>:HandleCompleted (UnityEngine.ResourceManagement.AsyncOperations.AsyncOperationHandle`1<OneStarMaker.Runtime.SceneSystem.SceneResourceMap>) (at ./Library/PackageCache/com.cysharp.unitask@360e370345b9/Runtime/External/Addressables/AddressablesAsyncExtensions.cs:398)
DelegateList`1<UnityEngine.ResourceManagement.AsyncOperations.AsyncOperationHandle`1<OneStarMaker.Runtime.SceneSystem.SceneResourceMap>>:Invoke (UnityEngine.ResourceManagement.AsyncOperations.AsyncOperationHandle`1<OneStarMaker.Runtime.SceneSystem.SceneResourceMap>) (at ./Library/PackageCache/com.unity.addressables@42676f2a154e/Runtime/ResourceManager/Util/DelegateList.cs:75)
UnityEngine.ResourceManagement.AsyncOperations.AsyncOperationBase`1<OneStarMaker.Runtime.SceneSystem.SceneResourceMap>:InvokeCompletionEvent () (at ./Library/PackageCache/com.unity.addressables@42676f2a154e/Runtime/ResourceManager/AsyncOperations/AsyncOperationBase.cs:391)
UnityEngine.ResourceManagement.AsyncOperations.AsyncOperationBase`1<OneStarMaker.Runtime.SceneSystem.SceneResourceMap>:Complete (OneStarMaker.Runtime.SceneSystem.SceneResourceMap,bool,System.Exception,bool) (at ./Library/PackageCache/com.unity.addressables@42676f2a154e/Runtime/ResourceManager/AsyncOperations/AsyncOperationBase.cs:494)
UnityEngine.ResourceManagement.AsyncOperations.ProviderOperation`1<OneStarMaker.Runtime.SceneSystem.SceneResourceMap>:ProviderCompleted<object> (object,bool,System.Exception) (at ./Library/PackageCache/com.unity.addressables@42676f2a154e/Runtime/ResourceManager/AsyncOperations/ProviderOperation.cs:189)
UnityEngine.ResourceManagement.ResourceProviders.ProvideHandle:Complete<object> (object,bool,System.Exception) (at ./Library/PackageCache/com.unity.addressables@42676f2a154e/Runtime/ResourceManager/ResourceProviders/IResourceProvider.cs:146)
UnityEngine.ResourceManagement.ResourceProviders.AssetDatabaseProvider/InternalOp:LoadImmediate () (at ./Library/PackageCache/com.unity.addressables@42676f2a154e/Runtime/ResourceManager/ResourceProviders/AssetDatabaseProvider.cs:130)
System.Reflection.RuntimeMethodInfo:Invoke (object,System.Reflection.BindingFlags,System.Reflection.Binder,object[],System.Globalization.CultureInfo)
System.Reflection.MethodBase:Invoke (object,object[])
System.Delegate:DynamicInvokeImpl (object[])
System.MulticastDelegate:DynamicInvokeImpl (object[])
System.Delegate:DynamicInvoke (object[])
UnityEngine.ResourceManagement.Util.DelayedActionManager/DelegateInfo:Invoke () (at ./Library/PackageCache/com.unity.addressables@42676f2a154e/Runtime/ResourceManager/Util/DelayedActionManager.cs:55)
UnityEngine.ResourceManagement.Util.DelayedActionManager:InternalLateUpdate (single) (at ./Library/PackageCache/com.unity.addressables@42676f2a154e/Runtime/ResourceManager/Util/DelayedActionManager.cs:192)
UnityEngine.ResourceManagement.Util.DelayedActionManager:LateUpdate () (at ./Library/PackageCache/com.unity.addressables@42676f2a154e/Runtime/ResourceManager/Util/DelayedActionManager.cs:171)

(Filename: Assets/OneStarMaker/Scripts/Runtime/Bootstrap/AbstractApplicationInitializer.cs Line: 637)

Unloading 17 Unused Serialized files (Serialized files now loaded: 0)
Loaded scene 'Temp/__Backupscenes/0.backup'
	Deserialize:            0.359 ms
	Integration:            37.834 ms
	Integration of assets:  0.003 ms
	Thread Wait Time:       0.025 ms
	Total Operation Time:   38.220 ms
Unloading 118 unused Assets / (22.6 MB). Loaded Objects now: 12283.
Memory consumption went from 0.71 GB to 0.69 GB.
Total: 34.540700 ms (FindLiveObjects: 0.657500 ms CreateObjectMapping: 0.211700 ms MarkObjects: 31.832200 ms  DeleteObjects: 1.527900 ms)

[Licensing::Client] Successfully resolved entitlement details
[Licensing::Module] License group:
  Id: F4-FHTT-UPW9-SBMJ-JZ5Q-XXXX
  Product: Unity Personal
  Type: ULF
  Expiration: Unlimited
[Licensing::Module] License group:
  Id: 720108-UnityPersXXXX
  Product: Unity Personal
  Type: Assigned
  Expiration: Unlimited
[DebugSocket] Failed to connect to DebugStudio server. endpoint=ws://127.0.0.1:5011/debugsocket/, detail=Unable to connect to the remote server
UnityEngine.Debug:ExtractStackTraceNoAlloc (byte*,int,string)
UnityEngine.StackTraceUtility:ExtractStackTrace ()
UnityEngine.DebugLogHandler:Internal_Log (UnityEngine.LogType,UnityEngine.LogOption,string,UnityEngine.Object)
UnityEngine.DebugLogHandler:LogFormat (UnityEngine.LogType,UnityEngine.Object,string,object[])
UnityEngine.Logger:Log (UnityEngine.LogType,object)
UnityEngine.Debug:LogWarning (object)
OneStarMaker.Runtime.DebugSocketServices.DebugSocketTransportHost/<ConnectLoopAsync>d__15:MoveNext () (at Assets/OneStarMaker/Scripts/Runtime/DebugSocketServices/Transport/DebugSocketTransportHost.cs:176)
Cysharp.Threading.Tasks.CompilerServices.AsyncUniTask`1<OneStarMaker.Runtime.DebugSocketServices.DebugSocketTransportHost/<ConnectLoopAsync>d__15>:Run () (at ./Library/PackageCache/com.cysharp.unitask@360e370345b9/Runtime/CompilerServices/StateMachineRunner.cs:189)
Cysharp.Threading.Tasks.AwaiterActions:Continuation (object) (at ./Library/PackageCache/com.cysharp.unitask@360e370345b9/Runtime/UniTask.cs:25)
Cysharp.Threading.Tasks.UniTaskCompletionSource:TrySignalCompletion (Cysharp.Threading.Tasks.UniTaskStatus) (at ./Library/PackageCache/com.cysharp.unitask@360e370345b9/Runtime/UniTaskCompletionSource.cs:721)
Cysharp.Threading.Tasks.UniTaskCompletionSource:TrySetException (System.Exception) (at ./Library/PackageCache/com.cysharp.unitask@360e370345b9/Runtime/UniTaskCompletionSource.cs:635)
Cysharp.Threading.Tasks.UniTaskExtensions/<>c:<AsUniTask>b__33_0 (System.Threading.Tasks.Task,object) (at ./Library/PackageCache/com.cysharp.unitask@360e370345b9/Runtime/UniTaskExtensions.cs:61)
System.Threading.Tasks.ContinuationTaskFromTask:InnerInvoke ()
System.Threading.Tasks.Task:Execute ()
System.Threading.Tasks.Task:ExecutionContextCallback (object)
System.Threading.ExecutionContext:RunInternal (System.Threading.ExecutionContext,System.Threading.ContextCallback,object,bool)
System.Threading.ExecutionContext:Run (System.Threading.ExecutionContext,System.Threading.ContextCallback,object,bool)
System.Threading.Tasks.Task:ExecuteWithThreadLocal (System.Threading.Tasks.Task&)
System.Threading.Tasks.Task:ExecuteEntry (bool)
System.Threading.Tasks.SynchronizationContextTaskScheduler/<>c:<.cctor>b__8_0 (object)
UnityEngine.UnitySynchronizationContext/WorkRequest:Invoke ()
UnityEngine.UnitySynchronizationContext:Exec ()
UnityEngine.UnitySynchronizationContext:ExecuteTasks ()

(Filename: Assets/OneStarMaker/Scripts/Runtime/DebugSocketServices/Transport/DebugSocketTransportHost.cs Line: 176)

Refreshing native plugins compatible for Editor in 23.38 ms, found 4 plugins.
Asset Pipeline Refresh (id=6fb8ac7519339c043b785255160bb8fb): Total: 0.193 seconds - Initiated by StopAssetImportingV2(NoUpdateAssetOptions)
Refreshing native plugins compatible for Editor in 25.03 ms, found 4 plugins.
Asset Pipeline Refresh (id=31e9b6fbb4bbd1d44adb3fab43fdd56d): Total: 0.197 seconds - Initiated by StopAssetImportingV2(NoUpdateAssetOptions)
Saving results to: C:/Users/void/AppData/LocalLow/DefaultCompany/SampleGame\TestResults.xml
Saving results to: D:\repositories\unity\SampleGameForOneStarMakerFramework\TestResults\results-ContentDirectory-20260918-201321.xml
Executing IPostBuildCleanup for: Unity.PerformanceTesting.Editor.TestRunBuilder.
UnityEngine.Debug:ExtractStackTraceNoAlloc (byte*,int,string)
UnityEngine.StackTraceUtility:ExtractStackTrace ()
UnityEngine.DebugLogHandler:Internal_Log (UnityEngine.LogType,UnityEngine.LogOption,string,UnityEngine.Object)
UnityEngine.DebugLogHandler:LogFormat (UnityEngine.LogType,UnityEngine.Object,string,object[])
UnityEngine.Logger:Log (UnityEngine.LogType,object)
UnityEngine.Debug:Log (object)
UnityEditor.TestTools.TestRunner.TestRun.Tasks.BuildActionTaskBase`1/<ExecuteMethods>d__8<UnityEngine.TestTools.IPostBuildCleanup>:MoveNext () (at ./Library/PackageCache/com.unity.test-framework@7a3849e09bd0/UnityEditor.TestRunner/TestRun/Tasks/BuildActionTaskBase.cs:48)
UnityEditor.TestTools.TestRunner.TestRun.Tasks.BuildActionTaskBase`1/<Execute>d__7<UnityEngine.TestTools.IPostBuildCleanup>:MoveNext () (at ./Library/PackageCache/com.unity.test-framework@7a3849e09bd0/UnityEditor.TestRunner/TestRun/Tasks/BuildActionTaskBase.cs:34)
UnityEditor.TestTools.TestRunner.TestRun.TestJobRunner:ExecuteStep () (at ./Library/PackageCache/com.unity.test-framework@7a3849e09bd0/UnityEditor.TestRunner/TestRun/TestJobRunner.cs:194)
UnityEditor.TestTools.TestRunner.TestRun.TestJobRunner:ExecuteCallback () (at ./Library/PackageCache/com.unity.test-framework@7a3849e09bd0/UnityEditor.TestRunner/TestRun/TestJobRunner.cs:129)
UnityEditor.EditorApplication:Internal_CallUpdateFunctions ()

(Filename: ./Library/PackageCache/com.unity.test-framework@7a3849e09bd0/UnityEditor.TestRunner/TestRun/Tasks/BuildActionTaskBase.cs Line: 48)

Unloading 1 Unused Serialized files (Serialized files now loaded: 0)
Unloading 83 unused Assets / (80.3 KB). Loaded Objects now: 12285.
Memory consumption went from 0.67 GB to 0.67 GB.
Total: 32.397200 ms (FindLiveObjects: 0.526800 ms CreateObjectMapping: 0.198900 ms MarkObjects: 30.719600 ms  DeleteObjects: 0.642700 ms)

DisplayProgressbar: Undo
Files generated by test without cleanup.
    Found 7 new files.
    Library/BuildInstructions/9459547d99165b80d451faa82e6094dd.buildinst
    Library/BuildInstructions/22e7007137c676165aa5ec95696f2762.buildinst
    Library/BuildInstructions/9555dc6b9ff0e2941812fc1b1a7ca7e9.buildinst
    Library/BuildInstructions/c523f6e87c82e0740bc0f93aa02d9289.buildinst
    Library/BuildInstructions/7049d8f019d41db49a273158e5823fcb.buildinst
    Library/BuildInstructions/410928bbb8abd9c46b4d1ba830697f4b.buildinst
    Library/BuildInstructions/3cf5bd0fe56e89f429df9f43858891a1.buildinst
UnityEngine.Debug:ExtractStackTraceNoAlloc (byte*,int,string)
UnityEngine.StackTraceUtility:ExtractStackTrace ()
UnityEngine.DebugLogHandler:Internal_Log (UnityEngine.LogType,UnityEngine.LogOption,string,UnityEngine.Object)
UnityEngine.DebugLogHandler:LogFormat (UnityEngine.LogType,UnityEngine.Object,string,object[])
UnityEngine.Logger:Log (UnityEngine.LogType,object)
UnityEngine.Debug:LogWarning (object)
UnityEditor.TestTools.TestRunner.TestRun.Tasks.CleanupVerificationTask:LogWarningForFilesIfAny (string[],bool) (at ./Library/PackageCache/com.unity.test-framework@7a3849e09bd0/UnityEditor.TestRunner/TestRun/Tasks/CleanupVerificationTask.cs:55)
UnityEditor.TestTools.TestRunner.TestRun.Tasks.CleanupVerificationTask/<Execute>d__3:MoveNext () (at ./Library/PackageCache/com.unity.test-framework@7a3849e09bd0/UnityEditor.TestRunner/TestRun/Tasks/CleanupVerificationTask.cs:27)
UnityEditor.TestTools.TestRunner.TestRun.TestJobRunner:ExecuteStep () (at ./Library/PackageCache/com.unity.test-framework@7a3849e09bd0/UnityEditor.TestRunner/TestRun/TestJobRunner.cs:194)
UnityEditor.TestTools.TestRunner.TestRun.TestJobRunner:ExecuteCallback () (at ./Library/PackageCache/com.unity.test-framework@7a3849e09bd0/UnityEditor.TestRunner/TestRun/TestJobRunner.cs:129)
UnityEditor.EditorApplication:Internal_CallUpdateFunctions ()

(Filename: ./Library/PackageCache/com.unity.test-framework@7a3849e09bd0/UnityEditor.TestRunner/TestRun/Tasks/CleanupVerificationTask.cs Line: 55)

Test run completed. Exiting with code 0 (Ok). Run completed.
UnityEngine.Debug:ExtractStackTraceNoAlloc (byte*,int,string)
UnityEngine.StackTraceUtility:ExtractStackTrace ()
UnityEngine.DebugLogHandler:Internal_Log (UnityEngine.LogType,UnityEngine.LogOption,string,UnityEngine.Object)
UnityEngine.DebugLogHandler:LogFormat (UnityEngine.LogType,UnityEngine.Object,string,object[])
UnityEngine.Logger:Log (UnityEngine.LogType,object)
UnityEngine.Debug:Log (object)
UnityEditor.TestTools.TestRunner.CommandLineTest.Executer:ExitApplication (UnityEditor.TestTools.TestRunner.CommandLineTest.Executer/ReturnCodes,string) (at ./Library/PackageCache/com.unity.test-framework@7a3849e09bd0/UnityEditor.TestRunner/CommandLineTest/Executer.cs:81)
UnityEditor.TestTools.TestRunner.CommandLineTest.Executer:ExitIfRunIsCompleted () (at ./Library/PackageCache/com.unity.test-framework@7a3849e09bd0/UnityEditor.TestRunner/CommandLineTest/Executer.cs:74)
UnityEditor.EditorApplication:Internal_CallUpdateFunctions ()

(Filename: ./Library/PackageCache/com.unity.test-framework@7a3849e09bd0/UnityEditor.TestRunner/CommandLineTest/Executer.cs Line: 81)

MonoPathRemapper: Attempts to remap: 358201; Successful remaps: 37122
Serialized file version minimum: 22, current 23
Pipeline Server stopped
[Physics::Module] Cleanup current backend.
[Physics::Module] Id: 0xf2b8ea05
Input System module state changed to: ShutdownInProgress.
Input Polling Thread exited.
Input System module state changed to: Shutdown.
[Licensing::IpcConnector] LicenseClient-void-notifications channel disconnected successfully.
[Licensing::IpcConnector] LicenseClient-void channel disconnected successfully.
Lingering sessions upon destruction of worker manager
Unity Data Store service was successfully shut down
UDS shutting down local client system
AcceleratorClientConnectionCallback - disconnected - :0
Cleanup mono
CodeReloadManager destroyed
Checking for leaked weakptr:
  Found no leaked weakptrs.
[Package Manager] Server process was shutdown
##utp:{"type":"MemoryLeaks","version":2,"phase":"Immediate","time":1789730090857,"processId":10816,"allocatedMemory":21673040,"memoryLabels":[{"Default":312852},{"Permanent":15516},{"NewDelete":74575},{"Thread":4197944},{"Manager":34917},{"VertexData":8},{"Geometry":816},{"Texture":24},{"Shader":853032},{"Material":24},{"GfxDevice":55968},{"Animation":952},{"Audio":408},{"FreeType":8},{"FontEngine":736},{"Physics":1970},{"Physics2D":16},{"Serialization":33152},{"Input":42840},{"JobScheduler":256},{"TextLib":336},{"Mono":48},{"MonoCode":64},{"ScriptingNativeRuntime":1483432},{"BaseObject":49968},{"Resource":1208},{"Renderer":2376},{"Transform":4685},{"File":84955},{"WebCam":616},{"Culling":32},{"Terrain":11442},{"Wind":24},{"STL":40},{"String":1857188},{"StaticString":3808},{"Utility":2674806},{"Curl":2478},{"PoolAlloc":2264},{"AI":80},{"TypeTree":14869},{"ScriptManager":12640},{"CodeReload":448},{"RuntimeInitializeOnLoadManager":64},{"Sprites":102},{"SpriteAtlas":120},{"GI":7816},{"Director":8296},{"CloudService":288},{"WebRequest":552},{"VR":49650},{"SceneManager":608},{"Video":64},{"LazyScriptCache":32},{"Camera":729},{"Secure":2377},{"SerializationCache":9256},{"APIUpdating":10320},{"Subsystems":336},{"VirtualTexturing":57888},{"StaticSafetyDebugInfo":278528},{"Analytics":464},{"Hierarchy":1188},{"UIElements":40},{"CoreStats":14456},{"Identifiers":7152},{"Gui":128},{"EditorUtility":159851},{"VersionControl":8},{"Undo":931},{"AssetDatabase":9170090},{"AssetImporter":40},{"EditorGi":328},{"UnityConnect":40465},{"Upm":1912},{"UpmDiagnostics":8},{"AssetCompliance":96},{"DrivenProperties":72},{"LocalIPC":210},{"ProfilerEditor":9746},{"CoreBusinessMetrics":3224},{"Windowing":456},{"Licensing":1264},{"AssetReference":32},{"IPCStream":32}]}
