VBCSCompilerPreWarmer: pre-warm launched (dotnet PID 25140)
VBCSCompiler prewarm took 9.42 ms
[Licensing::Module] Trying to connect to existing licensing client channel...
Built from '6000.6/respin/6000.6.0f1-fa21a270ab12' branch; Version is '6000.6.0f1 (f7f8ed4d1e24) revision 16251117'; Using compiler version '194234433'; Build Type 'Release'
[Licensing::IpcConnector] Channel LicenseClient-void doesn't exist
OS: 'Windows 11  (10.0.26200) Core' Language: 'ja' Physical Memory: 16316 MB
BatchMode: 1, IsHumanControllingUs: 0, StartBugReporterOnCrash: 0, Is64bit: 1
System  architecture: x64
Process architecture: x64
Date: 2026-09-18T16:38:25Z
[Licensing::Module] Successfully launched the LicensingClient (PId: 14032)

COMMAND LINE ARGUMENTS:
D:\UnityEditor\6000.6.0f1\Editor\Unity.exe
-batchmode
-projectPath
D:\repositories\unity\SampleGameForOneStarMakerFramework\unity
-runTests
-testPlatform
EditMode
-testResults
D:\repositories\unity\SampleGameForOneStarMakerFramework\TestResults\results-SceneDirector-20260919-013825.xml
-logFile
D:\repositories\unity\SampleGameForOneStarMakerFramework\TestResults\unity-SceneDirector-20260919-013825.log
-testFilter
SceneDirector
Successfully changed project path to: D:\repositories\unity\SampleGameForOneStarMakerFramework\unity
D:/repositories/unity/SampleGameForOneStarMakerFramework/unity
[UnityMemory] Configuration Parameters - Can be set up in boot.config
    "memorysetup-temp-allocator-size-gi-baking-worker=262144"
    "memorysetup-temp-allocator-size-gi-baking-worker=262144"
    "memorysetup-temp-allocator-size-gi-baking-worker=262144"
    "memorysetup-temp-allocator-size-gi-baking-worker=262144"
    "memorysetup-temp-allocator-size-gi-baking-worker=262144"
    "memorysetup-temp-allocator-size-nav-mesh-worker=65536"
    "memorysetup-temp-allocator-size-audio-worker=65536"
    "memorysetup-temp-allocator-size-cloud-worker=32768"
    "memorysetup-temp-allocator-size-gfx=262144"
    "memorysetup-remapper-allocator-initial-capacity=32768"
    "memorysetup-temp-allocator-size-preload-manager=33554432"
    "memorysetup-allocator-temp-initial-block-size-main=262144"
    "memorysetup-allocator-temp-initial-block-size-worker=262144"
    "memorysetup-temp-allocator-size-job-worker=262144"
    "memorysetup-temp-allocator-size-background-worker=32768"
    "memorysetup-bucket-allocator-granularity=16"
    "memorysetup-bucket-allocator-bucket-count=8"
    "memorysetup-bucket-allocator-block-size=33554432"
    "memorysetup-bucket-allocator-block-count=8"
    "memorysetup-main-allocator-block-size=16777216"
    "memorysetup-thread-allocator-block-size=16777216"
    "memorysetup-main-allocator-mimalloc-enabled=1"
    "memorysetup-gfx-main-allocator-block-size=16777216"
    "memorysetup-gfx-thread-allocator-block-size=16777216"
    "memorysetup-cache-allocator-block-size=4194304"
    "memorysetup-typetree-allocator-block-size=2097152"
    "memorysetup-profiler-bucket-allocator-granularity=16"
    "memorysetup-profiler-bucket-allocator-bucket-count=8"
    "memorysetup-profiler-bucket-allocator-block-size=33554432"
    "memorysetup-profiler-bucket-allocator-block-count=8"
    "memorysetup-profiler-allocator-block-size=16777216"
    "memorysetup-profiler-editor-allocator-block-size=1048576"
    "memorysetup-temp-allocator-size-main=16777216"
    "memorysetup-job-temp-allocator-block-size=2097152"
    "memorysetup-job-temp-allocator-block-size-background=1048576"
    "memorysetup-job-temp-allocator-reduction-small-platforms=262144"
Logging is directed to a specific file, skipping project log.
Player connection [8584]  Target information:

Player connection [8584]  * "[IP] 192.168.1.9 [Port] 55504 [Flags] 2 [Guid] 2092246210 [EditorId] 2092246210 [Version] 1048832 [Id] WindowsEditor(7,DESKTOP-U4E3PM1) [Debug] 1 [PackageName] WindowsEditor [ProjectName] Editor" 

Player connection [8584] Host joined multi-casting on [225.0.0.222:54997]...
Player connection [8584] Host joined alternative multi-casting on [225.0.0.222:34997]...
Input System module state changed to: Initialized.
[Physics::Module] Initialized fallback backend.
[Physics::Module] Id: 0xdecafbad
[Package Manager] Connected to IPC stream "Upm-22220" after 0.3 seconds.
[Licensing::Module] Licensing is not yet initialized.
[Licensing::IpcConnector] Successfully connected to: "LicenseClient-void" at "2026-09-18T16:38:25.8849429Z"
[Licensing::Client] Code 10 while verifying Licensing Client signature (process Id: 14032, path: "D:/UnityEditor/6000.6.0f1/Editor/Data/Resources/Licensing/Client/Unity.Licensing.Client.exe")
[Licensing::Module] LicensingClient has failed validation; ignoring
[Licensing::Client] Handshaking with LicensingClient:
  Version:                 1.18.3+d7ffd15
  Session Id:              87f3451b93784f278215ed64125dc64e
  Correlation Id:          4e19a616fc06239eff1b36158ac7f97c
  External correlation Id: 5153115642488378002
  Machine Id:              ALR1Ic4uZ9EdQzr0pucorcGNQXM=
[Licensing::Module] Successfully connected to LicensingClient on channel: "LicenseClient-void" (connect: 0.57s, validation: 0.11s, handshake: 0.06s)
[Licensing::IpcConnector] Successfully connected to: "LicenseClient-void-notifications" at "2026-09-18T16:38:26.0597908Z"
[Licensing::Module] Connected to LicensingClient (PId: 14032, launch time: 0.01, total connection time: 0.74s)
[Licensing::Module] Error: Access token is unavailable; failed to update
[Licensing::Client] Successfully resolved entitlement details
[Licensing::Module] License group:
  Id: F4-FHTT-UPW9-SBMJ-JZ5Q-XXXX
  Product: Unity Personal
  Type: ULF
  Expiration: Unlimited
[Licensing::Module] License group:
  Id: 720108-UnityPersXXXX
  Product: Unity Personal
  Type: Assigned
  Expiration: Unlimited
[Licensing::Client] Successfully updated license, isAsync: True, time: 0.01
[Licensing::Module] Licensing Background thread has ended after 0.85s
[Licensing::Module] Licensing is initialized (took 0.31s).
[Licensing::Client] Successfully resolved entitlement details
[Licensing::Module] License group:
  Id: F4-FHTT-UPW9-SBMJ-JZ5Q-XXXX
  Product: Unity Personal
  Type: ULF
  Expiration: Unlimited
[Licensing::Module] License group:
  Id: 720108-UnityPersXXXX
  Product: Unity Personal
  Type: Assigned
  Expiration: Unlimited
Library Redirect Path: Library/
Launching Unity Data Store - D:/UnityEditor/6000.6.0f1/Editor/Data/Tools/Unity.DataStore.exe 
Unity Data Store artifact dir = Library/DataStore, working dir = D:/repositories/unity/SampleGameForOneStarMakerFramework/unity[Physics::Module] Selected backend.
[Physics::Module] Name: PhysX
[Physics::Module] Id: 0xf2b8ea05
[Physics::Module] SDK Version: 4.1.2
[Physics::Module] Integration Version: 1.0.0
[Physics::Module] Threading Mode: Multi-Threaded
Unity Data Store running and initialised
Refreshing native plugins compatible for Editor in 5.08 ms, found 0 plugins.
Initialize engine version: 6000.6.0f1 (f7f8ed4d1e24)
[EntityIdStore] init: VM path (explicit commit), pageSize=4096, blockCount=1048576, entitiesPerBlock=256, slots reserved=4294967296 bytes
[Subsystems] Discovering subsystems at path D:/UnityEditor/6000.6.0f1/Editor/Data/Resources/UnitySubsystems
[Subsystems] Discovering subsystems at path D:/repositories/unity/SampleGameForOneStarMakerFramework/unity/Assets
GfxDevice: creating device client; kGfxThreadingModeNonThreaded
Direct3D:
    Version:  Direct3D 11.0 [level 11.1]
    Renderer: NVIDIA GeForce RTX 2070 SUPER (ID=0x1e84)
    Vendor:   NVIDIA
    VRAM:     7989 MB
    Driver:   32.0.16.1088
Initialize mono
Mono path[0] = 'D:/UnityEditor/6000.6.0f1/Editor/Data/Managed'
Mono path[1] = 'D:/UnityEditor/6000.6.0f1/Editor/Data/BCLExtensions/runtime/netstandard2.1'
Mono path[2] = 'D:/UnityEditor/6000.6.0f1/Editor/Data/MonoBleedingEdge/lib/mono/unityjit-win32'
Mono config path = 'D:/UnityEditor/6000.6.0f1/Editor/Data/MonoBleedingEdge/etc'
Using monoOptions --debugger-agent=transport=dt_socket,embedding=1,server=y,suspend=n,address=127.0.0.1:56220
CodeReloadManager initialized
ImportWorker Server TCP listen port: 0
AcceleratorClientConnectionCallback - disconnected - :0
Begin MonoManager ReloadAssembly
Registering precompiled unity dll's ...
Register platform support module: D:/UnityEditor/6000.6.0f1/Editor/Data/PlaybackEngines/WindowsStandaloneSupport/UnityEditor.WindowsStandalone.Extensions.dll
Registered in 0.003966 seconds.
Native extension for WindowsStandalone target not found
Package Manager log level set to [2]
ScheduleIndexationOnStartup MainProcess:False IndexOnStartup:True
Scripting: successfully reloaded assembly
- Finished resetting the current domain, in  0.942 seconds
Domain Reload Profiling: 1694ms
	BeginReloadAssembly (210ms)
		CreateAndSetChildDomain (16ms)
	RebuildCommonClasses (6ms)
	RebuildNativeTypeToScriptingClass (26ms)
	initialDomainReloadingComplete (110ms)
	LoadAllAssembliesAndSetupDomain (399ms)
		LoadAssemblies (184ms)
		TypeCache.Refresh (266ms)
			TypeCache.ScanAssembly (248ms)
		AnalyzeDomain (1ms)
	FinalizeReload (944ms)
		SetupLoadedEditorAssemblies (0ms)
			InitializePlatformSupportModulesInManaged (5ms)
			BeforeProcessingInitializeOnLoad (156ms)
			ProcessInitializeOnLoadAttributes (169ms)
			ProcessInitializeOnLoadMethodAttributes (286ms)
[Licensing::Client] Successfully resolved entitlement details
[Licensing::Module] License group:
  Id: F4-FHTT-UPW9-SBMJ-JZ5Q-XXXX
  Product: Unity Personal
  Type: ULF
  Expiration: Unlimited
[Licensing::Module] License group:
  Id: 720108-UnityPersXXXX
  Product: Unity Personal
  Type: Assigned
  Expiration: Unlimited
Application.AssetDatabase Initial Refresh Start
[Package Manager] Restoring resolved packages state from cache
[Licensing::Client] Successfully resolved entitlement details
[Package Manager] Registered 80 packages:
  Packages from [https://packages.unity.com]:
    com.unity.addressables@2.11.2 (location: D:\repositories\unity\SampleGameForOneStarMakerFramework\unity\Library\PackageCache\com.unity.addressables@42676f2a154e)
    com.unity.ads@4.19.0 (location: D:\repositories\unity\SampleGameForOneStarMakerFramework\unity\Library\PackageCache\com.unity.ads@dbd68e7e78e9)
    com.unity.ai.navigation@2.0.14 (location: D:\repositories\unity\SampleGameForOneStarMakerFramework\unity\Library\PackageCache\com.unity.ai.navigation@134dd6a3b97b)
    com.unity.analytics@3.8.2 (location: D:\repositories\unity\SampleGameForOneStarMakerFramework\unity\Library\PackageCache\com.unity.analytics@c9d14a6bdec6)
    com.unity.collab-proxy@2.13.6 (location: D:\repositories\unity\SampleGameForOneStarMakerFramework\unity\Library\PackageCache\com.unity.collab-proxy@4628d2ba6ea4)
    com.unity.ide.rider@3.0.39 (location: D:\repositories\unity\SampleGameForOneStarMakerFramework\unity\Library\PackageCache\com.unity.ide.rider@4504839d03f7)
    com.unity.ide.visualstudio@2.0.26 (location: D:\repositories\unity\SampleGameForOneStarMakerFramework\unity\Library\PackageCache\com.unity.ide.visualstudio@a99d56dec63f)
    com.unity.inputsystem@1.20.0 (location: D:\repositories\unity\SampleGameForOneStarMakerFramework\unity\Library\PackageCache\com.unity.inputsystem@7a4e1a2a8194)
    com.unity.pipeline@0.4.0-exp.1 (location: D:\repositories\unity\SampleGameForOneStarMakerFramework\unity\Library\PackageCache\com.unity.pipeline@f49636739437)
    com.unity.project-auditor-rules@1.0.3 (location: D:\repositories\unity\SampleGameForOneStarMakerFramework\unity\Library\PackageCache\com.unity.project-auditor-rules@1fa74fdf90ed)
    com.unity.purchasing@5.4.2 (location: D:\repositories\unity\SampleGameForOneStarMakerFramework\unity\Library\PackageCache\com.unity.purchasing@290a16a9a099)
    com.unity.visualscripting@1.9.12 (location: D:\repositories\unity\SampleGameForOneStarMakerFramework\unity\Library\PackageCache\com.unity.visualscripting@4edfcc09512f)
    com.unity.xr.legacyinputhelpers@3.0.1 (location: D:\repositories\unity\SampleGameForOneStarMakerFramework\unity\Library\PackageCache\com.unity.xr.legacyinputhelpers@3f62d634f63b)
    com.unity.services.core@1.18.0 (location: D:\repositories\unity\SampleGameForOneStarMakerFramework\unity\Library\PackageCache\com.unity.services.core@3464cb68d709)
    com.unity.nuget.mono-cecil@1.11.6 (location: D:\repositories\unity\SampleGameForOneStarMakerFramework\unity\Library\PackageCache\com.unity.nuget.mono-cecil@ecb9724e46ff)
    com.unity.nuget.newtonsoft-json@3.2.2 (location: D:\repositories\unity\SampleGameForOneStarMakerFramework\unity\Library\PackageCache\com.unity.nuget.newtonsoft-json@4dfd81071c64)
    com.unity.splines@2.9.0 (location: D:\repositories\unity\SampleGameForOneStarMakerFramework\unity\Library\PackageCache\com.unity.splines@e6e1d5900acc)
    com.unity.services.analytics@6.3.0 (location: D:\repositories\unity\SampleGameForOneStarMakerFramework\unity\Library\PackageCache\com.unity.services.analytics@cde4e6cf92f9)
    com.unity.profiling.core@1.0.3 (location: D:\repositories\unity\SampleGameForOneStarMakerFramework\unity\Library\PackageCache\com.unity.profiling.core@8a49f7027d06)
    com.unity.scriptablebuildpipeline@3.0.3 (location: D:\repositories\unity\SampleGameForOneStarMakerFramework\unity\Library\PackageCache\com.unity.scriptablebuildpipeline@61526b33bf2c)
    com.unity.searcher@4.9.5 (location: D:\repositories\unity\SampleGameForOneStarMakerFramework\unity\Library\PackageCache\com.unity.searcher@a463122f2c00)
    com.unity.settings-manager@2.1.1 (location: D:\repositories\unity\SampleGameForOneStarMakerFramework\unity\Library\PackageCache\com.unity.settings-manager@0b8638c5ce86)
  Built-in packages:
    com.unity.2d.sprite@1.0.0 (location: D:\repositories\unity\SampleGameForOneStarMakerFramework\unity\Library\PackageCache\com.unity.2d.sprite@947350d67f82)
    com.unity.2d.tilemap@1.0.0 (location: D:\repositories\unity\SampleGameForOneStarMakerFramework\unity\Library\PackageCache\com.unity.2d.tilemap@639ca1d99254)
    com.unity.cinemachine@6.6.0 (location: D:\repositories\unity\SampleGameForOneStarMakerFramework\unity\Library\PackageCache\com.unity.cinemachine@f53aa49b3acc)
    com.unity.multiplayer.center@2.0.1 (location: D:\repositories\unity\SampleGameForOneStarMakerFramework\unity\Library\PackageCache\com.unity.multiplayer.center@549886182930)
    com.unity.render-pipelines.universal@17.6.0 (location: D:\repositories\unity\SampleGameForOneStarMakerFramework\unity\Library\PackageCache\com.unity.render-pipelines.universal@8457e85b8184)
    com.unity.test-framework@1.8.0 (location: D:\repositories\unity\SampleGameForOneStarMakerFramework\unity\Library\PackageCache\com.unity.test-framework@7a3849e09bd0)
    com.unity.timeline@6.6.0 (location: D:\repositories\unity\SampleGameForOneStarMakerFramework\unity\Library\PackageCache\com.unity.timeline@281d5f7e7d7d)
    com.unity.ugui@2.6.0 (location: D:\repositories\unity\SampleGameForOneStarMakerFramework\unity\Library\PackageCache\com.unity.ugui@23caec89ae27)
    com.unity.modules.accessibility@1.0.0 (location: D:\repositories\unity\SampleGameForOneStarMakerFramework\unity\Library\PackageCache\com.unity.modules.accessibility)
    com.unity.modules.adaptiveperformance@1.0.0 (location: D:\repositories\unity\SampleGameForOneStarMakerFramework\unity\Library\PackageCache\com.unity.modules.adaptiveperformance)
    com.unity.modules.ai@1.0.0 (location: D:\repositories\unity\SampleGameForOneStarMakerFramework\unity\Library\PackageCache\com.unity.modules.ai)
    com.unity.modules.androidjni@1.0.0 (location: D:\repositories\unity\SampleGameForOneStarMakerFramework\unity\Library\PackageCache\com.unity.modules.androidjni)
    com.unity.modules.animation@1.0.0 (location: D:\repositories\unity\SampleGameForOneStarMakerFramework\unity\Library\PackageCache\com.unity.modules.animation)
    com.unity.modules.assetbundle@1.0.0 (location: D:\repositories\unity\SampleGameForOneStarMakerFramework\unity\Library\PackageCache\com.unity.modules.assetbundle)
    com.unity.modules.audio@1.0.0 (location: D:\repositories\unity\SampleGameForOneStarMakerFramework\unity\Library\PackageCache\com.unity.modules.audio)
    com.unity.modules.cloth@1.0.0 (location: D:\repositories\unity\SampleGameForOneStarMakerFramework\unity\Library\PackageCache\com.unity.modules.cloth)
    com.unity.modules.director@1.0.0 (location: D:\repositories\unity\SampleGameForOneStarMakerFramework\unity\Library\PackageCache\com.unity.modules.director)
    com.unity.modules.imageconversion@1.0.0 (location: D:\repositories\unity\SampleGameForOneStarMakerFramework\unity\Library\PackageCache\com.unity.modules.imageconversion)
    com.unity.modules.imgui@1.0.0 (location: D:\repositories\unity\SampleGameForOneStarMakerFramework\unity\Library\PackageCache\com.unity.modules.imgui)
    com.unity.modules.jsonserialize@1.0.0 (location: D:\repositories\unity\SampleGameForOneStarMakerFramework\unity\Library\PackageCache\com.unity.modules.jsonserialize)
    com.unity.modules.particlesystem@1.0.0 (location: D:\repositories\unity\SampleGameForOneStarMakerFramework\unity\Library\PackageCache\com.unity.modules.particlesystem)
    com.unity.modules.physics@1.0.0 (location: D:\repositories\unity\SampleGameForOneStarMakerFramework\unity\Library\PackageCache\com.unity.modules.physics)
    com.unity.modules.physics2d@1.0.0 (location: D:\repositories\unity\SampleGameForOneStarMakerFramework\unity\Library\PackageCache\com.unity.modules.physics2d)
    com.unity.modules.physicscore2d@1.0.0 (location: D:\repositories\unity\SampleGameForOneStarMakerFramework\unity\Library\PackageCache\com.unity.modules.physicscore2d)
    com.unity.modules.screencapture@1.0.0 (location: D:\repositories\unity\SampleGameForOneStarMakerFramework\unity\Library\PackageCache\com.unity.modules.screencapture)
    com.unity.modules.terrain@1.0.0 (location: D:\repositories\unity\SampleGameForOneStarMakerFramework\unity\Library\PackageCache\com.unity.modules.terrain)
    com.unity.modules.terrainphysics@1.0.0 (location: D:\repositories\unity\SampleGameForOneStarMakerFramework\unity\Library\PackageCache\com.unity.modules.terrainphysics)
    com.unity.modules.tetgen@1.0.0 (location: D:\repositories\unity\SampleGameForOneStarMakerFramework\unity\Library\PackageCache\com.unity.modules.tetgen)
    com.unity.modules.tilemap@1.0.0 (location: D:\repositories\unity\SampleGameForOneStarMakerFramework\unity\Library\PackageCache\com.unity.modules.tilemap)
    com.unity.modules.ui@1.0.0 (location: D:\repositories\unity\SampleGameForOneStarMakerFramework\unity\Library\PackageCache\com.unity.modules.ui)
    com.unity.modules.uielements@1.0.0 (location: D:\repositories\unity\SampleGameForOneStarMakerFramework\unity\Library\PackageCache\com.unity.modules.uielements)
    com.unity.modules.umbra@1.0.0 (location: D:\repositories\unity\SampleGameForOneStarMakerFramework\unity\Library\PackageCache\com.unity.modules.umbra)
    com.unity.modules.unityanalytics@1.0.0 (location: D:\repositories\unity\SampleGameForOneStarMakerFramework\unity\Library\PackageCache\com.unity.modules.unityanalytics)
    com.unity.modules.unitywebrequest@1.0.0 (location: D:\repositories\unity\SampleGameForOneStarMakerFramework\unity\Library\PackageCache\com.unity.modules.unitywebrequest)
    com.unity.modules.unitywebrequestassetbundle@1.0.0 (location: D:\repositories\unity\SampleGameForOneStarMakerFramework\unity\Library\PackageCache\com.unity.modules.unitywebrequestassetbundle)
    com.unity.modules.unitywebrequestaudio@1.0.0 (location: D:\repositories\unity\SampleGameForOneStarMakerFramework\unity\Library\PackageCache\com.unity.modules.unitywebrequestaudio)
    com.unity.modules.unitywebrequesttexture@1.0.0 (location: D:\repositories\unity\SampleGameForOneStarMakerFramework\unity\Library\PackageCache\com.unity.modules.unitywebrequesttexture)
    com.unity.modules.unitywebrequestwww@1.0.0 (location: D:\repositories\unity\SampleGameForOneStarMakerFramework\unity\Library\PackageCache\com.unity.modules.unitywebrequestwww)
    com.unity.modules.vectorgraphics@1.0.0 (location: D:\repositories\unity\SampleGameForOneStarMakerFramework\unity\Library\PackageCache\com.unity.modules.vectorgraphics)
    com.unity.modules.vehicles@1.0.0 (location: D:\repositories\unity\SampleGameForOneStarMakerFramework\unity\Library\PackageCache\com.unity.modules.vehicles)
    com.unity.modules.video@1.0.0 (location: D:\repositories\unity\SampleGameForOneStarMakerFramework\unity\Library\PackageCache\com.unity.modules.video)
    com.unity.modules.wind@1.0.0 (location: D:\repositories\unity\SampleGameForOneStarMakerFramework\unity\Library\PackageCache\com.unity.modules.wind)
    com.unity.modules.xr@1.0.0 (location: D:\repositories\unity\SampleGameForOneStarMakerFramework\unity\Library\PackageCache\com.unity.modules.xr)
    com.unity.modules.subsystems@1.0.0 (location: D:\repositories\unity\SampleGameForOneStarMakerFramework\unity\Library\PackageCache\com.unity.modules.subsystems)
    com.unity.modules.hierarchycore@1.0.0 (location: D:\repositories\unity\SampleGameForOneStarMakerFramework\unity\Library\PackageCache\com.unity.modules.hierarchycore)
    com.unity.ext.nunit@2.1.0 (location: D:\repositories\unity\SampleGameForOneStarMakerFramework\unity\Library\PackageCache\com.unity.ext.nunit@0198eae3b53e)
    com.unity.render-pipelines.core@17.6.0 (location: D:\repositories\unity\SampleGameForOneStarMakerFramework\unity\Library\PackageCache\com.unity.render-pipelines.core@2d66c71e606e)
    com.unity.shadergraph@17.6.0 (location: D:\repositories\unity\SampleGameForOneStarMakerFramework\unity\Library\PackageCache\com.unity.shadergraph@ef6135652377)
    com.unity.render-pipelines.universal-config@17.6.0 (location: D:\repositories\unity\SampleGameForOneStarMakerFramework\unity\Library\PackageCache\com.unity.render-pipelines.universal-config@561422b74439)
    com.unity.burst@2.0.0 (location: D:\repositories\unity\SampleGameForOneStarMakerFramework\unity\Library\PackageCache\com.unity.burst@626e66ab421b)
    com.unity.collections@6.6.0 (location: D:\repositories\unity\SampleGameForOneStarMakerFramework\unity\Library\PackageCache\com.unity.collections@10fff0607388)
    com.unity.mathematics@1.4.0 (location: D:\repositories\unity\SampleGameForOneStarMakerFramework\unity\Library\PackageCache\com.unity.mathematics@8306a64d0cd6)
    com.unity.graph-authoring@1.0.0 (location: D:\repositories\unity\SampleGameForOneStarMakerFramework\unity\Library\PackageCache\com.unity.graph-authoring@cfd2588851ee)
    com.unity.test-framework.performance@6.6.0 (location: D:\repositories\unity\SampleGameForOneStarMakerFramework\unity\Library\PackageCache\com.unity.test-framework.performance@0a60b857a52e)
  Git packages:
    com.annulusgames.lit-motion@https://github.com/annulusgames/LitMotion.git?path=src/LitMotion/Assets/LitMotion (location: D:\repositories\unity\SampleGameForOneStarMakerFramework\unity\Library\PackageCache\com.annulusgames.lit-motion@2317f5d282a9)
    com.cysharp.csprojmodifier@https://github.com/Cysharp/CsprojModifier.git?path=src/CsprojModifier/Assets/CsprojModifier (location: D:\repositories\unity\SampleGameForOneStarMakerFramework\unity\Library\PackageCache\com.cysharp.csprojmodifier@939808655b39)
    com.cysharp.unitask@https://github.com/Cysharp/UniTask.git?path=src/UniTask/Assets/Plugins/UniTask (location: D:\repositories\unity\SampleGameForOneStarMakerFramework\unity\Library\PackageCache\com.cysharp.unitask@360e370345b9)
    com.github-glitchenzo.nugetforunity@https://github.com/GlitchEnzo/NuGetForUnity.git?path=/src/NuGetForUnity (location: D:\repositories\unity\SampleGameForOneStarMakerFramework\unity\Library\PackageCache\com.github-glitchenzo.nugetforunity@1c1553136be4)
[Package Manager] com.unity.analytics is deprecated: This package is deprecated and won't be compatible with future Unity versions. It will only receive critical updates, with no new features or bug fixes. Migrate to Unity Analytics: https://docs.unity.com/en-us/analytics
[Subsystems] No new subsystems found in resolved package list.
[Package Manager] Done registering packages in 0.03 seconds
Assembly reference Packages/com.unity.cinemachine/Editor/Samples/ExposeHDRPInternals/HDRP-Editor-ref.asmref has no target assembly definition
Assembly reference Packages/com.unity.cinemachine/Editor/Samples/ExposeHDRPInternals/HDRP-Editor-ref.asmref has no target assembly definition
Starting: D:\UnityEditor\6000.6.0f1\Editor\Data\Tools\BuildPipeline\bee_backend.exe --ipc --defer-dag-verification --dagfile="Library/Bee/1900b0aEDbg.dag" --continue-on-failure --profile="Library/Bee/backend1.traceevents" ScriptAssemblies
WorkingDir: D:/repositories/unity/SampleGameForOneStarMakerFramework/unity
ExitCode: 0 Duration: 1s9ms
[1444/1925  0s] ILPP-Configuration Library/ilpp-configuration.nevergeneratedoutput
*** Tundra build success (0.97 seconds), 1 items updated, 1925 evaluated
DisplayProgressbar: Compiling Scripts
Total cache size 267210888
Total cache size after purge 267210888, took 00:00:00.9115608
AssetDatabase: script compilation time: 4.268884s
Begin MonoManager ReloadAssembly
Assembly reference Packages/com.unity.cinemachine/Editor/Samples/ExposeHDRPInternals/HDRP-Editor-ref.asmref has no target assembly definition
'Packages/com.unity.render-pipelines.core/Editor/Deprecated.cs' contains partial class of Unity.Object, exactly 1 of the partial classes needs to be in a file with the same filename. This is to know the one that can be referenced from ie. GameObjects
'Packages/com.unity.render-pipelines.core/Editor/Deprecated.cs' contains partial class of Unity.Object, exactly 1 of the partial classes needs to be in a file with the same filename. This is to know the one that can be referenced from ie. GameObjects
'Packages/com.unity.cinemachine/Editor/Editors/CinemachineVirtualCameraBaseEditor.cs' contains partial class of Unity.Object, exactly 1 of the partial classes needs to be in a file with the same filename. This is to know the one that can be referenced from ie. GameObjects
'Packages/com.unity.cinemachine/Editor/Obsolete/CinemachineVirtualCameraBaseEditor.cs' contains partial class of Unity.Object, exactly 1 of the partial classes needs to be in a file with the same filename. This is to know the one that can be referenced from ie. GameObjects
Refreshing native plugins compatible for Editor in 26.16 ms, found 4 plugins.
Native extension for WindowsStandalone target not found
Start HTTP server: port:7800
ScheduleIndexationOnStartup MainProcess:True IndexOnStartup:True
Scripting: successfully reloaded assembly
- Finished resetting the current domain, in  2.656 seconds
Domain Reload Profiling: 7464ms
	BeginReloadAssembly (345ms)
		DisableScriptedObjects (33ms)
		CreateAndSetChildDomain (58ms)
	RebuildCommonClasses (12ms)
	RebuildNativeTypeToScriptingClass (21ms)
	initialDomainReloadingComplete (193ms)
	LoadAllAssembliesAndSetupDomain (4235ms)
		LoadAssemblies (3271ms)
		TypeCache.Refresh (462ms)
			TypeCache.ScanAssembly (436ms)
		AnalyzeDomain (193ms)
			BuildScriptInfoCaches (180ms)
			ResolveRequiredComponents (10ms)
	FinalizeReload (2658ms)
		SetupLoadedEditorAssemblies (0ms)
			LogAssemblyErrors (3ms)
			BeforeProcessingInitializeOnLoad (159ms)
			ProcessInitializeOnLoadAttributes (1760ms)
			ProcessInitializeOnLoadMethodAttributes (174ms)
			AfterProcessingInitializeOnLoad (18ms)
			EditorAssembliesLoaded (3ms)
		AwakeInstancesAfterBackupRestoration (31ms)
Starting new worker id: 0 with log in D:/repositories/unity/SampleGameForOneStarMakerFramework/unity/Logs/AssetImportWorkerHW0.log

Asset Pipeline Refresh (id=e03374672fc51f04bb470b44088928f9): Total: 13.969 seconds - Initiated by InitialRefreshV2(ForceSynchronousImport)
	(Values over 0.05ms)
	Summary:
		Imports: total=0 (actual=0, local cache=0, cache server=0)
		Asset DB Process Time: managed=0 ms, native=4153 ms
		Asset DB Callback time: managed=53 ms, native=38 ms
		Scripting: domain reloads=1, domain reload time=5038 ms, compile time=4272 ms, other=412 ms
		Project Asset Count: scripts=3594, non-scripts=5161
		Asset File Changes: new=0, changed=0, moved=0, deleted=0
		Scan Filter Count: 0
	InvokePackagesCallback: 41.672ms
	ApplyChangesToAssetFolders: 1.064ms
	Scan: 298.681ms
	Collect global state as custom dependencies: 24.463ms
	CategorizeScriptCompilationAssets: 135.763ms
	ProcessAssetsWithTransientArtifactChanges: 201.246ms
	CategorizeAssets: 121.628ms
	CompileScripts: 4272.247ms
	ImportOutOfDateAssets: 2750.701ms (2730.931ms without children)
		ReloadNativeAssets: 0.812ms
		UnloadImportedAssets: 3.944ms
		EnsureUptoDateAssetsAreRegisteredWithGuidPM: 2.043ms
		ImportSchedulerStart: 12.964ms
	PostProcessAllAssets: 53.829ms
		MonoPostProcessAllAssets: 53.690ms
			UniversalRenderPipelineGlobalSettingsPostprocessor.OnPostprocessAllAssets 21.629ms
			SyncVS.PostprocessSyncProject 4.576ms
			WindowAssetPostprocessingWatcher.OnPostprocessAllAssets 3.193ms
			SpeedTree9Postprocessor.OnPostprocessAllAssets 2.304ms
			EditModeScopePostprocessor.OnPostprocessAllAssets 1.557ms
			RenderPipelineGlobalSettingsPostprocessor.OnPostprocessAllAssets 0.941ms
			ShaderReflectionAssetPostProcessor.OnPostprocessAllAssets 0.697ms
			CinemachineSettings.OnPostprocessAllAssets 0.503ms
			DomainReloadProcessor.OnPostprocessAllAssets 0.481ms
			InputActionAssetPostprocessor.OnPostprocessAllAssets 0.410ms
			AssetDatabaseCallbacks.OnPostprocessAllAssets 0.374ms
			AssetPostprocessorProxy.OnPostprocessAllAssets 0.303ms
			TerrainToolbarOverlayPostProcessor.OnPostprocessAllAssets 0.288ms
			ReferencedClipsPostProcessor.OnPostprocessAllAssets 0.273ms
			ProjectSettingsPostprocessor.OnPostprocessAllAssets 0.177ms
	UnloadStreamsBegin: 2.181ms
	PersistCurrentRevisions: 0.244ms
	GenerateScriptTypeHashes: 2.617ms
	GenerateScriptTypeSerializationHashes: 5.058ms
	Untracked: 6036.417ms

Application.AssetDatabase Initial Refresh End
Launched and connected shader compiler UnityShaderCompiler.exe after 0.01 seconds
Scanning for USB devices : 12.010ms
Initializing Unity extensions:
Worker ready: AssetImportWorkerHW0 0
[MODES] ModeService[none].Initialize
[MODES] ModeService[none].LoadModes
[MODES] Loading mode Default (0) for mode-current-id-SampleGame
Unloading 29 Unused Serialized files (Serialized files now loaded: 0)
Unloading 10818 unused Assets / (11.9 MB). Loaded Objects now: 12087.
Memory consumption went from 0.52 GB to 0.51 GB.
Total: 21.336800 ms (FindLiveObjects: 1.213800 ms CreateObjectMapping: 1.011400 ms MarkObjects: 12.467400 ms  DeleteObjects: 6.289900 ms)

[Project] Loading completed in 21.437 seconds
	Project init time: 				20.933 seconds
		Template init time: 		0.000 seconds
		Package Manager init time: 		0.635 seconds
		Asset Database init time: 		0.387 seconds
		Global illumination init time: 	0.003 seconds
		Assemblies load time: 			1.779 seconds
		Unity extensions init time: 	0.040 seconds
		Asset Database refresh time: 	13.971 seconds
	Scene opening time: 			0.279 seconds
##utp:{"type":"ProjectInfo","version":2,"phase":"Immediate","time":1789749526732,"processId":22220,"projectLoad":21.4372818,"projectInit":20.9327114,"templateInit":0.0,"packageManagerInit":0.6345092,"assetDatabaseInit":0.3866596,"globalIlluminationInit":0.0025415,"assembliesLoad":1.7791616,"unityExtensionsInit":0.0400172,"assetDatabaseRefresh":13.9711227,"sceneOpening":0.2793614}
##utp:{"type":"EditorInfo","version":2,"phase":"Immediate","time":1789749526732,"processId":22220,"editorVersion":"6000.6.0f1 (f7f8ed4d1e24)","branch":"6000.6/respin/6000.6.0f1-fa21a270ab12","buildType":"Release","platform":"Windows"}
[Licensing::Client] Successfully resolved entitlement details
Running tests for ExecutionSettings with details:
targetPlatform = 
playerHeartbeatTimeout = 600
filters[0] = 
   Filter with settings:
   testMode = EditMode
   targetPlatform = 
   testNames = null
   groupNames = SceneDirector
   categoryNames = null
   assemblyNames = null
ignoreTests = {}
featureFlags = null

UnityEngine.Debug:ExtractStackTraceNoAlloc (byte*,int,string)
UnityEngine.StackTraceUtility:ExtractStackTrace ()
UnityEngine.DebugLogHandler:Internal_Log (UnityEngine.LogType,UnityEngine.LogOption,string,UnityEngine.Object)
UnityEngine.DebugLogHandler:LogFormat (UnityEngine.LogType,UnityEngine.Object,string,object[])
UnityEngine.Logger:Log (UnityEngine.LogType,object)
UnityEngine.Debug:Log (object)
UnityEditor.TestTools.TestRunner.CommandLineTest.Executer:InitializeAndExecuteRun (string[]) (at ./Library/PackageCache/com.unity.test-framework@7a3849e09bd0/UnityEditor.TestRunner/CommandLineTest/Executer.cs:53)
UnityEditor.TestTools.TestRunner.CommandLineTest.TestStarter:InitializeAndExecuteRun () (at ./Library/PackageCache/com.unity.test-framework@7a3849e09bd0/UnityEditor.TestRunner/CommandLineTest/TestStarter.cs:64)
UnityEditor.EditorApplication:Internal_CallUpdateFunctions ()

(Filename: ./Library/PackageCache/com.unity.test-framework@7a3849e09bd0/UnityEditor.TestRunner/CommandLineTest/Executer.cs Line: 53)

Start Indexing on Editor startup
[Indexing] Starting Initial Indexing for Assets
[UnityConnectServicesConfig] config is NOT valid, switching to default
Created GICache directory at C:/Users/void/AppData/LocalLow/Unity/Caches/GiCache. Took: 0.032s, timestamps: [21.440 - 21.472]
[Licensing::Client] Successfully resolved entitlement details
[Licensing::Client] Successfully resolved entitlement details
Unloading 15 Unused Serialized files (Serialized files now loaded: 0)
Unloading 18 unused Assets / (53.8 KB). Loaded Objects now: 12250.
Memory consumption went from 0.54 GB to 0.54 GB.
Total: 19.469400 ms (FindLiveObjects: 0.646600 ms CreateObjectMapping: 0.208100 ms MarkObjects: 18.090500 ms  DeleteObjects: 0.147700 ms)

Executing IPrebuildSetup for: Unity.PerformanceTesting.Editor.TestRunBuilder.
UnityEngine.Debug:ExtractStackTraceNoAlloc (byte*,int,string)
UnityEngine.StackTraceUtility:ExtractStackTrace ()
UnityEngine.DebugLogHandler:Internal_Log (UnityEngine.LogType,UnityEngine.LogOption,string,UnityEngine.Object)
UnityEngine.DebugLogHandler:LogFormat (UnityEngine.LogType,UnityEngine.Object,string,object[])
UnityEngine.Logger:Log (UnityEngine.LogType,object)
UnityEngine.Debug:Log (object)
UnityEditor.TestTools.TestRunner.TestRun.Tasks.BuildActionTaskBase`1/<ExecuteMethods>d__8<UnityEngine.TestTools.IPrebuildSetup>:MoveNext () (at ./Library/PackageCache/com.unity.test-framework@7a3849e09bd0/UnityEditor.TestRunner/TestRun/Tasks/BuildActionTaskBase.cs:48)
UnityEditor.TestTools.TestRunner.TestRun.Tasks.BuildActionTaskBase`1/<Execute>d__7<UnityEngine.TestTools.IPrebuildSetup>:MoveNext () (at ./Library/PackageCache/com.unity.test-framework@7a3849e09bd0/UnityEditor.TestRunner/TestRun/Tasks/BuildActionTaskBase.cs:34)
UnityEditor.TestTools.TestRunner.TestRun.TestJobRunner:ExecuteStep () (at ./Library/PackageCache/com.unity.test-framework@7a3849e09bd0/UnityEditor.TestRunner/TestRun/TestJobRunner.cs:194)
UnityEditor.TestTools.TestRunner.TestRun.TestJobRunner:ExecuteCallback () (at ./Library/PackageCache/com.unity.test-framework@7a3849e09bd0/UnityEditor.TestRunner/TestRun/TestJobRunner.cs:129)
UnityEditor.EditorApplication:Internal_CallUpdateFunctions ()

(Filename: ./Library/PackageCache/com.unity.test-framework@7a3849e09bd0/UnityEditor.TestRunner/TestRun/Tasks/BuildActionTaskBase.cs Line: 48)

[SceneDirector] Incremental load failed: Child: System.InvalidOperationException: Incremental OnLoaded failure
  at OneStarMaker.Tests.SceneSystem.SceneDirectorFailedLoadCleanupTests+<>c.<IncrementalChild_LoadException_CleansChild_KeepsParent>b__3_2 (System.Threading.CancellationToken _) [0x00000] in D:\repositories\unity\SampleGameForOneStarMakerFramework\unity\Assets\OneStarMaker\Tests\Scene\SceneDirectorFailedLoadCleanupTests.cs:132 
  at (wrapper delegate-invoke) System.Func`2[System.Threading.CancellationToken,Cysharp.Threading.Tasks.UniTask].invoke_TResult_T(System.Threading.CancellationToken)
  at OneStarMaker.Tests.SceneSystem.TestDoubles.TestSceneBase.OnLoadedImpl (System.Threading.CancellationToken ct) [0x0002f] in D:\repositories\unity\SampleGameForOneStarMakerFramework\unity\Assets\OneStarMaker\Tests\Scene\TestDoubles\TestSceneBase.cs:52 
  at Cysharp.Threading.Tasks.UniTask+ExceptionResultSource.GetResult (System.Int16 token) [0x0001e] in .\Library\PackageCache\com.cysharp.unitask@360e370345b9\Runtime\UniTask.Factory.cs:326 
  at Cysharp.Threading.Tasks.UniTask+Awaiter.GetResult () [0x00015] in .\Library\PackageCache\com.cysharp.unitask@360e370345b9\Runtime\UniTask.cs:316 
  at OneStarMaker.Runtime.SceneSystem.SceneBase.ExecuteLoaded (System.Threading.CancellationToken ct) [0x00029] in D:\repositories\unity\SampleGameForOneStarMakerFramework\unity\Assets\OneStarMaker\Scripts\Runtime\SceneSystem\SceneBase.cs:160 
  at Cysharp.Threading.Tasks.UniTask+ExceptionResultSource.GetResult (System.Int16 token) [0x0001e] in .\Library\PackageCache\com.cysharp.unitask@360e370345b9\Runtime\UniTask.Factory.cs:326 
  at Cysharp.Threading.Tasks.UniTask+Awaiter.GetResult () [0x00015] in .\Library\PackageCache\com.cysharp.unitask@360e370345b9\Runtime\UniTask.cs:316 
  at OneStarMaker.Runtime.SceneSystem.SceneDirector.LoadUnitySceneCore (System.String sceneIdentify, OneStarMaker.Runtime.SceneSystem.SceneBase sceneBase, System.Threading.CancellationToken ct, System.Boolean isLoadChildScene, System.Int32 priority) [0x003d5] in D:\repositories\unity\SampleGameForOneStarMakerFramework\unity\Assets\OneStarMaker\Scripts\Runtime\SceneSystem\SceneDirector.Loading.cs:563 
  at Cysharp.Threading.Tasks.UniTask+ExceptionResultSource.GetResult (System.Int16 token) [0x0001e] in .\Library\PackageCache\com.cysharp.unitask@360e370345b9\Runtime\UniTask.Factory.cs:326 
  at Cysharp.Threading.Tasks.UniTask+Awaiter.GetResult () [0x00015] in .\Library\PackageCache\com.cysharp.unitask@360e370345b9\Runtime\UniTask.cs:316 
  at OneStarMaker.Runtime.SceneSystem.SceneDirector.LoadUnityScene (System.String sceneIdentify, OneStarMaker.Runtime.SceneSystem.SceneBase sceneBase, System.Threading.CancellationToken ct, System.Boolean isLoadChildScene, System.Int32 priority) [0x0012d] in D:\repositories\unity\SampleGameForOneStarMakerFramework\unity\Assets\OneStarMaker\Scripts\Runtime\SceneSystem\SceneDirector.Loading.cs:491 
  at Cysharp.Threading.Tasks.UniTaskCompletionSource.GetResult (System.Int16 token) [0x0002d] in .\Library\PackageCache\com.cysharp.unitask@360e370345b9\Runtime\UniTaskCompletionSource.cs:649 
  at Cysharp.Threading.Tasks.UniTask+Awaiter.GetResult () [0x00015] in .\Library\PackageCache\com.cysharp.unitask@360e370345b9\Runtime\UniTask.cs:316 
  at OneStarMaker.Runtime.SceneSystem.SceneDirector.LoadUnityScene (System.String sceneIdentify, OneStarMaker.Runtime.SceneSystem.SceneBase sceneBase, System.Threading.CancellationToken ct, System.Boolean isLoadChildScene, System.Int32 priority) [0x001c1] in D:\repositories\unity\SampleGameForOneStarMakerFramework\unity\Assets\OneStarMaker\Scripts\Runtime\SceneSystem\SceneDirector.Loading.cs:498 
  at Cysharp.Threading.Tasks.UniTask+ExceptionResultSource.GetResult (System.Int16 token) [0x0001e] in .\Library\PackageCache\com.cysharp.unitask@360e370345b9\Runtime\UniTask.Factory.cs:326 
  at Cysharp.Threading.Tasks.UniTask+Awaiter.GetResult () [0x00015] in .\Library\PackageCache\com.cysharp.unitask@360e370345b9\Runtime\UniTask.cs:316 
  at OneStarMaker.Runtime.SceneSystem.SceneDirector.IncrementalLoadAsync (System.String childIdentify, OneStarMaker.Runtime.SceneSystem.SceneBase childBase, System.Threading.CancellationToken ct, System.Boolean isLoadChildScene) [0x00058] in D:\repositories\unity\SampleGameForOneStarMakerFramework\unity\Assets\OneStarMaker\Scripts\Runtime\SceneSystem\SceneDirector.Loading.cs:601 
UnityEngine.Debug:ExtractStackTraceNoAlloc (byte*,int,string)
UnityEngine.StackTraceUtility:ExtractStackTrace ()
UnityEngine.DebugLogHandler:Internal_Log (UnityEngine.LogType,UnityEngine.LogOption,string,UnityEngine.Object)
UnityEngine.DebugLogHandler:LogFormat (UnityEngine.LogType,UnityEngine.Object,string,object[])
UnityEngine.Logger:Log (UnityEngine.LogType,object)
UnityEngine.Debug:LogError (object)
OneStarMaker.Runtime.SceneSystem.SceneDirector/<IncrementalLoadAsync>d__18:MoveNext () (at Assets/OneStarMaker/Scripts/Runtime/SceneSystem/SceneDirector.Loading.cs:609)
Cysharp.Threading.Tasks.CompilerServices.AsyncUniTaskVoidMethodBuilder:Start<OneStarMaker.Runtime.SceneSystem.SceneDirector/<IncrementalLoadAsync>d__18> (OneStarMaker.Runtime.SceneSystem.SceneDirector/<IncrementalLoadAsync>d__18&) (at ./Library/PackageCache/com.cysharp.unitask@360e370345b9/Runtime/CompilerServices/AsyncUniTaskVoidMethodBuilder.cs:110)
OneStarMaker.Runtime.SceneSystem.SceneDirector:IncrementalLoadAsync (string,OneStarMaker.Runtime.SceneSystem.SceneBase,System.Threading.CancellationToken,bool)
OneStarMaker.Runtime.SceneSystem.SceneDirector/<LoadUnitySceneCore>d__17:MoveNext () (at Assets/OneStarMaker/Scripts/Runtime/SceneSystem/SceneDirector.Loading.cs:552)
Cysharp.Threading.Tasks.CompilerServices.AsyncUniTaskMethodBuilder:Start<OneStarMaker.Runtime.SceneSystem.SceneDirector/<LoadUnitySceneCore>d__17> (OneStarMaker.Runtime.SceneSystem.SceneDirector/<LoadUnitySceneCore>d__17&) (at ./Library/PackageCache/com.cysharp.unitask@360e370345b9/Runtime/CompilerServices/AsyncUniTaskMethodBuilder.cs:111)
OneStarMaker.Runtime.SceneSystem.SceneDirector:LoadUnitySceneCore (string,OneStarMaker.Runtime.SceneSystem.SceneBase,System.Threading.CancellationToken,bool,int)
OneStarMaker.Runtime.SceneSystem.SceneDirector/<LoadUnityScene>d__16:MoveNext () (at Assets/OneStarMaker/Scripts/Runtime/SceneSystem/SceneDirector.Loading.cs:491)
Cysharp.Threading.Tasks.CompilerServices.AsyncUniTaskMethodBuilder:Start<OneStarMaker.Runtime.SceneSystem.SceneDirector/<LoadUnityScene>d__16> (OneStarMaker.Runtime.SceneSystem.SceneDirector/<LoadUnityScene>d__16&) (at ./Library/PackageCache/com.cysharp.unitask@360e370345b9/Runtime/CompilerServices/AsyncUniTaskMethodBuilder.cs:111)
OneStarMaker.Runtime.SceneSystem.SceneDirector:LoadUnityScene (string,OneStarMaker.Runtime.SceneSystem.SceneBase,System.Threading.CancellationToken,bool,int)
OneStarMaker.Runtime.SceneSystem.SceneDirector/<AddSceneCore>d__13:MoveNext () (at Assets/OneStarMaker/Scripts/Runtime/SceneSystem/SceneDirector.Loading.cs:229)
Cysharp.Threading.Tasks.CompilerServices.AsyncUniTaskMethodBuilder:Start<OneStarMaker.Runtime.SceneSystem.SceneDirector/<AddSceneCore>d__13> (OneStarMaker.Runtime.SceneSystem.SceneDirector/<AddSceneCore>d__13&) (at ./Library/PackageCache/com.cysharp.unitask@360e370345b9/Runtime/CompilerServices/AsyncUniTaskMethodBuilder.cs:111)
OneStarMaker.Runtime.SceneSystem.SceneDirector:AddSceneCore (string,System.Func`1<Cysharp.Threading.Tasks.UniTask>,System.Threading.CancellationToken,OneStarMaker.Runtime.SceneSystem.SceneContext,System.IProgress`1<OneStarMaker.Runtime.SceneSystem.SceneLoadProgress>,OneStarMaker.Runtime.SceneSystem.LoadingDisplayType,System.Collections.Generic.IReadOnlyDictionary`2<string, string>,int,OneStarMaker.Foundation.Telemetry.TelemetryLevel)
OneStarMaker.Runtime.SceneSystem.SceneDirector/<AddScene>d__11:MoveNext () (at Assets/OneStarMaker/Scripts/Runtime/SceneSystem/SceneDirector.Loading.cs:59)
Cysharp.Threading.Tasks.CompilerServices.AsyncUniTaskMethodBuilder:Start<OneStarMaker.Runtime.SceneSystem.SceneDirector/<AddScene>d__11> (OneStarMaker.Runtime.SceneSystem.SceneDirector/<AddScene>d__11&) (at ./Library/PackageCache/com.cysharp.unitask@360e370345b9/Runtime/CompilerServices/AsyncUniTaskMethodBuilder.cs:111)
OneStarMaker.Runtime.SceneSystem.SceneDirector:AddScene (string,System.Func`1<Cysharp.Threading.Tasks.UniTask>,System.Threading.CancellationToken,OneStarMaker.Runtime.SceneSystem.SceneContext,System.IProgress`1<OneStarMaker.Runtime.SceneSystem.SceneLoadProgress>,OneStarMaker.Runtime.SceneSystem.LoadingDisplayType,System.Collections.Generic.IReadOnlyDictionary`2<string, string>,int,OneStarMaker.Foundation.Telemetry.TelemetryLevel)
OneStarMaker.Tests.SceneSystem.SceneDirectorFailedLoadCleanupTests/<<IncrementalChild_LoadException_CleansChild_KeepsParent>b__3_0>d:MoveNext () (at Assets/OneStarMaker/Tests/Scene/SceneDirectorFailedLoadCleanupTests.cs:138)
Cysharp.Threading.Tasks.CompilerServices.AsyncUniTaskMethodBuilder:Start<OneStarMaker.Tests.SceneSystem.SceneDirectorFailedLoadCleanupTests/<<IncrementalChild_LoadException_CleansChild_KeepsParent>b__3_0>d> (OneStarMaker.Tests.SceneSystem.SceneDirectorFailedLoadCleanupTests/<<IncrementalChild_LoadException_CleansChild_KeepsParent>b__3_0>d&) (at ./Library/PackageCache/com.cysharp.unitask@360e370345b9/Runtime/CompilerServices/AsyncUniTaskMethodBuilder.cs:111)
OneStarMaker.Tests.SceneSystem.SceneDirectorFailedLoadCleanupTests:<IncrementalChild_LoadException_CleansChild_KeepsParent>b__3_0 ()
Cysharp.Threading.Tasks.UniTask:ToCoroutine (System.Func`1<Cysharp.Threading.Tasks.UniTask>) (at ./Library/PackageCache/com.cysharp.unitask@360e370345b9/Runtime/UniTask.Bridge.cs:14)
OneStarMaker.Tests.SceneSystem.SceneDirectorFailedLoadCleanupTests:IncrementalChild_LoadException_CleansChild_KeepsParent () (at Assets/OneStarMaker/Tests/Scene/SceneDirectorFailedLoadCleanupTests.cs:125)
System.Reflection.RuntimeMethodInfo:Invoke (object,System.Reflection.BindingFlags,System.Reflection.Binder,object[],System.Globalization.CultureInfo)
System.Reflection.MethodBase:Invoke (object,object[])
UnityEngine.TestTools.TestRunner.TestEnumeratorWrapper:HandleEnumerableTest (NUnit.Framework.Internal.ITestExecutionContext) (at ./Library/PackageCache/com.unity.test-framework@7a3849e09bd0/UnityEngine.TestRunner/TestRunner/TestEnumeratorWrapper.cs:38)
UnityEngine.TestTools.TestRunner.TestEnumeratorWrapper:GetEnumerator (NUnit.Framework.Internal.ITestExecutionContext) (at ./Library/PackageCache/com.unity.test-framework@7a3849e09bd0/UnityEngine.TestRunner/TestRunner/TestEnumeratorWrapper.cs:23)
UnityEngine.TestTools.EnumerableTestMethodCommand/<ExecuteEnumerable>d__2:MoveNext () (at ./Library/PackageCache/com.unity.test-framework@7a3849e09bd0/UnityEngine.TestRunner/NUnitExtensions/Commands/EnumerableTestMethodCommand.cs:30)
UnityEngine.TestRunner.NUnitExtensions.Runner.UnityLogCheckDelegatingCommand/<ExecuteEnumerable>d__4:MoveNext () (at ./Library/PackageCache/com.unity.test-framework@7a3849e09bd0/UnityEngine.TestRunner/NUnitExtensions/Runner/UnityLogCheckDelegatingCommand.cs:66)
UnityEngine.TestTools.BeforeAfterTestCommandBase`1/<ExecuteEnumerable>d__16<NUnit.Framework.ITestAction>:MoveNext () (at ./Library/PackageCache/com.unity.test-framework@7a3849e09bd0/UnityEngine.TestRunner/NUnitExtensions/Commands/BeforeAfterTestCommandBase.cs:213)
UnityEngine.TestTools.BeforeAfterTestCommandBase`1/<ExecuteEnumerable>d__16<System.Reflection.MethodInfo>:MoveNext () (at ./Library/PackageCache/com.unity.test-framework@7a3849e09bd0/UnityEngine.TestRunner/NUnitExtensions/Commands/BeforeAfterTestCommandBase.cs:213)
UnityEngine.TestTools.BeforeAfterTestCommandBase`1/<ExecuteEnumerable>d__16<System.Reflection.MethodInfo>:MoveNext () (at ./Library/PackageCache/com.unity.test-framework@7a3849e09bd0/UnityEngine.TestRunner/NUnitExtensions/Commands/BeforeAfterTestCommandBase.cs:213)
UnityEngine.TestTools.BeforeAfterTestCommandBase`1/<ExecuteEnumerable>d__16<UnityEngine.TestTools.IOuterUnityTestAction>:MoveNext () (at ./Library/PackageCache/com.unity.test-framework@7a3849e09bd0/UnityEngine.TestRunner/NUnitExtensions/Commands/BeforeAfterTestCommandBase.cs:213)
UnityEngine.TestTools.RetryCommand/<ExecuteEnumerable>d__2:MoveNext () (at ./Library/PackageCache/com.unity.test-framework@7a3849e09bd0/UnityEngine.TestRunner/NUnitExtensions/Commands/RetryCommand.cs:37)
UnityEngine.TestTools.RepeatCommand/<ExecuteEnumerable>d__2:MoveNext () (at ./Library/PackageCache/com.unity.test-framework@7a3849e09bd0/UnityEngine.TestRunner/NUnitExtensions/Commands/RepeatCommand.cs:36)
UnityEngine.TestTools.IgnoreTestCommand/<ExecuteEnumerable>d__3:MoveNext () (at ./Library/PackageCache/com.unity.test-framework@7a3849e09bd0/UnityEngine.TestRunner/NUnitExtensions/Commands/IgnoreTestCommand.cs:42)
UnityEngine.TestTools.StrictCheckCommand/<ExecuteEnumerable>d__2:MoveNext () (at ./Library/PackageCache/com.unity.test-framework@7a3849e09bd0/UnityEngine.TestRunner/NUnitExtensions/Commands/StrictCheckCommand.cs:29)
UnityEditor.TestTools.TestRunner.EditorEnumeratorTestWorkItem/<PerformWork>d__3:MoveNext () (at ./Library/PackageCache/com.unity.test-framework@7a3849e09bd0/UnityEditor.TestRunner/TestRunner/EditorEnumeratorTestWorkItem.cs:97)
UnityEngine.TestRunner.NUnitExtensions.Runner.CompositeWorkItem/<RunChildren>d__17:MoveNext () (at ./Library/PackageCache/com.unity.test-framework@7a3849e09bd0/UnityEngine.TestRunner/NUnitExtensions/Runner/CompositeWorkItem.cs:209)
UnityEngine.TestRunner.NUnitExtensions.Runner.CompositeWorkItem/<PerformWork>d__13:MoveNext () (at ./Library/PackageCache/com.unity.test-framework@7a3849e09bd0/UnityEngine.TestRunner/NUnitExtensions/Runner/CompositeWorkItem.cs:83)
UnityEngine.TestRunner.NUnitExtensions.Runner.CompositeWorkItem/<RunChildren>d__17:MoveNext () (at ./Library/PackageCache/com.unity.test-framework@7a3849e09bd0/UnityEngine.TestRunner/NUnitExtensions/Runner/CompositeWorkItem.cs:209)
UnityEngine.TestRunner.NUnitExtensions.Runner.CompositeWorkItem/<PerformWork>d__13:MoveNext () (at ./Library/PackageCache/com.unity.test-framework@7a3849e09bd0/UnityEngine.TestRunner/NUnitExtensions/Runner/CompositeWorkItem.cs:83)
UnityEngine.TestRunner.NUnitExtensions.Runner.CompositeWorkItem/<RunChildren>d__17:MoveNext () (at ./Library/PackageCache/com.unity.test-framework@7a3849e09bd0/UnityEngine.TestRunner/NUnitExtensions/Runner/CompositeWorkItem.cs:209)
UnityEngine.TestRunner.NUnitExtensions.Runner.CompositeWorkItem/<PerformWork>d__13:MoveNext () (at ./Library/PackageCache/com.unity.test-framework@7a3849e09bd0/UnityEngine.TestRunner/NUnitExtensions/Runner/CompositeWorkItem.cs:83)
UnityEngine.TestRunner.NUnitExtensions.Runner.CompositeWorkItem/<RunChildren>d__17:MoveNext () (at ./Library/PackageCache/com.unity.test-framework@7a3849e09bd0/UnityEngine.TestRunner/NUnitExtensions/Runner/CompositeWorkItem.cs:209)
UnityEngine.TestRunner.NUnitExtensions.Runner.CompositeWorkItem/<PerformWork>d__13:MoveNext () (at ./Library/PackageCache/com.unity.test-framework@7a3849e09bd0/UnityEngine.TestRunner/NUnitExtensions/Runner/CompositeWorkItem.cs:83)
UnityEngine.TestRunner.NUnitExtensions.Runner.CompositeWorkItem/<RunChildren>d__17:MoveNext () (at ./Library/PackageCache/com.unity.test-framework@7a3849e09bd0/UnityEngine.TestRunner/NUnitExtensions/Runner/CompositeWorkItem.cs:209)
UnityEngine.TestRunner.NUnitExtensions.Runner.CompositeWorkItem/<PerformWork>d__13:MoveNext () (at ./Library/PackageCache/com.unity.test-framework@7a3849e09bd0/UnityEngine.TestRunner/NUnitExtensions/Runner/CompositeWorkItem.cs:83)
UnityEngine.TestRunner.NUnitExtensions.Runner.CompositeWorkItem/<RunChildren>d__17:MoveNext () (at ./Library/PackageCache/com.unity.test-framework@7a3849e09bd0/UnityEngine.TestRunner/NUnitExtensions/Runner/CompositeWorkItem.cs:209)
UnityEngine.TestRunner.NUnitExtensions.Runner.CompositeWorkItem/<PerformWork>d__13:MoveNext () (at ./Library/PackageCache/com.unity.test-framework@7a3849e09bd0/UnityEngine.TestRunner/NUnitExtensions/Runner/CompositeWorkItem.cs:83)
UnityEditor.TestTools.TestRunner.EditModeRunner:MoveNextAndUpdateYieldObject () (at ./Library/PackageCache/com.unity.test-framework@7a3849e09bd0/UnityEditor.TestRunner/TestRunner/EditModeRunner.cs:180)
UnityEditor.TestTools.TestRunner.EditModeRunner:TestConsumer (UnityEditor.TestTools.TestRunner.TestRunnerStateSerializer) (at ./Library/PackageCache/com.unity.test-framework@7a3849e09bd0/UnityEditor.TestRunner/TestRunner/EditModeRunner.cs:220)
UnityEditor.TestTools.TestRunner.TestRun.Tasks.EditModeRunTask/<Execute>d__1:MoveNext () (at ./Library/PackageCache/com.unity.test-framework@7a3849e09bd0/UnityEditor.TestRunner/TestRun/Tasks/EditModeRunTask.cs:48)
UnityEditor.TestTools.TestRunner.TestRun.TestJobRunner:ExecuteStep () (at ./Library/PackageCache/com.unity.test-framework@7a3849e09bd0/UnityEditor.TestRunner/TestRun/TestJobRunner.cs:194)
UnityEditor.TestTools.TestRunner.TestRun.TestJobRunner:ExecuteCallback () (at ./Library/PackageCache/com.unity.test-framework@7a3849e09bd0/UnityEditor.TestRunner/TestRun/TestJobRunner.cs:129)
UnityEditor.EditorApplication:Internal_CallUpdateFunctions ()

(Filename: Assets/OneStarMaker/Scripts/Runtime/SceneSystem/SceneDirector.Loading.cs Line: 609)

InvalidOperationException: PreUnload always fails
  at OneStarMaker.Tests.SceneSystem.SceneDirectorFailedLoadCleanupTests+<>c.<Recover_ResumeHookKeepsFailing_ClearsPendingAndLogsLeftover>b__10_4 () [0x00000] in D:\repositories\unity\SampleGameForOneStarMakerFramework\unity\Assets\OneStarMaker\Tests\Scene\SceneDirectorFailedLoadCleanupTests.cs:455 
  at (wrapper delegate-invoke) System.Func`1[Cysharp.Threading.Tasks.UniTask].invoke_TResult()
  at OneStarMaker.Tests.SceneSystem.TestDoubles.TestSceneBase.OnPreUnLoadedImpl () [0x00009] in D:\repositories\unity\SampleGameForOneStarMakerFramework\unity\Assets\OneStarMaker\Tests\Scene\TestDoubles\TestSceneBase.cs:64 
  at OneStarMaker.Runtime.SceneSystem.SceneBase.ContinuePreUnLoadFromCurrent () [0x00064] in D:\repositories\unity\SampleGameForOneStarMakerFramework\unity\Assets\OneStarMaker\Scripts\Runtime\SceneSystem\SceneBase.cs:188 
  at Cysharp.Threading.Tasks.UniTask+ExceptionResultSource.GetResult (System.Int16 token) [0x0001e] in .\Library\PackageCache\com.cysharp.unitask@360e370345b9\Runtime\UniTask.Factory.cs:326 
  at Cysharp.Threading.Tasks.UniTask+Awaiter.GetResult () [0x00015] in .\Library\PackageCache\com.cysharp.unitask@360e370345b9\Runtime\UniTask.cs:316 
  at OneStarMaker.Runtime.SceneSystem.SceneBase.ExecutePreUnLoad () [0x00036] in D:\repositories\unity\SampleGameForOneStarMakerFramework\unity\Assets\OneStarMaker\Scripts\Runtime\SceneSystem\SceneBase.cs:172 
  at Cysharp.Threading.Tasks.UniTask+ExceptionResultSource.GetResult (System.Int16 token) [0x0001e] in .\Library\PackageCache\com.cysharp.unitask@360e370345b9\Runtime\UniTask.Factory.cs:326 
  at Cysharp.Threading.Tasks.UniTask+Awaiter.GetResult () [0x00015] in .\Library\PackageCache\com.cysharp.unitask@360e370345b9\Runtime\UniTask.cs:316 
  at OneStarMaker.Runtime.SceneSystem.SceneDirector.PhasePreUnload (System.String sceneIdentify) [0x00116] in D:\repositories\unity\SampleGameForOneStarMakerFramework\unity\Assets\OneStarMaker\Scripts\Runtime\SceneSystem\SceneDirector.Unloading.cs:241 
  at Cysharp.Threading.Tasks.UniTask+ExceptionResultSource.GetResult (System.Int16 token) [0x0001e] in .\Library\PackageCache\com.cysharp.unitask@360e370345b9\Runtime\UniTask.Factory.cs:326 
  at Cysharp.Threading.Tasks.UniTask+Awaiter.GetResult () [0x00015] in .\Library\PackageCache\com.cysharp.unitask@360e370345b9\Runtime\UniTask.cs:316 
  at OneStarMaker.Runtime.SceneSystem.SceneDirector.RemoveSceneCore (System.String sceneIdentify) [0x00408] in D:\repositories\unity\SampleGameForOneStarMakerFramework\unity\Assets\OneStarMaker\Scripts\Runtime\SceneSystem\SceneDirector.Unloading.cs:213 
  at Cysharp.Threading.Tasks.UniTask+ExceptionResultSource.GetResult (System.Int16 token) [0x0001e] in .\Library\PackageCache\com.cysharp.unitask@360e370345b9\Runtime\UniTask.Factory.cs:326 
  at Cysharp.Threading.Tasks.UniTask+Awaiter.GetResult () [0x00015] in .\Library\PackageCache\com.cysharp.unitask@360e370345b9\Runtime\UniTask.cs:316 
  at OneStarMaker.Runtime.SceneSystem.SceneDirector.RemoveScene (System.String sceneIdentify) [0x000fd] in D:\repositories\unity\SampleGameForOneStarMakerFramework\unity\Assets\OneStarMaker\Scripts\Runtime\SceneSystem\SceneDirector.Unloading.cs:132 
  at OneStarMaker.Runtime.SceneSystem.SceneDirector.RemoveScene (System.String sceneIdentify) [0x001c4] in D:\repositories\unity\SampleGameForOneStarMakerFramework\unity\Assets\OneStarMaker\Scripts\Runtime\SceneSystem\SceneDirector.Unloading.cs:149 
  at Cysharp.Threading.Tasks.UniTask+ExceptionResultSource.GetResult (System.Int16 token) [0x0001e] in .\Library\PackageCache\com.cysharp.unitask@360e370345b9\Runtime\UniTask.Factory.cs:326 
  at Cysharp.Threading.Tasks.UniTask+Awaiter.GetResult () [0x00015] in .\Library\PackageCache\com.cysharp.unitask@360e370345b9\Runtime\UniTask.cs:316 
  at OneStarMaker.Runtime.SceneSystem.SceneDirector.RemoveSceneOrResume (System.String sceneIdentify) [0x0003d] in D:\repositories\unity\SampleGameForOneStarMakerFramework\unity\Assets\OneStarMaker\Scripts\Runtime\SceneSystem\SceneDirector.FailedLoadCleanup.cs:290 
UnityEngine.StackTraceUtility:ExtractStringFromExceptionInternal(Object, String&, String&)
UnityEngine.DebugLogHandler:Internal_LogException_Injected(Exception, IntPtr)
UnityEngine.DebugLogHandler:Internal_LogException(Exception, Object)
UnityEngine.DebugLogHandler:LogException(Exception, Object)
UnityEngine.Logger:LogException(Exception, Object)
UnityEngine.Debug:LogException(Exception)
OneStarMaker.Runtime.SceneSystem.<RemoveSceneOrResume>d__8:MoveNext() (at Assets\OneStarMaker\Scripts\Runtime\SceneSystem\SceneDirector.FailedLoadCleanup.cs:294)
Cysharp.Threading.Tasks.CompilerServices.AsyncUniTaskMethodBuilder:Start(<RemoveSceneOrResume>d__8&) (at .\Library\PackageCache\com.cysharp.unitask@360e370345b9\Runtime\CompilerServices\AsyncUniTaskMethodBuilder.cs:111)
OneStarMaker.Runtime.SceneSystem.SceneDirector:RemoveSceneOrResume(String)
OneStarMaker.Runtime.SceneSystem.<RecoverFailedLoadAsync>d__0:MoveNext() (at Assets\OneStarMaker\Scripts\Runtime\SceneSystem\SceneDirector.FailedLoadCleanup.cs:53)
Cysharp.Threading.Tasks.CompilerServices.AsyncUniTaskMethodBuilder:Start(<RecoverFailedLoadAsync>d__0&) (at .\Library\PackageCache\com.cysharp.unitask@360e370345b9\Runtime\CompilerServices\AsyncUniTaskMethodBuilder.cs:111)
OneStarMaker.Runtime.SceneSystem.SceneDirector:RecoverFailedLoadAsync(List`1)
OneStarMaker.Runtime.SceneSystem.<AddSceneCore>d__13:MoveNext() (at Assets\OneStarMaker\Scripts\Runtime\SceneSystem\SceneDirector.Loading.cs:301)
Cysharp.Threading.Tasks.CompilerServices.AsyncUniTask`1:Run() (at .\Library\PackageCache\com.cysharp.unitask@360e370345b9\Runtime\CompilerServices\StateMachineRunner.cs:189)
Cysharp.Threading.Tasks.AwaiterActions:Continuation(Object) (at .\Library\PackageCache\com.cysharp.unitask@360e370345b9\Runtime\UniTask.cs:25)
Cysharp.Threading.Tasks.UniTaskCompletionSourceCore`1:TrySetException(Exception) (at .\Library\PackageCache\com.cysharp.unitask@360e370345b9\Runtime\UniTaskCompletionSource.cs:167)
Cysharp.Threading.Tasks.CompilerServices.AsyncUniTask`1:SetException(Exception) (at .\Library\PackageCache\com.cysharp.unitask@360e370345b9\Runtime\CompilerServices\StateMachineRunner.cs:210)
Cysharp.Threading.Tasks.CompilerServices.AsyncUniTaskMethodBuilder:SetException(Exception) (at .\Library\PackageCache\com.cysharp.unitask@360e370345b9\Runtime\CompilerServices\AsyncUniTaskMethodBuilder.cs:59)
OneStarMaker.Runtime.SceneSystem.<LoadUnityScene>d__16:MoveNext() (at Assets\OneStarMaker\Scripts\Runtime\SceneSystem\SceneDirector.Loading.cs:503)
Cysharp.Threading.Tasks.CompilerServices.AsyncUniTask`1:Run() (at .\Library\PackageCache\com.cysharp.unitask@360e370345b9\Runtime\CompilerServices\StateMachineRunner.cs:189)
Cysharp.Threading.Tasks.AwaiterActions:Continuation(Object) (at .\Library\PackageCache\com.cysharp.unitask@360e370345b9\Runtime\UniTask.cs:25)
Cysharp.Threading.Tasks.UniTaskCompletionSourceCore`1:TrySetException(Exception) (at .\Library\PackageCache\com.cysharp.unitask@360e370345b9\Runtime\UniTaskCompletionSource.cs:167)
Cysharp.Threading.Tasks.CompilerServices.AsyncUniTask`1:SetException(Exception) (at .\Library\PackageCache\com.cysharp.unitask@360e370345b9\Runtime\CompilerServices\StateMachineRunner.cs:210)
Cysharp.Threading.Tasks.CompilerServices.AsyncUniTaskMethodBuilder:SetException(Exception) (at .\Library\PackageCache\com.cysharp.unitask@360e370345b9\Runtime\CompilerServices\AsyncUniTaskMethodBuilder.cs:59)
OneStarMaker.Runtime.SceneSystem.<LoadUnitySceneCore>d__17:MoveNext() (at Assets\OneStarMaker\Scripts\Runtime\SceneSystem\SceneDirector.Loading.cs:587)
Cysharp.Threading.Tasks.CompilerServices.AsyncUniTask`1:Run() (at .\Library\PackageCache\com.cysharp.unitask@360e370345b9\Runtime\CompilerServices\StateMachineRunner.cs:189)
Cysharp.Threading.Tasks.AwaiterActions:Continuation(Object) (at .\Library\PackageCache\com.cysharp.unitask@360e370345b9\Runtime\UniTask.cs:25)
Cysharp.Threading.Tasks.UniTaskCompletionSourceCore`1:TrySetResult(ValueTuple`2) (at .\Library\PackageCache\com.cysharp.unitask@360e370345b9\Runtime\UniTaskCompletionSource.cs:139)
Cysharp.Threading.Tasks.CompilerServices.AsyncUniTask`2:SetResult(ValueTuple`2) (at .\Library\PackageCache\com.cysharp.unitask@360e370345b9\Runtime\CompilerServices\StateMachineRunner.cs:328)
Cysharp.Threading.Tasks.CompilerServices.AsyncUniTaskMethodBuilder`1:SetResult(ValueTuple`2) (at .\Library\PackageCache\com.cysharp.unitask@360e370345b9\Runtime\CompilerServices\AsyncUniTaskMethodBuilder.cs:201)
OneStarMaker.Tests.SceneSystem.TestDoubles.<PerformUnitySceneLoad>d__27:MoveNext() (at Assets\OneStarMaker\Tests\Scene\TestDoubles\TestableSceneDirector.cs:108)
Cysharp.Threading.Tasks.CompilerServices.AsyncUniTask`2:Run() (at .\Library\PackageCache\com.cysharp.unitask@360e370345b9\Runtime\CompilerServices\StateMachineRunner.cs:313)
Cysharp.Threading.Tasks.AwaiterActions:Continuation(Object) (at .\Library\PackageCache\com.cysharp.unitask@360e370345b9\Runtime\UniTask.cs:25)
Cysharp.Threading.Tasks.UniTaskCompletionSource:TrySignalCompletion(UniTaskStatus) (at .\Library\PackageCache\com.cysharp.unitask@360e370345b9\Runtime\UniTaskCompletionSource.cs:721)
Cysharp.Threading.Tasks.UniTaskCompletionSource:TrySetResult() (at .\Library\PackageCache\com.cysharp.unitask@360e370345b9\Runtime\UniTaskCompletionSource.cs:612)
OneStarMaker.Tests.SceneSystem.<<Recover_ResumeHookKeepsFailing_ClearsPendingAndLogsLeftover>b__10_0>d:MoveNext() (at Assets\OneStarMaker\Tests\Scene\SceneDirectorFailedLoadCleanupTests.cs:469)
Cysharp.Threading.Tasks.CompilerServices.AsyncUniTask`1:Run() (at .\Library\PackageCache\com.cysharp.unitask@360e370345b9\Runtime\CompilerServices\StateMachineRunner.cs:189)
Cysharp.Threading.Tasks.AwaiterActions:Continuation(Object) (at .\Library\PackageCache\com.cysharp.unitask@360e370345b9\Runtime\UniTask.cs:25)
Cysharp.Threading.Tasks.UniTaskCompletionSourceCore`1:TrySetResult(Object) (at .\Library\PackageCache\com.cysharp.unitask@360e370345b9\Runtime\UniTaskCompletionSource.cs:139)
Cysharp.Threading.Tasks.WaitUntilPromise:MoveNext() (at .\Library\PackageCache\com.cysharp.unitask@360e370345b9\Runtime\UniTask.WaitUntil.cs:159)
Cysharp.Threading.Tasks.Internal.PlayerLoopRunner:RunCore() (at .\Library\PackageCache\com.cysharp.unitask@360e370345b9\Runtime\Internal\PlayerLoopRunner.cs:175)
Cysharp.Threading.Tasks.Internal.PlayerLoopRunner:Update() (at .\Library\PackageCache\com.cysharp.unitask@360e370345b9\Runtime\Internal\PlayerLoopRunner.cs:145)
Cysharp.Threading.Tasks.Internal.PlayerLoopRunner:Run() (at .\Library\PackageCache\com.cysharp.unitask@360e370345b9\Runtime\Internal\PlayerLoopRunner.cs:104)

(Filename: Assets/OneStarMaker/Scripts/Runtime/SceneSystem/SceneDirector.FailedLoadCleanup.cs Line: 294)

InvalidOperationException: PreUnload always fails
  at OneStarMaker.Tests.SceneSystem.SceneDirectorFailedLoadCleanupTests+<>c.<Recover_ResumeHookKeepsFailing_ClearsPendingAndLogsLeftover>b__10_4 () [0x00000] in D:\repositories\unity\SampleGameForOneStarMakerFramework\unity\Assets\OneStarMaker\Tests\Scene\SceneDirectorFailedLoadCleanupTests.cs:455 
  at (wrapper delegate-invoke) System.Func`1[Cysharp.Threading.Tasks.UniTask].invoke_TResult()
  at OneStarMaker.Tests.SceneSystem.TestDoubles.TestSceneBase.OnPreUnLoadedImpl () [0x00009] in D:\repositories\unity\SampleGameForOneStarMakerFramework\unity\Assets\OneStarMaker\Tests\Scene\TestDoubles\TestSceneBase.cs:64 
  at OneStarMaker.Runtime.SceneSystem.SceneBase.ContinuePreUnLoadFromCurrent () [0x00064] in D:\repositories\unity\SampleGameForOneStarMakerFramework\unity\Assets\OneStarMaker\Scripts\Runtime\SceneSystem\SceneBase.cs:188 
  at Cysharp.Threading.Tasks.UniTask+ExceptionResultSource.GetResult (System.Int16 token) [0x0001e] in .\Library\PackageCache\com.cysharp.unitask@360e370345b9\Runtime\UniTask.Factory.cs:326 
  at Cysharp.Threading.Tasks.UniTask+Awaiter.GetResult () [0x00015] in .\Library\PackageCache\com.cysharp.unitask@360e370345b9\Runtime\UniTask.cs:316 
  at OneStarMaker.Runtime.SceneSystem.SceneDirector.ResumeUnloadFromCurrentState (System.String sceneIdentify) [0x000f7] in D:\repositories\unity\SampleGameForOneStarMakerFramework\unity\Assets\OneStarMaker\Scripts\Runtime\SceneSystem\SceneDirector.FailedLoadCleanup.cs:258 
  at Cysharp.Threading.Tasks.UniTask+ExceptionResultSource.GetResult (System.Int16 token) [0x0001e] in .\Library\PackageCache\com.cysharp.unitask@360e370345b9\Runtime\UniTask.Factory.cs:326 
  at Cysharp.Threading.Tasks.UniTask+Awaiter.GetResult () [0x00015] in .\Library\PackageCache\com.cysharp.unitask@360e370345b9\Runtime\UniTask.cs:316 
  at OneStarMaker.Runtime.SceneSystem.SceneDirector.RemoveSceneOrResume (System.String sceneIdentify) [0x00113] in D:\repositories\unity\SampleGameForOneStarMakerFramework\unity\Assets\OneStarMaker\Scripts\Runtime\SceneSystem\SceneDirector.FailedLoadCleanup.cs:302 
UnityEngine.StackTraceUtility:ExtractStringFromExceptionInternal(Object, String&, String&)
UnityEngine.DebugLogHandler:Internal_LogException_Injected(Exception, IntPtr)
UnityEngine.DebugLogHandler:Internal_LogException(Exception, Object)
UnityEngine.DebugLogHandler:LogException(Exception, Object)
UnityEngine.Logger:LogException(Exception, Object)
UnityEngine.Debug:LogException(Exception)
OneStarMaker.Runtime.SceneSystem.<RemoveSceneOrResume>d__8:MoveNext() (at Assets\OneStarMaker\Scripts\Runtime\SceneSystem\SceneDirector.FailedLoadCleanup.cs:307)
Cysharp.Threading.Tasks.CompilerServices.AsyncUniTaskMethodBuilder:Start(<RemoveSceneOrResume>d__8&) (at .\Library\PackageCache\com.cysharp.unitask@360e370345b9\Runtime\CompilerServices\AsyncUniTaskMethodBuilder.cs:111)
OneStarMaker.Runtime.SceneSystem.SceneDirector:RemoveSceneOrResume(String)
OneStarMaker.Runtime.SceneSystem.<RecoverFailedLoadAsync>d__0:MoveNext() (at Assets\OneStarMaker\Scripts\Runtime\SceneSystem\SceneDirector.FailedLoadCleanup.cs:53)
Cysharp.Threading.Tasks.CompilerServices.AsyncUniTaskMethodBuilder:Start(<RecoverFailedLoadAsync>d__0&) (at .\Library\PackageCache\com.cysharp.unitask@360e370345b9\Runtime\CompilerServices\AsyncUniTaskMethodBuilder.cs:111)
OneStarMaker.Runtime.SceneSystem.SceneDirector:RecoverFailedLoadAsync(List`1)
OneStarMaker.Runtime.SceneSystem.<AddSceneCore>d__13:MoveNext() (at Assets\OneStarMaker\Scripts\Runtime\SceneSystem\SceneDirector.Loading.cs:301)
Cysharp.Threading.Tasks.CompilerServices.AsyncUniTask`1:Run() (at .\Library\PackageCache\com.cysharp.unitask@360e370345b9\Runtime\CompilerServices\StateMachineRunner.cs:189)
Cysharp.Threading.Tasks.AwaiterActions:Continuation(Object) (at .\Library\PackageCache\com.cysharp.unitask@360e370345b9\Runtime\UniTask.cs:25)
Cysharp.Threading.Tasks.UniTaskCompletionSourceCore`1:TrySetException(Exception) (at .\Library\PackageCache\com.cysharp.unitask@360e370345b9\Runtime\UniTaskCompletionSource.cs:167)
Cysharp.Threading.Tasks.CompilerServices.AsyncUniTask`1:SetException(Exception) (at .\Library\PackageCache\com.cysharp.unitask@360e370345b9\Runtime\CompilerServices\StateMachineRunner.cs:210)
Cysharp.Threading.Tasks.CompilerServices.AsyncUniTaskMethodBuilder:SetException(Exception) (at .\Library\PackageCache\com.cysharp.unitask@360e370345b9\Runtime\CompilerServices\AsyncUniTaskMethodBuilder.cs:59)
OneStarMaker.Runtime.SceneSystem.<LoadUnityScene>d__16:MoveNext() (at Assets\OneStarMaker\Scripts\Runtime\SceneSystem\SceneDirector.Loading.cs:503)
Cysharp.Threading.Tasks.CompilerServices.AsyncUniTask`1:Run() (at .\Library\PackageCache\com.cysharp.unitask@360e370345b9\Runtime\CompilerServices\StateMachineRunner.cs:189)
Cysharp.Threading.Tasks.AwaiterActions:Continuation(Object) (at .\Library\PackageCache\com.cysharp.unitask@360e370345b9\Runtime\UniTask.cs:25)
Cysharp.Threading.Tasks.UniTaskCompletionSourceCore`1:TrySetException(Exception) (at .\Library\PackageCache\com.cysharp.unitask@360e370345b9\Runtime\UniTaskCompletionSource.cs:167)
Cysharp.Threading.Tasks.CompilerServices.AsyncUniTask`1:SetException(Exception) (at .\Library\PackageCache\com.cysharp.unitask@360e370345b9\Runtime\CompilerServices\StateMachineRunner.cs:210)
Cysharp.Threading.Tasks.CompilerServices.AsyncUniTaskMethodBuilder:SetException(Exception) (at .\Library\PackageCache\com.cysharp.unitask@360e370345b9\Runtime\CompilerServices\AsyncUniTaskMethodBuilder.cs:59)
OneStarMaker.Runtime.SceneSystem.<LoadUnitySceneCore>d__17:MoveNext() (at Assets\OneStarMaker\Scripts\Runtime\SceneSystem\SceneDirector.Loading.cs:587)
Cysharp.Threading.Tasks.CompilerServices.AsyncUniTask`1:Run() (at .\Library\PackageCache\com.cysharp.unitask@360e370345b9\Runtime\CompilerServices\StateMachineRunner.cs:189)
Cysharp.Threading.Tasks.AwaiterActions:Continuation(Object) (at .\Library\PackageCache\com.cysharp.unitask@360e370345b9\Runtime\UniTask.cs:25)
Cysharp.Threading.Tasks.UniTaskCompletionSourceCore`1:TrySetResult(ValueTuple`2) (at .\Library\PackageCache\com.cysharp.unitask@360e370345b9\Runtime\UniTaskCompletionSource.cs:139)
Cysharp.Threading.Tasks.CompilerServices.AsyncUniTask`2:SetResult(ValueTuple`2) (at .\Library\PackageCache\com.cysharp.unitask@360e370345b9\Runtime\CompilerServices\StateMachineRunner.cs:328)
Cysharp.Threading.Tasks.CompilerServices.AsyncUniTaskMethodBuilder`1:SetResult(ValueTuple`2) (at .\Library\PackageCache\com.cysharp.unitask@360e370345b9\Runtime\CompilerServices\AsyncUniTaskMethodBuilder.cs:201)
OneStarMaker.Tests.SceneSystem.TestDoubles.<PerformUnitySceneLoad>d__27:MoveNext() (at Assets\OneStarMaker\Tests\Scene\TestDoubles\TestableSceneDirector.cs:108)
Cysharp.Threading.Tasks.CompilerServices.AsyncUniTask`2:Run() (at .\Library\PackageCache\com.cysharp.unitask@360e370345b9\Runtime\CompilerServices\StateMachineRunner.cs:313)
Cysharp.Threading.Tasks.AwaiterActions:Continuation(Object) (at .\Library\PackageCache\com.cysharp.unitask@360e370345b9\Runtime\UniTask.cs:25)
Cysharp.Threading.Tasks.UniTaskCompletionSource:TrySignalCompletion(UniTaskStatus) (at .\Library\PackageCache\com.cysharp.unitask@360e370345b9\Runtime\UniTaskCompletionSource.cs:721)
Cysharp.Threading.Tasks.UniTaskCompletionSource:TrySetResult() (at .\Library\PackageCache\com.cysharp.unitask@360e370345b9\Runtime\UniTaskCompletionSource.cs:612)
OneStarMaker.Tests.SceneSystem.<<Recover_ResumeHookKeepsFailing_ClearsPendingAndLogsLeftover>b__10_0>d:MoveNext() (at Assets\OneStarMaker\Tests\Scene\SceneDirectorFailedLoadCleanupTests.cs:469)
Cysharp.Threading.Tasks.CompilerServices.AsyncUniTask`1:Run() (at .\Library\PackageCache\com.cysharp.unitask@360e370345b9\Runtime\CompilerServices\StateMachineRunner.cs:189)
Cysharp.Threading.Tasks.AwaiterActions:Continuation(Object) (at .\Library\PackageCache\com.cysharp.unitask@360e370345b9\Runtime\UniTask.cs:25)
Cysharp.Threading.Tasks.UniTaskCompletionSourceCore`1:TrySetResult(Object) (at .\Library\PackageCache\com.cysharp.unitask@360e370345b9\Runtime\UniTaskCompletionSource.cs:139)
Cysharp.Threading.Tasks.WaitUntilPromise:MoveNext() (at .\Library\PackageCache\com.cysharp.unitask@360e370345b9\Runtime\UniTask.WaitUntil.cs:159)
Cysharp.Threading.Tasks.Internal.PlayerLoopRunner:RunCore() (at .\Library\PackageCache\com.cysharp.unitask@360e370345b9\Runtime\Internal\PlayerLoopRunner.cs:175)
Cysharp.Threading.Tasks.Internal.PlayerLoopRunner:Update() (at .\Library\PackageCache\com.cysharp.unitask@360e370345b9\Runtime\Internal\PlayerLoopRunner.cs:145)
Cysharp.Threading.Tasks.Internal.PlayerLoopRunner:Run() (at .\Library\PackageCache\com.cysharp.unitask@360e370345b9\Runtime\Internal\PlayerLoopRunner.cs:104)

(Filename: Assets/OneStarMaker/Scripts/Runtime/SceneSystem/SceneDirector.FailedLoadCleanup.cs Line: 307)

[SceneDirector] Failed-load recovery left TestScene in PreUnloading
UnityEngine.Debug:ExtractStackTraceNoAlloc (byte*,int,string)
UnityEngine.StackTraceUtility:ExtractStackTrace ()
UnityEngine.DebugLogHandler:Internal_Log (UnityEngine.LogType,UnityEngine.LogOption,string,UnityEngine.Object)
UnityEngine.DebugLogHandler:LogFormat (UnityEngine.LogType,UnityEngine.Object,string,object[])
UnityEngine.Logger:Log (UnityEngine.LogType,object)
UnityEngine.Debug:LogError (object)
OneStarMaker.Runtime.SceneSystem.SceneDirector:LogLeftoverCreatedScenes (System.Collections.Generic.List`1<string>,System.Collections.Generic.Dictionary`2<string, OneStarMaker.Runtime.SceneSystem.SceneBase>) (at Assets/OneStarMaker/Scripts/Runtime/SceneSystem/SceneDirector.FailedLoadCleanup.cs:328)
OneStarMaker.Runtime.SceneSystem.SceneDirector/<RecoverFailedLoadAsync>d__0:MoveNext () (at Assets/OneStarMaker/Scripts/Runtime/SceneSystem/SceneDirector.FailedLoadCleanup.cs:89)
Cysharp.Threading.Tasks.CompilerServices.AsyncUniTaskMethodBuilder:Start<OneStarMaker.Runtime.SceneSystem.SceneDirector/<RecoverFailedLoadAsync>d__0> (OneStarMaker.Runtime.SceneSystem.SceneDirector/<RecoverFailedLoadAsync>d__0&) (at ./Library/PackageCache/com.cysharp.unitask@360e370345b9/Runtime/CompilerServices/AsyncUniTaskMethodBuilder.cs:111)
OneStarMaker.Runtime.SceneSystem.SceneDirector:RecoverFailedLoadAsync (System.Collections.Generic.List`1<string>)
OneStarMaker.Runtime.SceneSystem.SceneDirector/<AddSceneCore>d__13:MoveNext () (at Assets/OneStarMaker/Scripts/Runtime/SceneSystem/SceneDirector.Loading.cs:301)
Cysharp.Threading.Tasks.CompilerServices.AsyncUniTask`1<OneStarMaker.Runtime.SceneSystem.SceneDirector/<AddSceneCore>d__13>:Run () (at ./Library/PackageCache/com.cysharp.unitask@360e370345b9/Runtime/CompilerServices/StateMachineRunner.cs:189)
Cysharp.Threading.Tasks.AwaiterActions:Continuation (object) (at ./Library/PackageCache/com.cysharp.unitask@360e370345b9/Runtime/UniTask.cs:25)
Cysharp.Threading.Tasks.UniTaskCompletionSourceCore`1<Cysharp.Threading.Tasks.AsyncUnit>:TrySetException (System.Exception) (at ./Library/PackageCache/com.cysharp.unitask@360e370345b9/Runtime/UniTaskCompletionSource.cs:167)
Cysharp.Threading.Tasks.CompilerServices.AsyncUniTask`1<OneStarMaker.Runtime.SceneSystem.SceneDirector/<LoadUnityScene>d__16>:SetException (System.Exception) (at ./Library/PackageCache/com.cysharp.unitask@360e370345b9/Runtime/CompilerServices/StateMachineRunner.cs:210)
Cysharp.Threading.Tasks.CompilerServices.AsyncUniTaskMethodBuilder:SetException (System.Exception) (at ./Library/PackageCache/com.cysharp.unitask@360e370345b9/Runtime/CompilerServices/AsyncUniTaskMethodBuilder.cs:59)
OneStarMaker.Runtime.SceneSystem.SceneDirector/<LoadUnityScene>d__16:MoveNext () (at Assets/OneStarMaker/Scripts/Runtime/SceneSystem/SceneDirector.Loading.cs:503)
Cysharp.Threading.Tasks.CompilerServices.AsyncUniTask`1<OneStarMaker.Runtime.SceneSystem.SceneDirector/<LoadUnityScene>d__16>:Run () (at ./Library/PackageCache/com.cysharp.unitask@360e370345b9/Runtime/CompilerServices/StateMachineRunner.cs:189)
Cysharp.Threading.Tasks.AwaiterActions:Continuation (object) (at ./Library/PackageCache/com.cysharp.unitask@360e370345b9/Runtime/UniTask.cs:25)
Cysharp.Threading.Tasks.UniTaskCompletionSourceCore`1<Cysharp.Threading.Tasks.AsyncUnit>:TrySetException (System.Exception) (at ./Library/PackageCache/com.cysharp.unitask@360e370345b9/Runtime/UniTaskCompletionSource.cs:167)
Cysharp.Threading.Tasks.CompilerServices.AsyncUniTask`1<OneStarMaker.Runtime.SceneSystem.SceneDirector/<LoadUnitySceneCore>d__17>:SetException (System.Exception) (at ./Library/PackageCache/com.cysharp.unitask@360e370345b9/Runtime/CompilerServices/StateMachineRunner.cs:210)
Cysharp.Threading.Tasks.CompilerServices.AsyncUniTaskMethodBuilder:SetException (System.Exception) (at ./Library/PackageCache/com.cysharp.unitask@360e370345b9/Runtime/CompilerServices/AsyncUniTaskMethodBuilder.cs:59)
OneStarMaker.Runtime.SceneSystem.SceneDirector/<LoadUnitySceneCore>d__17:MoveNext () (at Assets/OneStarMaker/Scripts/Runtime/SceneSystem/SceneDirector.Loading.cs:587)
Cysharp.Threading.Tasks.CompilerServices.AsyncUniTask`1<OneStarMaker.Runtime.SceneSystem.SceneDirector/<LoadUnitySceneCore>d__17>:Run () (at ./Library/PackageCache/com.cysharp.unitask@360e370345b9/Runtime/CompilerServices/StateMachineRunner.cs:189)
Cysharp.Threading.Tasks.AwaiterActions:Continuation (object) (at ./Library/PackageCache/com.cysharp.unitask@360e370345b9/Runtime/UniTask.cs:25)
Cysharp.Threading.Tasks.UniTaskCompletionSourceCore`1<System.ValueTuple`2<bool, UnityEngine.GameObject[]>>:TrySetResult (System.ValueTuple`2<bool, UnityEngine.GameObject[]>) (at ./Library/PackageCache/com.cysharp.unitask@360e370345b9/Runtime/UniTaskCompletionSource.cs:139)
Cysharp.Threading.Tasks.CompilerServices.AsyncUniTask`2<OneStarMaker.Tests.SceneSystem.TestDoubles.TestableSceneDirector/<PerformUnitySceneLoad>d__27, System.ValueTuple`2<bool, UnityEngine.GameObject[]>>:SetResult (System.ValueTuple`2<bool, UnityEngine.GameObject[]>) (at ./Library/PackageCache/com.cysharp.unitask@360e370345b9/Runtime/CompilerServices/StateMachineRunner.cs:328)
Cysharp.Threading.Tasks.CompilerServices.AsyncUniTaskMethodBuilder`1<System.ValueTuple`2<bool, UnityEngine.GameObject[]>>:SetResult (System.ValueTuple`2<bool, UnityEngine.GameObject[]>) (at ./Library/PackageCache/com.cysharp.unitask@360e370345b9/Runtime/CompilerServices/AsyncUniTaskMethodBuilder.cs:201)
OneStarMaker.Tests.SceneSystem.TestDoubles.TestableSceneDirector/<PerformUnitySceneLoad>d__27:MoveNext () (at Assets/OneStarMaker/Tests/Scene/TestDoubles/TestableSceneDirector.cs:108)
Cysharp.Threading.Tasks.CompilerServices.AsyncUniTask`2<OneStarMaker.Tests.SceneSystem.TestDoubles.TestableSceneDirector/<PerformUnitySceneLoad>d__27, System.ValueTuple`2<bool, UnityEngine.GameObject[]>>:Run () (at ./Library/PackageCache/com.cysharp.unitask@360e370345b9/Runtime/CompilerServices/StateMachineRunner.cs:313)
Cysharp.Threading.Tasks.AwaiterActions:Continuation (object) (at ./Library/PackageCache/com.cysharp.unitask@360e370345b9/Runtime/UniTask.cs:25)
Cysharp.Threading.Tasks.UniTaskCompletionSource:TrySignalCompletion (Cysharp.Threading.Tasks.UniTaskStatus) (at ./Library/PackageCache/com.cysharp.unitask@360e370345b9/Runtime/UniTaskCompletionSource.cs:721)
Cysharp.Threading.Tasks.UniTaskCompletionSource:TrySetResult () (at ./Library/PackageCache/com.cysharp.unitask@360e370345b9/Runtime/UniTaskCompletionSource.cs:612)
OneStarMaker.Tests.SceneSystem.SceneDirectorFailedLoadCleanupTests/<<Recover_ResumeHookKeepsFailing_ClearsPendingAndLogsLeftover>b__10_0>d:MoveNext () (at Assets/OneStarMaker/Tests/Scene/SceneDirectorFailedLoadCleanupTests.cs:469)
Cysharp.Threading.Tasks.CompilerServices.AsyncUniTask`1<OneStarMaker.Tests.SceneSystem.SceneDirectorFailedLoadCleanupTests/<<Recover_ResumeHookKeepsFailing_ClearsPendingAndLogsLeftover>b__10_0>d>:Run () (at ./Library/PackageCache/com.cysharp.unitask@360e370345b9/Runtime/CompilerServices/StateMachineRunner.cs:189)
Cysharp.Threading.Tasks.AwaiterActions:Continuation (object) (at ./Library/PackageCache/com.cysharp.unitask@360e370345b9/Runtime/UniTask.cs:25)
Cysharp.Threading.Tasks.UniTaskCompletionSourceCore`1<object>:TrySetResult (object) (at ./Library/PackageCache/com.cysharp.unitask@360e370345b9/Runtime/UniTaskCompletionSource.cs:139)
Cysharp.Threading.Tasks.UniTask/WaitUntilPromise:MoveNext () (at ./Library/PackageCache/com.cysharp.unitask@360e370345b9/Runtime/UniTask.WaitUntil.cs:159)
Cysharp.Threading.Tasks.Internal.PlayerLoopRunner:RunCore () (at ./Library/PackageCache/com.cysharp.unitask@360e370345b9/Runtime/Internal/PlayerLoopRunner.cs:175)
Cysharp.Threading.Tasks.Internal.PlayerLoopRunner:Update () (at ./Library/PackageCache/com.cysharp.unitask@360e370345b9/Runtime/Internal/PlayerLoopRunner.cs:145)
Cysharp.Threading.Tasks.Internal.PlayerLoopRunner:Run () (at ./Library/PackageCache/com.cysharp.unitask@360e370345b9/Runtime/Internal/PlayerLoopRunner.cs:104)

(Filename: Assets/OneStarMaker/Scripts/Runtime/SceneSystem/SceneDirector.FailedLoadCleanup.cs Line: 328)

InvalidOperationException: ChildA PreUnload always fails
  at OneStarMaker.Tests.SceneSystem.SceneDirectorFailedLoadCleanupTests+<>c.<Recover_ResumeHookKeepsFailing_DoesNotSkipSiblingCleanup>b__11_3 () [0x00000] in D:\repositories\unity\SampleGameForOneStarMakerFramework\unity\Assets\OneStarMaker\Tests\Scene\SceneDirectorFailedLoadCleanupTests.cs:509 
  at (wrapper delegate-invoke) System.Func`1[Cysharp.Threading.Tasks.UniTask].invoke_TResult()
  at OneStarMaker.Tests.SceneSystem.TestDoubles.TestSceneBase.OnPreUnLoadedImpl () [0x00009] in D:\repositories\unity\SampleGameForOneStarMakerFramework\unity\Assets\OneStarMaker\Tests\Scene\TestDoubles\TestSceneBase.cs:64 
  at OneStarMaker.Runtime.SceneSystem.SceneBase.ContinuePreUnLoadFromCurrent () [0x00064] in D:\repositories\unity\SampleGameForOneStarMakerFramework\unity\Assets\OneStarMaker\Scripts\Runtime\SceneSystem\SceneBase.cs:188 
  at Cysharp.Threading.Tasks.UniTask+ExceptionResultSource.GetResult (System.Int16 token) [0x0001e] in .\Library\PackageCache\com.cysharp.unitask@360e370345b9\Runtime\UniTask.Factory.cs:326 
  at Cysharp.Threading.Tasks.UniTask+Awaiter.GetResult () [0x00015] in .\Library\PackageCache\com.cysharp.unitask@360e370345b9\Runtime\UniTask.cs:316 
  at OneStarMaker.Runtime.SceneSystem.SceneDirector.ResumeUnloadFromCurrentState (System.String sceneIdentify) [0x000f7] in D:\repositories\unity\SampleGameForOneStarMakerFramework\unity\Assets\OneStarMaker\Scripts\Runtime\SceneSystem\SceneDirector.FailedLoadCleanup.cs:258 
  at Cysharp.Threading.Tasks.UniTask+ExceptionResultSource.GetResult (System.Int16 token) [0x0001e] in .\Library\PackageCache\com.cysharp.unitask@360e370345b9\Runtime\UniTask.Factory.cs:326 
  at Cysharp.Threading.Tasks.UniTask+Awaiter.GetResult () [0x00015] in .\Library\PackageCache\com.cysharp.unitask@360e370345b9\Runtime\UniTask.cs:316 
  at OneStarMaker.Runtime.SceneSystem.SceneDirector.ClassifyOrResumeCreatedScene (System.String id, System.Collections.Generic.Dictionary`2[TKey,TValue] created, System.Collections.Generic.List`1[T] activeRoots, System.Collections.Generic.List`1[T] stillLoading) [0x00162] in D:\repositories\unity\SampleGameForOneStarMakerFramework\unity\Assets\OneStarMaker\Scripts\Runtime\SceneSystem\SceneDirector.FailedLoadCleanup.cs:124 
  at Cysharp.Threading.Tasks.UniTask+ExceptionResultSource.GetResult (System.Int16 token) [0x0001e] in .\Library\PackageCache\com.cysharp.unitask@360e370345b9\Runtime\UniTask.Factory.cs:326 
  at Cysharp.Threading.Tasks.UniTask+Awaiter.GetResult () [0x00015] in .\Library\PackageCache\com.cysharp.unitask@360e370345b9\Runtime\UniTask.cs:316 
  at OneStarMaker.Runtime.SceneSystem.SceneDirector.RecoverFailedLoadAsync (System.Collections.Generic.List`1[T] newlyCreatedScenes) [0x00138] in D:\repositories\unity\SampleGameForOneStarMakerFramework\unity\Assets\OneStarMaker\Scripts\Runtime\SceneSystem\SceneDirector.FailedLoadCleanup.cs:42 
UnityEngine.StackTraceUtility:ExtractStringFromExceptionInternal(Object, String&, String&)
UnityEngine.DebugLogHandler:Internal_LogException_Injected(Exception, IntPtr)
UnityEngine.DebugLogHandler:Internal_LogException(Exception, Object)
UnityEngine.DebugLogHandler:LogException(Exception, Object)
UnityEngine.Logger:LogException(Exception, Object)
UnityEngine.Debug:LogException(Exception)
OneStarMaker.Runtime.SceneSystem.<RecoverFailedLoadAsync>d__0:MoveNext() (at Assets\OneStarMaker\Scripts\Runtime\SceneSystem\SceneDirector.FailedLoadCleanup.cs:47)
Cysharp.Threading.Tasks.CompilerServices.AsyncUniTaskMethodBuilder:Start(<RecoverFailedLoadAsync>d__0&) (at .\Library\PackageCache\com.cysharp.unitask@360e370345b9\Runtime\CompilerServices\AsyncUniTaskMethodBuilder.cs:111)
OneStarMaker.Runtime.SceneSystem.SceneDirector:RecoverFailedLoadAsync(List`1)
OneStarMaker.Runtime.SceneSystem.<AddSceneCore>d__13:MoveNext() (at Assets\OneStarMaker\Scripts\Runtime\SceneSystem\SceneDirector.Loading.cs:301)
Cysharp.Threading.Tasks.CompilerServices.AsyncUniTask`1:Run() (at .\Library\PackageCache\com.cysharp.unitask@360e370345b9\Runtime\CompilerServices\StateMachineRunner.cs:189)
Cysharp.Threading.Tasks.AwaiterActions:Continuation(Object) (at .\Library\PackageCache\com.cysharp.unitask@360e370345b9\Runtime\UniTask.cs:25)
Cysharp.Threading.Tasks.UniTaskCompletionSourceCore`1:TrySetException(Exception) (at .\Library\PackageCache\com.cysharp.unitask@360e370345b9\Runtime\UniTaskCompletionSource.cs:167)
Cysharp.Threading.Tasks.CompilerServices.AsyncUniTask`1:SetException(Exception) (at .\Library\PackageCache\com.cysharp.unitask@360e370345b9\Runtime\CompilerServices\StateMachineRunner.cs:210)
Cysharp.Threading.Tasks.CompilerServices.AsyncUniTaskMethodBuilder:SetException(Exception) (at .\Library\PackageCache\com.cysharp.unitask@360e370345b9\Runtime\CompilerServices\AsyncUniTaskMethodBuilder.cs:59)
OneStarMaker.Runtime.SceneSystem.<LoadUnityScene>d__16:MoveNext() (at Assets\OneStarMaker\Scripts\Runtime\SceneSystem\SceneDirector.Loading.cs:503)
Cysharp.Threading.Tasks.CompilerServices.AsyncUniTask`1:Run() (at .\Library\PackageCache\com.cysharp.unitask@360e370345b9\Runtime\CompilerServices\StateMachineRunner.cs:189)
Cysharp.Threading.Tasks.AwaiterActions:Continuation(Object) (at .\Library\PackageCache\com.cysharp.unitask@360e370345b9\Runtime\UniTask.cs:25)
Cysharp.Threading.Tasks.UniTaskCompletionSourceCore`1:TrySetException(Exception) (at .\Library\PackageCache\com.cysharp.unitask@360e370345b9\Runtime\UniTaskCompletionSource.cs:167)
Cysharp.Threading.Tasks.CompilerServices.AsyncUniTask`1:SetException(Exception) (at .\Library\PackageCache\com.cysharp.unitask@360e370345b9\Runtime\CompilerServices\StateMachineRunner.cs:210)
Cysharp.Threading.Tasks.CompilerServices.AsyncUniTaskMethodBuilder:SetException(Exception) (at .\Library\PackageCache\com.cysharp.unitask@360e370345b9\Runtime\CompilerServices\AsyncUniTaskMethodBuilder.cs:59)
OneStarMaker.Runtime.SceneSystem.<LoadUnitySceneCore>d__17:MoveNext() (at Assets\OneStarMaker\Scripts\Runtime\SceneSystem\SceneDirector.Loading.cs:587)
Cysharp.Threading.Tasks.CompilerServices.AsyncUniTask`1:Run() (at .\Library\PackageCache\com.cysharp.unitask@360e370345b9\Runtime\CompilerServices\StateMachineRunner.cs:189)
Cysharp.Threading.Tasks.AwaiterActions:Continuation(Object) (at .\Library\PackageCache\com.cysharp.unitask@360e370345b9\Runtime\UniTask.cs:25)
Cysharp.Threading.Tasks.UniTaskCompletionSourceCore`1:TrySetException(Exception) (at .\Library\PackageCache\com.cysharp.unitask@360e370345b9\Runtime\UniTaskCompletionSource.cs:167)
Cysharp.Threading.Tasks.CompilerServices.AsyncUniTask`1:SetException(Exception) (at .\Library\PackageCache\com.cysharp.unitask@360e370345b9\Runtime\CompilerServices\StateMachineRunner.cs:210)
Cysharp.Threading.Tasks.CompilerServices.AsyncUniTaskMethodBuilder:SetException(Exception) (at .\Library\PackageCache\com.cysharp.unitask@360e370345b9\Runtime\CompilerServices\AsyncUniTaskMethodBuilder.cs:59)
OneStarMaker.Runtime.UISystem.<AddUIView>d__13:MoveNext() (at Assets\OneStarMaker\Scripts\Runtime\UISystem\UICommon.cs:162)
Cysharp.Threading.Tasks.CompilerServices.AsyncUniTask`1:Run() (at .\Library\PackageCache\com.cysharp.unitask@360e370345b9\Runtime\CompilerServices\StateMachineRunner.cs:189)
Cysharp.Threading.Tasks.AwaiterActions:Continuation(Object) (at .\Library\PackageCache\com.cysharp.unitask@360e370345b9\Runtime\UniTask.cs:25)
Cysharp.Threading.Tasks.UniTaskCompletionSourceCore`1:TrySetException(Exception) (at .\Library\PackageCache\com.cysharp.unitask@360e370345b9\Runtime\UniTaskCompletionSource.cs:167)
Cysharp.Threading.Tasks.CompilerServices.AsyncUniTask`1:SetException(Exception) (at .\Library\PackageCache\com.cysharp.unitask@360e370345b9\Runtime\CompilerServices\StateMachineRunner.cs:210)
Cysharp.Threading.Tasks.CompilerServices.AsyncUniTaskMethodBuilder:SetException(Exception) (at .\Library\PackageCache\com.cysharp.unitask@360e370345b9\Runtime\CompilerServices\AsyncUniTaskMethodBuilder.cs:59)
OneStarMaker.Tests.SceneSystem.<ViewIn>d__3:MoveNext() (at Assets\OneStarMaker\Tests\Scene\SceneDirectorFailedLoadCleanupTests.cs:635)
Cysharp.Threading.Tasks.CompilerServices.AsyncUniTask`1:Run() (at .\Library\PackageCache\com.cysharp.unitask@360e370345b9\Runtime\CompilerServices\StateMachineRunner.cs:189)
Cysharp.Threading.Tasks.AwaiterActions:Continuation(Object) (at .\Library\PackageCache\com.cysharp.unitask@360e370345b9\Runtime\UniTask.cs:25)
Cysharp.Threading.Tasks.UniTaskCompletionSource:TrySignalCompletion(UniTaskStatus) (at .\Library\PackageCache\com.cysharp.unitask@360e370345b9\Runtime\UniTaskCompletionSource.cs:721)
Cysharp.Threading.Tasks.UniTaskCompletionSource:TrySetResult() (at .\Library\PackageCache\com.cysharp.unitask@360e370345b9\Runtime\UniTaskCompletionSource.cs:612)
OneStarMaker.Tests.SceneSystem.<<Recover_ResumeHookKeepsFailing_DoesNotSkipSiblingCleanup>b__11_0>d:MoveNext() (at Assets\OneStarMaker\Tests\Scene\SceneDirectorFailedLoadCleanupTests.cs:527)
Cysharp.Threading.Tasks.CompilerServices.AsyncUniTaskMethodBuilder:Start(<<Recover_ResumeHookKeepsFailing_DoesNotSkipSiblingCleanup>b__11_0>d&) (at .\Library\PackageCache\com.cysharp.unitask@360e370345b9\Runtime\CompilerServices\AsyncUniTaskMethodBuilder.cs:111)
OneStarMaker.Tests.SceneSystem.SceneDirectorFailedLoadCleanupTests:<Recover_ResumeHookKeepsFailing_DoesNotSkipSiblingCleanup>b__11_0()
Cysharp.Threading.Tasks.UniTask:ToCoroutine(Func`1) (at .\Library\PackageCache\com.cysharp.unitask@360e370345b9\Runtime\UniTask.Bridge.cs:14)
OneStarMaker.Tests.SceneSystem.SceneDirectorFailedLoadCleanupTests:Recover_ResumeHookKeepsFailing_DoesNotSkipSiblingCleanup() (at Assets\OneStarMaker\Tests\Scene\SceneDirectorFailedLoadCleanupTests.cs:490)
System.Reflection.RuntimeMethodInfo:InternalInvoke(RuntimeMethodInfo, Object, Object[], Exception&)
System.Reflection.RuntimeMethodInfo:Invoke(Object, BindingFlags, Binder, Object[], CultureInfo)
System.Reflection.MethodBase:Invoke(Object, Object[])
UnityEngine.TestTools.TestRunner.TestEnumeratorWrapper:HandleEnumerableTest(ITestExecutionContext) (at .\Library\PackageCache\com.unity.test-framework@7a3849e09bd0\UnityEngine.TestRunner\TestRunner\TestEnumeratorWrapper.cs:38)
UnityEngine.TestTools.TestRunner.TestEnumeratorWrapper:GetEnumerator(ITestExecutionContext) (at .\Library\PackageCache\com.unity.test-framework@7a3849e09bd0\UnityEngine.TestRunner\TestRunner\TestEnumeratorWrapper.cs:23)
UnityEngine.TestTools.<ExecuteEnumerable>d__2:MoveNext() (at .\Library\PackageCache\com.unity.test-framework@7a3849e09bd0\UnityEngine.TestRunner\NUnitExtensions\Commands\EnumerableTestMethodCommand.cs:30)
UnityEngine.TestRunner.NUnitExtensions.Runner.<ExecuteEnumerable>d__4:MoveNext() (at .\Library\PackageCache\com.unity.test-framework@7a3849e09bd0\UnityEngine.TestRunner\NUnitExtensions\Runner\UnityLogCheckDelegatingCommand.cs:66)
UnityEngine.TestTools.<ExecuteEnumerable>d__16:MoveNext() (at .\Library\PackageCache\com.unity.test-framework@7a3849e09bd0\UnityEngine.TestRunner\NUnitExtensions\Commands\BeforeAfterTestCommandBase.cs:213)
UnityEngine.TestTools.<ExecuteEnumerable>d__16:MoveNext() (at .\Library\PackageCache\com.unity.test-framework@7a3849e09bd0\UnityEngine.TestRunner\NUnitExtensions\Commands\BeforeAfterTestCommandBase.cs:213)
UnityEngine.TestTools.<ExecuteEnumerable>d__16:MoveNext() (at .\Library\PackageCache\com.unity.test-framework@7a3849e09bd0\UnityEngine.TestRunner\NUnitExtensions\Commands\BeforeAfterTestCommandBase.cs:213)
UnityEngine.TestTools.<ExecuteEnumerable>d__16:MoveNext() (at .\Library\PackageCache\com.unity.test-framework@7a3849e09bd0\UnityEngine.TestRunner\NUnitExtensions\Commands\BeforeAfterTestCommandBase.cs:213)
UnityEngine.TestTools.<ExecuteEnumerable>d__2:MoveNext() (at .\Library\PackageCache\com.unity.test-framework@7a3849e09bd0\UnityEngine.TestRunner\NUnitExtensions\Commands\RetryCommand.cs:37)
UnityEngine.TestTools.<ExecuteEnumerable>d__2:MoveNext() (at .\Library\PackageCache\com.unity.test-framework@7a3849e09bd0\UnityEngine.TestRunner\NUnitExtensions\Commands\RepeatCommand.cs:36)
UnityEngine.TestTools.<ExecuteEnumerable>d__3:MoveNext() (at .\Library\PackageCache\com.unity.test-framework@7a3849e09bd0\UnityEngine.TestRunner\NUnitExtensions\Commands\IgnoreTestCommand.cs:42)
UnityEngine.TestTools.<ExecuteEnumerable>d__2:MoveNext() (at .\Library\PackageCache\com.unity.test-framework@7a3849e09bd0\UnityEngine.TestRunner\NUnitExtensions\Commands\StrictCheckCommand.cs:29)
UnityEditor.TestTools.TestRunner.<PerformWork>d__3:MoveNext() (at .\Library\PackageCache\com.unity.test-framework@7a3849e09bd0\UnityEditor.TestRunner\TestRunner\EditorEnumeratorTestWorkItem.cs:97)
UnityEngine.TestRunner.NUnitExtensions.Runner.<RunChildren>d__17:MoveNext() (at .\Library\PackageCache\com.unity.test-framework@7a3849e09bd0\UnityEngine.TestRunner\NUnitExtensions\Runner\CompositeWorkItem.cs:209)
UnityEngine.TestRunner.NUnitExtensions.Runner.<PerformWork>d__13:MoveNext() (at .\Library\PackageCache\com.unity.test-framework@7a3849e09bd0\UnityEngine.TestRunner\NUnitExtensions\Runner\CompositeWorkItem.cs:83)
UnityEngine.TestRunner.NUnitExtensions.Runner.<RunChildren>d__17:MoveNext() (at .\Library\PackageCache\com.unity.test-framework@7a3849e09bd0\UnityEngine.TestRunner\NUnitExtensions\Runner\CompositeWorkItem.cs:209)
UnityEngine.TestRunner.NUnitExtensions.Runner.<PerformWork>d__13:MoveNext() (at .\Library\PackageCache\com.unity.test-framework@7a3849e09bd0\UnityEngine.TestRunner\NUnitExtensions\Runner\CompositeWorkItem.cs:83)
UnityEngine.TestRunner.NUnitExtensions.Runner.<RunChildren>d__17:MoveNext() (at .\Library\PackageCache\com.unity.test-framework@7a3849e09bd0\UnityEngine.TestRunner\NUnitExtensions\Runner\CompositeWorkItem.cs:209)
UnityEngine.TestRunner.NUnitExtensions.Runner.<PerformWork>d__13:MoveNext() (at .\Library\PackageCache\com.unity.test-framework@7a3849e09bd0\UnityEngine.TestRunner\NUnitExtensions\Runner\CompositeWorkItem.cs:83)
UnityEngine.TestRunner.NUnitExtensions.Runner.<RunChildren>d__17:MoveNext() (at .\Library\PackageCache\com.unity.test-framework@7a3849e09bd0\UnityEngine.TestRunner\NUnitExtensions\Runner\CompositeWorkItem.cs:209)
UnityEngine.TestRunner.NUnitExtensions.Runner.<PerformWork>d__13:MoveNext() (at .\Library\PackageCache\com.unity.test-framework@7a3849e09bd0\UnityEngine.TestRunner\NUnitExtensions\Runner\CompositeWorkItem.cs:83)
UnityEngine.TestRunner.NUnitExtensions.Runner.<RunChildren>d__17:MoveNext() (at .\Library\PackageCache\com.unity.test-framework@7a3849e09bd0\UnityEngine.TestRunner\NUnitExtensions\Runner\CompositeWorkItem.cs:209)
UnityEngine.TestRunner.NUnitExtensions.Runner.<PerformWork>d__13:MoveNext() (at .\Library\PackageCache\com.unity.test-framework@7a3849e09bd0\UnityEngine.TestRunner\NUnitExtensions\Runner\CompositeWorkItem.cs:83)
UnityEngine.TestRunner.NUnitExtensions.Runner.<RunChildren>d__17:MoveNext() (at .\Library\PackageCache\com.unity.test-framework@7a3849e09bd0\UnityEngine.TestRunner\NUnitExtensions\Runner\CompositeWorkItem.cs:209)
UnityEngine.TestRunner.NUnitExtensions.Runner.<PerformWork>d__13:MoveNext() (at .\Library\PackageCache\com.unity.test-framework@7a3849e09bd0\UnityEngine.TestRunner\NUnitExtensions\Runner\CompositeWorkItem.cs:83)
UnityEditor.TestTools.TestRunner.EditModeRunner:MoveNextAndUpdateYieldObject() (at .\Library\PackageCache\com.unity.test-framework@7a3849e09bd0\UnityEditor.TestRunner\TestRunner\EditModeRunner.cs:180)
UnityEditor.TestTools.TestRunner.EditModeRunner:TestConsumer(TestRunnerStateSerializer) (at .\Library\PackageCache\com.unity.test-framework@7a3849e09bd0\UnityEditor.TestRunner\TestRunner\EditModeRunner.cs:220)
UnityEditor.TestTools.TestRunner.TestRun.Tasks.<Execute>d__1:MoveNext() (at .\Library\PackageCache\com.unity.test-framework@7a3849e09bd0\UnityEditor.TestRunner\TestRun\Tasks\EditModeRunTask.cs:48)
UnityEditor.TestTools.TestRunner.TestRun.TestJobRunner:ExecuteStep() (at .\Library\PackageCache\com.unity.test-framework@7a3849e09bd0\UnityEditor.TestRunner\TestRun\TestJobRunner.cs:194)
UnityEditor.TestTools.TestRunner.TestRun.TestJobRunner:ExecuteCallback() (at .\Library\PackageCache\com.unity.test-framework@7a3849e09bd0\UnityEditor.TestRunner\TestRun\TestJobRunner.cs:129)
UnityEditor.EditorApplication:Internal_CallUpdateFunctions()

(Filename: Assets/OneStarMaker/Scripts/Runtime/SceneSystem/SceneDirector.FailedLoadCleanup.cs Line: 47)

[SceneDirector] Failed-load recovery left ChildA in PreUnloading
UnityEngine.Debug:ExtractStackTraceNoAlloc (byte*,int,string)
UnityEngine.StackTraceUtility:ExtractStackTrace ()
UnityEngine.DebugLogHandler:Internal_Log (UnityEngine.LogType,UnityEngine.LogOption,string,UnityEngine.Object)
UnityEngine.DebugLogHandler:LogFormat (UnityEngine.LogType,UnityEngine.Object,string,object[])
UnityEngine.Logger:Log (UnityEngine.LogType,object)
UnityEngine.Debug:LogError (object)
OneStarMaker.Runtime.SceneSystem.SceneDirector:LogLeftoverCreatedScenes (System.Collections.Generic.List`1<string>,System.Collections.Generic.Dictionary`2<string, OneStarMaker.Runtime.SceneSystem.SceneBase>) (at Assets/OneStarMaker/Scripts/Runtime/SceneSystem/SceneDirector.FailedLoadCleanup.cs:328)
OneStarMaker.Runtime.SceneSystem.SceneDirector/<RecoverFailedLoadAsync>d__0:MoveNext () (at Assets/OneStarMaker/Scripts/Runtime/SceneSystem/SceneDirector.FailedLoadCleanup.cs:89)
Cysharp.Threading.Tasks.CompilerServices.AsyncUniTaskMethodBuilder:Start<OneStarMaker.Runtime.SceneSystem.SceneDirector/<RecoverFailedLoadAsync>d__0> (OneStarMaker.Runtime.SceneSystem.SceneDirector/<RecoverFailedLoadAsync>d__0&) (at ./Library/PackageCache/com.cysharp.unitask@360e370345b9/Runtime/CompilerServices/AsyncUniTaskMethodBuilder.cs:111)
OneStarMaker.Runtime.SceneSystem.SceneDirector:RecoverFailedLoadAsync (System.Collections.Generic.List`1<string>)
OneStarMaker.Runtime.SceneSystem.SceneDirector/<AddSceneCore>d__13:MoveNext () (at Assets/OneStarMaker/Scripts/Runtime/SceneSystem/SceneDirector.Loading.cs:301)
Cysharp.Threading.Tasks.CompilerServices.AsyncUniTask`1<OneStarMaker.Runtime.SceneSystem.SceneDirector/<AddSceneCore>d__13>:Run () (at ./Library/PackageCache/com.cysharp.unitask@360e370345b9/Runtime/CompilerServices/StateMachineRunner.cs:189)
Cysharp.Threading.Tasks.AwaiterActions:Continuation (object) (at ./Library/PackageCache/com.cysharp.unitask@360e370345b9/Runtime/UniTask.cs:25)
Cysharp.Threading.Tasks.UniTaskCompletionSourceCore`1<Cysharp.Threading.Tasks.AsyncUnit>:TrySetException (System.Exception) (at ./Library/PackageCache/com.cysharp.unitask@360e370345b9/Runtime/UniTaskCompletionSource.cs:167)
Cysharp.Threading.Tasks.CompilerServices.AsyncUniTask`1<OneStarMaker.Runtime.SceneSystem.SceneDirector/<LoadUnityScene>d__16>:SetException (System.Exception) (at ./Library/PackageCache/com.cysharp.unitask@360e370345b9/Runtime/CompilerServices/StateMachineRunner.cs:210)
Cysharp.Threading.Tasks.CompilerServices.AsyncUniTaskMethodBuilder:SetException (System.Exception) (at ./Library/PackageCache/com.cysharp.unitask@360e370345b9/Runtime/CompilerServices/AsyncUniTaskMethodBuilder.cs:59)
OneStarMaker.Runtime.SceneSystem.SceneDirector/<LoadUnityScene>d__16:MoveNext () (at Assets/OneStarMaker/Scripts/Runtime/SceneSystem/SceneDirector.Loading.cs:503)
Cysharp.Threading.Tasks.CompilerServices.AsyncUniTask`1<OneStarMaker.Runtime.SceneSystem.SceneDirector/<LoadUnityScene>d__16>:Run () (at ./Library/PackageCache/com.cysharp.unitask@360e370345b9/Runtime/CompilerServices/StateMachineRunner.cs:189)
Cysharp.Threading.Tasks.AwaiterActions:Continuation (object) (at ./Library/PackageCache/com.cysharp.unitask@360e370345b9/Runtime/UniTask.cs:25)
Cysharp.Threading.Tasks.UniTaskCompletionSourceCore`1<Cysharp.Threading.Tasks.AsyncUnit>:TrySetException (System.Exception) (at ./Library/PackageCache/com.cysharp.unitask@360e370345b9/Runtime/UniTaskCompletionSource.cs:167)
Cysharp.Threading.Tasks.CompilerServices.AsyncUniTask`1<OneStarMaker.Runtime.SceneSystem.SceneDirector/<LoadUnitySceneCore>d__17>:SetException (System.Exception) (at ./Library/PackageCache/com.cysharp.unitask@360e370345b9/Runtime/CompilerServices/StateMachineRunner.cs:210)
Cysharp.Threading.Tasks.CompilerServices.AsyncUniTaskMethodBuilder:SetException (System.Exception) (at ./Library/PackageCache/com.cysharp.unitask@360e370345b9/Runtime/CompilerServices/AsyncUniTaskMethodBuilder.cs:59)
OneStarMaker.Runtime.SceneSystem.SceneDirector/<LoadUnitySceneCore>d__17:MoveNext () (at Assets/OneStarMaker/Scripts/Runtime/SceneSystem/SceneDirector.Loading.cs:587)
Cysharp.Threading.Tasks.CompilerServices.AsyncUniTask`1<OneStarMaker.Runtime.SceneSystem.SceneDirector/<LoadUnitySceneCore>d__17>:Run () (at ./Library/PackageCache/com.cysharp.unitask@360e370345b9/Runtime/CompilerServices/StateMachineRunner.cs:189)
Cysharp.Threading.Tasks.AwaiterActions:Continuation (object) (at ./Library/PackageCache/com.cysharp.unitask@360e370345b9/Runtime/UniTask.cs:25)
Cysharp.Threading.Tasks.UniTaskCompletionSourceCore`1<Cysharp.Threading.Tasks.AsyncUnit>:TrySetException (System.Exception) (at ./Library/PackageCache/com.cysharp.unitask@360e370345b9/Runtime/UniTaskCompletionSource.cs:167)
Cysharp.Threading.Tasks.CompilerServices.AsyncUniTask`1<OneStarMaker.Runtime.UISystem.UICommon/<AddUIView>d__13>:SetException (System.Exception) (at ./Library/PackageCache/com.cysharp.unitask@360e370345b9/Runtime/CompilerServices/StateMachineRunner.cs:210)
Cysharp.Threading.Tasks.CompilerServices.AsyncUniTaskMethodBuilder:SetException (System.Exception) (at ./Library/PackageCache/com.cysharp.unitask@360e370345b9/Runtime/CompilerServices/AsyncUniTaskMethodBuilder.cs:59)
OneStarMaker.Runtime.UISystem.UICommon/<AddUIView>d__13:MoveNext () (at Assets/OneStarMaker/Scripts/Runtime/UISystem/UICommon.cs:162)
Cysharp.Threading.Tasks.CompilerServices.AsyncUniTask`1<OneStarMaker.Runtime.UISystem.UICommon/<AddUIView>d__13>:Run () (at ./Library/PackageCache/com.cysharp.unitask@360e370345b9/Runtime/CompilerServices/StateMachineRunner.cs:189)
Cysharp.Threading.Tasks.AwaiterActions:Continuation (object) (at ./Library/PackageCache/com.cysharp.unitask@360e370345b9/Runtime/UniTask.cs:25)
Cysharp.Threading.Tasks.UniTaskCompletionSourceCore`1<Cysharp.Threading.Tasks.AsyncUnit>:TrySetException (System.Exception) (at ./Library/PackageCache/com.cysharp.unitask@360e370345b9/Runtime/UniTaskCompletionSource.cs:167)
Cysharp.Threading.Tasks.CompilerServices.AsyncUniTask`1<OneStarMaker.Tests.SceneSystem.SceneDirectorFailedLoadCleanupTests/GatedThrowingTestUIView/<ViewIn>d__3>:SetException (System.Exception) (at ./Library/PackageCache/com.cysharp.unitask@360e370345b9/Runtime/CompilerServices/StateMachineRunner.cs:210)
Cysharp.Threading.Tasks.CompilerServices.AsyncUniTaskMethodBuilder:SetException (System.Exception) (at ./Library/PackageCache/com.cysharp.unitask@360e370345b9/Runtime/CompilerServices/AsyncUniTaskMethodBuilder.cs:59)
OneStarMaker.Tests.SceneSystem.SceneDirectorFailedLoadCleanupTests/GatedThrowingTestUIView/<ViewIn>d__3:MoveNext () (at Assets/OneStarMaker/Tests/Scene/SceneDirectorFailedLoadCleanupTests.cs:635)
Cysharp.Threading.Tasks.CompilerServices.AsyncUniTask`1<OneStarMaker.Tests.SceneSystem.SceneDirectorFailedLoadCleanupTests/GatedThrowingTestUIView/<ViewIn>d__3>:Run () (at ./Library/PackageCache/com.cysharp.unitask@360e370345b9/Runtime/CompilerServices/StateMachineRunner.cs:189)
Cysharp.Threading.Tasks.AwaiterActions:Continuation (object) (at ./Library/PackageCache/com.cysharp.unitask@360e370345b9/Runtime/UniTask.cs:25)
Cysharp.Threading.Tasks.UniTaskCompletionSource:TrySignalCompletion (Cysharp.Threading.Tasks.UniTaskStatus) (at ./Library/PackageCache/com.cysharp.unitask@360e370345b9/Runtime/UniTaskCompletionSource.cs:721)
Cysharp.Threading.Tasks.UniTaskCompletionSource:TrySetResult () (at ./Library/PackageCache/com.cysharp.unitask@360e370345b9/Runtime/UniTaskCompletionSource.cs:612)
OneStarMaker.Tests.SceneSystem.SceneDirectorFailedLoadCleanupTests/<<Recover_ResumeHookKeepsFailing_DoesNotSkipSiblingCleanup>b__11_0>d:MoveNext () (at Assets/OneStarMaker/Tests/Scene/SceneDirectorFailedLoadCleanupTests.cs:527)
Cysharp.Threading.Tasks.CompilerServices.AsyncUniTaskMethodBuilder:Start<OneStarMaker.Tests.SceneSystem.SceneDirectorFailedLoadCleanupTests/<<Recover_ResumeHookKeepsFailing_DoesNotSkipSiblingCleanup>b__11_0>d> (OneStarMaker.Tests.SceneSystem.SceneDirectorFailedLoadCleanupTests/<<Recover_ResumeHookKeepsFailing_DoesNotSkipSiblingCleanup>b__11_0>d&) (at ./Library/PackageCache/com.cysharp.unitask@360e370345b9/Runtime/CompilerServices/AsyncUniTaskMethodBuilder.cs:111)
OneStarMaker.Tests.SceneSystem.SceneDirectorFailedLoadCleanupTests:<Recover_ResumeHookKeepsFailing_DoesNotSkipSiblingCleanup>b__11_0 ()
Cysharp.Threading.Tasks.UniTask:ToCoroutine (System.Func`1<Cysharp.Threading.Tasks.UniTask>) (at ./Library/PackageCache/com.cysharp.unitask@360e370345b9/Runtime/UniTask.Bridge.cs:14)
OneStarMaker.Tests.SceneSystem.SceneDirectorFailedLoadCleanupTests:Recover_ResumeHookKeepsFailing_DoesNotSkipSiblingCleanup () (at Assets/OneStarMaker/Tests/Scene/SceneDirectorFailedLoadCleanupTests.cs:490)
System.Reflection.RuntimeMethodInfo:Invoke (object,System.Reflection.BindingFlags,System.Reflection.Binder,object[],System.Globalization.CultureInfo)
System.Reflection.MethodBase:Invoke (object,object[])
UnityEngine.TestTools.TestRunner.TestEnumeratorWrapper:HandleEnumerableTest (NUnit.Framework.Internal.ITestExecutionContext) (at ./Library/PackageCache/com.unity.test-framework@7a3849e09bd0/UnityEngine.TestRunner/TestRunner/TestEnumeratorWrapper.cs:38)
UnityEngine.TestTools.TestRunner.TestEnumeratorWrapper:GetEnumerator (NUnit.Framework.Internal.ITestExecutionContext) (at ./Library/PackageCache/com.unity.test-framework@7a3849e09bd0/UnityEngine.TestRunner/TestRunner/TestEnumeratorWrapper.cs:23)
UnityEngine.TestTools.EnumerableTestMethodCommand/<ExecuteEnumerable>d__2:MoveNext () (at ./Library/PackageCache/com.unity.test-framework@7a3849e09bd0/UnityEngine.TestRunner/NUnitExtensions/Commands/EnumerableTestMethodCommand.cs:30)
UnityEngine.TestRunner.NUnitExtensions.Runner.UnityLogCheckDelegatingCommand/<ExecuteEnumerable>d__4:MoveNext () (at ./Library/PackageCache/com.unity.test-framework@7a3849e09bd0/UnityEngine.TestRunner/NUnitExtensions/Runner/UnityLogCheckDelegatingCommand.cs:66)
UnityEngine.TestTools.BeforeAfterTestCommandBase`1/<ExecuteEnumerable>d__16<NUnit.Framework.ITestAction>:MoveNext () (at ./Library/PackageCache/com.unity.test-framework@7a3849e09bd0/UnityEngine.TestRunner/NUnitExtensions/Commands/BeforeAfterTestCommandBase.cs:213)
UnityEngine.TestTools.BeforeAfterTestCommandBase`1/<ExecuteEnumerable>d__16<System.Reflection.MethodInfo>:MoveNext () (at ./Library/PackageCache/com.unity.test-framework@7a3849e09bd0/UnityEngine.TestRunner/NUnitExtensions/Commands/BeforeAfterTestCommandBase.cs:213)
UnityEngine.TestTools.BeforeAfterTestCommandBase`1/<ExecuteEnumerable>d__16<System.Reflection.MethodInfo>:MoveNext () (at ./Library/PackageCache/com.unity.test-framework@7a3849e09bd0/UnityEngine.TestRunner/NUnitExtensions/Commands/BeforeAfterTestCommandBase.cs:213)
UnityEngine.TestTools.BeforeAfterTestCommandBase`1/<ExecuteEnumerable>d__16<UnityEngine.TestTools.IOuterUnityTestAction>:MoveNext () (at ./Library/PackageCache/com.unity.test-framework@7a3849e09bd0/UnityEngine.TestRunner/NUnitExtensions/Commands/BeforeAfterTestCommandBase.cs:213)
UnityEngine.TestTools.RetryCommand/<ExecuteEnumerable>d__2:MoveNext () (at ./Library/PackageCache/com.unity.test-framework@7a3849e09bd0/UnityEngine.TestRunner/NUnitExtensions/Commands/RetryCommand.cs:37)
UnityEngine.TestTools.RepeatCommand/<ExecuteEnumerable>d__2:MoveNext () (at ./Library/PackageCache/com.unity.test-framework@7a3849e09bd0/UnityEngine.TestRunner/NUnitExtensions/Commands/RepeatCommand.cs:36)
UnityEngine.TestTools.IgnoreTestCommand/<ExecuteEnumerable>d__3:MoveNext () (at ./Library/PackageCache/com.unity.test-framework@7a3849e09bd0/UnityEngine.TestRunner/NUnitExtensions/Commands/IgnoreTestCommand.cs:42)
UnityEngine.TestTools.StrictCheckCommand/<ExecuteEnumerable>d__2:MoveNext () (at ./Library/PackageCache/com.unity.test-framework@7a3849e09bd0/UnityEngine.TestRunner/NUnitExtensions/Commands/StrictCheckCommand.cs:29)
UnityEditor.TestTools.TestRunner.EditorEnumeratorTestWorkItem/<PerformWork>d__3:MoveNext () (at ./Library/PackageCache/com.unity.test-framework@7a3849e09bd0/UnityEditor.TestRunner/TestRunner/EditorEnumeratorTestWorkItem.cs:97)
UnityEngine.TestRunner.NUnitExtensions.Runner.CompositeWorkItem/<RunChildren>d__17:MoveNext () (at ./Library/PackageCache/com.unity.test-framework@7a3849e09bd0/UnityEngine.TestRunner/NUnitExtensions/Runner/CompositeWorkItem.cs:209)
UnityEngine.TestRunner.NUnitExtensions.Runner.CompositeWorkItem/<PerformWork>d__13:MoveNext () (at ./Library/PackageCache/com.unity.test-framework@7a3849e09bd0/UnityEngine.TestRunner/NUnitExtensions/Runner/CompositeWorkItem.cs:83)
UnityEngine.TestRunner.NUnitExtensions.Runner.CompositeWorkItem/<RunChildren>d__17:MoveNext () (at ./Library/PackageCache/com.unity.test-framework@7a3849e09bd0/UnityEngine.TestRunner/NUnitExtensions/Runner/CompositeWorkItem.cs:209)
UnityEngine.TestRunner.NUnitExtensions.Runner.CompositeWorkItem/<PerformWork>d__13:MoveNext () (at ./Library/PackageCache/com.unity.test-framework@7a3849e09bd0/UnityEngine.TestRunner/NUnitExtensions/Runner/CompositeWorkItem.cs:83)
UnityEngine.TestRunner.NUnitExtensions.Runner.CompositeWorkItem/<RunChildren>d__17:MoveNext () (at ./Library/PackageCache/com.unity.test-framework@7a3849e09bd0/UnityEngine.TestRunner/NUnitExtensions/Runner/CompositeWorkItem.cs:209)
UnityEngine.TestRunner.NUnitExtensions.Runner.CompositeWorkItem/<PerformWork>d__13:MoveNext () (at ./Library/PackageCache/com.unity.test-framework@7a3849e09bd0/UnityEngine.TestRunner/NUnitExtensions/Runner/CompositeWorkItem.cs:83)
UnityEngine.TestRunner.NUnitExtensions.Runner.CompositeWorkItem/<RunChildren>d__17:MoveNext () (at ./Library/PackageCache/com.unity.test-framework@7a3849e09bd0/UnityEngine.TestRunner/NUnitExtensions/Runner/CompositeWorkItem.cs:209)
UnityEngine.TestRunner.NUnitExtensions.Runner.CompositeWorkItem/<PerformWork>d__13:MoveNext () (at ./Library/PackageCache/com.unity.test-framework@7a3849e09bd0/UnityEngine.TestRunner/NUnitExtensions/Runner/CompositeWorkItem.cs:83)
UnityEngine.TestRunner.NUnitExtensions.Runner.CompositeWorkItem/<RunChildren>d__17:MoveNext () (at ./Library/PackageCache/com.unity.test-framework@7a3849e09bd0/UnityEngine.TestRunner/NUnitExtensions/Runner/CompositeWorkItem.cs:209)
UnityEngine.TestRunner.NUnitExtensions.Runner.CompositeWorkItem/<PerformWork>d__13:MoveNext () (at ./Library/PackageCache/com.unity.test-framework@7a3849e09bd0/UnityEngine.TestRunner/NUnitExtensions/Runner/CompositeWorkItem.cs:83)
UnityEngine.TestRunner.NUnitExtensions.Runner.CompositeWorkItem/<RunChildren>d__17:MoveNext () (at ./Library/PackageCache/com.unity.test-framework@7a3849e09bd0/UnityEngine.TestRunner/NUnitExtensions/Runner/CompositeWorkItem.cs:209)
UnityEngine.TestRunner.NUnitExtensions.Runner.CompositeWorkItem/<PerformWork>d__13:MoveNext () (at ./Library/PackageCache/com.unity.test-framework@7a3849e09bd0/UnityEngine.TestRunner/NUnitExtensions/Runner/CompositeWorkItem.cs:83)
UnityEditor.TestTools.TestRunner.EditModeRunner:MoveNextAndUpdateYieldObject () (at ./Library/PackageCache/com.unity.test-framework@7a3849e09bd0/UnityEditor.TestRunner/TestRunner/EditModeRunner.cs:180)
UnityEditor.TestTools.TestRunner.EditModeRunner:TestConsumer (UnityEditor.TestTools.TestRunner.TestRunnerStateSerializer) (at ./Library/PackageCache/com.unity.test-framework@7a3849e09bd0/UnityEditor.TestRunner/TestRunner/EditModeRunner.cs:220)
UnityEditor.TestTools.TestRunner.TestRun.Tasks.EditModeRunTask/<Execute>d__1:MoveNext () (at ./Library/PackageCache/com.unity.test-framework@7a3849e09bd0/UnityEditor.TestRunner/TestRun/Tasks/EditModeRunTask.cs:48)
UnityEditor.TestTools.TestRunner.TestRun.TestJobRunner:ExecuteStep () (at ./Library/PackageCache/com.unity.test-framework@7a3849e09bd0/UnityEditor.TestRunner/TestRun/TestJobRunner.cs:194)
UnityEditor.TestTools.TestRunner.TestRun.TestJobRunner:ExecuteCallback () (at ./Library/PackageCache/com.unity.test-framework@7a3849e09bd0/UnityEditor.TestRunner/TestRun/TestJobRunner.cs:129)
UnityEditor.EditorApplication:Internal_CallUpdateFunctions ()

(Filename: Assets/OneStarMaker/Scripts/Runtime/SceneSystem/SceneDirector.FailedLoadCleanup.cs Line: 328)

Saving results to: C:/Users/void/AppData/LocalLow/DefaultCompany/SampleGame\TestResults.xml
Saving results to: D:\repositories\unity\SampleGameForOneStarMakerFramework\TestResults\results-SceneDirector-20260919-013825.xml
Executing IPostBuildCleanup for: Unity.PerformanceTesting.Editor.TestRunBuilder.
UnityEngine.Debug:ExtractStackTraceNoAlloc (byte*,int,string)
UnityEngine.StackTraceUtility:ExtractStackTrace ()
UnityEngine.DebugLogHandler:Internal_Log (UnityEngine.LogType,UnityEngine.LogOption,string,UnityEngine.Object)
UnityEngine.DebugLogHandler:LogFormat (UnityEngine.LogType,UnityEngine.Object,string,object[])
UnityEngine.Logger:Log (UnityEngine.LogType,object)
UnityEngine.Debug:Log (object)
UnityEditor.TestTools.TestRunner.TestRun.Tasks.BuildActionTaskBase`1/<ExecuteMethods>d__8<UnityEngine.TestTools.IPostBuildCleanup>:MoveNext () (at ./Library/PackageCache/com.unity.test-framework@7a3849e09bd0/UnityEditor.TestRunner/TestRun/Tasks/BuildActionTaskBase.cs:48)
UnityEditor.TestTools.TestRunner.TestRun.Tasks.BuildActionTaskBase`1/<Execute>d__7<UnityEngine.TestTools.IPostBuildCleanup>:MoveNext () (at ./Library/PackageCache/com.unity.test-framework@7a3849e09bd0/UnityEditor.TestRunner/TestRun/Tasks/BuildActionTaskBase.cs:34)
UnityEditor.TestTools.TestRunner.TestRun.TestJobRunner:ExecuteStep () (at ./Library/PackageCache/com.unity.test-framework@7a3849e09bd0/UnityEditor.TestRunner/TestRun/TestJobRunner.cs:194)
UnityEditor.TestTools.TestRunner.TestRun.TestJobRunner:ExecuteCallback () (at ./Library/PackageCache/com.unity.test-framework@7a3849e09bd0/UnityEditor.TestRunner/TestRun/TestJobRunner.cs:129)
UnityEditor.EditorApplication:Internal_CallUpdateFunctions ()

(Filename: ./Library/PackageCache/com.unity.test-framework@7a3849e09bd0/UnityEditor.TestRunner/TestRun/Tasks/BuildActionTaskBase.cs Line: 48)

Unloading 0 Unused Serialized files (Serialized files now loaded: 0)
Unloading 0 unused Assets / (Unknown). Loaded Objects now: 12251.
Memory consumption went from 0.54 GB to 0.54 GB.
Total: 16.657300 ms (FindLiveObjects: 0.550300 ms CreateObjectMapping: 0.257700 ms MarkObjects: 15.500100 ms  DeleteObjects: 0.024000 ms)

DisplayProgressbar: Undo
Test run completed. Exiting with code 0 (Ok). Run completed.
UnityEngine.Debug:ExtractStackTraceNoAlloc (byte*,int,string)
UnityEngine.StackTraceUtility:ExtractStackTrace ()
UnityEngine.DebugLogHandler:Internal_Log (UnityEngine.LogType,UnityEngine.LogOption,string,UnityEngine.Object)
UnityEngine.DebugLogHandler:LogFormat (UnityEngine.LogType,UnityEngine.Object,string,object[])
UnityEngine.Logger:Log (UnityEngine.LogType,object)
UnityEngine.Debug:Log (object)
UnityEditor.TestTools.TestRunner.CommandLineTest.Executer:ExitApplication (UnityEditor.TestTools.TestRunner.CommandLineTest.Executer/ReturnCodes,string) (at ./Library/PackageCache/com.unity.test-framework@7a3849e09bd0/UnityEditor.TestRunner/CommandLineTest/Executer.cs:81)
UnityEditor.TestTools.TestRunner.CommandLineTest.Executer:ExitIfRunIsCompleted () (at ./Library/PackageCache/com.unity.test-framework@7a3849e09bd0/UnityEditor.TestRunner/CommandLineTest/Executer.cs:74)
UnityEditor.EditorApplication:Internal_CallUpdateFunctions ()

(Filename: ./Library/PackageCache/com.unity.test-framework@7a3849e09bd0/UnityEditor.TestRunner/CommandLineTest/Executer.cs Line: 81)

MonoPathRemapper: Attempts to remap: 109120; Successful remaps: 33058
Serialized file version minimum: 23, current 23
Pipeline Server stopped
[Physics::Module] Cleanup current backend.
[Physics::Module] Id: 0xf2b8ea05
Input System module state changed to: ShutdownInProgress.
Input Polling Thread exited.
Input System module state changed to: Shutdown.
[Licensing::IpcConnector] LicenseClient-void-notifications channel disconnected successfully.
[Licensing::IpcConnector] LicenseClient-void channel disconnected successfully.
Lingering sessions upon destruction of worker manager
Unity Data Store service was successfully shut down
UDS shutting down local client system
AcceleratorClientConnectionCallback - disconnected - :0
Cleanup mono
CodeReloadManager destroyed
Checking for leaked weakptr:
  Found no leaked weakptrs.
[Package Manager] Server process was shutdown
##utp:{"type":"MemoryLeaks","version":2,"phase":"Immediate","time":1789749537836,"processId":22220,"allocatedMemory":20353704,"memoryLabels":[{"Default":276756},{"Permanent":15516},{"NewDelete":73031},{"Thread":4197944},{"Manager":34373},{"VertexData":8},{"Geometry":816},{"Texture":24},{"Shader":853608},{"Material":24},{"GfxDevice":55968},{"Animation":952},{"Audio":696},{"FreeType":8},{"FontEngine":736},{"Physics":1970},{"Physics2D":16},{"Serialization":16768},{"Input":42840},{"JobScheduler":256},{"TextLib":336},{"Mono":48},{"MonoCode":64},{"ScriptingNativeRuntime":1393544},{"BaseObject":49680},{"Resource":1208},{"Renderer":2376},{"Transform":4685},{"File":25279},{"WebCam":616},{"Culling":32},{"Terrain":11442},{"Wind":24},{"STL":40},{"String":744006},{"StaticString":3808},{"Utility":2674806},{"Curl":2478},{"PoolAlloc":2264},{"AI":80},{"TypeTree":14869},{"ScriptManager":12640},{"CodeReload":448},{"RuntimeInitializeOnLoadManager":64},{"Sprites":102},{"SpriteAtlas":120},{"GI":7816},{"Director":8296},{"CloudService":288},{"WebRequest":552},{"VR":49650},{"SceneManager":608},{"Video":208},{"LazyScriptCache":32},{"Camera":729},{"Secure":2377},{"SerializationCache":9256},{"APIUpdating":10320},{"Subsystems":336},{"VirtualTexturing":57888},{"StaticSafetyDebugInfo":278528},{"Analytics":464},{"Hierarchy":1188},{"UIElements":40},{"CoreStats":14456},{"Identifiers":7152},{"Gui":128},{"EditorUtility":157211},{"VersionControl":8},{"Undo":931},{"AssetDatabase":9170010},{"AssetImporter":40},{"EditorGi":328},{"UnityConnect":40465},{"Upm":1912},{"UpmDiagnostics":8},{"AssetCompliance":96},{"DrivenProperties":72},{"LocalIPC":210},{"ProfilerEditor":9746},{"CoreBusinessMetrics":3202},{"Windowing":456},{"Licensing":1264},{"AssetReference":32},{"IPCStream":32}]}
